Position,Name,Bib,Time,Category,Category Position,Gender,Gender Position,Net Category Pos,Net Gen Pos,Net Pos
1,SAMUEL WREFORD,1834,02:27:55,Runner 30-39 years,1,Male,1,1,1,1
2,BLAIR MCWHIRTER,1053,02:32:45,Runner 30-39 years,2,Male,2,2,2,2
3,JASON HALL,1148,02:35:19,Runner 20-29 years,1,Male,3,1,3,3
4,FRANCISCO SANZANA,2000,02:35:19,Runner 30-39 years,3,Male,4,3,4,4
5,JAKE JACKSON-GRAMMER,1875,02:37:30,Runner 20-29 years,2,Male,5,2,5,5
6,DANIEL JAMES,1781,02:45:17,Runner 20-29 years,3,Male,6,3,6,6
7,TUTEA DEGAGE,261,02:47:13,Runner 40-49 years,1,Male,7,1,7,7
8,KEN GIBSON,1415,02:47:14,Runner 30-39 years,4,Male,8,4,8,8
9,ALEX TUCCI,1382,02:48:51,Runner 20-29 years,4,Male,9,4,9,9
10,SAMUEL CORBETT,846,02:49:31,Runner 40-49 years,2,Male,10,2,10,10
11,ROB GREENBERG,1760,02:50:27,Runner 40-49 years,3,Male,11,3,11,11
12,HANNAH OLDROYD,1846,02:52:18,Runner 30-39 years,1,Female,1,1,1,12
13,MICHAEL NASUTA,1435,02:53:27,Runner 30-39 years,5,Male,12,5,12,13
14,KURIHARA TAKAHIRO,555,02:53:44,Runner 40-49 years,4,Male,13,4,13,14
15,BEVAN STEVENS,806,02:54:38,Runner 30-39 years,6,Male,14,6,14,15
16,MEL AITKEN,30,02:54:55,Runner 40-49 years,1,Female,2,1,2,16
17,TOBY BATCHELOR,1869,02:55:14,Runner 20-29 years,5,Male,15,5,15,17
18,MARISA RUHTER,1810,02:56:06,Runner 30-39 years,2,Female,3,2,3,18
19,SAMANTHA MCGLONE,1564,02:56:26,Runner 30-39 years,3,Female,4,3,4,19
20,CONOR QUINN,232,02:56:41,Runner 40-49 years,5,Male,16,5,16,20
21,JEAN-PIERRE SERAFINI,339,02:57:41,Runner 40-49 years,6,Male,17,6,17,21
22,JACOB FELL,667,02:57:53,Runner 30-39 years,7,Male,18,7,18,22
23,CAM STEWART,372,02:58:43,Runner 20-29 years,6,Male,19,7,20,24
24,SAM RYAN,1465,02:58:32,Runner 20-29 years,7,Male,20,6,19,23
25,JONAS HESTHAUG,2115,02:59:42,Runner 18-19 years,1,Male,21,1,22,26
26,JOAN RUIZ,1747,02:59:53,Runner 20-29 years,8,Male,22,8,23,27
27,STEVE DRURY,654,02:59:32,Runner 30-39 years,8,Male,23,8,21,25
28,QIU SHENG HUANG,1765,03:00:08,Runner 30-39 years,9,Male,24,10,25,29
29,LI JUNFENG,1964,03:00:09,Runner 30-39 years,10,Male,25,11,26,30
30,STUART DOUGLAS,1535,03:00:04,Runner 30-39 years,11,Male,26,9,24,28
31,BARRY HARRISON,693,03:00:52,Runner 40-49 years,7,Male,27,7,27,31
32,CHRIS LAWRENCE,805,03:01:56,Runner 30-39 years,12,Male,28,12,28,32
33,MARC BENNIE,218,03:02:38,Runner 30-39 years,13,Male,29,13,29,33
34,JOSEPH MORAN,621,03:03:18,Runner 40-49 years,8,Male,30,8,30,34
35,MATTHEW PEACH,1225,03:03:36,Runner 30-39 years,14,Male,31,14,31,35
36,NICKI MCFADZIEN,1584,03:04:20,Runner 20-29 years,1,Female,5,1,5,36
37,BRENT LORENZEN,1565,03:04:29,Runner 40-49 years,9,Male,32,9,32,37
38,WILLIAM WALLACE,1815,03:05:42,Runner 18-19 years,2,Male,33,2,33,38
39,ADAM WILSON,1363,03:06:18,Runner 30-39 years,15,Male,34,15,34,39
40,STEVE DARBY,1894,03:06:36,Runner 50-59 years,1,Male,35,1,35,40
41,ELINA USSHER,1599,03:06:39,Runner 40-49 years,2,Female,6,2,6,41
42,BRAD WILLIAMSON,273,03:07:42,Runner 20-29 years,9,Male,36,9,36,42
43,LUKAS ADAM,647,03:08:16,Runner 30-39 years,16,Male,37,16,37,43
44,ANDREW ROSS,1140,03:09:03,Runner 50-59 years,2,Male,38,2,38,44
45,GEORGE RUDAN,307,03:10:05,Runner 40-49 years,10,Male,39,10,39,46
46,ANNA FISCHER,1376,03:09:59,Runner 20-29 years,2,Female,7,2,7,45
47,ANDREW BAILEY,978,03:10:29,Runner 30-39 years,17,Male,40,17,40,47
48,ANDREW CROWLEY,1193,03:10:56,Runner 20-29 years,10,Male,41,10,41,48
49,ANDREW BENDALL,1164,03:11:12,Runner 50-59 years,3,Male,42,3,42,49
50,ANDREW MEULI,1015,03:11:34,Runner 40-49 years,11,Male,43,11,43,50
51,HAMISH HARGEST,1092,03:12:34,Runner 30-39 years,18,Male,44,18,44,51
52,RUTH LAWSON,356,03:12:57,Runner 40-49 years,3,Female,8,3,8,52
53,REBECCA SHEFFIELD,1526,03:13:05,Runner 30-39 years,4,Female,9,4,9,53
54,GARETH MABIN,1506,03:14:21,Runner 30-39 years,19,Male,45,19,45,54
55,CRAIG PETERS,1426,03:14:47,Runner 30-39 years,20,Male,46,20,46,55
56,PAUL STABLES,737,03:15:12,Runner 50-59 years,4,Male,47,4,47,56
57,STEPHEN MITCHELL,410,03:15:12,Runner 50-59 years,5,Male,48,5,48,57
58,SUE CROWLEY,937,03:15:48,Runner 40-49 years,4,Female,10,4,10,58
59,GARTH DAWSON,1966,03:15:58,Runner 50-59 years,6,Male,49,6,49,59
60,ERIC GOMEZ FONT,141,03:16:12,Runner 20-29 years,11,Male,50,11,50,60
61,KANE CAIRNCROSS,1723,03:16:52,Runner 20-29 years,12,Male,51,12,52,62
62,JADEN CAIRNCROSS,1722,03:16:53,Runner 20-29 years,13,Male,52,13,53,63
63,GREG BIGGS,2040,03:16:47,Runner 50-59 years,7,Male,53,7,51,61
64,CHRISTOPHER MCINTEE,1799,03:17:01,Runner 20-29 years,14,Male,54,14,54,64
65,ANDREW BUCHANAN,1075,03:17:29,Runner 40-49 years,12,Male,55,12,56,67
66,DOMINIC FINLAY,103,03:17:34,Runner 30-39 years,21,Male,56,21,57,68
67,MATTHEW ROWLAND,1639,03:17:14,Runner 20-29 years,15,Male,57,15,55,65
68,MIRJAM VAN DEN BOOM,1169,03:17:25,Runner 20-29 years,3,Female,11,3,11,66
69,SIMON MCDERMOTT,1472,03:19:13,Runner 20-29 years,16,Male,58,16,58,69
70,HARRISON STEINER-FOX,1824,03:19:21,Runner 20-29 years,17,Male,59,17,59,71
71,CLAIRE GRAY,759,03:19:16,Runner 40-49 years,5,Female,12,5,12,70
72,SIMON TRIGG,255,03:19:37,Runner 40-49 years,13,Male,60,13,60,72
73,JONATHAN NABBS,213,03:19:38,Runner 20-29 years,18,Male,61,18,61,73
74,MICHAEL SHANNON,1770,03:20:54,Runner 40-49 years,14,Male,62,14,63,75
75,COLIN DUNNE,1266,03:20:52,Runner 30-39 years,22,Male,63,22,62,74
76,PAUL BERG,1835,03:20:59,Runner 50-59 years,8,Male,64,8,64,76
77,DANIEL EDMONDS,315,03:21:18,Runner 20-29 years,19,Male,65,19,65,77
78,SUZANNE MCKEEN,823,03:21:24,Runner 40-49 years,6,Female,13,6,13,78
79,CHRIS SUTTON,678,03:21:33,Runner 30-39 years,23,Male,66,23,67,80
80,IAN EVANS,1908,03:21:28,Runner 20-29 years,20,Male,67,20,66,79
81,CHEN YUAN CHU,1967,03:22:11,Runner 30-39 years,24,Male,68,24,68,81
82,LEWIS WRIGHT,1712,03:22:52,Runner 40-49 years,15,Male,69,15,69,82
83,SCOTT O'NEILE,1644,03:23:48,Runner 50-59 years,9,Male,70,9,72,85
84,TAIVO KENDLA,1058,03:23:47,Runner 40-49 years,16,Male,71,16,71,84
85,MEG EVANS,958,03:23:56,Runner 40-49 years,7,Female,14,7,16,88
86,ALEX THORNTON,2031,03:23:51,Runner 20-29 years,4,Female,15,4,14,86
87,AIMEE DAVENPORT,1063,03:23:56,Runner 30-39 years,5,Female,16,5,15,87
88,ROSS KINGSLEY,1325,03:24:25,Runner 50-59 years,10,Male,72,10,73,89
89,JEFF JONES,271,03:24:38,Runner 50-59 years,11,Male,73,11,74,90
90,CAROL ROBERTSON,1621,03:24:44,Runner 30-39 years,6,Female,17,6,17,91
91,HEIDI MAKINEN,129,03:24:59,Runner 30-39 years,7,Female,18,7,18,92
92,ODELIOS RUEGG,2013,03:25:09,Runner 20-29 years,21,Male,74,22,75,93
93,NICK MARSHALL,387,03:25:24,Runner 30-39 years,25,Male,75,25,76,94
94,CHRISTIAN RUEGG,1373,03:25:39,Runner 30-39 years,26,Male,76,26,77,95
95,PAUL WORSNIP,724,03:25:59,Runner 40-49 years,17,Male,77,17,79,97
96,CLIFF ROBBERTZE,832,03:25:59,Runner 50-59 years,12,Male,78,12,78,96
97,MICKAEL CHAMPES,1665,03:26:02,Runner 40-49 years,18,Male,79,18,80,98
98,MADELEINE FARIAS,1353,03:26:10,Runner 40-49 years,8,Female,19,8,19,99
99,LUKE ANDERSON,1617,03:26:16,Runner 30-39 years,27,Male,80,27,81,100
100,PAUL BULTEMA,126,03:26:19,Runner 40-49 years,19,Male,81,19,82,101
101,CHRIS BURNELL,1389,03:26:50,Runner 30-39 years,28,Male,82,28,83,102
102,JOHN WALLACE,1710,03:27:29,Runner 50-59 years,13,Male,83,13,85,104
103,PADDY CRIBB,1624,03:27:29,Runner 40-49 years,20,Male,84,20,86,105
104,GUY FERGUSON,1767,03:27:09,Runner 30-39 years,29,Male,85,29,84,103
105,BLAIR BERMINGHAM,1929,03:28:18,Runner 60-69 years,1,Male,86,1,87,106
106,ERIK FRIES,1425,03:28:31,Runner 50-59 years,14,Male,87,14,89,108
107,SCOTT WILSON,115,03:28:38,Runner 40-49 years,21,Male,88,22,90,109
108,HANNAH CLARK,1785,03:29:00,Runner 20-29 years,5,Female,20,5,20,110
109,MORGAN GALBRAITH,1651,03:29:09,Runner 30-39 years,30,Male,89,30,92,112
110,INIGO ORTIZ DE ZARATE,1551,03:29:03,Runner 40-49 years,22,Male,90,23,91,111
111,WALLIS KEY,1154,03:29:51,Runner 20-29 years,6,Female,21,6,22,114
112,TIM ROBINSON,961,03:23:18,Runner 20-29 years,22,Male,91,21,70,83
113,GORDON BEARMAN,5,03:30:03,Runner 30-39 years,31,Male,92,31,93,115
114,TED BOWLER,1605,03:30:15,Runner 40-49 years,23,Male,93,24,94,116
115,ANDY TOLMAN,1068,03:30:16,Runner 40-49 years,24,Male,94,26,97,119
116,ANDREW CALNON,1596,03:30:15,Runner 30-39 years,32,Male,95,32,96,118
117,CLIFFORD BROWN,1379,03:30:15,Runner 40-49 years,25,Male,96,25,95,117
118,AARON MCCURDY,1334,03:30:42,Runner 40-49 years,26,Male,97,27,98,121
119,ANNA NIELSEN,789,03:30:42,Runner 30-39 years,8,Female,22,9,23,120
120,GERALD SPENCER,423,03:31:07,Runner 40-49 years,27,Male,98,28,99,122
121,GARETH PASK,1241,03:31:12,Runner 40-49 years,28,Male,99,29,100,123
122,PHILIP SCOTT,2002,03:28:22,Runner 40-49 years,29,Male,100,21,88,107
123,GREG BRAMWELL,1421,03:31:24,Runner 50-59 years,15,Male,101,15,102,125
124,GEORGE DYER,1385,03:31:33,Runner 50-59 years,16,Male,102,16,103,126
125,JEAN-PHILIPPE VAILLANT,187,03:31:21,Runner 30-39 years,33,Male,103,33,101,124
126,ZACH KLEIN,761,03:31:33,Runner 30-39 years,34,Male,104,34,104,127
127,GREER LOGUE,1170,03:31:35,Runner 40-49 years,9,Female,23,9,24,128
128,WENDY FALLON,349,03:32:12,Runner 50-59 years,1,Female,24,1,25,129
129,MIKKI WILLIDEN,2025,03:32:18,Runner 40-49 years,10,Female,25,10,26,131
130,KIERAN HAND,1083,03:32:18,Runner 30-39 years,35,Male,105,35,106,132
131,JENNY STEWART,747,03:29:39,Runner 30-39 years,9,Female,26,8,21,113
132,CHARLES MARSHALL,588,03:32:16,Runner 50-59 years,17,Male,106,17,105,130
133,DAVID GALBRAITH,658,03:32:38,Runner 30-39 years,36,Male,107,37,109,136
134,ALICE FESLIER HOLMES,895,03:32:35,Runner 20-29 years,7,Female,27,7,27,134
135,AUSTIN GARDEN,353,03:32:27,Runner 40-49 years,30,Male,108,30,107,133
136,JONATHAN ASH,1705,03:32:47,Runner 50-59 years,18,Male,109,18,110,137
137,RHYS BOULTON,699,03:33:20,Runner 30-39 years,37,Male,110,38,111,138
138,PETER STANSFIELD,1132,03:33:27,Runner 50-59 years,19,Male,111,19,112,139
139,GUNNAR JACKSON,2029,03:33:48,Runner 30-39 years,38,Male,112,39,114,143
140,MURIEL BONNET,1915,03:33:40,Runner 40-49 years,11,Female,28,11,28,141
141,JENNIFER LEE,593,03:33:44,Runner 40-49 years,12,Female,29,12,29,142
142,SCOTT MCRODDEN,1709,03:34:26,Runner 30-39 years,39,Male,113,40,116,146
143,KAZUHISA MAMBO,624,03:34:26,Runner 40-49 years,31,Male,114,31,117,147
144,DENIS O'CALLAGHAN,1609,03:34:25,Runner 50-59 years,20,Male,115,21,115,144
145,ZOE JAQUIERY,1197,03:34:25,Runner 20-29 years,8,Female,30,8,30,145
146,CHRIS BLOOMER,1180,03:34:42,Runner 20-29 years,23,Male,116,23,119,149
147,LOUIS FRAYSSE,1904,03:35:09,Runner 30-39 years,40,Male,117,42,120,151
148,ABBY NATTRASS,1803,03:35:07,Runner 20-29 years,9,Female,31,9,31,150
149,PETER CLARK,1874,03:35:34,Runner 50-59 years,21,Male,118,22,122,154
150,SELWYN WONG,941,03:35:44,Runner 50-59 years,22,Male,119,23,123,155
151,LUKE MCEWAN,378,03:35:33,Runner 30-39 years,41,Male,120,43,121,153
152,TERRY PUNCH,1927,03:35:46,Runner 50-59 years,23,Male,121,24,124,156
153,PATRICK GARCEAU,1627,03:35:56,Runner 40-49 years,32,Male,122,32,126,158
154,JAMIE CAMPBELL,501,03:36:13,Runner 30-39 years,10,Female,32,11,34,160
155,RICHARD MURRAY,37,03:36:22,Runner 40-49 years,33,Male,123,33,127,162
156,ROBERT DONALDSON,942,03:36:34,Runner 40-49 years,34,Male,124,34,129,165
157,JAMES NASH,1670,03:36:25,Runner 20-29 years,24,Male,125,24,128,163
158,SCOTT BINGHAM,174,03:36:43,Runner 50-59 years,24,Male,126,25,130,166
159,SALLY DUGGAN,1984,03:36:26,Runner 60-69 years,1,Female,33,1,36,164
160,THEIS ROSENKVIST,1453,03:36:46,Runner 40-49 years,35,Male,127,35,131,167
161,CLINTON MANDERSON,1978,03:36:51,Runner 20-29 years,25,Male,128,25,132,168
162,LUKE MARSHALL,1361,03:37:09,Runner 30-39 years,42,Male,129,45,133,169
163,REUBEN BONIFACE,637,03:37:56,Runner 40-49 years,36,Male,130,36,134,171
164,SARAH MCLEOD,1433,03:37:45,Runner 50-59 years,2,Female,34,3,37,170
165,CLAIRE SMITH,1210,03:35:27,Runner 30-39 years,11,Female,35,10,32,152
166,DYLAN COLEMAN,1422,03:38:23,Runner 30-39 years,43,Male,131,46,135,172
167,SIMON VON TUNZELMAN,69,03:32:36,Runner 30-39 years,44,Male,132,36,108,135
168,SAM WELSH,266,03:39:13,Runner 20-29 years,26,Male,133,26,136,174
169,DONNA DEW,1671,03:36:17,Runner 50-59 years,3,Female,36,2,35,161
170,LUCY CLINTON-BAKER,384,03:39:34,Runner 20-29 years,10,Female,37,12,39,176
171,AMOS BAILEY,1986,03:39:30,Runner 30-39 years,45,Male,134,47,137,175
172,JONNO BUCKLEY,433,03:39:49,Runner 40-49 years,37,Male,135,37,138,177
173,SIMON HENNINGS,1837,03:40:04,Runner 50-59 years,25,Male,136,26,140,179
174,PETER STELMACH,1335,03:40:01,Runner 40-49 years,38,Male,137,38,139,178
175,BEN FORREST,644,03:40:24,Runner 40-49 years,39,Male,138,41,144,183
176,NICHOLAS OSBORNE,1695,03:40:08,Runner 40-49 years,40,Male,139,39,141,180
177,MARK RAYSON,1550,03:34:41,Runner 30-39 years,46,Male,140,41,118,148
178,MATT STODDART,1536,03:40:47,Runner 30-39 years,47,Male,141,49,145,184
179,JOHNNY MANSON,116,03:40:57,Runner 40-49 years,41,Male,142,42,146,186
180,HAYLEY MARSH,1733,03:40:48,Runner 40-49 years,13,Female,38,13,40,185
181,JOHN BRERETON,777,03:41:15,Runner 40-49 years,42,Male,143,43,147,187
182,CECILIA CORBETT,1391,03:41:16,Runner 20-29 years,11,Female,39,13,41,188
183,CHRISTIAN HAWKESBY,828,03:40:22,Runner 40-49 years,43,Male,144,40,143,182
184,JAMIE PETERSEN,1095,03:41:19,Runner 30-39 years,48,Male,145,50,148,189
185,BRUCE PAINE,1255,03:33:34,Runner 50-59 years,26,Male,146,20,113,140
186,MADELINE BERRANG,1265,03:38:42,Runner 20-29 years,12,Female,40,11,38,173
187,CRAIG SAPWELL,1708,03:41:57,Runner 30-39 years,49,Male,147,51,150,191
188,CHRIS ABBOTT,205,03:41:36,Runner 40-49 years,44,Male,148,44,149,190
189,KATHERINE DEWITT,1473,03:36:07,Runner 20-29 years,13,Female,41,10,33,159
190,LAURA KISTEMAKER,217,03:42:31,Runner 30-39 years,12,Female,42,12,42,192
191,MORGAN SHEEHY,1676,03:42:37,Runner 30-39 years,50,Male,149,52,151,193
192,DAVID GREENWOOD,1206,03:42:58,Runner 40-49 years,45,Male,150,45,152,195
193,THIBAUT HUENS,1716,03:43:00,Runner 30-39 years,51,Male,151,53,153,196
194,MIKE MAGEE,1582,03:35:47,Runner 30-39 years,52,Male,152,44,125,157
195,LIAM GIBSON,165,03:43:03,Runner 30-39 years,53,Male,153,54,154,198
196,LISA ABRAHAMSSON,185,03:42:56,Runner 40-49 years,14,Female,43,14,43,194
197,JULIAN PROCACCINI,470,03:40:19,Runner 30-39 years,54,Male,154,48,142,181
198,CHRIS SEYMOUR,131,03:43:06,Runner 40-49 years,46,Male,155,46,155,199
199,IMOGEN YATES,1580,03:43:00,Runner 20-29 years,14,Female,44,14,44,197
200,HAMISH ANDERSON,1186,03:43:20,Runner 40-49 years,47,Male,156,47,157,201
201,GREG OLSEN,79,03:43:27,Runner 30-39 years,55,Male,157,56,158,202
202,JAY DOYLE,1409,03:43:14,Runner 30-39 years,56,Male,158,55,156,200
203,CALUM MCINTYRE,1789,03:43:40,Runner 20-29 years,27,Male,159,27,161,205
204,KAMIL KRASNY,32,03:43:39,Runner 30-39 years,57,Male,160,57,160,204
205,GARY MACLENNAN,1293,03:43:37,Runner 40-49 years,48,Male,161,48,159,203
206,KEVIN RAFTERY,1175,03:43:51,Runner 30-39 years,58,Male,162,58,162,206
207,MIKE HERLIHY,1066,03:44:20,Runner 60-69 years,2,Male,163,2,164,209
208,TIM SYKES,1037,03:44:20,Runner 30-39 years,59,Male,164,59,163,208
209,KIRSTY HARVEY,1054,03:44:42,Runner 30-39 years,13,Female,45,13,46,212
210,PHILIPPE NICOL,1701,03:44:49,Runner 20-29 years,28,Male,165,29,167,214
211,SHELLY OSTROUHOFF,44,03:44:48,Runner 40-49 years,15,Female,46,16,47,213
212,SANDRA PAPAURA,861,03:45:31,Runner 30-39 years,14,Female,47,16,51,221
213,NAOHIRO YAMAUCHI,1841,03:45:07,Runner 40-49 years,49,Male,166,49,169,216
214,JOANNE HOLDAWAY,1878,03:45:24,Runner 30-39 years,15,Female,48,14,49,219
215,MELISSA HOLT,786,03:45:10,Runner 40-49 years,16,Female,49,17,48,217
216,CAMERON BLACKLOCK,1970,03:45:56,Runner 30-39 years,60,Male,167,61,173,224
217,KATIE WHITE,477,03:45:28,Runner 30-39 years,16,Female,50,15,50,220
218,PHILIPP CURTH,1798,03:45:45,Runner 30-39 years,61,Male,168,60,171,222
219,LAWRIE QUIBELL,1346,03:46:02,Runner 20-29 years,29,Male,169,32,174,227
220,CRAIG JOHNSTON,936,03:46:17,Runner 20-29 years,30,Male,170,33,180,235
221,JONATHON BECKINGSALE,702,03:45:50,Runner 40-49 years,50,Male,171,50,172,223
222,RODRIGO SANZ MARTINS,418,03:46:15,Runner 30-39 years,62,Male,172,64,178,233
223,EDWARD MURRAY,1725,03:46:13,Runner 30-39 years,63,Male,173,62,176,230
224,NIMESH PATEL,1000,03:46:39,Runner 20-29 years,31,Male,174,34,181,237
225,EMMA SHELTON,1818,03:46:30,Runner 30-39 years,17,Female,51,19,56,236
226,PENELOPE HAYES,1663,03:46:42,Runner 20-29 years,15,Female,52,15,57,238
227,NICOLE STANDISH,527,03:44:02,Runner 40-49 years,17,Female,53,15,45,207
228,PAMELA LEE,1956,03:47:04,Runner 50-59 years,4,Female,54,4,58,239
229,TARA RIGGS,1263,03:46:06,Runner 40-49 years,18,Female,55,19,54,228
230,MATTHEW FOSDIKE,571,03:47:12,Runner 20-29 years,32,Male,175,35,182,241
231,NICHOLAS KRAUSE,1130,03:47:24,Runner 30-39 years,64,Male,176,66,184,243
232,SANDRA TROSS,982,03:47:39,Runner 20-29 years,16,Female,56,16,60,246
233,GREG OMEARA,896,03:47:46,Runner 50-59 years,27,Male,177,30,188,248
234,LUTZ BECKERT,109,03:47:36,Runner 50-59 years,28,Male,178,29,186,245
235,KEEGAN GALLEYMORE,585,03:47:56,Runner 30-39 years,65,Male,179,68,190,250
236,JORDAN MAHER,1968,03:44:23,Runner 20-29 years,33,Male,180,28,165,210
237,TONY VIGUIER,1283,03:45:19,Runner 20-29 years,34,Male,181,31,170,218
238,PAUL WINDERS,1475,03:48:34,Runner 50-59 years,29,Male,182,31,193,254
239,EMMA GRIBBEN,39,03:48:29,Runner 20-29 years,17,Female,57,17,61,253
240,HAMISH SKELTON-KYD,1507,03:48:36,Runner 20-29 years,35,Male,183,36,194,255
241,DAVID ORR,1078,03:48:04,Runner 40-49 years,51,Male,184,53,191,251
242,JILLIAN LEE,50,03:45:57,Runner 30-39 years,18,Female,58,17,52,225
243,FENGLIN WEN,1960,03:48:40,Runner 30-39 years,66,Male,185,69,195,257
244,CRAIG STARNES,684,03:46:10,Runner 50-59 years,30,Male,186,28,175,229
245,MAREE MCLACHLAN,1412,03:46:01,Runner 40-49 years,19,Female,59,18,53,226
246,MIRANDA HARRISON,700,03:46:14,Runner 30-39 years,19,Female,60,18,55,231
247,ROSS MATTHEWS,1002,03:49:25,Runner 30-39 years,67,Male,187,70,197,259
248,LISA TAYLOR,1123,03:49:29,Runner 40-49 years,20,Female,61,21,63,261
249,IAN SPURWAY,391,03:49:39,Runner 50-59 years,31,Male,188,32,199,264
250,ROHAN PARTI,1783,03:49:25,Runner 20-29 years,36,Male,189,38,198,260
251,SHARNA MULCAHY,1279,03:47:10,Runner 40-49 years,21,Female,62,20,59,240
252,STEPHEN SCHEMBRI,2001,03:49:58,Runner 50-59 years,32,Male,190,33,201,266
253,COLLEEN DUNNE,1237,03:49:34,Runner 20-29 years,18,Female,63,18,64,262
254,ELAINE COLLINS,1129,03:49:34,Runner 20-29 years,19,Female,64,19,65,263
255,HANK BILOUS,1567,03:47:14,Runner 18-19 years,3,Male,191,3,183,242
256,HARRY ALABASTER,43,03:50:10,Runner 40-49 years,52,Male,192,56,203,268
257,PHILIP ROBEY,1317,03:47:40,Runner 40-49 years,53,Male,193,51,187,247
258,JEN BRYANT,319,03:50:20,Runner 40-49 years,22,Female,65,22,67,270
259,CLAIRE HANSON,1034,03:50:10,Runner 20-29 years,20,Female,66,20,66,269
260,MICHAEL MCLEOD,1159,03:50:46,Runner 30-39 years,68,Male,194,72,204,274
261,"LARRY GRONAU, JR",1301,03:47:47,Runner 40-49 years,54,Male,195,52,189,249
262,JENNA MORRIS,537,03:50:43,Runner 30-39 years,20,Female,67,21,70,273
263,JOHNNY VAN ROOYEN,1577,03:44:42,Runner 50-59 years,33,Male,196,27,166,211
264,MALINDA ITCHINS,945,03:48:37,Runner 30-39 years,21,Female,68,20,62,256
265,MATT HASSED,1008,03:51:19,Runner 40-49 years,55,Male,197,57,205,275
266,JEREMY KING,1087,03:51:27,Runner 30-39 years,69,Male,198,74,207,277
267,ANDREW JAROCKI,4,03:48:11,Runner 40-49 years,56,Male,199,54,192,252
268,KURT HALDANE,1588,03:51:45,Runner 40-49 years,57,Male,200,58,208,278
269,VINICIUS TASCHNER,2015,03:44:54,Runner 20-29 years,37,Male,201,30,168,215
270,SAMUEL SCHEIBEL,257,03:51:24,Runner 30-39 years,70,Male,202,73,206,276
271,NIC ORR,1172,03:52:12,Runner 20-29 years,38,Male,203,41,212,282
272,SAVANAH STEWART,390,03:52:26,Runner 20-29 years,21,Female,69,21,71,286
273,SHAUN MCFARLANE,153,03:52:30,Runner 20-29 years,39,Male,204,42,216,287
274,JACK O'CONNOR,1556,03:51:51,Runner 20-29 years,40,Male,205,39,209,279
275,SIMON KING,695,03:52:20,Runner 40-49 years,58,Male,206,59,213,283
276,KEVIN CATALA,2024,03:46:16,Runner 30-39 years,71,Male,207,65,179,234
277,COLIN MCKAY,2049,03:46:14,Runner 30-39 years,72,Male,208,63,177,232
278,EUAN WILSON,1628,03:49:18,Runner 20-29 years,41,Male,209,37,196,258
279,WARREN KEMP,733,03:52:24,Runner 40-49 years,59,Male,210,60,215,285
280,NICK MCLEAN,408,03:52:10,Runner 20-29 years,42,Male,211,40,211,281
281,SHON TRIM,1399,03:52:53,Runner 40-49 years,60,Male,212,62,219,292
282,MIGUEL GONZALEZ,1763,03:50:07,Runner 30-39 years,73,Male,213,71,202,267
283,ANARU MILL,1996,03:52:24,Runner 50-59 years,34,Male,214,34,214,284
284,MICK DUYVESTYN,625,03:52:47,Runner 40-49 years,61,Male,215,61,217,290
285,FASMEL FAELDIN,1848,03:49:48,Runner 40-49 years,62,Male,216,55,200,265
286,ZOE HEATH,1107,03:52:56,Runner 30-39 years,22,Female,70,23,74,293
287,JOHN FISK,1110,03:52:49,Runner 50-59 years,35,Male,217,35,218,291
288,JEREMY WHITE,576,03:53:04,Runner 30-39 years,74,Male,218,76,221,296
289,SHIREE YAP,1017,03:50:28,Runner 40-49 years,23,Female,71,23,68,271
290,RUI ZHU,994,03:53:24,Runner 20-29 years,43,Male,219,44,223,298
291,RICHARD PAYNE,908,03:47:35,Runner 30-39 years,75,Male,220,67,185,244
292,ANNA LOUISE,1298,03:53:02,Runner 40-49 years,24,Female,72,25,75,295
293,ULRICH RAU,1707,03:53:25,Runner 20-29 years,44,Male,221,45,224,299
294,BING NI,1332,03:53:44,Runner 40-49 years,63,Male,222,64,226,304
295,LARISSA VAUGHAN,694,03:53:44,Runner 40-49 years,25,Female,73,27,78,303
296,MELISSA SEDDON,1369,03:53:29,Runner 40-49 years,26,Female,74,26,77,301
297,YOSHIKAZU OKAZAKI,563,03:54:37,Runner 30-39 years,76,Male,223,79,229,309
298,MEGUMI UEDA,558,03:54:37,Runner 20-29 years,22,Female,75,23,80,308
299,SOPHIE MERKIN,791,03:54:56,Runner 20-29 years,23,Female,76,24,83,314
300,JACKIE ANNETT,652,03:54:36,Runner 40-49 years,27,Female,77,28,79,307
301,JANICE REVIE,1491,03:54:43,Runner 30-39 years,23,Female,78,25,81,310
302,JOSH FARRY,580,03:55:05,Runner 30-39 years,77,Male,224,82,232,315
303,RICHARD BYTHEWAY,1519,03:54:56,Runner 30-39 years,78,Male,225,80,230,312
304,JANENE BROWN,878,03:55:32,Runner 40-49 years,28,Female,79,29,84,320
305,RON PEREIRA,657,03:53:42,Runner 40-49 years,64,Male,226,63,225,302
306,JOANNE WAINWRIGHT,575,03:55:34,Runner 40-49 years,29,Female,80,30,85,321
307,ANDREW SCURR,1955,03:55:30,Runner 40-49 years,65,Male,227,66,236,319
308,GRANT WILSON,1274,03:55:26,Runner 50-59 years,36,Male,228,37,235,318
309,CHRISTOPHER BLUE,871,03:55:47,Runner 50-59 years,37,Male,229,38,238,324
310,ADAM EGGLETON,2046,03:55:42,Runner 30-39 years,79,Male,230,84,237,323
311,JOSH HOULTON,1661,03:55:48,Runner 20-29 years,45,Male,231,46,239,325
312,CALLUM RAE,1494,03:53:01,Runner 20-29 years,46,Male,232,43,220,294
313,SCOTT HARRIS,293,03:56:06,Runner 20-29 years,47,Male,233,47,241,328
314,ERIK ZSEMLYE,1276,03:56:11,Runner 40-49 years,66,Male,234,67,242,330
315,STÚPHANIE FORTÚ,1403,03:53:28,Runner 30-39 years,24,Female,81,24,76,300
316,ALLAN BEATON,1817,03:53:18,Runner 30-39 years,80,Male,235,77,222,297
317,DAVID REES,1093,03:56:37,Runner 50-59 years,38,Male,236,40,245,334
318,SIMON LITTLE,412,03:56:46,Runner 40-49 years,67,Male,237,68,246,335
319,AMANDA WALSH,437,03:50:31,Runner 40-49 years,30,Female,82,24,69,272
320,TODD RANSOME,1115,03:57:07,Runner 40-49 years,68,Male,238,69,249,339
321,ANNA ALDERTON,1626,03:57:04,Runner 40-49 years,31,Female,83,32,90,338
322,RICHARD NEGUS,1227,03:56:52,Runner 20-29 years,48,Male,239,48,247,336
323,NATHAN VINEY,740,03:57:23,Runner 40-49 years,69,Male,240,70,251,342
324,DAVID RICE,256,03:54:35,Runner 50-59 years,39,Male,241,36,228,306
325,DOMINIC CRONK,1946,03:57:32,Runner 40-49 years,70,Male,242,72,254,346
326,MATTHEW TAYLOR,1534,03:57:50,Runner 20-29 years,49,Male,243,50,262,357
327,PHILIP JARVIS,84,03:57:39,Runner 40-49 years,71,Male,244,73,256,349
328,ANDREW KING,1553,03:57:37,Runner 30-39 years,81,Male,245,90,255,348
329,SCOTT MCCONNELL,87,03:57:31,Runner 40-49 years,72,Male,246,71,253,345
330,MANDY WHITE,1436,03:54:47,Runner 30-39 years,25,Female,84,26,82,311
331,ANDREW ORR,990,03:57:27,Runner 30-39 years,82,Male,247,89,252,344
332,BECKY HOUSE,1641,03:57:27,Runner 20-29 years,24,Female,85,27,92,343
333,MATT WINTER,784,03:55:11,Runner 30-39 years,83,Male,248,83,234,317
334,TANIA BURDEN,1692,03:57:36,Runner 40-49 years,32,Female,86,34,93,347
335,MICHAEL FOLEY,1268,03:57:44,Runner 20-29 years,50,Male,249,49,260,355
336,CAMPBELL RAPLEY,1235,03:57:43,Runner 40-49 years,73,Male,250,74,259,354
337,MICHAEL PRESS,1485,03:57:47,Runner 50-59 years,40,Male,251,41,261,356
338,STEPHEN FOWLER,686,03:55:09,Runner 40-49 years,74,Male,252,65,233,316
339,JOSE LLODRA,2022,03:51:54,Runner 30-39 years,84,Male,253,75,210,280
340,BRAD OLSEN,879,03:58:37,Runner 30-39 years,85,Male,254,96,270,367
341,AARON FERN,1739,03:58:20,Runner 40-49 years,75,Male,255,75,264,359
342,ANDREW SMITH,1607,03:58:28,Runner 40-49 years,76,Male,256,77,267,362
343,GREG WESTBROOK,379,03:57:41,Runner 30-39 years,86,Male,257,91,257,352
344,MICHELLE PAULIN,1806,03:58:35,Runner 40-49 years,33,Female,87,35,97,365
345,HANNAH THOMPSON,1168,03:52:38,Runner 30-39 years,26,Female,88,22,73,289
346,SAM MOWAT,64,03:58:30,Runner 30-39 years,87,Male,258,95,268,364
347,DAVID ACKERMANN,722,03:58:51,Runner 20-29 years,51,Male,259,51,272,370
348,CHING CHIH HSU,905,03:58:44,Runner 40-49 years,77,Male,260,78,271,368
349,SIMON ISAACS,560,03:56:05,Runner 30-39 years,88,Male,261,85,240,326
350,AARON ERUERA,1684,03:58:35,Runner 50-59 years,41,Male,262,42,269,366
351,ANITA MAY,119,03:58:45,Runner 20-29 years,25,Female,89,29,98,369
352,JONO WARD,6,03:56:21,Runner 30-39 years,89,Male,263,86,243,331
353,LAURA HURRY,1428,03:56:06,Runner 20-29 years,26,Female,90,25,87,327
354,MICAELA O'CONNOR,1089,03:52:31,Runner 20-29 years,27,Female,91,22,72,288
355,AMPARA BOUWENS,1323,03:56:32,Runner 30-39 years,27,Female,92,27,89,333
356,GLEN PARSONS,559,03:59:24,Runner 50-59 years,42,Male,264,43,275,373
357,GEOFF LEGG,1555,03:56:27,Runner 50-59 years,43,Male,265,39,244,332
358,MAT STOCKWELL,1114,03:59:20,Runner 30-39 years,90,Male,266,97,274,372
359,TOMAS GRIGER,1330,04:00:00,Runner 30-39 years,91,Male,267,99,277,377
360,STEVEN DE GRAAF,1501,04:00:08,Runner 30-39 years,92,Male,268,100,279,379
361,TIMOTHY LITTLE,2045,03:57:14,Runner 30-39 years,93,Male,269,88,250,340
362,OTTO JATSCH,277,04:00:03,Runner 60-69 years,3,Male,270,3,278,378
363,CHARLOTTE FANTHORPE,325,03:57:21,Runner 40-49 years,34,Female,93,33,91,341
364,TONY ROBERTSON,1384,04:00:29,Runner 50-59 years,44,Male,271,44,282,382
365,CHRISTOPHER FRASER,2021,03:54:04,Runner 30-39 years,94,Male,272,78,227,305
366,SCOTT STOKES,364,04:00:17,Runner 40-49 years,78,Male,273,80,281,381
367,MADELINE DYKES,539,03:57:40,Runner 20-29 years,28,Female,94,28,95,351
368,VERONIKA PALOCKOVA,1635,04:00:39,Runner 30-39 years,28,Female,95,30,103,385
369,BRYAN DOWNES,2032,03:57:43,Runner 30-39 years,95,Male,274,92,258,353
370,EWAN MORRIS,241,04:00:53,Runner 30-39 years,96,Male,275,102,283,386
371,RALPH TCHA,1616,03:58:27,Runner 40-49 years,79,Male,276,76,265,360
372,HUYEN THI THU LE,1995,04:01:14,Runner 20-29 years,29,Female,96,33,106,395
373,KYLE MCCLAIN,1742,04:00:53,Runner 20-29 years,52,Male,277,52,284,387
374,JASON RAWLINGS,787,04:01:42,Runner 40-49 years,80,Male,278,82,293,399
375,MARIANNE HUTCHINSON,788,03:55:36,Runner 40-49 years,35,Female,97,31,86,322
376,SAMUEL FALK,1544,04:01:04,Runner 30-39 years,97,Male,279,105,287,392
377,CARA MOORBY,1343,03:58:28,Runner 30-39 years,29,Female,98,29,96,363
378,LANDON FENIMORE,1344,03:58:28,Runner 30-39 years,98,Male,280,94,266,361
379,MARK COLLIE,829,04:01:22,Runner 30-39 years,99,Male,281,106,290,396
380,JOHN GONINON,14,03:54:56,Runner 30-39 years,100,Male,282,81,231,313
381,DEAN JONES,1937,04:01:58,Runner 40-49 years,81,Male,283,84,296,402
382,SHERYL WRIGHT,1055,04:02:23,Runner 50-59 years,5,Female,99,5,108,405
383,JODI COCKBURN,31,03:59:42,Runner 40-49 years,36,Female,100,36,100,375
384,ROSS MCMULLAN,1189,03:59:50,Runner 30-39 years,101,Male,284,98,276,376
385,RAJIV RAVALIA,1997,04:02:35,Runner 30-39 years,102,Male,285,109,300,409
386,RISHI RAVALIA,1998,04:02:35,Runner 30-39 years,103,Male,286,110,301,410
387,STEVE PIRIE,564,04:03:10,Runner 30-39 years,104,Male,287,112,304,414
388,SARAH MARTIN,779,03:56:11,Runner 20-29 years,30,Female,101,26,88,329
389,CLIFF CHEN,1638,04:00:13,Runner 30-39 years,105,Male,288,101,280,380
390,NICK BURNS,1001,04:03:16,Runner 50-59 years,45,Male,289,48,307,419
391,REBECCA HANSEN,1836,04:03:13,Runner 30-39 years,30,Female,102,32,111,416
392,DARSHNA GOVIND,1969,04:00:38,Runner 20-29 years,31,Female,103,31,102,384
393,CAREY FELL,613,04:03:07,Runner 30-39 years,106,Male,290,111,303,413
394,TODD BALLANTYNE,8,04:00:58,Runner 30-39 years,107,Male,291,103,285,390
395,MARK EDER,1991,04:03:44,Runner 40-49 years,82,Male,292,91,316,428
396,SHANNON WHITTA,1664,04:00:37,Runner 40-49 years,37,Female,104,37,101,383
397,DEAN CAMERON,223,04:03:58,Runner 30-39 years,108,Male,293,115,318,432
398,LEANNE WINNINGTON,1281,03:57:40,Runner 30-39 years,31,Female,105,28,94,350
399,REGAN COLDICOTT,1476,04:04:03,Runner 20-29 years,53,Male,294,59,319,433
400,DEREK WALLACE,1090,04:04:21,Runner 50-59 years,46,Male,295,50,321,436
401,ELIZABETH BERRANG,1267,04:00:58,Runner 20-29 years,32,Female,106,32,105,389
402,CATH FINCH,1745,04:00:56,Runner 40-49 years,38,Female,107,38,104,388
403,MATT BOWATER,615,04:01:12,Runner 20-29 years,54,Male,296,53,288,393
404,SUSIE WHITE,890,04:03:54,Runner 40-49 years,39,Female,108,42,114,431
405,PAUL TAYLOR,1578,04:01:30,Runner 40-49 years,83,Male,297,81,291,397
406,CASEY PEARCE,1912,04:04:31,Runner 20-29 years,55,Male,298,60,322,438
407,LAURENT ROUQUIER,1463,04:01:42,Runner 30-39 years,109,Male,299,107,294,400
408,REBECCA BELL-FULLER,54,04:04:29,Runner 40-49 years,40,Female,109,44,116,437
409,HAMISH VODANE,1840,04:03:39,Runner 30-39 years,110,Male,300,113,315,427
410,GRAEME TWOSE,1454,04:04:58,Runner 40-49 years,84,Male,301,92,325,445
411,TONY QUINN,1514,04:04:55,Runner 50-59 years,47,Male,302,51,324,443
412,CAMERON JENKINS,748,04:05:06,Runner 30-39 years,111,Male,303,116,326,447
413,TRACY KELLY,1213,04:05:16,Runner 40-49 years,41,Female,110,47,122,448
414,YUTA HIRAMATSU,918,03:58:11,Runner 30-39 years,112,Male,304,93,263,358
415,PHILIP WEBB,525,04:02:27,Runner 50-59 years,48,Male,305,47,298,406
416,ANDREW HALL,883,04:05:49,Runner 40-49 years,85,Male,306,94,331,457
417,SARAH HEALY,397,04:02:47,Runner 40-49 years,42,Female,111,40,110,412
418,PAUL SPARKES,2014,04:05:27,Runner 30-39 years,113,Male,307,117,328,451
419,ROBERT GILDER,1518,04:02:27,Runner 30-39 years,114,Male,308,108,299,407
420,PATRICK DAVIS,1102,04:05:32,Runner 30-39 years,115,Male,309,118,329,454
421,TANYA THOMAS,1652,04:02:32,Runner 40-49 years,43,Female,112,39,109,408
422,EVAN BUCKTHOUGHT,839,04:02:43,Runner 20-29 years,56,Male,310,55,302,411
423,SCOTT WAIGHT,1545,03:58:55,Runner 40-49 years,86,Male,311,79,273,371
424,HAYLEY WILSON,1827,04:05:49,Runner 30-39 years,32,Female,113,36,126,456
425,ZOE LUMLEY,991,03:59:26,Runner 20-29 years,33,Female,114,30,99,374
426,ANTONY BARNETT,1918,04:05:56,Runner 40-49 years,87,Male,312,95,332,458
427,MELANIE PATTERSON,1547,04:06:20,Runner 40-49 years,44,Female,115,49,127,462
428,MALCOLM BURGESS,1038,04:06:54,Runner 60-69 years,4,Male,313,4,344,472
429,SCOTT THOMAS,1721,04:03:23,Runner 40-49 years,88,Male,314,87,309,421
430,HUGO CROSSE,1231,04:06:22,Runner 20-29 years,57,Male,315,65,337,464
431,MIGUEL TOVAR,1805,04:03:35,Runner 40-49 years,89,Male,316,88,311,423
432,JAMES FISK,1124,04:06:23,Runner 20-29 years,58,Male,317,66,338,465
433,GAVIN MCAULEY,1504,04:06:51,Runner 30-39 years,116,Male,318,120,343,471
434,SARA MADDERS,639,04:03:48,Runner 30-39 years,33,Female,116,33,113,430
435,OLIVIA DIXON,65,04:06:35,Runner 20-29 years,34,Female,117,37,128,467
436,ANGUS MAIR,1207,04:03:45,Runner 30-39 years,117,Male,319,114,317,429
437,TERENCE HOPE,200,04:04:11,Runner 50-59 years,49,Male,320,49,320,434
438,TERESA NOBLE,1726,04:07:07,Runner 30-39 years,34,Female,118,38,130,475
439,DAVID KELLEHER,122,04:06:48,Runner 50-59 years,50,Male,321,53,340,468
440,MARK AQUINO,1434,04:03:36,Runner 40-49 years,90,Male,322,89,312,424
441,MADELINE MURRAY,1593,04:07:11,Runner 30-39 years,35,Female,119,40,132,478
442,MARY BRADLEY,2037,04:04:47,Runner 30-39 years,36,Female,120,34,117,440
443,KATIE CALDWELL,1528,04:07:32,Runner 18-19 years,1,Female,121,1,134,481
444,BEN PADDOCK,2028,04:07:20,Runner 20-29 years,59,Male,323,67,347,480
445,CHARLOTTE CRAWLEY,813,04:05:01,Runner 20-29 years,35,Female,122,35,121,446
446,CARON SCHOLLUM,1086,04:04:51,Runner 40-49 years,45,Female,123,45,118,441
447,JORDAN LAWLOR,1922,03:57:01,Runner 30-39 years,118,Male,324,87,248,337
448,ROBERT HOLUBICKI,1592,04:01:31,Runner 50-59 years,51,Male,325,46,292,398
449,HELEN PARR,904,04:04:55,Runner 20-29 years,36,Female,124,34,119,442
450,RONNAN DO NASCIMENTO,1429,04:00:59,Runner 30-39 years,119,Male,326,104,286,391
451,JESSICA WU,880,04:07:02,Runner 30-39 years,37,Female,125,37,129,473
452,NICK TAYLER,164,04:01:48,Runner 40-49 years,91,Male,327,83,295,401
453,HANNAH DONALDSON,1906,04:07:55,Runner 30-39 years,38,Female,126,42,136,483
454,NICOLA MCLELLAN,1062,04:05:16,Runner 40-49 years,46,Female,127,48,123,449
455,BRUNO TORINO,926,04:02:10,Runner 20-29 years,60,Male,328,54,297,404
456,SIMON OLSEN,872,04:08:26,Runner 30-39 years,120,Male,329,121,348,486
457,TRACEY MALMBORG,1677,04:08:08,Runner 40-49 years,47,Female,128,50,137,484
458,ALLISON STARK,629,04:05:31,Runner 30-39 years,39,Female,129,35,125,453
459,KARL BOWEN,1297,04:05:22,Runner 20-29 years,61,Male,330,62,327,450
460,STEPHANIE BLAKE,16,04:02:05,Runner 30-39 years,40,Female,130,31,107,403
461,DAVID KEOGH,859,04:06:01,Runner 50-59 years,52,Male,331,52,334,460
462,VANESSA MASSEY,1934,04:08:39,Runner 20-29 years,37,Female,131,39,139,488
463,MATTHEW SPILLANE,219,04:05:46,Runner 40-49 years,92,Male,332,93,330,455
464,GRAHAM BOWHILL,1623,04:08:30,Runner 30-39 years,121,Male,333,122,349,487
465,DAVE FRANKLIN,1118,04:09:02,Runner 40-49 years,93,Male,334,98,350,490
466,FRANK EXCELL,330,04:01:14,Runner 50-59 years,53,Male,335,45,289,394
467,AJ BUTTIMORE,1962,04:06:10,Runner 30-39 years,122,Male,336,119,335,461
468,TIM MORRISON,993,04:06:22,Runner 20-29 years,62,Male,337,64,336,463
469,JORGE SOTO SILVA,1961,04:03:14,Runner 40-49 years,94,Male,338,86,306,417
470,YURIRIA ALMARAZ VARGAS,1850,04:03:14,Runner 40-49 years,48,Female,132,41,112,418
471,SIMONE ABRAHAMS,469,04:09:28,Runner 50-59 years,6,Female,133,6,142,493
472,BEN POWER,2036,04:03:18,Runner 20-29 years,63,Male,339,56,308,420
473,STUART DEANE,286,04:06:27,Runner 40-49 years,95,Male,340,96,339,466
474,JACQUI GUY,486,04:09:38,Runner 50-59 years,7,Female,134,7,143,494
475,MICHAEL SMITH,2006,04:03:38,Runner 20-29 years,64,Male,341,58,314,426
476,DANIEL WU,1542,04:03:37,Runner 40-49 years,96,Male,342,90,313,425
477,MAX OSCAR,1660,04:03:34,Runner 20-29 years,65,Male,343,57,310,422
478,DICK HERMAN,999,04:06:51,Runner 40-49 years,97,Male,344,97,342,470
479,GRAEME BLACKLER,836,04:07:05,Runner 50-59 years,54,Male,345,55,345,474
480,PHILIP BILNEY,328,04:06:50,Runner 50-59 years,55,Male,346,54,341,469
481,LINDSEY VAIL,1971,04:07:13,Runner 30-39 years,41,Female,135,41,133,479
482,GRAHAM GWYNNE,932,04:07:09,Runner 50-59 years,56,Male,347,56,346,476
483,TARA COOPER,1659,04:04:13,Runner 40-49 years,49,Female,136,43,115,435
484,BRENDAN ALBORN,1537,04:03:10,Runner 40-49 years,98,Male,348,85,305,415
485,JUSTYNA BLAJERSKA,718,04:07:11,Runner 30-39 years,42,Female,137,39,131,477
486,HEATHER RATH,1598,04:05:56,Runner 20-29 years,66,Male,349,63,333,459
487,BEAU QUARRY,1724,04:09:59,Runner 40-49 years,99,Male,350,100,356,500
488,LOU SERGE,1586,04:10:19,Runner 40-49 years,100,Male,351,102,359,505
489,TROY BROWN,1377,04:10:11,Runner 30-39 years,123,Male,352,124,358,503
490,RYAN BOUNDY,1682,04:10:51,Runner 20-29 years,67,Male,353,72,361,508
491,JONATHAN STANWIX,983,04:10:35,Runner 20-29 years,68,Male,354,71,360,506
492,WENDY INGHAM,927,04:04:56,Runner 40-49 years,50,Female,138,46,120,444
493,STUART PLESTED,1743,04:11:24,Runner 30-39 years,124,Male,355,127,365,513
494,SCOTT CAMERON,567,04:11:37,Runner 40-49 years,101,Male,356,105,369,518
495,STEPHEN GODDARD,377,04:12:03,Runner 40-49 years,102,Male,357,107,371,523
496,CRAIG PANNETT,616,04:11:33,Runner 40-49 years,103,Male,358,104,367,516
497,SANDY MCKIRDY,995,04:08:51,Runner 60-69 years,2,Female,139,2,140,489
498,OLIVER BINT,1167,04:12:04,Runner 40-49 years,104,Male,359,108,372,524
499,REBECCA TAYLOR,1071,04:09:19,Runner 40-49 years,51,Female,140,51,141,492
500,LUCY PANKHURST,1081,04:11:38,Runner 20-29 years,38,Female,141,41,150,519
501,BRENT BRIGHAM,38,04:04:38,Runner 20-29 years,69,Male,360,61,323,439
502,PONTUS SJ÷BLOM,2004,04:09:09,Runner 20-29 years,70,Male,361,68,351,491
503,LISA WALSCH,22,04:11:55,Runner 30-39 years,43,Female,142,46,152,521
504,TAN WUI HAU,1778,04:09:58,Runner 20-29 years,71,Male,362,70,355,499
505,GRAHAM BLAND,1948,04:09:50,Runner 40-49 years,105,Male,363,99,353,497
506,KIRSTEN JONGSMA,272,04:12:38,Runner 30-39 years,44,Female,143,48,155,530
507,OLLI SALMELA,1910,04:13:02,Runner 50-59 years,57,Male,364,61,379,534
508,DEAN MCKENZIE,1387,04:12:54,Runner 50-59 years,58,Male,365,59,377,532
509,OLIVIA GIBSON,551,04:10:10,Runner 40-49 years,52,Female,144,52,145,502
510,GAVIN BARR,608,04:13:41,Runner 40-49 years,106,Male,366,110,384,542
511,LUKE EASTERBROOK,1730,04:13:45,Runner 30-39 years,125,Male,367,131,385,544
512,KIM RUSSELL,17,04:10:50,Runner 50-59 years,8,Female,145,8,147,507
513,SOPHIE CARMAN,1924,04:10:56,Runner 40-49 years,53,Female,146,53,148,509
514,MANUEL MENDES,770,04:11:01,Runner 30-39 years,126,Male,368,125,363,511
515,TOBY ADAMS,1406,04:13:46,Runner 40-49 years,107,Male,369,111,386,545
516,PHILIP WHITE,1069,04:10:59,Runner 40-49 years,108,Male,370,103,362,510
517,MICHAEL BUENAFLOR,1744,04:11:27,Runner 30-39 years,127,Male,371,128,366,514
518,EDDIE DURIE,577,04:07:33,Runner 20-29 years,39,Female,147,38,135,482
519,GLENN DEWHURST,1672,04:11:34,Runner 50-59 years,59,Male,372,57,368,517
520,KRYSTAL BOOKER,1295,04:14:16,Runner 20-29 years,40,Female,148,44,164,552
521,RACHEL TAYLOR,858,04:08:22,Runner 30-39 years,45,Female,149,43,138,485
522,ROBYN HYDE,1468,04:14:23,Runner 40-49 years,54,Female,150,60,166,555
523,ANDRÚ CHALMERS,1423,04:11:59,Runner 40-49 years,109,Male,373,106,370,522
524,RACHAEL NICKELS,442,04:11:51,Runner 20-29 years,41,Female,151,42,151,520
525,EMMA CROCKER,843,04:14:35,Runner 40-49 years,55,Female,152,61,167,556
526,TINA PERRY,1949,04:12:07,Runner 40-49 years,56,Female,153,54,153,525
527,MIKE ENGELSMAN,1337,04:12:20,Runner 30-39 years,128,Male,374,129,373,526
528,JAMES CLARE,562,04:12:20,Runner 20-29 years,72,Male,375,73,374,527
529,ABIGAIL THOMAS,111,04:15:01,Runner 20-29 years,42,Female,154,46,169,560
530,BEVAN SMITH,55,04:14:58,Runner 40-49 years,110,Male,376,113,390,558
531,EDWARD MACINTOSH,1902,04:12:40,Runner 20-29 years,73,Male,377,74,376,531
532,COLIN CREQUER,186,04:13:04,Runner 50-59 years,60,Male,378,62,380,535
533,ROBERT COUP,145,04:15:38,Runner 40-49 years,111,Male,379,118,395,564
534,SIMON CRAMPTON,402,04:15:37,Runner 40-49 years,112,Male,380,117,394,563
535,ANDREW STACE,980,04:09:46,Runner 30-39 years,129,Male,381,123,352,496
536,ANNA NOWLAN,1697,04:10:18,Runner 30-39 years,46,Female,155,45,146,504
537,LEISA SOWERBY,143,04:09:44,Runner 30-39 years,47,Female,156,44,144,495
538,MARGARET JONES,703,04:13:21,Runner 50-59 years,9,Female,157,9,156,538
539,PATRICK LANGILLE,1152,04:09:56,Runner 20-29 years,74,Male,382,69,354,498
540,EUAN SEYMOUR,656,04:13:21,Runner 30-39 years,130,Male,383,130,383,539
541,CARLY BLACKBOURN,152,04:13:29,Runner 40-49 years,57,Female,158,55,158,541
542,SEAN ABBOTT,1084,04:16:28,Runner 40-49 years,113,Male,384,119,397,569
543,AMANDA RYAN,1879,04:13:50,Runner 40-49 years,58,Female,159,57,160,546
544,WILLEMIJN DE BRUIN,1503,04:13:26,Runner 20-29 years,43,Female,160,43,157,540
545,SHANNON TAIT,716,04:13:44,Runner 40-49 years,59,Female,161,56,159,543
546,TIMMY HEATHER,2012,04:13:56,Runner 30-39 years,131,Male,385,132,387,548
547,DAN HENDERSON,1625,04:11:04,Runner 30-39 years,132,Male,386,126,364,512
548,TRACEY SIMS,1264,04:16:38,Runner 40-49 years,60,Female,162,63,174,571
549,CENTURI CHAN,1893,04:14:12,Runner 30-39 years,133,Male,387,133,388,551
550,IGNACIO SANDE,712,04:17:00,Runner 30-39 years,134,Male,388,134,400,574
551,WILL BURKITT,985,04:10:07,Runner 40-49 years,114,Male,389,101,357,501
552,JOERG WESTHOFF,2016,04:17:30,Runner 40-49 years,115,Male,390,121,403,581
553,LOES ST ATHER,485,04:14:22,Runner 20-29 years,44,Female,163,45,165,554
554,EWAN FRASER,738,04:14:22,Runner 40-49 years,116,Male,391,112,389,553
555,CHARLOTTE EBERT,1656,04:14:36,Runner 30-39 years,48,Female,164,50,168,557
556,ELLA GRAMA,1935,04:17:36,Runner 30-39 years,49,Female,165,55,179,583
557,GRANT EDMUNDSON,392,04:17:27,Runner 40-49 years,117,Male,392,120,402,579
558,EMMA WILSON,1769,04:17:25,Runner 20-29 years,45,Female,166,48,177,578
559,DAVID SCHINDLER,673,04:17:31,Runner 50-59 years,61,Male,393,66,404,582
560,BRIDGIT ELDER,208,04:17:29,Runner 30-39 years,50,Female,167,54,178,580
561,LARA DE CARLI,946,04:17:36,Runner 20-29 years,46,Female,168,49,180,584
562,HANNAH PRESSWOOD,1122,04:11:33,Runner 20-29 years,47,Female,169,40,149,515
563,PAUL HEMBURROW,522,04:18:25,Runner 40-49 years,118,Male,394,122,407,592
564,ANNE-MARIE GREALISH,579,04:18:12,Runner 50-59 years,10,Female,170,12,184,588
565,STEPHANIE MAUNDRELL,1277,04:18:16,Runner 20-29 years,48,Female,171,50,185,590
566,DARREN CHANDLER,431,04:15:15,Runner 40-49 years,119,Male,395,115,392,561
567,IAN BAYLISS,1546,04:15:22,Runner 40-49 years,120,Male,396,116,393,562
568,RICHARD COOK,587,04:18:22,Runner 30-39 years,135,Male,397,137,406,591
569,SHARLEEN COLLINS,73,04:15:47,Runner 40-49 years,61,Female,172,62,170,566
570,MICHAEL CALLAGHAN,1911,04:15:46,Runner 20-29 years,75,Male,398,75,396,565
571,JOHN WALLACE,1921,04:12:59,Runner 50-59 years,62,Male,399,60,378,533
572,ADAM FLETCHER,1411,04:18:44,Runner 40-49 years,121,Male,400,123,409,595
573,ELAINE THOMSON,1248,04:12:37,Runner 30-39 years,51,Female,173,47,154,529
574,ANDREW ROE,1471,04:12:32,Runner 50-59 years,63,Male,401,58,375,528
575,YVONNE GROSCH,1691,04:16:09,Runner 30-39 years,52,Female,174,51,171,567
576,KATE DOHERTY,1311,04:16:20,Runner 30-39 years,53,Female,175,52,172,568
577,AIDEN MOORE,1780,04:18:51,Runner 20-29 years,76,Male,402,76,410,596
578,WILL OWEN,1982,04:13:16,Runner 40-49 years,122,Male,403,109,382,537
579,AMANDA RUSSELL,524,04:16:33,Runner 50-59 years,11,Female,176,10,173,570
580,JOHN BERNET,1928,04:13:10,Runner 50-59 years,64,Male,404,63,381,536
581,RICK WELLINGTON,445,04:20:00,Runner 40-49 years,123,Male,405,126,415,605
582,ANYA ALESSANDRIA,1734,04:05:30,Runner 20-29 years,49,Female,177,36,124,452
583,LISA KRISTIANSEN,302,04:14:01,Runner 40-49 years,62,Female,178,58,162,549
584,EMILY-JEAN PIPE,1229,04:20:12,Runner 20-29 years,50,Female,179,52,191,608
585,ALEXIA LE DILY,1284,04:17:11,Runner 20-29 years,51,Female,180,47,175,575
586,ANITA SCHMIDT,1466,04:20:55,Runner 20-29 years,52,Female,181,53,194,614
587,LOUISE WILSON,1439,04:17:49,Runner 30-39 years,54,Female,182,57,182,586
588,COURTNEY BUTLER,910,04:17:49,Runner 30-39 years,55,Female,183,56,181,585
589,MARK HOURSTON,1011,04:14:59,Runner 40-49 years,124,Male,406,114,391,559
590,OTTO GOETSCH,489,04:20:40,Runner 70+ years,1,Male,407,1,419,611
591,SALLY LEIGHTON,1581,04:13:52,Runner 30-39 years,56,Female,184,49,161,547
592,ROSS CLARKE,1686,04:21:18,Runner 20-29 years,77,Male,408,80,423,617
593,WENJUAN GU,916,04:14:08,Runner 40-49 years,63,Female,185,59,163,550
594,ROBERT BEZIC,611,04:18:35,Runner 50-59 years,65,Male,409,67,408,593
595,RACHAEL WALKER,112,04:21:41,Runner 30-39 years,57,Female,186,61,195,621
596,ALEXANDRE DEGUINE,2041,04:21:22,Runner 20-29 years,78,Male,410,81,424,618
597,JUSTINE PERCIVAL,1477,04:18:42,Runner 40-49 years,64,Female,187,64,186,594
598,MARK O'CONNOR,1658,04:21:32,Runner 30-39 years,136,Male,411,140,425,619
599,LUCY DOHERTY,802,04:19:22,Runner 30-39 years,58,Female,188,58,187,597
600,JACINTA MAYNE-DAVIS,1142,04:19:32,Runner 20-29 years,53,Female,189,51,189,602
601,PHILIPPA HENDRY,297,04:19:30,Runner 30-39 years,59,Female,190,59,188,600
602,MARSHALL BORG,310,04:22:18,Runner 50-59 years,66,Male,412,70,429,627
603,GEOFFREY LOWE,1666,04:16:45,Runner 50-59 years,67,Male,413,64,398,572
604,HIROSHI AMIKURA,815,04:19:30,Runner 40-49 years,125,Male,414,125,413,601
605,JUN LIANG,139,04:20:10,Runner 20-29 years,79,Male,415,78,417,607
606,CASSANDRA ZAYONCE,774,04:20:20,Runner 30-39 years,60,Female,191,60,192,609
607,NORIO DOBA,645,04:23:07,Runner 50-59 years,68,Male,416,73,434,636
608,ABBY FULTON,873,04:17:14,Runner 30-39 years,61,Female,192,53,176,577
609,DAVID FULTON,875,04:17:14,Runner 30-39 years,137,Male,417,135,401,576
610,ADAM LAMONT,1690,04:20:06,Runner 40-49 years,126,Male,418,127,416,606
611,LEIGHTON GREER,1304,04:23:22,Runner 30-39 years,138,Male,419,142,437,640
612,ALICE FINLAYSON,646,04:20:54,Runner 18-19 years,2,Female,193,2,193,612
613,ZHIDONG HUANG,889,04:16:59,Runner 50-59 years,69,Male,420,65,399,573
614,MIKE RIDDERHOF,1378,04:20:57,Runner 50-59 years,70,Male,421,68,421,615
615,JULIE CHHOUR,1822,04:23:51,Runner 40-49 years,65,Female,194,69,206,645
616,DAVIS CHANDLER,2026,04:20:58,Runner 20-29 years,80,Male,422,79,422,616
617,ADRIAN LUTZ,1947,04:18:13,Runner 30-39 years,139,Male,423,136,405,589
618,WILL CASS,1183,04:20:54,Runner 40-49 years,127,Male,424,128,420,613
619,WILLIAM SHEEHAN,2043,04:24:28,Runner 20-29 years,81,Male,425,85,443,651
620,MATT O'ROURKE,1445,04:21:42,Runner 20-29 years,82,Male,426,82,427,623
621,ANDREW VANDUYNHOVEN,123,04:21:49,Runner 50-59 years,71,Male,427,69,428,624
622,DESMOND BURKE,1291,04:21:36,Runner 60-69 years,5,Male,428,5,426,620
623,RONG ZHANG,1952,04:22:20,Runner 40-49 years,128,Male,429,129,430,628
624,PIP KNIGHT,484,04:25:39,Runner 40-49 years,66,Female,195,73,217,665
625,NICKY DIB,949,04:18:06,Runner 50-59 years,12,Female,196,11,183,587
626,BRAD CROWLEY,760,04:25:43,Runner 40-49 years,129,Male,430,135,450,667
627,ROWAN CROFT,1158,04:22:12,Runner 50-59 years,13,Female,197,13,197,625
628,SARA TOSCAN,620,04:25:18,Runner 40-49 years,67,Female,198,72,214,660
629,FEI HUANG,326,04:19:27,Runner 30-39 years,140,Male,431,138,411,598
630,SALLY LOGAN,1814,04:22:38,Runner 40-49 years,68,Female,199,67,199,631
631,MARIA WALKER,532,04:25:46,Runner 40-49 years,69,Female,200,74,219,670
632,WAYNE COUPLAND,530,04:25:46,Runner 50-59 years,72,Male,432,75,452,672
633,REBECCA ROBERTS,1327,04:24:30,Runner 30-39 years,62,Female,201,66,209,652
634,KRISTINA LINHART,636,04:23:04,Runner 30-39 years,63,Female,202,63,202,635
635,GAZ SMITH,1630,04:24:58,Runner 20-29 years,83,Male,433,86,444,655
636,HEATHER WEBER,885,04:19:40,Runner 40-49 years,70,Female,203,65,190,604
637,JOSEPH CARRIGG,1341,04:19:40,Runner 20-29 years,84,Male,434,77,414,603
638,DAVID MURRAY,1950,04:23:03,Runner 50-59 years,73,Male,435,72,433,634
639,DAVID BUTLER-PECK,573,04:26:33,Runner 40-49 years,130,Male,436,138,455,686
640,ANN ROBSON,192,04:26:40,Runner 40-49 years,71,Female,204,80,232,688
641,TADEUSZ KORONSKI,783,04:19:29,Runner 40-49 years,131,Male,437,124,412,599
642,KAIHUA CAO,1613,04:23:56,Runner 20-29 years,85,Male,438,84,440,647
643,DAISUKE ITO,1254,04:20:28,Runner 30-39 years,141,Male,439,139,418,610
644,ELISABETH STODDART,824,04:27:23,Runner 50-59 years,14,Female,205,16,234,701
645,SARAH ADAMS,1390,04:21:42,Runner 20-29 years,54,Female,206,54,196,622
646,DAVE FOOT,108,04:24:59,Runner 60-69 years,6,Male,440,6,445,656
647,MARY CAPORELLA,89,04:24:54,Runner 50-59 years,15,Female,207,14,211,654
648,YINGHUA JIN,1632,04:25:18,Runner 30-39 years,64,Female,208,68,213,659
649,JAY MILTON,1420,04:25:23,Runner 50-59 years,74,Male,441,74,447,661
650,TONY WYLLIE,1715,04:22:30,Runner 50-59 years,75,Male,442,71,431,629
651,LIBBY INCH,1884,04:22:16,Runner 40-49 years,72,Female,209,66,198,626
652,RACHEL COOPER,1356,04:22:48,Runner 40-49 years,73,Female,210,68,201,633
653,ROHAN CHURCH,745,04:22:37,Runner 20-29 years,86,Male,443,83,432,630
654,CYNTHIA WINKWORTH,1364,04:25:53,Runner 40-49 years,74,Female,211,76,223,675
655,JAIME HUTTER,1077,04:25:44,Runner 40-49 years,132,Male,444,136,451,668
656,KELLY ANDERSON,479,04:25:52,Runner 40-49 years,75,Female,212,75,221,673
657,STEPHEN BOYD,1113,04:28:41,Runner 50-59 years,76,Male,445,80,476,716
658,MOLLY MCCARTHY,1541,04:25:45,Runner 20-29 years,55,Female,213,58,218,669
659,JESSICA PATTERSON,1669,04:22:47,Runner 30-39 years,65,Female,214,62,200,632
660,INA WEFER,1610,04:25:58,Runner 30-39 years,66,Female,215,69,224,676
661,ROBBIE HARLOW,2034,04:23:08,Runner 30-39 years,142,Male,446,141,435,637
662,ANNA DALTON,221,04:26:06,Runner 40-49 years,76,Female,216,77,226,678
663,MEGAN HINTON,1414,04:26:17,Runner 30-39 years,67,Female,217,70,227,680
664,MASAMICHI MIYAMOTO,1574,04:26:10,Runner 50-59 years,77,Male,447,76,453,679
665,SKYE ANDERSON,2050,04:29:14,Runner 20-29 years,56,Female,218,64,242,720
666,AMY HALL,1913,04:26:25,Runner 30-39 years,68,Female,219,71,229,683
667,HIU CHING NG,894,04:23:29,Runner 30-39 years,69,Female,220,65,205,642
668,DAISHI ASANO,2111,04:23:17,Runner 40-49 years,133,Male,448,130,436,639
669,ANNABEL WOOD,1300,04:23:29,Runner 20-29 years,57,Female,221,55,204,641
670,GILLIAN O'HARA,388,04:23:14,Runner 30-39 years,70,Female,222,64,203,638
671,DAVID PRITCHARD,154,04:26:56,Runner 30-39 years,143,Male,449,143,459,691
672,HAYDEN PRITCHARD,155,04:26:57,Runner 20-29 years,87,Male,450,88,460,692
673,MARTIN CROSS,1750,04:23:36,Runner 40-49 years,134,Male,451,131,438,643
674,MAT LEWISHAM,27,04:26:34,Runner 40-49 years,135,Male,452,139,456,687
675,STEPHANIE ATKINS,691,04:26:32,Runner 30-39 years,71,Female,223,72,230,684
676,KATELYN ORTON,689,04:26:32,Runner 40-49 years,77,Female,224,79,231,685
677,KELSEY CHURCH,1714,04:23:51,Runner 20-29 years,58,Female,225,56,207,646
678,RODNEY HOWARD,749,04:30:09,Runner 40-49 years,136,Male,453,147,485,733
679,NATHAN BILLINGE,1800,04:27:04,Runner 20-29 years,88,Male,454,89,461,693
680,CHRIS GOODISON,574,04:27:07,Runner 40-49 years,137,Male,455,141,462,694
681,THOMAS HAWKINS,1223,04:27:20,Runner 30-39 years,144,Male,456,145,467,700
682,HAL DARCY,1025,04:27:28,Runner 40-49 years,138,Male,457,144,469,703
683,BRAD CLARK,1702,04:24:06,Runner 40-49 years,139,Male,458,134,442,649
684,AMANDA BUSSEY,1460,04:24:20,Runner 40-49 years,78,Female,226,70,208,650
685,DAMIEN MOLONEY,361,04:27:12,Runner 20-29 years,89,Male,459,90,463,695
686,JUTTA VAN DEN BOOM,526,04:27:17,Runner 50-59 years,16,Female,227,15,233,699
687,DARREN LOVELL,1238,04:23:59,Runner 40-49 years,140,Male,460,133,441,648
688,GRAHAM SELMAN,1082,04:30:04,Runner 50-59 years,78,Male,461,83,484,732
689,JULIAN YENSEN-HERO,1758,04:27:41,Runner 20-29 years,90,Male,462,92,471,705
690,BECKY VENTER,504,04:24:53,Runner 40-49 years,79,Female,228,71,210,653
691,LAUREN GARBUTT,430,04:28:05,Runner 30-39 years,72,Female,229,74,238,711
692,PHIL KERR,1828,04:28:20,Runner 60-69 years,7,Male,463,8,474,712
693,ELIZABETH STILES,333,04:27:59,Runner 20-29 years,59,Female,230,62,236,708
694,LACHLAN STANTON,332,04:27:59,Runner 20-29 years,91,Male,464,93,473,709
695,DANIEL WOOD,42,04:23:43,Runner 40-49 years,141,Male,465,132,439,644
696,LUCY RIVAS,603,04:25:10,Runner 30-39 years,73,Female,231,67,212,658
697,REBECCA PERCY,728,04:25:29,Runner 18-19 years,3,Female,232,3,215,663
698,PETER BILOUS,1568,04:28:32,Runner 50-59 years,79,Male,466,79,475,715
699,ROB AIKMAN,24,04:29:01,Runner 50-59 years,80,Male,467,81,477,717
700,EMILY BRYCE,1462,04:25:53,Runner 20-29 years,60,Female,233,60,222,674
701,PHILIPP KUNZ,2141,04:25:42,Walker 20-29 years,1,Male,468,1,449,666
702,CLAIRE LATHAM,456,04:29:07,Runner 50-59 years,17,Female,234,17,241,718
703,KEN WRIGHT,1633,04:25:06,Runner 60-69 years,8,Male,469,7,446,657
704,JEFF WATLING,1240,04:32:09,Runner 30-39 years,145,Male,470,150,496,759
705,PAUL GREEN,1219,04:29:21,Runner 40-49 years,142,Male,471,145,480,722
706,BLAKE DICKENSON,1916,04:25:24,Runner 20-29 years,92,Male,472,87,448,662
707,ODETTE LLEWELLIN,409,04:29:33,Runner 60-69 years,3,Female,235,3,244,724
708,BELINDA MELVEY,1345,04:25:32,Runner 20-29 years,61,Female,236,57,216,664
709,PHILIP HURST,1693,04:26:46,Runner 50-59 years,81,Male,473,77,458,690
710,JESSY RAUKAWA,1870,04:25:46,Runner 20-29 years,62,Female,237,59,220,671
711,CHELSEA ECKERSLEY,634,04:26:02,Runner 20-29 years,63,Female,238,61,225,677
712,SIGOURNEY KELLY,1640,04:29:34,Runner 20-29 years,64,Female,239,65,245,725
713,LEANNE HOBBS,1160,04:29:50,Runner 50-59 years,18,Female,240,18,246,728
714,MORGAN WILLIAMS,1103,04:30:26,Runner 20-29 years,65,Female,241,68,252,738
715,MARTIN WALLACE,1531,04:33:20,Runner 40-49 years,143,Male,474,151,500,776
716,SAM INGRAM,511,04:26:23,Runner 40-49 years,144,Male,475,137,454,681
717,JACKY INGRAM,769,04:26:24,Runner 40-49 years,80,Female,242,78,228,682
718,GAH CHAN,354,04:27:24,Runner 40-49 years,145,Male,476,143,468,702
719,JANE LOGAN,1637,04:30:31,Runner 50-59 years,19,Female,243,20,254,740
720,RICHARD BUNDY,308,04:27:15,Runner 40-49 years,146,Male,477,142,464,696
721,NATE GEURKINK,440,04:27:15,Runner 30-39 years,146,Male,478,144,465,697
722,CHAO ZHANG,128,04:27:39,Runner 30-39 years,147,Male,479,146,470,704
723,JAKE BENNETT,1405,04:26:43,Runner 40-49 years,147,Male,480,140,457,689
724,GRAEME ANDREWS,1290,04:33:32,Runner 50-59 years,82,Male,481,89,503,780
725,CORY MITCHELL,1776,04:27:17,Runner 20-29 years,93,Male,482,91,466,698
726,INGRID MORRISON,1139,04:28:01,Runner 40-49 years,81,Female,244,81,237,710
727,EMMA LAGAN,1685,04:27:43,Runner 30-39 years,74,Female,245,73,235,706
728,FRANK COLE,1469,04:31:18,Runner 50-59 years,83,Male,483,84,488,746
729,SHERYN DEANE,285,04:31:03,Runner 40-49 years,82,Female,246,85,257,744
730,RICHARD BILSKI,337,04:31:42,Runner 40-49 years,148,Male,484,149,490,751
731,SARAH SINCLAIR,253,04:28:27,Runner 20-29 years,66,Female,247,63,239,713
732,BRIDGET LAWRENCE,822,04:28:27,Runner 30-39 years,75,Female,248,75,240,714
733,SINEAD LONG,2019,04:31:36,Runner 20-29 years,67,Female,249,69,261,749
734,TEREASA WILSON,2023,04:31:33,Runner 40-49 years,83,Female,250,86,259,747
735,BOB COULTHURST,1035,04:31:53,Runner 50-59 years,84,Male,485,86,492,755
736,ARWEL THOMAS,176,04:32:05,Runner 50-59 years,85,Male,486,87,494,757
737,CAROLINE FINN,1156,04:31:49,Runner 40-49 years,84,Female,251,88,262,753
738,CATRIONA HARRISON,650,04:31:49,Runner 40-49 years,85,Female,252,89,263,754
739,ANNABEL CALDWELL,1530,04:34:48,Runner 20-29 years,68,Female,253,73,284,788
740,LAURA KAPUSTKA,1194,04:32:13,Runner 50-59 years,20,Female,254,22,264,760
741,PETER HAYWOOD,746,04:32:06,Runner 30-39 years,148,Male,487,149,495,758
742,ERROL AMYES,2010,04:29:13,Runner 60-69 years,9,Male,488,9,478,719
743,ALISON ELLIOTT,288,04:32:18,Runner 40-49 years,86,Female,255,90,265,761
744,ALEXANDRA NORTHEY,981,04:32:23,Runner 20-29 years,69,Female,256,70,266,762
745,JEAN FRIESLAAR,1802,04:29:43,Runner 40-49 years,149,Male,489,146,481,726
746,JUNE BEANGE,300,04:32:28,Runner 40-49 years,87,Female,257,91,267,763
747,NANO LENOIR,138,04:32:53,Runner 30-39 years,149,Male,490,151,498,769
748,CHITRA NADKARNI,1313,04:35:54,Runner 50-59 years,21,Female,258,25,289,801
749,TODD ANDERSON,317,04:27:49,Runner 50-59 years,86,Male,491,78,472,707
750,SUSAN LAWRENCE,1098,04:32:56,Runner 40-49 years,88,Female,259,92,273,771
751,VICTOR DANIEL DE LA TORRE BLANCO,902,04:29:21,Runner 30-39 years,150,Male,492,147,479,721
752,TESS JOUBERT,303,04:29:54,Runner 50-59 years,22,Female,260,19,248,730
753,MARK WENDEN,2018,04:29:46,Runner 20-29 years,94,Male,493,94,482,727
754,EUGENE JOUBERT,304,04:29:54,Runner 50-59 years,87,Male,494,82,483,731
755,ANNALISE SHARIFF,1807,04:32:47,Runner 30-39 years,76,Female,261,81,271,768
756,RICHARD POPE,1931,04:32:41,Runner 50-59 years,88,Male,495,88,497,765
757,JACKIE CONNELL,1932,04:32:42,Runner 50-59 years,23,Female,262,23,269,766
758,LEANNA DEY,180,04:32:47,Runner 30-39 years,77,Female,263,80,270,767
759,ASH MILLER,867,04:30:09,Runner 20-29 years,70,Female,264,67,249,735
760,EDEL SWEENEY,1394,04:33:15,Runner 30-39 years,78,Female,265,82,276,775
761,MING KEN LEE,1395,04:36:25,Runner 20-29 years,95,Male,496,100,517,807
762,NICKY PAGE,29,04:30:12,Runner 40-49 years,89,Female,266,83,251,737
763,LOUIS HAIGH,1823,04:33:01,Runner 20-29 years,96,Male,497,95,499,772
764,DERRICK CHEE,795,04:36:10,Runner 40-49 years,150,Male,498,156,513,803
765,KANG YIN WANG,794,04:29:28,Runner 30-39 years,79,Female,267,76,243,723
766,KEITH LANE,1674,04:36:39,Runner 50-59 years,89,Male,499,91,518,809
767,DANA YOUNG,1731,04:33:30,Runner 30-39 years,80,Female,268,83,277,779
768,PETER JOHNSTON,1552,04:33:20,Runner 60-69 years,10,Male,500,11,501,777
769,PAULINE GULLIVER,966,04:30:30,Runner 40-49 years,90,Female,269,84,253,739
770,CHRIS CHURCH,1713,04:30:39,Runner 30-39 years,151,Male,501,148,487,741
771,ALISON LETTS,743,04:30:42,Runner 50-59 years,24,Female,270,21,255,742
772,HANNAH HILL,854,04:29:52,Runner 20-29 years,71,Female,271,66,247,729
773,JESSICA HENDRY,296,04:33:54,Runner 40-49 years,91,Female,272,95,279,782
774,SUSAN CRENNAN,798,04:34:02,Runner 30-39 years,81,Female,273,86,281,784
775,KATHRYN CARTER,1440,04:30:57,Runner 30-39 years,82,Female,274,77,256,743
776,ROBYN IVETT,1808,04:31:16,Runner 30-39 years,83,Female,275,78,258,745
777,JAMES BRADLEY,607,04:30:09,Runner 40-49 years,151,Male,502,148,486,734
778,LISA HUNTER,606,04:30:10,Runner 40-49 years,92,Female,276,82,250,736
779,NATASHA SMITH,1559,04:34:36,Runner 20-29 years,72,Female,277,72,283,786
780,WARWICK SMITH,1486,04:34:36,Runner 50-59 years,90,Male,503,90,504,787
781,LYNSEY SUTTON,852,04:37:19,Runner 40-49 years,93,Female,278,97,298,820
782,HAMISH MOORE,901,04:37:21,Runner 20-29 years,97,Male,504,101,523,821
783,SARAH VUCINA,1418,04:37:40,Runner 20-29 years,73,Female,279,79,300,825
784,LAURA BOREN,911,04:34:55,Runner 30-39 years,84,Female,280,87,285,789
785,LEWIS VOISIN,1907,04:35:10,Runner 20-29 years,98,Male,505,96,509,795
786,JAMES RANKIN,1944,04:31:43,Runner 50-59 years,91,Male,506,85,491,752
787,DAVID BREMNER,866,04:38:24,Runner 40-49 years,152,Male,507,162,527,830
788,KA LEUNG CHAN,887,04:31:40,Runner 60-69 years,11,Male,508,10,489,750
789,BROOKE EBBETT,1119,04:35:07,Runner 30-39 years,152,Male,509,154,508,794
790,ADAM GARDEN,1214,04:35:07,Runner 30-39 years,153,Male,510,153,507,793
791,THOMAS STRACHAN,1271,04:32:03,Runner 40-49 years,153,Male,511,150,493,756
792,ANNETTE LADLOW,1788,04:35:58,Runner 50-59 years,25,Female,281,26,290,802
793,LISA BEGBIE,1538,04:32:36,Runner 30-39 years,85,Female,282,79,268,764
794,LISA WATT,987,04:31:36,Runner 40-49 years,94,Female,283,87,260,748
795,KIM TUDJMAN,1831,04:32:54,Runner 50-59 years,26,Female,284,24,272,770
796,PETRINA WEATHERSTONE,278,04:33:10,Runner 40-49 years,95,Female,285,94,275,774
797,FERNANDA LUFT,287,04:33:09,Runner 40-49 years,96,Female,286,93,274,773
798,LUKE BROWN-BERESFORD,1597,04:33:22,Runner 40-49 years,154,Male,512,152,502,778
799,JAMES HENDERSON,1517,04:36:21,Runner 20-29 years,99,Male,513,99,516,806
800,SARAH BULBULIA,1094,04:36:42,Runner 30-39 years,86,Female,287,89,292,810
801,LEROY GOLABOSKI,545,04:37:02,Runner 40-49 years,155,Male,514,158,520,814
802,ALEXANDRA PATTERSON,1532,04:37:01,Runner 20-29 years,74,Female,288,76,294,813
803,BRENDA TANG,1259,04:37:19,Runner 30-39 years,87,Female,289,91,297,819
804,DALE COLLIS,359,04:33:35,Runner 30-39 years,88,Female,290,84,278,781
805,MARK HERBSTEIN,336,04:37:26,Runner 30-39 years,154,Male,515,157,524,823
806,GEORGINA HYDE,1057,04:37:16,Runner 20-29 years,75,Female,291,77,296,817
807,JULIE FENECH,2020,04:40:37,Runner 40-49 years,97,Female,292,107,319,859
808,LEIGH TASKER,1067,04:36:46,Runner 30-39 years,155,Male,516,155,519,811
809,NICOLLE CULEY,400,04:40:10,Runner 40-49 years,98,Female,293,104,314,851
810,AMY MORGAN,781,04:34:22,Runner 20-29 years,76,Female,294,71,282,785
811,SARAH PATON,959,04:33:59,Runner 30-39 years,89,Female,295,85,280,783
812,ALAN CHRISTINE,1989,04:35:00,Runner 30-39 years,156,Male,517,152,505,790
813,JO JAMIESON,393,04:40:55,Runner 40-49 years,99,Female,296,109,323,863
814,CHRIS ENGLISH,1117,04:35:30,Runner 40-49 years,156,Male,518,154,511,798
815,CHARLOTTE BARKER,775,04:35:39,Runner 20-29 years,77,Female,297,75,288,799
816,STUART BINNEY,764,04:38:43,Runner 30-39 years,157,Male,519,158,529,832
817,XANDRA ALPISER,190,04:35:04,Runner 30-39 years,90,Female,298,88,286,792
818,JIM ALPISER,189,04:35:04,Runner 40-49 years,157,Male,520,153,506,791
819,FERNANDO MONTEIRO,453,04:41:44,Runner 30-39 years,158,Male,521,166,545,872
820,SAMANTHA BAKER,1515,04:35:26,Runner 20-29 years,78,Female,299,74,287,796
821,IRAJß SILVA,1289,04:42:02,Runner 40-49 years,158,Male,522,166,548,876
822,KIM GREAVES,311,04:38:59,Runner 50-59 years,27,Female,300,29,304,835
823,JONATHAN FEARNLEY,804,04:36:11,Runner 40-49 years,159,Male,523,157,514,804
824,LYNNE DUNLOP,1851,04:39:03,Runner 40-49 years,100,Female,301,99,306,838
825,SHEREE MCKAIN,1459,04:36:57,Runner 40-49 years,101,Female,302,96,293,812
826,DIANA TAN,133,04:39:16,Runner 40-49 years,102,Female,303,100,307,839
827,ELISE ARNST,1349,04:42:25,Runner 20-29 years,79,Female,304,86,329,880
828,KHIRY HEWITT,63,04:36:15,Runner 20-29 years,100,Male,524,98,515,805
829,GRAEME TINDALL,449,04:35:46,Runner 40-49 years,160,Male,525,155,512,800
830,JAMES REIKOWSKY,254,04:39:47,Runner 60-69 years,12,Male,526,12,536,847
831,PHIL STRUCKMANN,928,04:39:30,Runner 50-59 years,92,Male,527,93,533,842
832,ADAM RAY,1467,04:35:28,Runner 20-29 years,101,Male,528,97,510,797
833,SONIA MULLER,1305,04:36:29,Runner 50-59 years,28,Female,305,27,291,808
834,HOLLY ROSS,1215,04:39:59,Runner 20-29 years,80,Female,306,83,312,849
835,GINNIE WRIGHT,1756,04:42:46,Runner 20-29 years,81,Female,307,88,332,883
836,BARNABY WILSHIER,415,04:37:16,Runner 40-49 years,161,Male,529,159,522,818
837,RENE HULME,1161,04:43:05,Runner 40-49 years,103,Female,308,113,335,886
838,THOMAS HENDERSON,1162,04:43:05,Runner 40-49 years,162,Male,530,169,552,887
839,SYLVIA LIN,1342,04:40:10,Runner 30-39 years,91,Female,309,93,315,852
840,MARK DILLON,158,04:40:33,Runner 40-49 years,163,Male,531,165,540,858
841,JONATHAN DILLON,1386,04:40:17,Runner 40-49 years,164,Male,532,164,538,855
842,DAVID FRANKISH,642,04:37:32,Runner 40-49 years,165,Male,533,160,525,824
843,TANIA FAIRBAIRN,10,04:40:31,Runner 40-49 years,104,Female,310,106,318,857
844,CRAIG FLEMING,1618,04:37:40,Runner 40-49 years,166,Male,534,161,526,826
845,KWOK LEUNG TANG,1909,04:37:07,Runner 30-39 years,159,Male,535,156,521,816
846,EMMA HANSEN,1427,04:39:47,Runner 20-29 years,82,Female,311,82,311,846
847,SHAN-I LEE,480,04:37:04,Runner 30-39 years,92,Female,312,90,295,815
848,MARJORIE HAWKINGS,1886,04:37:51,Runner 40-49 years,105,Female,313,98,301,827
849,SERENA WOOLDRIDGE,1108,04:41:26,Runner 40-49 years,106,Female,314,111,326,868
850,PETER ZIENAU,1109,04:41:26,Runner 50-59 years,93,Male,536,95,542,867
851,MARY SULLIVAN,231,04:37:25,Runner 20-29 years,83,Female,315,78,299,822
852,YUE SUN,1749,04:41:26,Runner 20-29 years,102,Male,537,102,543,869
853,SANDRA DICK,1529,04:41:55,Runner 60-69 years,4,Female,316,4,328,873
854,KEVIN GREENAWAY,1539,04:38:31,Runner 50-59 years,94,Male,538,92,528,831
855,CURTIS ALBITZ,1673,04:44:42,Runner 50-59 years,95,Male,539,98,557,900
856,JILL DOUGLAS,676,04:37:58,Runner 50-59 years,29,Female,317,28,302,828
857,CHARLIE GIERSH,730,04:42:17,Runner 40-49 years,167,Male,540,167,549,877
858,ANDREA HARWOOD,1198,04:39:20,Runner 40-49 years,107,Female,318,101,308,840
859,RICK FEDERKEIL,1500,04:45:30,Runner 30-39 years,160,Male,541,170,560,911
860,ROBERT MARSHALL,1862,04:39:31,Runner 50-59 years,96,Male,542,94,534,843
861,YE FENG WANG,215,04:38:46,Runner 30-39 years,161,Male,543,159,530,833
862,JORDAN BARNFIELD,1973,04:38:53,Runner 30-39 years,162,Male,544,160,531,834
863,SARAH ANDERSON,626,04:39:25,Runner 30-39 years,93,Female,319,92,309,841
864,CRISTA ASHBY,1096,04:38:19,Runner 20-29 years,84,Female,320,80,303,829
865,DEE MCQUEEN,917,04:39:01,Runner 20-29 years,85,Female,321,81,305,836
866,GRAHAM KINLAN,997,04:39:01,Runner 30-39 years,163,Male,545,161,532,837
867,JAMES GRAHAM,1940,04:39:46,Runner 30-39 years,164,Male,546,162,535,845
868,LARA CLEMENT,1149,04:39:43,Runner 40-49 years,108,Female,322,102,310,844
869,JANET DEVINE,1125,04:43:11,Runner 40-49 years,109,Female,323,114,336,888
870,KEVIN COWIE,107,04:39:48,Runner 40-49 years,168,Male,547,163,537,848
871,STEPH HOBBS,1614,04:40:12,Runner 30-39 years,94,Female,324,94,316,853
872,MASATOSHI MAEDA,912,04:46:23,Runner 50-59 years,97,Male,548,99,564,918
873,JUNYA AOKI,900,04:46:23,Runner 40-49 years,169,Male,549,173,565,919
874,JEREMY HILL,1133,04:46:09,Runner 30-39 years,165,Male,550,171,562,916
875,DARREN RODRIGO,1135,04:43:39,Runner 30-39 years,166,Male,551,167,554,892
876,CARL MCILROY,1594,04:40:26,Runner 30-39 years,167,Male,552,163,539,856
877,KATRINA GRAHAM,618,04:40:38,Runner 30-39 years,95,Female,325,95,320,860
878,HOLLIE HROMOW,1992,04:40:03,Runner 40-49 years,110,Female,326,103,313,850
879,JAMES MARSH,1732,04:46:13,Runner 40-49 years,170,Male,553,172,563,917
880,AMY MATHEWS,1006,04:46:26,Runner 20-29 years,86,Female,327,92,355,920
881,WAYNE FOLEY,655,04:43:35,Runner 50-59 years,98,Male,554,96,553,891
882,KYLIE WATSON,279,04:40:14,Runner 40-49 years,111,Female,328,105,317,854
883,SARAH SCOTT,969,04:46:35,Runner 30-39 years,96,Female,329,103,357,923
884,PETR STREIT,649,04:41:01,Runner 30-39 years,168,Male,555,164,541,865
885,HAYLEY YOUNG,1759,04:40:59,Runner 30-39 years,97,Female,330,96,324,864
886,LUANNA GEORGE,458,04:47:33,Runner 50-59 years,30,Female,331,35,366,934
887,KIRTLEY SEARIES,1328,04:40:50,Runner 40-49 years,112,Female,332,108,321,861
888,ALICE PAGE,1329,04:40:50,Runner 20-29 years,87,Female,333,84,322,862
889,RACHEL BLACKBURN,662,04:41:33,Runner 20-29 years,88,Female,334,85,327,870
890,PAULINE WRIGLEY,99,04:45:02,Runner 50-59 years,31,Female,335,31,346,904
891,JILL MONAGHAN,1188,04:45:13,Runner 40-49 years,113,Female,336,119,347,905
892,CLANCY LYON,717,04:41:21,Runner 40-49 years,114,Female,337,110,325,866
893,SHIRLEY BURCHELL,1768,04:45:28,Runner 30-39 years,98,Female,338,101,351,910
894,BROGAN RAMSAY,1917,04:48:05,Runner 20-29 years,89,Female,339,95,368,942
895,PAUL DASHWOOD,648,04:42:17,Runner 60-69 years,13,Male,556,13,550,878
896,JASON SCHWARZ,808,04:42:17,Runner 40-49 years,171,Male,557,168,551,879
897,CHARLOTTE CAULFIELD,1059,04:42:35,Runner 20-29 years,90,Female,340,87,330,881
898,CATHERINE WEIR,1600,04:42:44,Runner 40-49 years,115,Female,341,112,331,882
899,YING XU,1890,04:45:20,Runner 40-49 years,116,Female,342,120,349,907
900,KIM KLABOUGH,416,04:42:56,Runner 30-39 years,99,Female,343,97,333,884
901,SCOTT GREAD,853,04:41:56,Runner 20-29 years,103,Male,558,104,547,875
902,CLAUDIO SCHILL,1347,04:41:56,Runner 20-29 years,104,Male,559,103,546,874
903,LINDSEY FRANCIS,1464,04:45:15,Runner 20-29 years,91,Female,344,90,348,906
904,JOANNE BUCKLEY,1138,04:43:03,Runner 30-39 years,100,Female,345,98,334,885
905,JO CURRAN,1826,04:43:19,Runner 40-49 years,117,Female,346,115,337,889
906,ALASTAIR BURNS,331,04:46:41,Runner 20-29 years,105,Male,560,105,567,925
907,DANIELLE DE LAINE,472,04:46:53,Runner 40-49 years,118,Female,347,123,362,929
908,BRONWYN KIRWAN,444,04:46:56,Runner 30-39 years,101,Female,348,106,363,930
909,TOMOKO HARADA,1322,04:46:47,Runner 30-39 years,102,Female,349,104,359,926
910,CHERYLE BLAND,605,04:43:43,Runner 40-49 years,119,Female,350,117,339,893
911,AMY FIFITA,455,04:49:43,Runner 30-39 years,103,Female,351,107,376,952
912,JANELLE MERRELL,454,04:49:44,Runner 40-49 years,120,Female,352,129,377,953
913,GLENN LOCKWOOD,1049,04:43:55,Runner 50-59 years,99,Male,561,97,555,895
914,JAMES LILLEY,2114,04:50:25,Runner 20-29 years,106,Male,562,106,577,955
915,BELINDA LOCKWOOD,1048,04:43:54,Runner 50-59 years,32,Female,353,30,340,894
916,DAN BYE,500,04:44:02,Runner 40-49 years,172,Male,563,170,556,897
917,SHIRLEY FEGAN,269,04:44:07,Runner 40-49 years,121,Female,354,118,342,898
918,AMEE BROWN,515,04:43:55,Runner 30-39 years,104,Female,355,99,341,896
919,GINA SWEE MEI LIM,424,04:43:27,Runner 40-49 years,122,Female,356,116,338,890
920,BEN HARRIS,568,04:47:59,Runner 40-49 years,173,Male,564,177,573,940
921,PATTI MINTON,951,04:44:53,Runner 60-69 years,5,Female,357,5,345,902
922,CHIH CHING WANG,1056,04:50:36,Runner 30-39 years,169,Male,565,174,579,960
923,KATELYN FROUDE,1232,04:44:23,Runner 20-29 years,92,Female,358,89,343,899
924,DUNCAN BOURNE,502,04:45:00,Runner 30-39 years,170,Male,566,168,558,903
925,GRACIE MACKINLAY,210,04:44:49,Runner 30-39 years,105,Female,359,100,344,901
926,MORNE' AUCAMP,2027,04:47:47,Runner 40-49 years,174,Male,567,175,570,936
927,SAM WALLS,188,04:51:26,Runner 20-29 years,107,Male,568,108,585,970
928,COLIN ASCROFT,242,04:48:05,Runner 50-59 years,100,Male,569,101,574,941
929,MITCHELL COLL,833,04:45:21,Runner 30-39 years,171,Male,570,169,559,908
930,NICOLA RODGERS,1270,04:45:34,Runner 20-29 years,93,Female,360,91,352,913
931,ANNEMARIE LYONS,399,04:45:24,Runner 50-59 years,33,Female,361,32,350,909
932,MADELEINE HAWKESBY-BROWNE,837,04:45:37,Runner 40-49 years,123,Female,362,121,353,914
933,JANEEN MCSKIMMING,1622,04:45:53,Runner 40-49 years,124,Female,363,122,354,915
934,ALLAN JAMIESON,446,04:52:36,Runner 50-59 years,101,Male,571,106,591,978
935,AIDEN KELLY,1923,04:41:42,Runner 30-39 years,172,Male,572,165,544,871
936,LINDA MASON,1905,04:46:41,Runner 50-59 years,34,Female,364,33,358,924
937,DAYNE WRIGHT,35,04:45:33,Runner 40-49 years,175,Male,573,171,561,912
938,DANIELA POST,643,04:46:51,Runner 30-39 years,106,Female,365,105,361,928
939,NATASHA O'BRIEN,1829,04:47:18,Runner 40-49 years,125,Female,366,124,364,931
940,SOPHIA JONES-WILLIAMS,2116,04:49:24,Runner 20-29 years,94,Female,367,96,372,948
941,LISA DUFFY,898,04:50:32,Runner 30-39 years,107,Female,368,108,380,957
942,ANDREW DUFFY,899,04:50:32,Runner 40-49 years,176,Male,574,178,578,958
943,ERIN SAFE,92,04:46:29,Runner 30-39 years,108,Female,369,102,356,921
944,KRISTIAN SAFE,93,04:46:29,Runner 30-39 years,173,Male,575,172,566,922
945,LAURIKA HAZELHURST,327,04:50:29,Runner 40-49 years,126,Female,370,130,379,956
946,JAMIE IDDLES,1492,04:46:50,Runner 20-29 years,95,Female,371,93,360,927
947,JOE BAILEY,496,04:47:22,Runner 40-49 years,177,Male,576,174,568,933
948,MICHELLE FRENCH,1533,04:48:14,Runner 40-49 years,127,Female,372,125,369,943
949,HIROYUKI KINJO,664,04:54:07,Runner 30-39 years,174,Male,577,180,599,996
950,STEVE FAIRBANKS,1030,04:47:45,Runner 50-59 years,102,Male,578,100,569,935
951,EL?BIETA WOJTKOWIAK,1562,04:51:09,Runner 40-49 years,128,Female,373,132,383,966
952,RAJU GANDA,1794,04:51:18,Runner 50-59 years,103,Male,579,103,584,967
953,MARK WHITFORD,1812,04:47:48,Runner 40-49 years,178,Male,580,176,571,937
954,MUN YEE CHENG,488,04:47:20,Runner 50-59 years,35,Female,374,34,365,932
955,JAMES GUIDRY,102,04:48:46,Runner 60-69 years,14,Male,581,14,575,945
956,ANGELA LAW,1499,04:48:18,Runner 40-49 years,129,Female,375,126,370,944
957,ERIC JOHN LUNA,1845,04:51:45,Runner 30-39 years,175,Male,582,175,586,971
958,MARTIN BARRIE,950,04:47:51,Runner 30-39 years,176,Male,583,173,572,938
959,LISA DUNNE,294,04:47:52,Runner 20-29 years,96,Female,376,94,367,939
960,BRUCE MCGREGOR,584,04:52:17,Runner 50-59 years,104,Male,584,104,588,973
961,LAI FONG LAU,1043,04:49:31,Runner 40-49 years,130,Female,377,128,374,950
962,ANDREW BEVERLAND,1591,04:52:36,Runner 20-29 years,108,Male,585,109,590,977
963,HOLLY JONES,1590,04:52:37,Runner 30-39 years,109,Female,378,110,388,979
964,PHILIP GRAY,659,04:49:19,Runner 50-59 years,105,Male,586,102,576,947
965,IRENE CHEUNG,708,04:52:45,Runner 30-39 years,110,Female,379,111,389,980
966,SARAH MILLER,1191,04:49:29,Runner 20-29 years,97,Female,380,97,373,949
967,MARION SCHRAMA,1287,04:49:11,Runner 40-49 years,131,Female,381,127,371,946
968,CHRIS BOEKER,619,04:53:34,Runner 50-59 years,106,Male,587,107,594,987
969,HANNAH SHEEHAN,534,04:49:38,Runner 20-29 years,98,Female,382,98,375,951
970,BROOKE PICKETT,135,04:50:34,Runner 40-49 years,132,Female,383,131,381,959
971,SARAH COHN,785,04:53:52,Runner 20-29 years,99,Female,384,100,396,993
972,SUSAN COHN,930,04:53:52,Runner 50-59 years,36,Female,385,40,397,994
973,CARRIE VAN DAM,160,04:53:52,Runner 50-59 years,37,Female,386,39,395,991
974,PETER WHITE,1417,04:51:00,Runner 60-69 years,15,Male,588,15,582,964
975,NIKOLAI MOLIJN,1451,04:54:10,Runner 20-29 years,109,Male,589,111,601,999
976,NATHANAEL MOORE,1679,04:53:52,Runner 20-29 years,110,Male,590,110,597,992
977,SUZANNE HALPIN,97,04:54:07,Runner 40-49 years,133,Female,387,137,398,997
978,JAMES DUNN,1143,04:51:06,Runner 20-29 years,111,Male,591,107,583,965
979,SHARON WALTERS,931,04:51:22,Runner 40-49 years,134,Female,388,133,384,968
980,BYRON WAGSTAFF,20,04:54:08,Runner 30-39 years,177,Male,592,181,600,998
981,JANE STURZAKER,841,04:51:22,Runner 60-69 years,6,Female,389,6,385,969
982,WAI KUEN CHAN,1314,04:50:07,Runner 50-59 years,38,Female,390,36,378,954
983,JAMES BOYLE,553,04:50:37,Runner 40-49 years,179,Male,593,179,580,961
984,SARAH BROWN,735,04:50:37,Runner 30-39 years,111,Female,391,109,382,962
985,DEBRA WATCHORN,429,04:54:31,Runner 40-49 years,135,Female,392,138,401,1004
986,SHARNI MANN,428,04:54:32,Runner 40-49 years,136,Female,393,139,402,1005
987,SHIJIE SOH,1751,04:51:47,Runner 30-39 years,178,Male,594,176,587,972
988,JAMIE HARRIS,768,04:50:50,Runner 40-49 years,180,Male,595,180,581,963
989,STU WATSON,2033,04:55:10,Runner 30-39 years,179,Male,596,182,604,1008
990,ULRICH GLASNER,1350,04:52:17,Runner 50-59 years,107,Male,597,105,589,974
991,GINA RUTLEDGE,1976,04:55:41,Runner 30-39 years,112,Female,394,115,405,1012
992,WASU SOOKSOMOSD,1900,04:55:37,Runner 30-39 years,180,Male,598,183,607,1011
993,VICTORIA JACKSON,270,04:52:26,Runner 40-49 years,137,Female,395,134,386,975
994,ROSS MCKINLEY,1887,04:55:55,Runner 20-29 years,112,Male,599,114,609,1014
995,TRACEY MCKAY,476,04:55:55,Runner 40-49 years,138,Female,396,142,406,1015
996,MIKE PRETTY,1790,04:55:56,Runner 50-59 years,108,Male,600,110,610,1016
997,CHRISTIAN SELL,1919,04:55:55,Runner 30-39 years,181,Male,601,184,608,1013
998,CAROLYN MCINTYRE,974,04:53:03,Runner 50-59 years,39,Female,397,37,390,981
999,MICHAELI GOTLEY,519,04:53:17,Runner 40-49 years,139,Female,398,136,393,984
1000,KATY PARRIS,1811,04:52:30,Runner 20-29 years,100,Female,399,99,387,976
1001,MICHELLE CRONK,404,04:53:08,Runner 40-49 years,140,Female,400,135,391,982
1002,MARILYN LEWIS,1199,04:53:10,Runner 50-59 years,40,Female,401,38,392,983
1003,MARK GROLIMUND,51,04:59:09,Runner 40-49 years,181,Male,602,183,620,1039
1004,PAUL JAQUIN,1029,04:53:33,Runner 30-39 years,182,Male,603,177,593,986
1005,MARK MCGALE,1579,04:56:22,Runner 30-39 years,183,Male,604,185,611,1017
1006,STUART WICKS,1859,04:53:27,Runner 40-49 years,182,Male,605,181,592,985
1007,PHIL ROBINSON,1527,04:53:44,Runner 30-39 years,184,Male,606,178,595,988
1008,EVE SOUTHAN,198,04:53:52,Runner 30-39 years,113,Female,402,112,394,990
1009,MATT CUTTER,1746,04:53:51,Runner 30-39 years,185,Male,607,179,596,989
1010,KIERON LETTS,742,04:54:02,Runner 60-69 years,16,Male,608,16,598,995
1011,ANTHONY LEFEBVRE-ALLEN,1587,04:54:10,Runner 20-29 years,113,Male,609,112,602,1000
1012,ANNETTE DOCKING,305,05:00:01,Runner 50-59 years,41,Female,403,43,425,1048
1013,LAI MAN SIN,984,04:54:26,Runner 30-39 years,114,Female,404,114,400,1002
1014,PATRICK O'NEILL,1251,04:54:29,Runner 20-29 years,114,Male,610,113,603,1003
1015,CLAIRE ENGLE,835,04:54:51,Runner 40-49 years,141,Female,405,141,404,1007
1016,FEI MENG,516,05:01:01,Runner 40-49 years,142,Female,406,149,433,1061
1017,ROCHELLE GONINON,25,04:54:15,Runner 30-39 years,115,Female,407,113,399,1001
1018,IAN BREWSTER,161,04:55:33,Runner 50-59 years,109,Male,611,109,606,1010
1019,BILL BABE,58,04:55:18,Runner 50-59 years,110,Male,612,108,605,1009
1020,MELANIE MARSDEN,240,04:54:51,Runner 40-49 years,143,Female,408,140,403,1006
1021,SIU HONG LEUNG,209,04:58:38,Runner 40-49 years,183,Male,613,182,615,1029
1022,BENJAMIN MARINO,1457,04:58:59,Runner 30-39 years,186,Male,614,188,618,1035
1023,ZAHIR SHAH,1866,05:01:37,Runner 40-49 years,184,Male,615,186,629,1063
1024,LOUIS O'FAHERTY,1497,04:58:58,Runner 20-29 years,115,Male,616,116,617,1034
1025,STEVIE YOUNG,1404,04:58:57,Runner 20-29 years,101,Female,409,105,417,1033
1026,STEPHEN LEWIS,508,05:02:36,Runner 50-59 years,111,Male,617,116,635,1073
1027,STEPHEN BAKER,1348,05:00:03,Runner 50-59 years,112,Male,618,113,624,1049
1028,IONA NORTON,439,04:56:30,Runner 20-29 years,102,Female,410,102,408,1019
1029,ALEXANDRA WORMALD,438,04:56:30,Runner 20-29 years,103,Female,411,101,407,1018
1030,DEBBIE DRAKE,671,04:57:33,Runner 50-59 years,42,Female,412,41,410,1023
1031,MATT DRAKE,1278,04:57:34,Runner 30-39 years,187,Male,619,187,614,1025
1032,KENNETH REID,1452,04:57:11,Runner 30-39 years,188,Male,620,186,612,1021
1033,PHILIPPA HYDE,1852,05:00:45,Runner 20-29 years,104,Female,413,108,430,1056
1034,JULIE BYARS,767,04:57:07,Runner 30-39 years,116,Female,414,116,409,1020
1035,DAVE CLARE,685,05:00:53,Runner 60-69 years,17,Male,621,17,628,1058
1036,WEI-TING LIAN,1407,04:57:30,Runner 20-29 years,116,Male,622,115,613,1022
1037,EMMA JORDAN,263,04:57:34,Runner 20-29 years,105,Female,415,103,411,1024
1038,DIANE HALLIFAX,334,05:01:21,Runner 40-49 years,144,Female,416,150,434,1062
1039,XIAOJUN XIANG,1698,05:01:37,Runner 40-49 years,185,Male,623,187,631,1065
1040,AARON AISHER,713,05:01:37,Runner 30-39 years,189,Male,624,191,630,1064
1041,CARNEY CALDWELL,1216,04:58:38,Runner 40-49 years,145,Female,417,144,414,1028
1042,AMANDA HENRIKSEN,1010,04:57:57,Runner 30-39 years,117,Female,418,117,413,1027
1043,SIMON SHONE,1936,05:05:02,Runner 20-29 years,117,Male,625,123,646,1096
1044,LIZ HOGAN,260,05:01:43,Runner 50-59 years,43,Female,419,46,435,1066
1045,ELEANOR TAYLOR,842,04:57:41,Runner 40-49 years,146,Female,420,143,412,1026
1046,HUW PARSLOW,229,05:02:03,Runner 40-49 years,186,Male,626,188,632,1068
1047,MATT ARNOLD,975,05:04:50,Runner 30-39 years,190,Male,627,193,644,1093
1048,CAROLYN OVERY,976,05:04:50,Runner 30-39 years,118,Female,421,124,450,1094
1049,PAUL TEAMOKE,1543,04:58:51,Runner 50-59 years,113,Male,628,111,616,1032
1050,SUE LOCHRAN,207,04:58:42,Runner 30-39 years,119,Female,422,118,416,1031
1051,ANDREA BREWSTER,1308,04:59:14,Runner 20-29 years,106,Female,423,106,420,1040
1052,CLARE LOGAN,820,04:59:38,Runner 40-49 years,147,Female,424,146,422,1042
1053,KIRSTY PETERSON,1244,04:59:23,Runner 40-49 years,148,Female,425,145,421,1041
1054,PHILIP MCKENDRY,830,04:59:53,Runner 50-59 years,114,Male,629,112,623,1047
1055,AMY MCAULEY,383,04:59:52,Runner 40-49 years,149,Female,426,147,424,1045
1056,NIGEL MCAULEY,382,04:59:53,Runner 40-49 years,187,Male,630,185,622,1046
1057,BRONWYN WOLFAARDT,1023,04:59:44,Runner 20-29 years,107,Female,427,107,423,1044
1058,WAYNE WOLFAARDT,1022,04:59:44,Runner 40-49 years,188,Male,631,184,621,1043
1059,SHUK YEE WONG,247,04:59:02,Runner 30-39 years,120,Female,428,119,418,1036
1060,KA FAI MOK,246,04:59:02,Runner 30-39 years,191,Male,632,189,619,1037
1061,CAITLIN DENT,121,05:03:09,Runner 20-29 years,108,Female,429,110,441,1076
1062,KAREN HOHERTZ-JACOBS,1397,05:03:05,Runner 40-49 years,150,Female,430,153,440,1075
1063,NICK HALLWORTH,1782,05:00:03,Runner 30-39 years,192,Male,633,190,625,1050
1064,NIKKI CLERKE,1166,05:00:20,Runner 30-39 years,121,Female,431,120,427,1053
1065,KAY ABAYAKOON,1383,05:00:14,Runner 40-49 years,151,Female,432,148,426,1052
1066,VIV HODGE,36,04:59:06,Runner 50-59 years,44,Female,433,42,419,1038
1067,JOSH MCGIRR,1449,05:03:40,Runner 20-29 years,118,Male,634,119,637,1079
1068,MEGAN ROWLANDS,803,04:58:41,Runner 20-29 years,109,Female,434,104,415,1030
1069,HYEONWOO BAE,70,05:00:06,Runner 20-29 years,119,Male,635,117,626,1051
1070,SUE YANDELL,1448,05:00:32,Runner 60-69 years,7,Female,435,7,428,1054
1071,NATALIE KAEBISCH,721,05:04:07,Runner 30-39 years,122,Female,436,122,446,1086
1072,ROBYN CARROLL,612,05:00:54,Runner 50-59 years,45,Female,437,45,432,1060
1073,LORRAINE BIGGS,1704,05:00:41,Runner 50-59 years,46,Female,438,44,429,1055
1074,ERIN SAFI,78,05:00:54,Runner 30-39 years,123,Female,439,121,431,1059
1075,KELLY ROSSITER,1116,05:07:06,Runner 40-49 years,152,Female,440,160,459,1115
1076,LIANNE EASTTY,1105,05:07:06,Runner 40-49 years,153,Female,441,161,460,1116
1077,ERIN BOUWMEESTER,316,05:07:06,Runner 40-49 years,154,Female,442,162,461,1117
1078,GUY BURT,1333,05:05:18,Runner 40-49 years,189,Male,636,191,647,1097
1079,GARETH BRUCE,1050,05:02:17,Runner 20-29 years,120,Male,637,118,633,1069
1080,DEAN BAINBRIDGE,1560,05:02:18,Runner 50-59 years,115,Male,638,115,634,1070
1081,CLAIRE ROBERTSON,1179,05:02:43,Runner 40-49 years,155,Female,443,152,439,1074
1082,JODI MCFARLANE,149,05:02:34,Runner 20-29 years,110,Female,444,109,438,1072
1083,COLLEEN SURRIDGE,677,05:01:50,Runner 50-59 years,47,Female,445,47,436,1067
1084,YANNI HATZIDIS,1571,05:00:46,Runner 50-59 years,116,Male,639,114,627,1057
1085,CAROLINE WOOD,33,05:02:26,Runner 40-49 years,156,Female,446,151,437,1071
1086,ILONA DRIESEN,1060,05:05:52,Runner 50-59 years,48,Female,447,49,454,1105
1087,TOM NICKELS,441,05:06:00,Runner 60-69 years,18,Male,640,19,653,1108
1088,PHILIPPA BARRELL,381,05:03:42,Runner 40-49 years,157,Female,448,155,443,1080
1089,SUSAN RIGBY,547,05:03:46,Runner 20-29 years,111,Female,449,111,444,1081
1090,LIVIO DEMARCHI,1150,05:03:27,Runner 40-49 years,190,Male,641,189,636,1078
1091,NEVILLE BRINSDON,1104,05:06:43,Runner 40-49 years,191,Male,642,195,655,1112
1092,SAMUEL BARCLAY,1303,05:03:48,Runner 20-29 years,121,Male,643,120,638,1082
1093,KAREN INGRAM,732,05:04:09,Runner 40-49 years,158,Female,450,157,447,1087
1094,DEVON GURR,1484,05:03:59,Runner 20-29 years,122,Male,644,121,640,1085
1095,NATHAN DAI,1324,05:04:29,Runner 30-39 years,193,Male,645,192,641,1089
1096,PAUL DUNPHY,821,05:04:35,Runner 50-59 years,117,Male,646,117,643,1091
1097,IAN CHIBNALL,1988,05:04:54,Runner 50-59 years,118,Male,647,118,645,1095
1098,MARIA MONDRAGON,1647,05:03:15,Runner 40-49 years,159,Female,451,154,442,1077
1099,GEORGE MOORE,1444,05:08:16,Runner 20-29 years,123,Male,648,126,660,1123
1100,RACHEL HALEY,1525,05:08:00,Runner 40-49 years,160,Female,452,164,463,1122
1101,JESS BOWAN,1926,05:04:50,Runner 30-39 years,124,Female,453,123,449,1092
1102,JESSE OFFNER,1253,05:04:30,Runner 20-29 years,124,Male,649,122,642,1090
1103,AMY EVANS,688,05:05:19,Runner 30-39 years,125,Female,454,125,451,1098
1104,ASH MAJOR,720,05:05:19,Runner 40-49 years,192,Male,650,192,648,1099
1105,JANINE PARKER,1774,05:03:50,Runner 40-49 years,161,Female,455,156,445,1084
1106,CALVIN PARKER,1775,05:03:49,Runner 40-49 years,193,Male,651,190,639,1083
1107,ANNETTE MELVEY,727,05:04:24,Runner 50-59 years,49,Female,456,48,448,1088
1108,HOLLY ASQUITH,1549,05:05:31,Runner 20-29 years,112,Female,457,113,453,1101
1109,GEMMA WHITLEY,552,05:05:31,Runner 20-29 years,113,Female,458,112,452,1100
1110,DANIEL ARNOLD,204,05:07:54,Runner 30-39 years,194,Male,652,196,659,1121
1111,SHANE ROBERTS,536,05:05:44,Runner 30-39 years,195,Male,653,194,651,1104
1112,AMY JO TAORMINA,610,05:08:50,Runner 40-49 years,162,Female,459,166,466,1128
1113,SALVADORE TAORMINA,609,05:08:50,Runner 30-39 years,196,Male,654,197,662,1127
1114,HEATHER LEGG,1554,05:08:45,Runner 40-49 years,163,Female,460,165,465,1126
1115,ALEJANDRO BAEZ,1509,05:05:39,Runner 20-29 years,125,Male,655,124,650,1103
1116,CHRIS BYCROFT,1804,05:09:25,Runner 40-49 years,194,Male,656,197,665,1132
1117,IAN DALRYMPLE,1153,05:06:07,Runner 40-49 years,195,Male,657,194,654,1109
1118,JASON SOUTHAN,199,05:05:56,Runner 40-49 years,196,Male,658,193,652,1107
1119,VERA WILLIAMS,1945,05:05:55,Runner 20-29 years,114,Female,461,114,455,1106
1120,DONNA STARNES,683,05:06:48,Runner 50-59 years,50,Female,462,50,458,1113
1121,BILL RICHARDSON,1972,05:05:35,Runner 60-69 years,19,Male,659,18,649,1102
1122,LOU YIN QUEN,544,05:10:13,Runner 30-39 years,197,Male,660,199,666,1138
1123,RENEE CATHCART,622,05:07:24,Runner 40-49 years,164,Female,463,163,462,1118
1124,SHELLEY TINWORTH,1171,05:13:34,Runner 40-49 years,165,Female,464,173,481,1156
1125,SARAH BLEAKLEY,124,05:06:09,Runner 40-49 years,166,Female,465,158,456,1110
1126,GUOSONG HU,1296,05:07:35,Runner 50-59 years,119,Male,661,119,657,1119
1127,JAMES FINGLETON,434,05:07:41,Runner 30-39 years,198,Male,662,195,658,1120
1128,SARAH STRAWSON,2007,05:06:30,Runner 40-49 years,167,Female,466,159,457,1111
1129,DONNA DARLINGTON,1302,05:10:43,Runner 30-39 years,126,Female,467,129,474,1141
1130,MINGYUE LI,1608,05:07:06,Runner 20-29 years,126,Male,663,125,656,1114
1131,ANDREW BARKER,1654,05:14:21,Runner 50-59 years,120,Male,664,123,681,1163
1132,GREGG MCKIBBIN,1867,05:08:43,Runner 50-59 years,121,Male,665,120,661,1125
1133,HOLLY ALLDRED,719,05:08:40,Runner 20-29 years,115,Female,468,115,464,1124
1134,TIM CHIRAGAKIS,482,05:09:17,Runner 40-49 years,197,Male,666,196,664,1131
1135,PHILIP MCCRACKEN,275,05:12:47,Runner 30-39 years,199,Male,667,202,670,1148
1136,GABRIELA LEON,892,05:15:56,Runner 50-59 years,51,Female,469,54,486,1168
1137,CAMERON SWORDS,1100,05:10:14,Runner 30-39 years,200,Male,668,200,667,1139
1138,BRETT KIRBY,561,05:09:16,Runner 30-39 years,201,Male,669,198,663,1130
1139,LENKA HELLEROVA,243,05:10:14,Runner 30-39 years,127,Female,470,128,473,1140
1140,STEPHEN PATRICK O'BYRNE,329,05:13:26,Runner 40-49 years,198,Male,670,202,675,1155
1141,XUE BAI,48,05:09:13,Runner 40-49 years,168,Female,471,167,467,1129
1142,BERNIE KENNEDY,1047,05:09:54,Runner 40-49 years,169,Female,472,168,468,1133
1143,IRINA OBERG,1954,05:10:10,Runner 30-39 years,128,Female,473,127,472,1137
1144,EMILY TOWNSEND,1400,05:10:09,Runner 30-39 years,129,Female,474,126,469,1134
1145,KERRIE SMITH,1401,05:10:09,Runner 40-49 years,170,Female,475,170,471,1136
1146,MARNIE HOLDEN,1282,05:10:09,Runner 40-49 years,171,Female,476,169,470,1135
1147,RICHARD DAVIS,405,05:10:50,Runner 40-49 years,199,Male,671,198,668,1142
1148,SANDRA HAGAN,1419,05:17:19,Runner 40-49 years,172,Female,477,177,493,1175
1149,WAH TIM FUNG,1821,05:17:47,Runner 60-69 years,20,Male,672,20,685,1180
1150,LAURA ABRAHAMS,1366,05:11:17,Runner 20-29 years,116,Female,478,116,475,1143
1151,ROBYN MYLES,907,05:11:24,Runner 50-59 years,52,Female,479,51,476,1144
1152,CHRIS LITTEN,1914,05:17:37,Runner 20-29 years,127,Male,673,127,683,1177
1153,PHIRUM MOEUNG,1280,05:11:33,Runner 40-49 years,173,Female,480,171,477,1145
1154,KAI LIU,1680,05:18:48,Runner 20-29 years,128,Male,674,128,690,1191
1155,MARK LARAMY,1994,05:18:57,Runner 30-39 years,202,Male,675,207,692,1194
1156,PEDRO PARIS,283,05:12:57,Runner 40-49 years,200,Male,676,199,671,1149
1157,ALEX LAMONT,268,05:12:34,Runner 50-59 years,53,Female,481,52,478,1147
1158,LENNIE BROOKY,1367,05:12:27,Runner 30-39 years,203,Male,677,201,669,1146
1159,MAI HO,452,05:18:36,Runner 30-39 years,130,Female,482,136,500,1188
1160,LOTTE WILLIAMS,1786,05:13:21,Runner 30-39 years,131,Female,483,130,480,1154
1161,SEBASTIAN WARMERDAM,1200,05:13:10,Runner 50-59 years,122,Male,678,121,673,1152
1162,MONIQUE CAIRNS,1097,05:13:09,Runner 40-49 years,174,Female,484,172,479,1150
1163,ALAN SUTCLIFFE,1099,05:13:09,Runner 40-49 years,201,Male,679,200,672,1151
1164,KATE SERISIER,1128,05:17:05,Runner 40-49 years,175,Female,485,176,490,1172
1165,PHILIP SELFE,1642,05:13:45,Runner 50-59 years,123,Male,680,122,676,1157
1166,MARGARET LITTLEJOHN,1606,05:13:47,Runner 50-59 years,54,Female,486,53,482,1158
1167,MATEUSZ SOSNOWSKI,840,05:14:00,Runner 30-39 years,204,Male,681,203,677,1159
1168,XIAOKE LI,1891,05:20:40,Runner 30-39 years,205,Male,682,210,699,1210
1169,JIAN XU,1239,05:13:14,Runner 40-49 years,202,Male,683,201,674,1153
1170,BENJAMIN CHIPMAN,101,05:14:11,Runner 40-49 years,203,Male,684,203,679,1161
1171,DAN STANDISH,528,05:14:11,Runner 40-49 years,204,Male,685,204,680,1162
1172,MICHELLE ESDALE,159,05:14:26,Runner 40-49 years,176,Female,487,174,483,1164
1173,CHIANG WEI CHOU,459,05:14:03,Runner 30-39 years,206,Male,686,204,678,1160
1174,KAREN PATTERSON,1657,05:17:53,Runner 40-49 years,177,Female,488,179,497,1182
1175,JIANGBIAO GAN,1176,05:17:43,Runner 30-39 years,207,Male,687,205,684,1178
1176,TOM UEYAMA,1720,05:17:58,Runner 50-59 years,124,Male,688,124,686,1183
1177,COURTNEY WILLIAMS,1575,05:14:59,Runner 30-39 years,132,Female,489,131,484,1165
1178,THOMAS COUP,235,05:20:56,Runner 40-49 years,205,Male,689,210,701,1212
1179,BRETT EVANS,306,05:15:41,Runner 40-49 years,206,Male,690,205,682,1166
1180,SUALLYN MITCHELMORE,403,05:15:51,Runner 40-49 years,178,Female,490,175,485,1167
1181,GILLIAN SHAW,1668,05:19:10,Runner 40-49 years,179,Female,491,183,503,1197
1182,LAUREN WIGHT,1402,05:16:28,Runner 30-39 years,133,Female,492,132,488,1170
1183,BHARAT GADHVI,1511,05:19:45,Runner 40-49 years,207,Male,691,208,696,1201
1184,EMMA HENSMAN,1479,05:16:20,Runner 20-29 years,117,Female,493,117,487,1169
1185,DEBBIE TE AWHE,638,05:19:47,Runner 30-39 years,134,Female,494,138,507,1203
1186,OLIVIA FOLEY,447,05:17:10,Runner 30-39 years,135,Female,495,134,492,1174
1187,LISA MCMILLAN,1209,05:19:54,Runner 30-39 years,136,Female,496,139,508,1204
1188,SAMANTHA KENNEDY,1211,05:17:02,Runner 30-39 years,137,Female,497,133,489,1171
1189,FOOK SEONG WONG,181,05:20:32,Runner 50-59 years,125,Male,692,125,698,1209
1190,CAROL EY,1718,05:17:09,Runner 50-59 years,55,Female,498,55,491,1173
1191,MELISSA COHEN,289,05:17:35,Runner 40-49 years,180,Female,499,178,494,1176
1192,REBECCA HODGSON,1121,05:17:43,Runner 20-29 years,118,Female,500,118,495,1179
1193,STEVE CADDLE,244,05:18:08,Runner 40-49 years,208,Male,693,206,687,1185
1194,SHARON SCHINDLER,674,05:18:07,Runner 50-59 years,56,Female,501,56,498,1184
1195,CLAYTON FOSTER,814,05:18:22,Runner 30-39 years,208,Male,694,206,688,1186
1196,YI ZHANG,1975,05:21:44,Runner 50-59 years,126,Male,695,127,704,1217
1197,RALPH BLANCHARD,1306,05:19:02,Runner 60-69 years,21,Male,696,22,693,1195
1198,WING YAN THONG,1316,05:17:49,Runner 30-39 years,138,Female,502,135,496,1181
1199,HANNAH CADBY,457,05:19:23,Runner 30-39 years,139,Female,503,137,504,1198
1200,LANNING HOUSTON,420,05:18:45,Runner 60-69 years,22,Male,697,21,689,1190
1201,CHING FEN WU,460,05:18:55,Runner 40-49 years,181,Female,504,182,502,1192
1202,SYLVIE POUPARD-GOULD,1292,05:18:38,Runner 40-49 years,182,Female,505,181,501,1189
1203,MARK KIRBY,1847,05:18:56,Runner 40-49 years,209,Male,698,207,691,1193
1204,MELINDA SCHOLZ,40,05:18:24,Runner 40-49 years,183,Female,506,180,499,1187
1205,PATRICIA DRENNAN,1007,05:20:08,Runner 20-29 years,119,Female,507,119,509,1206
1206,SIMONE CLUCAS,413,05:20:09,Runner 40-49 years,184,Female,508,186,510,1207
1207,RADLEY GOEKE,825,05:20:07,Runner 40-49 years,210,Male,699,209,697,1205
1208,GAVIN HARRISON,1895,05:19:39,Runner 30-39 years,209,Male,700,209,695,1199
1209,CHENG LI,919,05:19:04,Runner 30-39 years,210,Male,701,208,694,1196
1210,REGAN GRAY,1482,05:23:20,Runner 20-29 years,129,Male,702,131,710,1233
1211,REBECCA EDGECOMBE,448,05:19:46,Runner 40-49 years,185,Female,509,185,506,1202
1212,AIMEE SWAIN,1408,05:20:32,Runner 30-39 years,140,Female,510,140,511,1208
1213,SATOMI TATSUSHIRO,920,05:26:39,Runner 20-29 years,120,Female,511,127,539,1261
1214,ROBERT WHEELER,1340,05:26:53,Runner 70+ years,2,Male,703,4,723,1265
1215,AMANDA HODSON,396,05:19:42,Runner 40-49 years,186,Female,512,184,505,1200
1216,PETER ONEILL,1250,05:20:53,Runner 50-59 years,127,Male,704,126,700,1211
1217,EDWARD ROA,1979,05:21:10,Runner 20-29 years,130,Male,705,129,702,1213
1218,MOLLY BROCKSOPP,358,05:21:13,Runner 20-29 years,121,Female,513,120,512,1215
1219,LUCY BROCKSOPP,357,05:21:13,Runner 20-29 years,122,Female,514,121,513,1216
1220,DAVID BEVERLEY,323,05:21:55,Runner 70+ years,3,Male,706,2,705,1219
1221,WENDY BEVERLEY,324,05:21:55,Runner 60-69 years,8,Female,515,8,515,1220
1222,MICHELLE VAN KAMPEN,239,05:21:47,Runner 40-49 years,187,Female,516,187,514,1218
1223,JOHN ELENO,819,05:25:30,Runner 30-39 years,211,Male,707,214,717,1248
1224,VIRGINIA CALLAGHAN,598,05:22:26,Runner 50-59 years,57,Female,517,58,519,1226
1225,LYNNE CONNELLY,1310,05:22:00,Runner 50-59 years,58,Female,518,57,517,1222
1226,SUZANNE MCANALLY,1309,05:22:00,Runner 40-49 years,188,Female,519,188,516,1221
1227,KONGYANG LI,921,05:21:11,Runner 20-29 years,131,Male,708,130,703,1214
1228,EMMA FRANCE,340,05:22:19,Runner 30-39 years,141,Female,520,141,518,1225
1229,ROBYN HEWITT,395,05:22:38,Runner 40-49 years,189,Female,521,189,521,1228
1230,HELEN MCKENNA,1272,05:26:09,Runner 30-39 years,142,Female,522,147,537,1257
1231,KATE MILLER,1040,05:22:30,Runner 30-39 years,143,Female,523,142,520,1227
1232,SUSIE CLARKE,11,05:22:44,Runner 40-49 years,190,Female,524,190,522,1230
1233,DANI LOMBARD,1458,05:25:11,Runner 30-39 years,144,Female,525,143,530,1244
1234,ALEX CAMPBELL,707,05:22:55,Runner 20-29 years,123,Female,526,122,523,1231
1235,KEVIN BOYLE SR,1410,05:23:10,Runner 40-49 years,211,Male,709,211,709,1232
1236,CHEUK LONG POON,1958,05:22:41,Runner 18-19 years,4,Male,710,4,708,1229
1237,JONNY WILLIAMS,763,05:22:12,Runner 30-39 years,212,Male,711,211,706,1223
1238,MARK HUXFORD,752,05:22:15,Runner 30-39 years,213,Male,712,212,707,1224
1239,JUSTYNA GROSSE,996,05:24:05,Runner 40-49 years,191,Female,527,191,527,1237
1240,SAM IRANI,1897,05:23:23,Runner 20-29 years,124,Female,528,123,524,1234
1241,JUSTINE WILSON,1273,05:24:11,Runner 40-49 years,192,Female,529,192,528,1238
1242,ALEXANDRA SIMS,1510,05:24:16,Runner 20-29 years,125,Female,530,126,529,1239
1243,WEI LENG LEOW,1020,05:23:33,Runner 20-29 years,126,Female,531,124,525,1235
1244,WAN WAH WONG,1019,05:23:33,Runner 20-29 years,127,Female,532,125,526,1236
1245,DESMOND BONE,1953,05:24:50,Runner 40-49 years,212,Male,713,213,712,1241
1246,JOEL PEASEY,1965,05:25:05,Runner 40-49 years,213,Male,714,214,713,1242
1247,CHANTE' OVENDEN,137,05:25:33,Runner 40-49 years,193,Female,533,193,532,1249
1248,CHUNG HEI WONG,1959,05:25:37,Runner 20-29 years,132,Male,715,132,719,1252
1249,CARMELO MONDRAGON,1648,05:24:44,Runner 40-49 years,214,Male,716,212,711,1240
1250,DAMIEN Ë'HEACHßIN,1392,05:25:56,Runner 20-29 years,133,Male,717,133,720,1254
1251,DION KERR,19,05:25:06,Runner 70+ years,4,Male,718,3,714,1243
1252,MAURICE SCOTT,970,05:31:44,Runner 30-39 years,214,Male,719,215,736,1287
1253,RUBEN WIKI,955,05:25:34,Runner 40-49 years,215,Male,720,215,718,1251
1254,SANTA WIKI,957,05:25:33,Runner 40-49 years,194,Female,534,194,533,1250
1255,ESTHER MEEWEZEN,1474,05:25:58,Runner 30-39 years,145,Female,535,146,535,1255
1256,RAYMOND SLAVIERO,464,05:25:29,Runner 30-39 years,215,Male,721,213,716,1246
1257,CAITLIN QUINN,463,05:25:29,Runner 30-39 years,146,Female,536,144,531,1247
1258,WENDY DIGHTON,267,05:26:03,Runner 50-59 years,59,Female,537,59,536,1256
1259,MALCOLM GRAY,45,05:25:26,Walker 50-59 years,1,Male,722,1,715,1245
1260,JOHAN SALEH,1930,05:26:31,Runner 40-49 years,216,Male,723,216,721,1258
1261,YUET NOG LI,1318,05:25:49,Runner 30-39 years,147,Female,538,145,534,1253
1262,JESSICA MILLER,1046,05:26:41,Runner 20-29 years,128,Female,539,128,540,1262
1263,NEIL FALLOW,682,05:26:38,Runner 50-59 years,128,Male,724,128,722,1260
1264,KATHRYN BROWN,518,05:26:52,Runner 40-49 years,195,Female,540,195,541,1263
1265,PAUL JACOBS,1018,05:27:54,Runner 50-59 years,129,Male,725,129,725,1269
1266,CATHY GOWANS,776,05:27:13,Runner 50-59 years,60,Female,541,61,544,1268
1267,KAY CAMPBELL,660,05:27:08,Runner 40-49 years,196,Female,542,197,543,1266
1268,SEAN CAMPBELL,661,05:27:08,Runner 40-49 years,217,Male,726,217,724,1267
1269,JACQUI THALS,669,05:26:53,Runner 40-49 years,197,Female,543,196,542,1264
1270,JOHN STUMER,1045,05:30:44,Runner 50-59 years,130,Male,727,133,732,1279
1271,APARECIDA LIMA,1611,05:33:52,Runner 40-49 years,198,Female,544,203,561,1301
1272,TANIA OAKES,1442,05:26:34,Runner 50-59 years,61,Female,545,60,538,1259
1273,WILLIAM TASKER,1757,05:28:00,Runner 20-29 years,134,Male,728,134,726,1270
1274,MICHELLE WAGSTAFF,23,05:31:08,Runner 30-39 years,148,Female,546,148,551,1285
1275,HILTON S JORDAO JR,1165,05:35:51,Runner 50-59 years,131,Male,729,137,746,1311
1276,AMANDA BURGESS,602,05:32:53,Runner 40-49 years,199,Female,547,200,553,1292
1277,STEPHEN TUDJMAN,1830,05:29:50,Runner 50-59 years,132,Male,730,130,729,1274
1278,HESTA PRENTICE,1681,05:29:31,Runner 40-49 years,200,Female,548,198,545,1271
1279,LAURA BRUNNING,365,05:30:34,Runner 50-59 years,62,Female,549,62,547,1278
1280,GERARD MURPHY,1,05:30:13,Runner 50-59 years,133,Male,731,132,731,1277
1281,BILLIE SKY PATERSON,925,05:30:52,Runner 20-29 years,129,Female,550,131,549,1281
1282,STEVEN MORTON,72,05:30:09,Runner 50-59 years,134,Male,732,131,730,1276
1283,BRIAN LIPPERS,1228,05:29:49,Walker 50-59 years,2,Male,733,2,728,1273
1284,CHRISTIAN PIGGOTT,2042,05:29:46,Runner 20-29 years,135,Male,734,135,727,1272
1285,ALYSSA BETH LUGLUG,320,05:29:51,Runner 20-29 years,130,Female,551,129,546,1275
1286,INDIA CARR,1234,05:30:45,Runner 20-29 years,131,Female,552,130,548,1280
1287,HOK-LEUNG CHEUNG,1987,05:31:32,Runner 40-49 years,218,Male,735,220,735,1286
1288,LINDSAY OAKLEY,1892,05:32:03,Runner 50-59 years,135,Male,736,134,737,1288
1289,HELEN VINEY,739,05:30:57,Runner 40-49 years,201,Female,553,199,550,1282
1290,CHRISTIAN MAWSON,376,05:30:58,Runner 40-49 years,219,Male,737,218,733,1283
1291,MICHAEL DILLON,172,05:30:58,Runner 40-49 years,220,Male,738,219,734,1284
1292,ANTON MCLEAN,1360,05:32:45,Runner 40-49 years,221,Male,739,221,738,1289
1293,SANDY GAGE,1321,05:33:11,Runner 60-69 years,9,Female,554,9,554,1293
1294,JOHN THACKER,398,05:32:51,Runner 50-59 years,136,Male,740,135,739,1290
1295,FIONA FOREMAN,170,05:33:13,Runner 40-49 years,202,Female,555,201,555,1294
1296,ANDREA DAVIDSON,1502,05:33:25,Runner 40-49 years,203,Female,556,202,557,1296
1297,CATHERINE ALEXANDER,986,05:33:20,Runner 20-29 years,132,Female,557,132,556,1295
1298,PAUL WILKINSON,711,05:36:39,Runner 30-39 years,216,Male,741,219,750,1317
1299,MICHAEL KLOEG,1362,05:36:20,Runner 30-39 years,217,Male,742,218,748,1315
1300,JOHANNA TIBBERTSMA,741,05:33:48,Runner 20-29 years,133,Female,558,135,560,1300
1301,NICOLE DYK,1583,05:33:48,Runner 20-29 years,134,Female,559,134,559,1299
1302,CINDY MIDDLEBROUGH,1065,05:33:37,Runner 20-29 years,135,Female,560,133,558,1297
1303,JILL VICTORSEN,1443,05:32:52,Runner 50-59 years,63,Female,561,63,552,1291
1304,ALEX MYERS,630,05:33:41,Runner 20-29 years,136,Male,743,136,740,1298
1305,TRUDIE BEST,1688,05:34:17,Runner 30-39 years,149,Female,562,150,563,1304
1306,PETAR KUFNER,1370,05:34:20,Runner 30-39 years,218,Male,744,216,742,1305
1307,? ?,651,05:35:09,Runner 20-29 years,137,Male,745,137,744,1307
1308,FAWN LOONG CHEN,487,05:33:55,Runner 50-59 years,137,Male,746,136,741,1302
1309,WARRICK WEBER,882,05:35:19,Runner 40-49 years,222,Male,747,223,745,1308
1310,PAUL FRANCKS,597,05:34:58,Runner 40-49 years,223,Male,748,222,743,1306
1311,KAREN SHEPHERD,274,05:35:41,Runner 60-69 years,10,Female,563,10,565,1310
1312,MEL SMITH,461,05:35:36,Runner 40-49 years,204,Female,564,204,564,1309
1313,BEN ROCKE,1899,05:36:17,Runner 30-39 years,219,Male,749,217,747,1312
1314,HELEN PRECIOUS,1131,05:36:17,Runner 40-49 years,205,Female,565,205,566,1313
1315,SUSAN DE ALWIS,600,05:36:19,Runner 50-59 years,64,Female,566,64,567,1314
1316,XIANGXING WANG,1351,05:36:34,Runner 20-29 years,138,Male,750,138,749,1316
1317,DILA BEISEMBAYEVA,105,05:34:10,Runner 30-39 years,150,Female,567,149,562,1303
1318,WILLIAM MORRIS-WHYTE,1779,05:43:41,Runner 20-29 years,139,Male,751,141,761,1343
1319,SAM GRUNDY,1650,05:43:42,Runner 20-29 years,140,Male,752,142,762,1344
1320,DONNA FERGUSON,1558,05:37:55,Runner 30-39 years,151,Female,568,152,570,1321
1321,MELISSA GILBERT,1374,05:36:46,Runner 30-39 years,152,Female,569,151,568,1318
1322,CHIA CHUN TSAI,1548,05:44:37,Runner 30-39 years,220,Male,753,224,764,1349
1323,JIE DING,1699,05:37:46,Runner 30-39 years,221,Male,754,220,751,1319
1324,MEGAN PRIDEAUX,1602,05:37:52,Runner 40-49 years,206,Female,570,206,569,1320
1325,SUE HUANG,565,05:38:10,Runner 20-29 years,136,Female,571,136,571,1323
1326,SIOBHAN O' NEILL,1939,05:39:24,Runner 30-39 years,153,Female,572,153,572,1324
1327,JOHN NORRIS,1257,05:38:07,Runner 60-69 years,23,Male,755,23,752,1322
1328,ANNE REIDY,450,05:39:44,Runner 40-49 years,207,Female,573,207,573,1325
1329,MATT CARNZ,1478,05:39:52,Runner 20-29 years,141,Male,756,139,753,1327
1330,ANGELA SMITH,1064,05:40:06,Runner 20-29 years,137,Female,574,137,575,1328
1331,NATALIE PRITCHARD,1645,05:40:07,Runner 40-49 years,208,Female,575,209,576,1329
1332,ELAYNE WARD,533,05:39:46,Runner 40-49 years,209,Female,576,208,574,1326
1333,MARJORIE VAN ROOYEN,1576,05:40:20,Runner 50-59 years,65,Female,577,65,577,1330
1334,TOM MASON,1307,05:40:52,Runner 60-69 years,24,Male,757,24,754,1331
1335,SOON-HENG NG,91,05:44:09,Runner 30-39 years,222,Male,758,223,763,1347
1336,BRIAN RICHARDSON,1572,05:40:58,Runner 40-49 years,224,Male,759,224,755,1332
1337,SHANNAN SCOTT,385,05:44:53,Runner 30-39 years,223,Male,760,225,765,1350
1338,TANIA BREEN,663,05:48:09,Runner 40-49 years,210,Female,578,212,588,1361
1339,JAMES EDSON,1838,05:47:21,Runner 20-29 years,142,Male,761,144,770,1357
1340,CARRIE VAN DALEN,245,05:45:30,Runner 50-59 years,66,Female,579,67,586,1353
1341,YAP LEE KEAN,582,05:41:10,Runner 30-39 years,154,Female,580,154,578,1333
1342,ANTHONY PASIBI,1876,05:42:43,Runner 40-49 years,225,Male,762,225,759,1339
1343,RUSSELL BOAZ,142,05:42:02,Runner 30-39 years,224,Male,763,221,756,1336
1344,MICHELLE WHALAN,1146,05:42:01,Runner 50-59 years,67,Female,581,66,579,1334
1345,SYLVIE LEE,924,05:42:45,Runner 30-39 years,155,Female,582,155,581,1340
1346,MICHAEL SHEEHY,1694,05:42:26,Runner 20-29 years,143,Male,764,140,757,1337
1347,DONNA BIRD,59,05:42:02,Runner 40-49 years,211,Female,583,210,580,1335
1348,ALEX LUNEBURG,507,05:43:04,Runner 30-39 years,156,Female,584,156,582,1341
1349,JENN HUI TAN,2008,05:42:30,Runner 30-39 years,225,Male,765,222,758,1338
1350,INGA RUMUN,1252,05:43:56,Runner 30-39 years,157,Female,585,157,584,1346
1351,ZOEY CHRISTENSEN,1455,05:44:19,Runner 30-39 years,158,Female,586,158,585,1348
1352,ANDREW WILSON,1031,05:45:25,Runner 20-29 years,144,Male,766,143,767,1352
1353,TROY HEMSTREET,1570,05:43:32,Runner 40-49 years,226,Male,767,226,760,1342
1354,KAZUJI HORII,1070,05:45:10,Runner 60-69 years,25,Male,768,25,766,1351
1355,CYNTHIA MIXON,1771,05:43:44,Runner 40-49 years,212,Female,587,211,583,1345
1356,LORNA OGBUEHI,1881,05:45:46,Runner 30-39 years,159,Female,588,159,587,1354
1357,ROB EY,1717,05:46:12,Runner 50-59 years,138,Male,769,138,768,1355
1358,KELLIE MARTIN,1380,05:49:28,Runner 30-39 years,160,Female,589,162,594,1370
1359,KURT HARTSHORNE,1041,05:47:20,Runner 30-39 years,226,Male,770,226,769,1356
1360,KRISTINA RIVERS,1675,05:48:48,Runner 30-39 years,161,Female,590,160,590,1364
1361,ROCHELLE FLEMING,125,05:48:13,Runner 40-49 years,213,Female,591,213,589,1362
1362,RICH CULPAN,1388,05:48:17,Runner 30-39 years,227,Male,771,227,774,1363
1363,RICHARD BROWN,220,05:48:09,Runner 40-49 years,227,Male,772,227,772,1359
1364,GARY WHITELAW,216,05:48:09,Runner 50-59 years,139,Male,773,140,773,1360
1365,JAMES LINDQUIST,1438,05:47:53,Runner 50-59 years,140,Male,774,139,771,1358
1366,TERU MAKISHI,1793,05:49:10,Runner 30-39 years,228,Male,775,228,775,1366
1367,MATTHEW FAIRWEATHER,1801,05:49:13,Runner 30-39 years,229,Male,776,229,776,1367
1368,EDITH HURT,1319,05:49:44,Runner 50-59 years,68,Female,592,69,599,1375
1369,GISELA CANES,1416,05:49:21,Runner 50-59 years,69,Female,593,68,592,1368
1370,CHRISTINE BECKETT,512,05:49:27,Runner 60-69 years,11,Female,594,11,593,1369
1371,LAUREN PENNEY,211,05:48:50,Runner 30-39 years,162,Female,595,161,591,1365
1372,ALEX KNOWLES,934,05:49:32,Runner 20-29 years,138,Female,596,138,596,1372
1373,CHARLOTTE NASEY,706,05:49:29,Runner 60-69 years,12,Female,597,12,595,1371
1374,DANI BACON,1951,05:50:12,Runner 30-39 years,163,Female,598,165,600,1376
1375,CHERYL GOEKE,826,05:50:48,Runner 40-49 years,214,Female,599,214,601,1377
1376,ROBERT BRICE,944,05:53:57,Runner 20-29 years,145,Male,777,145,779,1389
1377,YU  SHAN CHANG,1974,05:49:36,Runner 30-39 years,164,Female,600,163,597,1373
1378,YING SU,1320,05:49:40,Runner 30-39 years,165,Female,601,164,598,1374
1379,GINA HANCOCK,1243,05:51:17,Runner 20-29 years,139,Female,602,139,604,1382
1380,MARGIE MCMAHON,556,05:50:49,Runner 30-39 years,166,Female,603,166,602,1378
1381,WING ON LO,893,05:51:06,Runner 60-69 years,26,Male,778,26,777,1380
1382,AARON SHIPMAN,881,05:51:13,Runner 40-49 years,228,Male,779,228,778,1381
1383,LOUANN KING,1662,05:50:56,Runner 60-69 years,13,Female,604,13,603,1379
1384,QUENTEN BROWN,104,05:57:52,Runner 40-49 years,229,Male,780,231,782,1407
1385,FELICITY TATE,583,05:52:16,Runner 30-39 years,167,Female,605,167,605,1383
1386,LINGYUAN YUN,118,05:53:13,Runner 40-49 years,215,Female,606,215,608,1386
1387,ANEVETTA SIN,2003,05:53:03,Runner 30-39 years,168,Female,607,168,607,1385
1388,ELEANOR TREADWELL,1441,05:53:17,Runner 20-29 years,140,Female,608,140,609,1387
1389,LINDSAY SKYNER,1233,05:53:01,Walker 30-39 years,1,Female,609,1,606,1384
1390,MARYLIN MCGRATH,933,05:53:33,Walker 60-69 years,1,Female,610,1,610,1388
1391,JANET SHORLAND,938,05:54:05,Runner 40-49 years,216,Female,611,216,611,1390
1392,ANNE MASSEY,989,05:54:42,Runner 60-69 years,14,Female,612,14,614,1393
1393,MICHELLE NEMEC,1003,05:54:42,Runner 30-39 years,169,Female,613,170,615,1394
1394,KATHERINE GATFIELD,1603,05:54:42,Runner 30-39 years,170,Female,614,169,613,1392
1395,KIRBY CLARK,1629,05:54:50,Runner 20-29 years,141,Female,615,141,616,1395
1396,CHARLIE CRUMMETT,963,05:55:08,Runner 40-49 years,217,Female,616,220,621,1400
1397,SUK FAN KO,1315,05:54:21,Runner 40-49 years,218,Female,617,217,612,1391
1398,PIK SHUN YAP,589,05:54:55,Runner 40-49 years,219,Female,618,218,617,1396
1399,REA FAITH PLAZA,1896,05:55:01,Runner 20-29 years,142,Female,619,142,619,1398
1400,SIGRID LIMPIN,1864,05:55:08,Runner 40-49 years,220,Female,620,219,620,1399
1401,JOVELYN DELA CRUZ,1860,05:55:01,Runner 30-39 years,171,Female,621,171,618,1397
1402,YEE XIANG YAP,590,05:56:08,Runner 20-29 years,143,Female,622,143,622,1401
1403,DAVID CHUNG LI PAN,581,05:56:14,Runner 40-49 years,230,Male,781,229,780,1402
1404,ANGELA THOMAS,322,05:57:10,Runner 50-59 years,70,Female,623,71,624,1405
1405,DEAN WALKER,197,05:57:01,Runner 40-49 years,231,Male,782,230,781,1403
1406,SONIA WALKER,196,05:57:01,Runner 50-59 years,71,Female,624,70,623,1404
1407,SONIA HAGAN,134,05:57:39,Runner 30-39 years,172,Female,625,172,625,1406
1408,STUART DANIEL,88,06:01:14,Runner 40-49 years,232,Male,783,232,786,1414
1409,SIMON POLLOCK,1481,05:58:19,Runner 30-39 years,230,Male,784,230,783,1408
1410,SAMANTHA POLLOCK,1480,05:58:19,Runner 20-29 years,144,Female,626,144,626,1409
1411,SUE LENNOX,623,06:01:47,Runner 50-59 years,72,Female,627,73,631,1418
1412,YIM WAN CHOW,868,05:58:40,Runner 50-59 years,73,Female,628,72,627,1410
1413,LEONARDO ARIEL GIUSSANI,1791,06:00:52,Runner 50-59 years,141,Male,785,142,785,1413
1414,REBECCA OSKAM-SCHMIDT,1842,05:59:54,Runner 40-49 years,221,Female,629,221,628,1411
1415,NOBUO NAGAI,1871,06:00:41,Runner 50-59 years,142,Male,786,141,784,1412
1416,LETICIA MARCHAND,1381,06:01:29,Runner 30-39 years,173,Female,630,173,629,1415
1417,DENISE JAMES,1375,06:01:44,Runner 40-49 years,222,Female,631,222,630,1417
1418,ALAN FRASER,120,06:01:33,Runner 60-69 years,27,Male,787,27,787,1416
1419,PETER WOOD,1147,06:02:20,Runner 50-59 years,143,Male,788,143,788,1419
1420,SHENFENG ZHOU,935,06:08:50,Runner 50-59 years,144,Male,789,144,796,1438
1421,WEI KIT TAN,1737,06:02:42,Runner 20-29 years,146,Male,790,146,789,1420
1422,RUTH TILUKS,494,06:02:52,Walker 40-49 years,1,Female,632,1,632,1421
1423,BRUCE ZEWICKE,1861,06:03:55,Runner 60-69 years,28,Male,791,28,790,1423
1424,BIBHAS BISWAS,1819,06:05:04,Runner 30-39 years,231,Male,792,231,791,1426
1425,MICHELLE BROSNAN,535,06:03:43,Runner 50-59 years,74,Female,633,74,633,1422
1426,LATISHA BECKETT,1052,06:05:06,Runner 30-39 years,174,Female,634,176,637,1428
1427,PJ ANN AGUILAR,1653,06:05:06,Runner 30-39 years,175,Female,635,175,636,1427
1428,REBEKAH SMITH,915,06:04:40,Runner 30-39 years,176,Female,636,174,635,1425
1429,JANNA LUTZE,299,06:05:49,Runner 30-39 years,177,Female,637,177,638,1429
1430,THERESA CAROLISSEN,2038,06:06:11,Runner 50-59 years,75,Female,638,75,639,1432
1431,CHARLES SHARIFF,1795,06:12:44,Runner 50-59 years,145,Male,793,145,798,1441
1432,TONY WANG,922,06:05:54,Runner 40-49 years,233,Male,794,233,792,1430
1433,JIN LI,1036,06:05:54,Runner 40-49 years,234,Male,795,234,793,1431
1434,LIFENG WU,572,06:13:40,Runner 30-39 years,232,Male,796,233,799,1442
1435,SANJAY CHHIBA,1181,06:06:12,Runner 20-29 years,147,Male,797,147,794,1433
1436,YI JUN YAO,77,06:07:59,Runner 40-49 years,223,Female,639,224,641,1435
1437,KAREN COOK,715,06:07:55,Runner 40-49 years,224,Female,640,223,640,1434
1438,JOHNEEN MORRIS,709,06:08:26,Runner 50-59 years,76,Female,641,76,642,1437
1439,MURRAY ARTHUR-WORSOP,1076,06:08:09,Runner 60-69 years,29,Male,798,29,795,1436
1440,TATSUMI MIYABE,1816,06:09:56,Runner 30-39 years,233,Male,799,232,797,1439
1441,JANICE CHAPMAN,1766,06:10:25,Runner 50-59 years,77,Female,642,77,643,1440
1442,TERESA CORREIA,2048,06:04:03,Runner 20-29 years,145,Female,643,145,634,1424
1443,MELISSA SMITH,71,06:13:52,Runner 30-39 years,178,Female,644,178,644,1443
1444,ZAK HAMILTON,1585,06:14:33,Runner 20-29 years,148,Male,800,148,801,1447
1445,JUDITH BAGLEY,1888,06:14:20,Runner 60-69 years,15,Female,645,15,646,1446
1446,JAKE VITALJICH,2044,06:13:57,Runner 18-19 years,5,Male,801,5,800,1444
1447,BAOJU GENG,888,06:14:02,Runner 50-59 years,78,Female,646,78,645,1445
1448,PHILIP MOORE,614,06:15:16,Walker 50-59 years,3,Male,802,3,802,1448
1449,MELISSA TAYLOR,21,06:15:27,Runner 30-39 years,179,Female,647,179,647,1449
1450,YENEGHKOKEBE BADIMAYALEW,939,06:16:17,Runner 30-39 years,180,Female,648,180,649,1452
1451,AARON CLARKE,1755,06:16:16,Runner 30-39 years,234,Male,803,234,803,1451
1452,LUCIA ZHANG,554,06:15:40,Runner 20-29 years,146,Female,649,146,648,1450
1453,PAUL MANUEL,1126,06:16:20,Runner 40-49 years,235,Male,804,235,804,1453
1454,NICHOLAS GILLESPIE,226,06:17:07,Runner 50-59 years,146,Male,805,146,805,1454
1455,YI REN HOE,1729,06:17:31,Runner 20-29 years,149,Male,806,149,806,1455
1456,WILLIAM KIM,1178,06:17:40,Runner 20-29 years,150,Male,807,150,807,1456
1457,BRETT LACKEY,1643,06:19:09,Runner 20-29 years,151,Male,808,151,808,1457
1458,SHANE NEWBITT,1027,06:19:16,Runner 40-49 years,236,Male,809,237,810,1459
1459,MAURITZ SLABBERT,238,06:19:10,Runner 40-49 years,237,Male,810,236,809,1458
1460,ROSS CONDER,1196,06:19:23,Runner 30-39 years,235,Male,811,235,811,1460
1461,YING SHENG,1885,06:22:48,Runner 50-59 years,79,Female,650,79,653,1465
1462,QIAN QI,1883,06:22:49,Runner 40-49 years,225,Female,651,226,654,1466
1463,KATE BARKER,857,06:20:54,Walker 40-49 years,2,Female,652,2,650,1462
1464,ALEXANDER GLARAKIS,56,06:20:11,Runner 60-69 years,30,Male,812,30,812,1461
1465,ELIZABETH MAFFEI,1873,06:21:10,Runner 20-29 years,147,Female,653,147,651,1463
1466,DIANE HOWE,1437,06:21:22,Runner 40-49 years,226,Female,654,225,652,1464
1467,GRANT TYRRELL,343,06:29:37,Runner 40-49 years,238,Male,813,241,819,1484
1468,TOMOKO SAITO,1843,06:23:31,Runner 50-59 years,80,Female,655,80,655,1467
1469,JOOLS HALL,731,06:24:01,Runner 40-49 years,227,Female,656,227,657,1469
1470,SOH CHUNG WEI,1990,06:24:38,Runner 40-49 years,239,Male,814,238,813,1472
1471,REBECCA WOODHOUSE,956,06:24:19,Runner 30-39 years,181,Female,657,181,658,1470
1472,CATHERINE KING,1326,06:23:59,Runner 60-69 years,16,Female,658,16,656,1468
1473,DARYL LEWIS,971,06:24:37,Runner 60-69 years,17,Female,659,17,659,1471
1474,KATH O'REILLY,465,06:25:26,Runner 40-49 years,228,Female,660,228,660,1474
1475,MICHAEL WHITLEY,557,06:25:25,Runner 30-39 years,236,Male,815,236,814,1473
1476,MELISSA WATSON,697,06:29:20,Runner 40-49 years,229,Female,661,230,664,1482
1477,HEIDI MCLEOD,352,06:29:20,Runner 40-49 years,230,Female,662,229,663,1481
1478,ANITA MARSHALL,351,06:29:21,Runner 40-49 years,231,Female,663,231,665,1483
1479,CATHERINE PARIS,9,06:31:54,Runner 60-69 years,18,Female,664,18,668,1487
1480,BRIAN WHEALING,1141,06:26:45,Runner 60-69 years,31,Male,816,31,815,1475
1481,ANGELA DAVEY,86,06:26:50,Runner 50-59 years,81,Female,665,81,661,1476
1482,HAMISH AVERY,309,06:27:54,Runner 40-49 years,240,Male,817,240,818,1479
1483,JACQUI KAUFMAN,2017,06:34:45,Runner 60-69 years,19,Female,666,19,671,1491
1484,DEBORAH NESTI,237,06:28:21,Runner 50-59 years,82,Female,667,82,662,1480
1485,KOK SANG YOONG,943,06:27:32,Runner 40-49 years,241,Male,818,239,816,1477
1486,SIEW POH CHAN,876,06:27:33,Runner 50-59 years,147,Male,819,147,817,1478
1487,CANDICE CHAPMAN,827,06:31:16,Runner 20-29 years,148,Female,668,148,667,1486
1488,KAH FUNG CHONG,1764,06:30:54,Runner 30-39 years,182,Female,669,182,666,1485
1489,LISA PILGRIM,1573,06:33:05,Runner 30-39 years,183,Female,670,183,669,1489
1490,ELEANOR HAMILTON,810,06:34:16,Runner 50-59 years,83,Female,671,83,670,1490
1491,JEFFREY TEO,265,06:32:57,Runner 40-49 years,242,Male,820,242,820,1488
1492,KELSEY ATKIN,212,06:35:13,Runner 20-29 years,149,Female,672,149,672,1492
1493,MARIA ANTONIETA ROGULJIC,1792,06:37:21,Runner 50-59 years,84,Female,673,85,674,1494
1494,SUMIKO TSUNEIZUMI,1844,06:36:36,Runner 50-59 years,85,Female,674,84,673,1493
1495,LORRAINE WALKER,903,06:37:59,Runner 30-39 years,184,Female,675,184,675,1495
1496,MARTY PINKSTONE,1604,06:38:38,Runner 30-39 years,237,Male,821,237,821,1497
1497,ANGELA TAYLOR,765,06:38:12,Runner 40-49 years,232,Female,676,232,676,1496
1498,KATE CALDER,1026,06:39:30,Runner 40-49 years,233,Female,677,233,677,1498
1499,DANIELLE NEWBITT,1024,06:39:30,Runner 40-49 years,234,Female,678,234,678,1499
1500,KATHRYN QUIETT,811,06:39:35,Walker 40-49 years,3,Female,679,3,679,1501
1501,KATE VERCOE,812,06:39:35,Walker 50-59 years,1,Female,680,1,680,1502
1502,JAMIE MUNRO,169,06:39:33,Runner 30-39 years,238,Male,822,238,822,1500
1503,CARLY LUTZE,301,06:42:10,Runner 40-49 years,235,Female,681,235,681,1503
1504,YANZHEN LEE,2030,06:43:53,Runner 20-29 years,152,Male,823,152,823,1504
1505,XIANG GUO,1667,06:48:30,Runner 30-39 years,239,Male,824,239,824,1507
1506,FANGRU REN,1678,06:48:31,Runner 20-29 years,150,Female,682,150,684,1508
1507,TERRI SYMONDS,26,06:47:29,Runner 40-49 years,236,Female,683,236,682,1505
1508,ALISON SCHMIDTCHEN,314,06:48:08,Runner 50-59 years,86,Female,684,86,683,1506
1509,PETA JENNINGS,1933,06:48:54,Runner 50-59 years,87,Female,685,87,685,1509
1510,EMMA COLLETT,481,06:49:35,Runner 40-49 years,237,Female,686,237,687,1511
1511,BAILEY MCCULLOCH,1430,06:49:00,Runner 20-29 years,151,Female,687,151,686,1510
1512,ROOSEVELT GILES,341,06:49:45,Runner 60-69 years,32,Male,825,32,825,1512
1513,GARY ECKARD,276,06:50:16,Walker 60-69 years,1,Male,826,1,826,1513
1514,LIBBY SOPER,252,06:54:59,Runner 70+ years,1,Female,688,1,694,1521
1515,KATIE RAWKINS,514,06:51:18,Runner 30-39 years,185,Female,689,185,688,1514
1516,HOLIDAY WILSON,2112,06:51:38,Runner 30-39 years,186,Female,690,186,689,1515
1517,NORMAN CHAN,1634,06:52:27,Runner 50-59 years,148,Male,827,148,827,1516
1518,DEBBIE SCHADE,863,06:52:52,Walker 40-49 years,4,Female,691,4,690,1517
1519,SHARLEEN MORROW,864,06:52:53,Walker 40-49 years,5,Female,692,5,691,1518
1520,FELICITY BARFOOT,492,06:53:05,Walker 40-49 years,6,Female,693,6,692,1519
1521,TAMARA DUFF,493,06:53:32,Walker 40-49 years,7,Female,694,7,693,1520
1522,CHARLES IAN WRIGHT,1943,06:58:45,Runner 50-59 years,149,Male,828,149,828,1522
1523,PHILIPPA WRIGHT,1942,06:58:45,Runner 50-59 years,88,Female,695,88,695,1523
1524,JOHN CREEL,1365,06:59:43,Walker 70+ years,1,Male,829,1,829,1525
1525,YVETTE LA VIGNE,1898,06:58:59,Walker 70+ years,1,Female,696,1,696,1524
1526,MASASHI MORIYAMA,292,07:03:56,Runner 50-59 years,150,Male,830,150,830,1526
1527,MARTIN TOLICH,2117,07:04:07,Walker 60-69 years,2,Male,831,2,831,1528
1528,YAQIAN YANG,2113,07:04:00,Runner 20-29 years,152,Female,697,152,697,1527
1529,MONICA L TATE,865,07:09:16,Runner 60-69 years,20,Female,698,20,698,1529
1530,ROBERT FINLEY,1516,07:12:23,Runner 60-69 years,33,Male,832,33,832,1530
1531,YI LIH CHENG,473,07:13:28,Runner 40-49 years,238,Female,699,238,699,1531
1532,GEOFF SMITH,1202,07:18:31,Walker 40-49 years,1,Male,833,1,834,1534
1533,SONIA WHITTAKER,366,07:18:30,Walker 40-49 years,8,Female,700,8,700,1532
1534,LORETTE SMITH,1203,07:18:31,Runner 40-49 years,239,Female,701,239,701,1535
1535,JAMES WHITTAKER,1208,07:18:30,Runner 40-49 years,243,Male,834,243,833,1533
1536,JEFFERSON GIBBS,968,07:18:37,Walker 40-49 years,2,Male,835,2,835,1536
1537,ELIZABETH GIBBS,967,07:18:37,Walker 40-49 years,9,Female,702,9,702,1537
1538,TRACEY HEATH,426,07:21:45,Runner 40-49 years,240,Female,703,240,703,1538
1539,CHIAKI SATO,1354,07:24:34,Runner 20-29 years,153,Female,704,153,704,1539
1540,RIE MURASAKI,1355,07:24:34,Runner 20-29 years,154,Female,705,154,705,1540
1541,PETER SIGNORELLI,1163,07:27:36,Runner 30-39 years,240,Male,836,240,836,1541
1542,TYRANNOSAURUS-DAN CHATTERTON,1832,07:32:12,Runner 20-29 years,153,Male,837,153,837,1542
1543,CHAI LENG YAU,1787,07:37:48,Runner 20-29 years,155,Female,706,155,706,1543
1544,MEL TUINEAU,47,07:47:51,Runner 50-59 years,89,Female,707,89,707,1544
1545,NESRINE SOLAKA,1762,07:51:36,Walker 30-39 years,2,Female,708,2,708,1545
1546,BEC NICOL,596,07:51:38,Runner 40-49 years,241,Female,709,241,709,1546
1547,CHIU HUI KANG,1761,07:59:02,Runner 20-29 years,156,Female,710,156,710,1547
1548,PEI YIN FUN,1706,08:04:07,Runner 20-29 years,157,Female,711,157,711,1548
1549,ALAN DAY,1470,08:07:05,Runner 70+ years,5,Male,838,5,838,1549
1550,COLLEEN DONALDSON,1903,08:08:59,Runner 60-69 years,21,Female,712,21,712,1550
1551,CHAIYING TAN,1727,08:10:23,Runner 20-29 years,158,Female,713,158,713,1551
1552,RHIELEY JORDAN,203,08:13:18,Runner 30-39 years,187,Female,714,187,714,1552
1553,SAM MOLONY,1740,08:18:38,Walker 20-29 years,1,Female,715,1,715,1553
1554,BARBARA MARTIN,1155,08:19:01,Runner 50-59 years,90,Female,716,90,716,1554
1555,VICTORIA MARTIN,1190,08:19:23,Runner 30-39 years,188,Female,717,188,717,1555
1556,CHEW LAI KIE,1825,08:28:23,Runner 20-29 years,159,Female,718,159,718,1556
DNS,XIN YANG,18,00:00:00,Runner 30-39 years,,Male,,0,0,0
DNS,ZHOU QING,7,00:00:00,Runner 30-39 years,,Male,,0,0,0
DNS,ALAN PARIS,2,00:00:00,Runner 50-59 years,,Male,,0,0,0
DNS,KUSH MANGA,13,00:00:00,Runner 40-49 years,,Female,,0,0,0
DNS,TONY WOODS,34,00:00:00,Runner 50-59 years,,Male,,0,0,0
DNS,LACHIE ASHTON,52,00:00:00,Runner 60-69 years,,Male,,0,0,0
DNS,CAROL GRAYSON,60,00:00:00,Runner 50-59 years,,Female,,0,0,0
DNS,KIM PIKE,62,00:00:00,Runner 30-39 years,,Female,,0,0,0
DNS,JONATHAN SCOTT,61,00:00:00,Runner 30-39 years,,Male,,0,0,0
DNS,SILVIA JUNAIDI,90,00:00:00,Runner 30-39 years,,Female,,0,0,0
DNS,MICHAEL TURNBULL,75,00:00:00,Runner 60-69 years,,Male,,0,0,0
DNS,JEFF ORMROD,83,00:00:00,Runner 30-39 years,,Male,,0,0,0
DNS,XIUHAI ZHANG,76,00:00:00,Runner 40-49 years,,Male,,0,0,0
DNS,CHRIS RHYSS EDWARDS,95,00:00:00,Runner 40-49 years,,Male,,0,0,0
DNS,INGA EDWARDS,96,00:00:00,Runner 30-39 years,,Female,,0,0,0
DNS,JAMES LINDSAY,127,00:00:00,Runner 40-49 years,,Male,,0,0,0
DNS,GEMMA MANNING,163,00:00:00,Runner 20-29 years,,Female,,0,0,0
DNS,COURTNEY MACDONALD,156,00:00:00,Runner 30-39 years,,Female,,0,0,0
DNS,JAMIE MCMAHON,117,00:00:00,Runner 30-39 years,,Female,,0,0,0
DNS,DONAL SHEEHY,132,00:00:00,Runner 30-39 years,,Male,,0,0,0
DNS,GRANT HILL,110,00:00:00,Runner 40-49 years,,Male,,0,0,0
DNS,YANG DANYU,130,00:00:00,Runner 40-49 years,,Female,,0,0,0
DNS,OLIVIA BUPHA-INTR,157,00:00:00,Runner 30-39 years,,Female,,0,0,0
DNS,MARK WADE,162,00:00:00,Runner 40-49 years,,Male,,0,0,0
DNS,ALEX KNIGHTS,171,00:00:00,Runner 20-29 years,,Female,,0,0,0
DNS,ROBERT SLOAN,175,00:00:00,Runner 40-49 years,,Male,,0,0,0
DNS,DANIEL LEDDY,177,00:00:00,Runner 30-39 years,,Male,,0,0,0
DNS,LUJIE HUANG,183,00:00:00,Runner 30-39 years,,Female,,0,0,0
DNS,GALEN MITCHELL,179,00:00:00,Runner 30-39 years,,Male,,0,0,0
DNS,?? ?,184,00:00:00,Runner 30-39 years,,Male,,0,0,0
DNS,KELLY MAHUIKA,191,00:00:00,Runner 40-49 years,,Female,,0,0,0
DNS,JUDY GAO,202,00:00:00,Runner 30-39 years,,Female,,0,0,0
DNS,RACHEL SANSON,194,00:00:00,Runner 40-49 years,,Female,,0,0,0
DNS,JULAIKHA KATHOON,193,00:00:00,Runner 50-59 years,,Female,,0,0,0
DNS,SCOTT BURNETT,195,00:00:00,Runner 40-49 years,,Male,,0,0,0
DNS,BRENT SMITH,228,00:00:00,Runner 40-49 years,,Male,,0,0,0
DNS,YUAN YUAN,233,00:00:00,Runner 20-29 years,,Female,,0,0,0
DNS,EVA PISCOVA,222,00:00:00,Runner 30-39 years,,Female,,0,0,0
DNS,DAN CORRIN,251,00:00:00,Runner 20-29 years,,Male,,0,0,0
DNS,JAMES KEIR,236,00:00:00,Runner 30-39 years,,Male,,0,0,0
DNS,ANNA CLEAVER,258,00:00:00,Runner 30-39 years,,Female,,0,0,0
DNS,DANIEL CROSS,259,00:00:00,Runner 30-39 years,,Male,,0,0,0
DNS,LI SHUO,262,00:00:00,Runner 30-39 years,,Male,,0,0,0
DNS,WEI HU,264,00:00:00,Runner 30-39 years,,Female,,0,0,0
DNF,DAVID BRIDGMAN,57,00:00:00,Runner 50-59 years,,Male,,0,0,0
DNF,DARREN DE GROOT,80,00:00:00,Runner 40-49 years,,Male,,0,0,0
DNF,YE HE,182,00:00:00,Runner 30-39 years,,Female,,0,0,0
DNF,LACHLAN PURVIS,342,00:00:00,Runner 18-19 years,,Male,,0,0,0
DNF,BIANCA DRIEBERG,427,00:00:00,Runner 30-39 years,,Female,,0,0,0
DNF,LUCKY DEVIL (DR. TOM) HALLEE,599,00:00:00,Runner 70+ years,,Male,,0,0,0
DNF,LAURA SINGLETON,844,00:00:00,Runner 30-39 years,,Female,,0,0,0
DNF,ROSE PATERSON,862,00:00:00,Runner 30-39 years,,Female,,0,0,0
DNF,BEN WARREN,1012,00:00:00,Runner 40-49 years,,Male,,0,0,0
DNF,GRAEME SURRIDGE,1072,00:00:00,Runner 60-69 years,,Male,,0,0,0
DNF,LOUISE MARTIN,1187,00:00:00,Runner 30-39 years,,Female,,0,0,0
DNF,ANNABELLE BRAMWELL,1220,00:00:00,Runner 20-29 years,,Female,,0,0,0
DNF,JEREMY BROWNE,1522,00:00:00,Runner 40-49 years,,Male,,0,0,0
DNF,SZU MIAO CHEN,1820,00:00:00,Runner 30-39 years,,Female,,0,0,0
DNF,LISA BRIGNULL,1853,00:00:00,Runner 40-49 years,,Female,,0,0,0