Position,Name,Bib,Time,Nationality,Category,Category Position,Gender,Gender Position,Run
1,JACK MOODY,4754,01:08:05,NZL,20-29,1,Male,1,01:08:05
2,DAVID LEE,7062,01:10:20,NZL,20-29,2,Male,2,01:10:20
3,SIMON CROMARTY,6274,01:12:04,NZL,30-39,1,Male,3,01:12:04
4,BRETT TINGAY,8584,01:12:25,NZL,40-49,1,Male,4,01:12:25
5,CAMERON GRAVES,8781,01:14:08,NZL,30-39,2,Male,5,01:14:08
6,MATT DAWSON,6327,01:14:36,AUS,30-39,3,Male,6,01:14:36
7,CAM KERRÁ,8725,01:15:02,NZL,20-29,3,Male,7,01:15:02
8,JAMIE DUNCAN,6405,01:15:48,NZL,40-49,2,Male,8,01:15:48
9,LUKE STURKENBOOM,5365,01:17:35,NZL,20-29,4,Male,9,01:17:35
10,MATTHEW PARSONAGE,7539,01:17:48,NZL,40-49,3,Male,10,01:17:48
11,JASPER EDGAR,6437,01:19:40,NZL,20-29,5,Male,11,01:19:40
12,DANIEL STOUFFER,7956,01:20:01,USA,40-49,4,Male,12,01:20:01
13,TOBY VERRYT,8112,01:21:56,NZL,30-39,4,Male,13,01:21:56
14,SCOTT CRANFIELD,3590,01:22:16,NZL,40-49,5,Male,14,01:22:16
15,AMY COGLE,6192,01:22:51,AUS,30-39,1,Female,1,01:22:51
16,MITCHELL ELLIS,3788,01:23:09,NZL,30-39,5,Male,15,01:23:09
17,RYAN WHITE,5637,01:23:25,NZL,20-29,6,Male,16,01:23:25
18,CHRIS NORMAN,4854,01:23:54,GBR,30-39,6,Male,17,01:23:54
19,REUBEN GRAHAM,4006,01:23:56,NZL,20-29,7,Male,18,01:23:56
20,MATTHEW RENNIE,7691,01:24:09,NZL,30-39,7,Male,19,01:24:09
21,CHRIS HANSEN,6702,01:24:18,NZL,40-49,6,Male,20,01:24:18
22,KAMIL RAHMAN,7663,01:24:22,IRQ,20-29,8,Male,21,01:24:22
23,HENRY BUCKINGHAM,8714,01:24:26,NZL,20-29,9,Male,22,01:24:26
24,NICK LUKSICH,4521,01:24:42,NZL,40-49,7,Male,23,01:24:42
25,NICHOLAS BERRY,3050,01:24:56,NZL,30-39,8,Male,24,01:24:56
26,JAMES WALTON,5581,01:25:00,NZL,20-29,10,Male,25,01:25:00
27,TROY COLLINS,6203,01:25:07,AUS,50-59,1,Male,26,01:25:07
28,RICHARD SEIGNE,8555,01:25:16,NZL,50-59,2,Male,27,01:25:16
29,ARCHIE RITCHIE,5089,01:25:45,NZL,20-29,11,Male,28,01:25:45
30,NICHOLAS HEXTALL,4161,01:26:41,NZL,30-39,9,Male,29,01:26:41
31,MARK BOON,3282,01:26:42,NZL,30-39,10,Male,30,01:26:42
32,ANDREW BLAKE,5960,01:26:45,ZAF,30-39,11,Male,31,01:26:45
33,CALLUM FITZHARDINGE,6508,01:26:51,AUS,40-49,8,Male,32,01:26:51
34,RICHARD BOON,3283,01:26:59,NZL,30-39,12,Male,33,01:26:59
35,JON PEARCE,7560,01:27:14,NZL,40-49,9,Male,34,01:27:14
36,PETER RICHARDS,7697,01:27:21,NZL,60-69,1,Male,35,01:27:21
37,ANDREW SEXTON,7829,01:27:28,NZL,40-49,10,Male,36,01:27:28
38,SEBASTIAN WHARTON,8206,01:27:31,NZL,16-19,1,Male,37,01:27:31
39,COLE GROVES,4043,01:27:34,NZL,30-39,13,Male,38,01:27:34
40,NICHOLAS HARRIS,6721,01:27:43,NZL,20-29,12,Male,39,01:27:43
41,ZACHARY LANDERS,7038,01:27:46,NZL,16-19,2,Male,40,01:27:46
42,TOM SMOKER,7897,01:27:55,AUS,20-29,13,Male,41,01:27:55
43,CHRIS SMALL,7870,01:28:07,NZL,30-39,14,Male,42,01:28:07
44,PHIL ROPER,8731,01:28:13,NZL,30-39,15,Male,43,01:28:13
45,BARRY GERBER,6070,01:28:19,AUS,50-59,3,Male,44,01:28:19
46,LOGAN BARNES,5870,01:28:23,NZL,20-29,14,Male,45,01:28:23
47,THIJS HUBBER,4225,01:28:25,NZL,30-39,16,Male,46,01:28:25
48,KIRSTEN HALL,4059,01:28:37,NZL,30-39,2,Female,2,01:28:37
49,JACK COTTER,6235,01:28:46,NZL,16-19,3,Male,47,01:28:46
50,ERIK MONASTERIO,7370,01:28:55,BOL,50-59,4,Male,48,01:28:55
51,LAURA BUNGARD,3377,01:29:01,NZL,20-29,1,Female,3,01:29:01
52,KARAN VENTER,8105,01:29:04,NZL,20-29,15,Male,49,01:29:04
53,REGAN CANTWELL,3428,01:29:22,NZL,20-29,16,Male,50,01:29:22
54,DEAN MCALEESE,8483,01:29:22,AUS,30-39,17,Male,51,01:29:22
55,JOHN MATHIAS,4592,01:29:24,NZL,30-39,18,Male,52,01:29:24
56,CARL ERNST,6466,01:29:36,AUS,40-49,11,Male,53,01:29:36
57,MARK MATHIAS,4593,01:29:39,NZL,30-39,19,Male,54,01:29:39
58,D'ARCY HOOPER,4212,01:29:42,NZL,40-49,12,Male,55,01:29:42
59,LUKE HAMMINGTON,4075,01:29:42,NZL,30-39,20,Male,56,01:29:42
60,JONATHON BECKINGSALE,3209,01:29:48,NZL,40-49,13,Male,57,01:29:48
61,KYLE SIMPSON,7860,01:30:06,NZL,16-19,4,Male,58,01:30:06
62,BRYCE CAIRD,3406,01:30:08,NZL,40-49,14,Male,59,01:30:08
63,WILLIAM BRUNDELL,6038,01:30:09,NZL,20-29,17,Male,60,01:30:09
64,TINA COX,8763,01:30:09,NZL,40-49,1,Female,4,01:30:09
65,JESSE LIU,7105,01:30:30,USA,40-49,15,Male,61,01:30:30
66,LUKE NUTTING,4861,01:30:40,NZL,30-39,21,Male,62,01:30:40
67,ANDREW CHURCHER,6165,01:30:44,AUS,30-39,22,Male,63,01:30:44
68,CURTIS DAY,3649,01:30:45,NZL,30-39,23,Male,64,01:30:45
69,SAM HOWARD,6828,01:30:59,NZL,20-29,18,Male,65,01:30:59
70,KATIE WYRILL,5732,01:31:03,NZL,30-39,3,Female,5,01:31:03
71,SOPHIE SHALLARD,7831,01:31:08,NZL,16-19,1,Female,6,01:31:08
72,JASON WATTS,5601,01:31:08,NZL,40-49,16,Male,66,01:31:08
73,LAURA HOLYOAKE,4208,01:31:11,NZL,30-39,4,Female,7,01:31:11
74,REECE GLEDHILL,6617,01:31:13,AUS,20-29,19,Male,67,01:31:13
75,BEN YOUDAN,5737,01:31:33,NZL,40-49,17,Male,68,01:31:33
76,SAMANTHA VANCE,8825,01:31:50,NZL,20-29,2,Female,8,01:31:50
77,DALE BERRILL,9014,01:31:57,NZL,40-49,2,Female,9,01:31:57
78,MARTIN RUSSELL,7761,01:32:03,KEN,30-39,24,Male,69,01:32:03
79,EMILY REGISTER,5060,01:32:03,NZL,20-29,3,Female,10,01:32:03
80,DION YIW,8306,01:32:05,NZL,30-39,25,Male,70,01:32:05
81,HARRISON BROWN,6030,01:32:09,NZL,20-29,20,Male,71,01:32:09
82,ETHAN HOOGENBOOM,6811,01:32:10,NZL,20-29,21,Male,72,01:32:10
83,JESSIE ANDERSON,8331,01:32:11,NZL,20-29,4,Female,11,01:32:11
84,MATT JACKSON,6875,01:32:13,NZL,40-49,18,Male,73,01:32:13
85,FIONA CROMBIE,9436,01:32:29,NZL,40-49,3,Female,12,01:32:29
86,JESSE ROBERTS,7722,01:32:37,NZL,20-29,22,Male,74,01:32:37
87,SEAMUS MEIKLE,7312,01:32:45,NZL,30-39,26,Male,75,01:32:45
88,KURT VAN NESS,5526,01:32:46,USA,30-39,27,Male,76,01:32:46
89,SAM FORGIE,6524,01:32:48,NZL,30-39,28,Male,77,01:32:48
90,JAMES COULL,6237,01:32:49,NZL,20-29,23,Male,78,01:32:49
91,JASON WHEADON,8207,01:32:53,NZL,50-59,5,Male,79,01:32:53
92,RALPH BURTON,6063,01:32:53,CAN,20-29,24,Male,80,01:32:53
93,GREG BIGGS,3240,01:33:00,AUS,60-69,2,Male,81,01:33:00
94,GIANNI BERTACCO,5930,01:33:05,NZL,20-29,25,Male,82,01:33:05
95,RYLEY BRADSHAW,3306,01:33:32,NZL,20-29,26,Male,83,01:33:32
96,JACK WILLIAMSON,5675,01:33:33,NZL,20-29,27,Male,84,01:33:33
97,POLLY WILCOX,5647,01:33:36,NZL,30-39,5,Female,13,01:33:36
98,HAYDEN DAWSON,6326,01:33:38,NZL,40-49,19,Male,85,01:33:38
99,LAUREN MEWING,7323,01:33:38,AUS,20-29,5,Female,14,01:33:38
100,TONY ALLEN,3095,01:33:43,NZL,50-59,6,Male,86,01:33:43
101,ALASTAIR FOSTER,3881,01:33:50,NZL,40-49,20,Male,87,01:33:50
102,JONATHAN HARMAN,4099,01:33:52,NZL,30-39,29,Male,88,01:33:52
103,SURAN DICKSON,3690,01:33:55,NZL,40-49,4,Female,15,01:33:55
104,MATT BOOTE,3284,01:33:57,NZL,20-29,28,Male,89,01:33:57
105,DAVE HUNT,8441,01:34:04,NZL,30-39,30,Male,90,01:34:04
106,JAMES LAWRENCE,7053,01:34:17,AUS,20-29,29,Male,91,01:34:17
107,DYLAN MARTIN,7186,01:34:20,AUS,30-39,31,Male,92,01:34:20
108,MICHAEL FOSTER,3882,01:34:21,NZL,40-49,21,Male,93,01:34:21
109,BEN HYATT-BROWN,6857,01:34:32,NZL,20-29,30,Male,94,01:34:32
110,BRODIE LACEY,7027,01:34:37,AUS,30-39,6,Female,16,01:34:37
111,HONZA ZOHA,5753,01:34:37,CZE,30-39,32,Male,95,01:34:37
112,JULES COONEY,3553,01:34:37,NZL,40-49,22,Male,96,01:34:37
113,ELLEN SCHAEF,8759,01:34:40,NZL,30-39,7,Female,17,01:34:40
114,HARRISON LLOYD,7109,01:34:40,NZL,20-29,31,Male,97,01:34:40
115,RYAN LAWRENCE,4425,01:34:46,NZL,30-39,33,Male,98,01:34:46
116,CHRISTO CREFFIER,6266,01:34:50,NZL,30-39,34,Male,99,01:34:50
117,KARL WHALEN,8205,01:34:53,NZL,40-49,23,Male,100,01:34:53
118,CHRIS COLLINS,6201,01:34:56,NZL,20-29,32,Male,101,01:34:56
119,BABAN LASTIMOSA,4419,01:35:02,NZL,20-29,33,Male,102,01:35:02
120,ANGUS HORNE,8829,01:35:11,NZL,20-29,34,Male,103,01:35:11
121,JASON NILES,4842,01:35:13,NZL,30-39,35,Male,104,01:35:13
122,RICHARD LESTER,8734,01:35:16,NZL,50-59,7,Male,105,01:35:16
123,MARK HENWOOD,6761,01:35:18,NZL,30-39,36,Male,106,01:35:18
124,YASMIN KESSNER,8464,01:35:19,NZL,20-29,6,Female,18,01:35:19
125,DEVIN COYLE,3585,01:35:20,NZL,20-29,35,Male,107,01:35:20
126,DAVID BROWN,3348,01:35:21,NZL,20-29,36,Male,108,01:35:21
127,GRANT FINDLAY,6500,01:35:22,NZL,30-39,37,Male,109,01:35:22
128,REBECCA FIRTH,3853,01:35:25,NZL,20-29,7,Female,19,01:35:25
129,CHRIS BLOOMER,5969,01:35:26,NZL,30-39,38,Male,110,01:35:26
130,MICHAEL GRAIN,4010,01:35:28,NZL,30-39,39,Male,111,01:35:28
131,DEAN SCHLUTER,7794,01:35:29,NZL,50-59,8,Male,112,01:35:29
132,MATT WALKER,8143,01:35:31,NZL,40-49,24,Male,113,01:35:31
133,CHRIS SEYMOUR,5208,01:35:33,NZL,40-49,25,Male,114,01:35:33
134,BEN EDUSEI,3773,01:35:34,NZL,30-39,40,Male,115,01:35:34
135,LOGAN MILLAR,4715,01:35:49,NZL,30-39,41,Male,116,01:35:49
136,ANTHONY PERERA,7574,01:35:55,AUS,40-49,26,Male,117,01:35:55
137,LUKE WRIGHT,8295,01:35:55,NZL,20-29,37,Male,118,01:35:55
138,MONIQUE KEARNS,6953,01:36:00,NZL,30-39,8,Female,20,01:36:00
139,JAMES KEARNS,6952,01:36:00,NZL,40-49,27,Male,119,01:36:00
140,DOM GODFREY,8780,01:36:03,NZL,30-39,42,Male,120,01:36:03
141,PAUL TOPP,8052,01:36:11,AUS,40-49,28,Male,121,01:36:11
142,LIAM WICK,8221,01:36:12,NZL,20-29,38,Male,122,01:36:12
143,DION ALLEN,8674,01:36:16,AUS,20-29,39,Male,123,01:36:16
144,JOHN WALLACE,5573,01:36:16,NZL,60-69,3,Male,124,01:36:16
145,SAM ANDERS,3105,01:36:16,NZL,30-39,43,Male,125,01:36:16
146,WADE NOONAN,7477,01:36:22,AUS,50-59,9,Male,126,01:36:22
147,MATTHEW BARNES,8668,01:36:26,AUS,20-29,40,Male,127,01:36:26
148,SEB VAN DEN BOSCH,8095,01:36:39,NZL,20-29,41,Male,128,01:36:39
149,JARROD SCOTT,5195,01:36:41,NZL,40-49,29,Male,129,01:36:41
150,EDMUND HILDER,6772,01:36:41,NZL,20-29,42,Male,130,01:36:41
151,DANIEL ELLIS,8743,01:36:46,NZL,20-29,43,Male,131,01:36:46
152,HUGH BAGLEY,5837,01:36:51,NZL,40-49,30,Male,132,01:36:51
153,FERGUS FRAME,3884,01:36:52,NZL,20-29,44,Male,133,01:36:52
154,BROOKE WEIR,8186,01:36:54,NZL,16-19,2,Female,21,01:36:54
155,MITCHELL GRIFFIN,6665,01:36:56,NZL,20-29,45,Male,134,00:00:00
156,BLAKE SCHIMANSKI,8716,01:36:57,POL,20-29,46,Male,135,01:36:57
157,MATT GOULDING,9294,01:36:58,NZL,30-39,44,Male,136,01:36:58
158,WILL APPELMAN,5804,01:37:05,NZL,30-39,45,Male,137,01:37:05
159,STEVE CHAPMAN,6138,01:37:05,NZL,40-49,31,Male,138,01:37:05
160,KATHERINE SEWELL,7828,01:37:05,AUS,30-39,9,Female,22,01:37:05
161,NEIL JORGENSEN,4319,01:37:06,NZL,40-49,32,Male,139,01:37:06
162,STEPHEN BETHUNE,3234,01:37:08,NZL,40-49,33,Male,140,01:37:08
163,JEREMY HITCHINGS,4181,01:37:11,NZL,40-49,34,Male,141,01:37:11
164,HAYLEY STRAUSS,8853,01:37:11,NZL,30-39,10,Female,23,01:37:11
165,NICK SMYTH,7899,01:37:12,NZL,40-49,35,Male,142,01:37:12
166,BLAIR HANIFIN,4083,01:37:21,NZL,30-39,46,Male,143,01:37:21
167,JOSHUA TUNG,8589,01:37:24,AUS,30-39,47,Male,144,01:37:24
168,ETHAN YEO,8695,01:37:28,NZL,20-29,47,Male,145,01:37:28
169,DYLAN WELLS,8193,01:37:29,NZL,20-29,48,Male,146,01:37:29
170,JAMIE LOCK,7112,01:37:30,NZL,20-29,49,Male,147,01:37:30
171,JEREMY SOLAKOF,5292,01:37:31,NZL,30-39,48,Male,148,01:37:31
172,BRAM FODIE,6517,01:37:43,NZL,20-29,50,Male,149,01:37:43
173,MADDIE COCKBUN,3515,01:37:47,NZL,16-19,3,Female,24,01:37:47
174,MATTHEW GRACE,6640,01:37:50,NZL,40-49,36,Male,150,01:37:50
175,VON PAOLO GENETA,3954,01:37:50,NZL,20-29,51,Male,151,01:37:50
176,LIZ WOODWARD,9238,01:37:54,NZL,50-59,1,Female,25,01:37:54
177,DIANNE SMYTH,7898,01:37:56,NZL,40-49,5,Female,26,01:37:56
178,MATHEW MCQUEEN,8496,01:37:59,NZL,40-49,37,Male,152,01:37:59
179,HENRY IDIENS,4258,01:38:03,NZL,20-29,52,Male,153,01:38:03
180,SAM PARKER,4926,01:38:05,NZL,20-29,53,Male,154,01:38:05
181,MARTIN WILSON,8608,01:38:12,NZL,30-39,49,Male,155,01:38:12
182,HARTLEY HARE,4097,01:38:13,NZL,40-49,38,Male,156,01:38:13
183,PETER BURTON,6064,01:38:15,NZL,40-49,39,Male,157,01:38:15
184,KATIE ADAM,5761,01:38:20,NZL,30-39,11,Female,27,01:38:20
185,JOEL WILLETTS,8234,01:38:26,NZL,20-29,54,Male,158,01:38:26
186,CONNOR LIDSTONE,7085,01:38:27,NZL,20-29,55,Male,159,01:38:27
187,FINN CLEARY,8665,01:38:28,NZL,20-29,56,Male,160,01:38:28
188,CHRIS WHITE,5632,01:38:31,NZL,30-39,50,Male,161,01:38:31
189,ERIN PEARL,7561,01:38:32,AUS,30-39,12,Female,28,01:38:32
190,RYAN HANIFIN,8425,01:38:32,NZL,20-29,57,Male,162,01:38:32
191,BRUCE JOHNSTON,8453,01:38:34,NZL,40-49,40,Male,163,01:38:34
192,JOHN-PAUL TUNG,8588,01:38:34,AUS,40-49,41,Male,164,01:38:34
193,ALEJANDRO HOGAN-GRIFFIN,6788,01:38:38,AUS,20-29,58,Male,165,01:38:38
194,JOSHUA KIRK,7002,01:38:41,NZL,20-29,59,Male,166,01:38:41
195,JAY LEE,7065,01:38:42,NZL,30-39,51,Male,167,01:38:42
196,SALLY CURRIE,6294,01:38:45,NZL,30-39,13,Female,29,01:38:45
197,BARNABY LAMB,7033,01:38:46,NZL,30-39,52,Male,168,01:38:46
198,BEVAN THOMSON,8028,01:38:57,NZL,40-49,42,Male,169,01:38:57
199,THOMAS MCGEEVER,4632,01:38:57,NZL,30-39,53,Male,170,01:38:57
200,ROHIT PRASAD,5016,01:38:57,NZL,40-49,43,Male,171,01:38:57
201,MATTHEW PATTERSON,4947,01:39:01,NZL,16-19,5,Male,172,01:39:01
202,JOSH MEHRTENS,7310,01:39:02,NZL,20-29,60,Male,173,01:39:02
203,JARROD MCCARTHY,7225,01:39:03,NZL,20-29,61,Male,174,01:39:03
204,BENJAMIN LOCK,4499,01:39:04,GBR,20-29,62,Male,175,01:39:04
205,JAMES MCLAY,4667,01:39:12,NZL,30-39,54,Male,176,01:39:12
206,CHRISTOPHER KNOX,4386,01:39:14,NZL,30-39,55,Male,177,01:39:14
207,BROOKE COLBY,3518,01:39:17,AUS,30-39,14,Female,30,01:39:17
208,NIALL MORRISON,4771,01:39:17,NZL,20-29,63,Male,178,01:39:17
209,JASON EICHSTAEDT,3778,01:39:23,NZL,30-39,56,Male,179,01:39:23
210,MATTHEW BECK,3207,01:39:25,NZL,20-29,64,Male,180,01:39:25
211,WALTER LETTINK,4457,01:39:29,NZL,40-49,44,Male,181,01:39:29
212,BEN HAMILTON,4065,01:39:30,NZL,30-39,57,Male,182,01:39:30
213,AARON MENZIES,4701,01:39:33,NZL,30-39,58,Male,183,01:39:33
214,DAVID AUSTIN,8720,01:39:33,AUS,30-39,59,Male,184,01:39:33
215,KENDALL VAUGHAN,5534,01:39:34,NZL,20-29,8,Female,31,01:39:34
216,BRENDAN VU,8620,01:39:34,AUS,40-49,45,Male,185,01:39:34
217,WILLIAM DICKEY,6357,01:39:38,NZL,20-29,65,Male,186,01:39:38
218,RYAN NICHOLSON,7466,01:39:45,NZL,20-29,66,Male,187,01:39:45
219,AIDAN DUNN,6413,01:39:53,NZL,20-29,67,Male,188,01:39:53
220,LUKE MARSHALL,4578,01:39:59,NZL,40-49,46,Male,189,01:39:59
221,JONO ELLIS,6459,01:40:03,NZL,20-29,68,Male,190,01:40:03
222,DANIEL THOMSON,8029,01:40:04,NZL,30-39,60,Male,191,01:40:04
223,BRENDAIN HENNESSY,8840,01:40:05,NZL,20-29,69,Male,192,01:40:05
224,EMMA MOFFET,7363,01:40:08,AUS,30-39,15,Female,32,01:40:08
225,DANNIELLE JONES,8834,01:40:08,NZL,20-29,9,Female,33,01:40:08
226,CAMPBELL-KIRK KAWANA-WAUGH,4327,01:40:09,NZL,30-39,61,Male,193,01:40:09
227,MATHEW MULLANY,7410,01:40:11,NZL,30-39,62,Male,194,01:40:11
228,BEN CLARK,6168,01:40:14,NZL,30-39,63,Male,195,01:40:14
229,HILARY PARKER,7532,01:40:14,NZL,30-39,16,Female,34,01:40:14
230,LACHLAN BRUCE,6037,01:40:20,NZL,16-19,6,Male,196,01:40:20
231,JOSH HALL,4057,01:40:22,NZL,30-39,64,Male,197,01:40:22
232,ANTHONY MARTIN,4579,01:40:25,IRL,30-39,65,Male,198,01:40:25
233,TEGAN TREMBATH,8062,01:40:28,AUS,30-39,17,Female,35,01:40:28
234,JOHN GALLIGAN,6570,01:40:29,AUS,30-39,66,Male,199,01:40:29
235,HAMISH COOKE,3546,01:40:29,NZL,20-29,70,Male,200,01:40:29
236,HELENA CAIRNEY,6081,01:40:31,AUS,40-49,6,Female,36,01:40:31
237,GORDON EDWARDS,3774,01:40:32,NZL,30-39,67,Male,201,01:40:32
238,JAKE JARMAN,6885,01:40:33,NZL,20-29,71,Male,202,01:40:33
239,REID HASTIE,4118,01:40:34,NZL,20-29,72,Male,203,01:40:34
240,LOGAN STEVENS,7937,01:40:37,NZL,30-39,68,Male,204,01:40:37
241,BEVAN PRATT,7627,01:40:39,NZL,50-59,10,Male,205,01:40:39
242,ANGELA CLARK,8628,01:40:40,NZL,50-59,2,Female,37,01:40:40
243,MEG THOMPSON,8025,01:40:44,NZL,20-29,10,Female,38,01:40:44
244,JASON MACDONALD,7138,01:40:46,NZL,40-49,47,Male,206,01:40:46
245,TOM BARKER,5867,01:40:47,GBR,30-39,69,Male,207,01:40:47
246,LOUISE DINGLEY,3693,01:40:48,NZL,40-49,7,Female,39,01:40:48
247,NICHOLAS DRAHEIM,8394,01:40:54,AUS,30-39,70,Male,208,01:40:54
248,PHILIP HULCOME,6844,01:40:55,AUS,30-39,71,Male,209,01:40:55
249,MANU MISKELL,7347,01:40:57,NZL,40-49,48,Male,210,01:40:57
250,YOUNG ROH JANG,6883,01:40:58,NZL,30-39,72,Male,211,01:40:58
251,ROBERT LONIE,7118,01:41:01,NZL,30-39,73,Male,212,01:41:01
252,KALEB HUNT-WHEELER,8445,01:41:07,NZL,20-29,73,Male,213,01:41:07
253,JOSIE WILLIAMSON,8248,01:41:08,NZL,20-29,11,Female,40,01:41:08
254,ONDRE HAPUKU-LAMBERT,6705,01:41:11,NZL,20-29,74,Male,214,01:41:11
255,TOM RENTON,7692,01:41:21,NZL,20-29,75,Male,215,01:41:21
256,NICOLA WHALLEY,5619,01:41:23,NZL,50-59,3,Female,41,01:41:23
257,CARL DYET,8851,01:41:23,NZL,40-49,49,Male,216,01:41:23
258,MICHAELA KELLY,8461,01:41:24,NZL,40-49,8,Female,42,01:41:24
259,STORM DAY,6328,01:41:27,NZL,40-49,9,Female,43,01:41:27
260,AARON HILL,8434,01:41:28,NZL,30-39,74,Male,217,01:41:28
261,OLIVIA LOBB,4497,01:41:37,NZL,20-29,12,Female,44,01:41:37
262,GERARDO CARBENAS,8680,01:41:37,MEX,30-39,75,Male,218,01:41:37
263,RICHARD STOTHART,7955,01:41:46,NZL,20-29,76,Male,219,01:41:46
264,SELAMET RIYADI,7713,01:41:49,AUS,40-49,50,Male,220,01:41:49
265,CAMPBELL MCNEILL,4680,01:41:49,NZL,30-39,76,Male,221,01:41:49
266,CALLUM AIRLIE,5773,01:41:50,GBR,20-29,77,Male,222,01:41:50
267,ANNALISE OGG,4885,01:41:58,NZL,16-19,4,Female,45,01:41:58
268,NATHAN HURST,4246,01:42:02,NZL,40-49,51,Male,223,01:42:02
269,PATRICK BRAY,3314,01:42:09,NZL,30-39,77,Male,224,01:42:09
270,NATHAN KEYS,6983,01:42:10,NZL,30-39,78,Male,225,01:42:10
271,ANDREW FINNIGAN,3851,01:42:18,NZL,40-49,52,Male,226,01:42:18
272,MATT O'CALLAGHAN,7489,01:42:18,NZL,20-29,78,Male,227,01:42:18
273,TIM AULD,5832,01:42:20,NZL,20-29,79,Male,228,01:42:20
274,ANDREW LEONARD,4452,01:42:22,GBR,40-49,53,Male,229,01:42:22
275,BRADLEY CONNAGHAN,8735,01:42:23,NZL,20-29,80,Male,230,01:42:23
276,SAM BRAME,6009,01:42:31,NZL,20-29,81,Male,231,01:42:31
277,MARC BISHARA,5948,01:42:33,NZL,50-59,11,Male,232,01:42:33
278,MATT BATEMAN,3194,01:42:34,NZL,30-39,79,Male,233,01:42:34
279,MARCUS MARQUES,8752,01:42:36,BRA,30-39,80,Male,234,01:42:36
280,NARELLE DENMEAD,3680,01:42:36,NZL,30-39,18,Female,46,01:42:36
281,MARK HOURIGAN,6823,01:42:44,NZL,50-59,12,Male,235,01:42:44
282,BENJAMIN KING,6994,01:42:45,NZL,50-59,13,Male,236,01:42:45
283,ROBBIE HARLOW,6713,01:42:47,NZL,30-39,81,Male,237,01:42:47
284,EMMA SIMPSON,7858,01:42:49,AUS,30-39,19,Female,47,01:42:49
285,JEFF COOPER,8686,01:42:51,AUS,50-59,14,Male,238,01:42:51
286,DAMIEN WEDERELL,5611,01:42:51,NZL,30-39,82,Male,239,01:42:51
287,MEGAN SMITH,5280,01:42:52,NZL,30-39,20,Female,48,01:42:52
288,JASON BOYTE,6001,01:42:53,NZL,40-49,54,Male,240,01:42:53
289,JACK ADDY,3079,01:42:57,NZL,20-29,82,Male,241,01:42:57
290,TAMMY WRIGHT,8293,01:42:58,NZL,40-49,10,Female,49,01:42:58
291,TERESA BLACKMORE,3253,01:42:58,NZL,40-49,11,Female,50,01:42:58
292,FABIEN BREUILLE,3317,01:42:58,FRA,30-39,83,Male,242,01:42:58
293,REGAN CONNELL,3536,01:42:59,NZL,30-39,84,Male,243,01:42:59
294,DARIO SPALLOTTA,7908,01:42:59,ITA,40-49,55,Male,244,01:42:59
295,JODI BURTON,8359,01:42:59,NZL,20-29,13,Female,51,01:42:59
296,CRAIG BUCKLE,3372,01:43:04,NZL,50-59,15,Male,245,01:43:04
297,SAM GRUAR,4044,01:43:05,NZL,40-49,56,Male,246,01:43:05
298,STEVEN KIM,4366,01:43:05,AUS,30-39,85,Male,247,01:43:05
299,JACK REID,8655,01:43:05,NZL,20-29,83,Male,248,01:43:05
300,TIM SHAWCROSS,8556,01:43:05,NZL,40-49,57,Male,249,01:43:05
301,TIM GOOM,8417,01:43:06,NZL,40-49,58,Male,250,01:43:06
302,MITCHELL MAHON,7163,01:43:06,NZL,20-29,84,Male,251,01:43:06
303,ALEISHA WILLIAMS,8724,01:43:07,NZL,20-29,14,Female,52,01:43:07
304,VINCENT BOOIMAN,5985,01:43:12,NZL,30-39,86,Male,252,01:43:12
305,HAYLEY WILKIN,8226,01:43:15,NZL,30-39,21,Female,53,01:43:15
306,BENJAMIN MCCOLGAN,7231,01:43:16,NZL,20-29,85,Male,253,01:43:16
307,BEN PATTISON,8832,01:43:16,NZL,30-39,87,Male,254,01:43:16
308,ETHAN DEMPSEY,8644,01:43:20,NZL,20-29,86,Male,255,01:43:20
309,SUSAN COLLINS,3532,01:43:20,NZL,30-39,22,Female,54,01:43:20
310,PAUL DINGLEY,3694,01:43:23,NZL,50-59,16,Male,256,01:43:23
311,SIMON PARENTEAU,7528,01:43:23,CAN,30-39,88,Male,257,01:43:23
312,TENILLE JEVON,3057,01:43:26,NZL,30-39,23,Female,55,01:43:26
313,RICHARD ELLIS,3789,01:43:28,NZL,40-49,59,Male,258,01:43:28
314,JAMES JOHNSON,6911,01:43:30,NZL,30-39,89,Male,259,01:43:30
315,DEAN MADSEN,4550,01:43:30,NZL,40-49,60,Male,260,01:43:30
316,ANNA-MARIE DALE,6302,01:43:33,GBR,20-29,15,Female,56,01:43:33
317,ANGUS EVERETT,3811,01:43:36,NZL,40-49,61,Male,261,01:43:36
318,JOSH KELLY,4340,01:43:36,NZL,20-29,87,Male,262,01:43:36
319,LUKESH KIDD,6987,01:43:38,NZL,20-29,88,Male,263,01:43:38
320,LOUIS O'FAHERTY,4883,01:43:38,IRL,30-39,90,Male,264,01:43:38
321,JAYDEN THOMSON,8030,01:43:43,NZL,30-39,91,Male,265,01:43:43
322,BRIAN DUNBAR,3747,01:43:43,NZL,40-49,62,Male,266,01:43:43
323,DARREN SIMPSON,7857,01:43:45,AUS,30-39,92,Male,267,01:43:45
324,ADAM GEEKIE,3945,01:43:46,NZL,30-39,93,Male,268,01:43:46
325,RICHARD LITTLE,4491,01:43:47,NZL,30-39,94,Male,269,01:43:47
326,GREG BRANKS,6012,01:43:48,NZL,30-39,95,Male,270,01:43:48
327,MICHEAL DUNN,6414,01:43:48,NZL,40-49,63,Male,271,01:43:48
328,JARED PLUMRIDGE,5002,01:43:52,NZL,40-49,64,Male,272,01:43:52
329,SAMUEL MANDERS,4561,01:43:53,NZL,16-19,7,Male,273,01:43:53
330,LEWIS WILLIAMS,8240,01:44:01,NZL,40-49,65,Male,274,01:44:01
331,CAM LANGSFORD,8755,01:44:03,NZL,40-49,66,Male,275,01:44:03
332,GRAHAM SINNAMON,5256,01:44:04,NZL,50-59,17,Male,276,01:44:04
333,LUCAS MARTIN,7188,01:44:05,NZL,20-29,89,Male,277,01:44:05
334,JESS TAYLOR,8001,01:44:05,NZL,20-29,16,Female,57,01:44:05
335,LACHIE WATSON,5597,01:44:11,NZL,20-29,90,Male,278,01:44:11
336,MARK HOLDSWORTH,4204,01:44:11,NZL,40-49,67,Male,279,01:44:11
337,KATELYN MANSON,7172,01:44:17,NZL,20-29,17,Female,58,01:44:17
338,KEELEIGH JONES,4313,01:44:20,NZL,20-29,18,Female,59,01:44:20
339,LUKE GEMMELL,3952,01:44:25,NZL,20-29,91,Male,280,01:44:25
340,HAIDEE PARRY,7537,01:44:26,NZL,40-49,12,Female,60,01:44:26
341,DANIEL NORRIS,4855,01:44:27,NZL,20-29,92,Male,281,01:44:27
342,RYAN SLADE,7868,01:44:30,NZL,20-29,93,Male,282,01:44:30
343,SAMUEL RENDEL,7689,01:44:31,NZL,20-29,94,Male,283,01:44:31
344,DAVIN BAILEY,5840,01:44:31,AUS,40-49,68,Male,284,01:44:31
345,ETHAN HOURIGAN,6824,01:44:33,NZL,20-29,95,Male,285,01:44:33
346,YIRU ROCKY HUANG,6833,01:44:35,AUS,30-39,96,Male,286,01:44:35
347,CAMILLA STEWART,7942,01:44:36,NZL,30-39,24,Female,61,01:44:36
348,WARREN KEARNEY,4331,01:44:45,NZL,30-39,97,Male,287,01:44:45
349,NICK COURNANE,6242,01:44:47,NZL,40-49,69,Male,288,01:44:47
350,OSKAR WARD,8801,01:44:47,NZL,20-29,96,Male,289,01:44:47
351,DOMINIQUE MCCARTNEY,7226,01:44:47,NZL,30-39,25,Female,62,01:44:47
352,ANNABEL GOULDING,6633,01:44:49,NZL,30-39,26,Female,63,01:44:49
353,MITCH COOPER,6227,01:44:50,NZL,30-39,98,Male,290,01:44:50
354,GEOFFREY LEGG,4444,01:44:54,NZL,50-59,18,Male,291,01:44:54
355,ISABEL CLARKE,6175,01:45:00,NZL,20-29,19,Female,64,01:45:00
356,ANDREW FRAGOS,6532,01:45:02,AUS,40-49,70,Male,292,01:45:02
357,JASON LOVERIDGE,3032,01:45:02,NZL,40-49,71,Male,293,01:45:02
358,MAX PHILLIPS,4981,01:45:07,NZL,20-29,97,Male,294,01:45:07
359,NIGEL ATHERFOLD,3145,01:45:11,NZL,50-59,19,Male,295,01:45:11
360,RYAN BOUNDY,3294,01:45:12,NZL,30-39,99,Male,296,01:45:12
361,BRIGID KELLY,6959,01:45:14,AUS,20-29,20,Female,65,01:45:14
362,HUW JONES,6927,01:45:19,AUS,50-59,20,Male,297,01:45:19
363,KRIS LODGE,7113,01:45:20,NZL,40-49,72,Male,298,01:45:20
364,JOHN TRUMAN,8069,01:45:20,AUS,50-59,21,Male,299,01:45:20
365,EMILY CARR,6105,01:45:25,AUS,20-29,21,Female,66,01:45:25
366,MARG CLARKE,8732,01:45:29,NZL,50-59,4,Female,67,01:45:29
367,DANIEL LAWS,7056,01:45:30,NZL,30-39,100,Male,300,01:45:30
368,SIOBHAN HODSON,4197,01:45:32,NZL,20-29,22,Female,68,01:45:32
369,SAM TROWSDALE,8068,01:45:34,NZL,40-49,73,Male,301,01:45:34
370,LOUISE TREVENA,8064,01:45:35,NZL,30-39,27,Female,69,01:45:35
371,JOYCE WAKELIN,5562,01:45:35,NZL,30-39,28,Female,70,01:45:35
372,RYAN EARWAKER,3767,01:45:36,NZL,20-29,98,Male,302,01:45:36
373,AIMEE HALL,4055,01:45:47,NZL,30-39,29,Female,71,01:45:47
374,JOSEPH ARCHER,3125,01:45:49,NZL,20-29,99,Male,303,01:45:49
375,LAI LAI,7029,01:45:50,NZL,40-49,74,Male,304,01:45:50
376,KELLY GARRARD,6585,01:45:57,AUS,30-39,30,Female,72,01:45:57
377,JEFF OLIVER,4893,01:46:00,NZL,40-49,75,Male,305,01:46:00
378,JAK AGGER,5767,01:46:03,NZL,20-29,100,Male,306,01:46:03
379,NEAL GLENISTER,3978,01:46:03,AUS,40-49,76,Male,307,01:46:03
380,BEN WATERWORTH,8166,01:46:05,AUS,30-39,101,Male,308,01:46:05
381,DAVE TYRRELL,5510,01:46:11,NZL,60-69,4,Male,309,01:46:11
382,SHAWN RICHARDS,7698,01:46:11,NZL,20-29,101,Male,310,01:46:11
383,SOPHIE EVANS,6473,01:46:11,NZL,20-29,23,Female,73,01:46:11
384,VIKKI BLAND,3261,01:46:11,NZL,50-59,5,Female,74,01:46:11
385,PATRICK PHELPS,7584,01:46:13,NZL,20-29,102,Male,311,01:46:13
386,SAM MACDONALD,8476,01:46:14,NZL,20-29,24,Female,75,01:46:14
387,CLAIRE LILLY,7091,01:46:15,GBR,30-39,31,Female,76,01:46:15
388,RICHARD BROWN,6033,01:46:17,NZL,40-49,77,Male,312,01:46:17
389,DEV THORNTON,5443,01:46:18,NZL,20-29,103,Male,313,01:46:18
390,AVI HOLZAPFEL,6809,01:46:24,NZL,60-69,5,Male,314,01:46:24
391,MATT STEVENSON,7939,01:46:25,NZL,20-29,104,Male,315,01:46:25
392,CAMILO OCHOA,8776,01:46:28,COL,30-39,102,Male,316,01:46:28
393,CARLENE BLACKWELL,5957,01:46:28,NZL,30-39,32,Female,77,01:46:28
394,GRACE WEARNE,8182,01:46:30,AUS,20-29,25,Female,78,01:46:30
395,CARA DAVIS,6318,01:46:30,NZL,20-29,26,Female,79,01:46:30
396,SAM DAVIS,8816,01:46:31,NZL,16-19,8,Male,317,01:46:31
397,ELLIE RUSSELL,7762,01:46:32,NZL,20-29,27,Female,80,01:46:32
398,GEMMA RHYND,7694,01:46:32,NZL,30-39,33,Female,81,01:46:32
399,IZABELLE INGRAM,6860,01:46:36,NZL,20-29,28,Female,82,01:46:36
400,DYLAN MAHON,7161,01:46:36,NZL,20-29,105,Male,318,01:46:36
401,WILL MCALLISTER,4604,01:46:37,NZL,20-29,106,Male,319,01:46:37
402,STU BRYCE,3369,01:46:40,NZL,40-49,78,Male,320,00:00:00
403,JOANNA MUTU,7428,01:46:42,NZL,20-29,29,Female,83,01:46:42
404,ZAHRA ABEYSEKERA,5756,01:46:42,NZL,16-19,5,Female,84,01:46:42
405,KAIJA SCHMIDT,7795,01:46:43,NZL,20-29,30,Female,85,01:46:43
406,JESS SMITH,7882,01:46:43,NZL,20-29,31,Female,86,01:46:43
407,SARAH-JANE DUNCAN,3750,01:46:47,NZL,40-49,13,Female,87,01:46:47
408,ALEX WORKER,2262,01:46:49,NZL,30-39,103,Male,321,01:46:49
409,BRENT WOOLHOUSE,8285,01:46:53,NZL,30-39,104,Male,322,01:46:53
410,RYAN CRUMP,6285,01:46:55,NZL,16-19,9,Male,323,01:46:55
411,KAT WEBBER,5606,01:46:56,NZL,40-49,14,Female,88,01:46:56
412,LARA MCCORMICK,7233,01:46:56,NZL,20-29,32,Female,89,01:46:56
413,ANGUS GRAY,6646,01:47:01,AUS,30-39,105,Male,324,01:47:01
414,NICHOLAS VERNON,8111,01:47:04,NZL,30-39,106,Male,325,01:47:04
415,TIM HORNER,4218,01:47:10,NZL,30-39,107,Male,326,01:47:10
416,MARK ROBINSON,7730,01:47:18,NZL,40-49,79,Male,327,01:47:18
417,JOANNE LEE,3029,01:47:20,NZL,30-39,34,Female,90,01:47:20
418,DOLAN BRUMBY,3365,01:47:20,NZL,40-49,80,Male,328,01:47:20
419,JIM STEEL,7928,01:47:21,AUS,40-49,81,Male,329,01:47:21
420,ROSIE TAYLOR,5402,01:47:23,NZL,30-39,35,Female,91,01:47:23
421,PATRICK HAYES,6743,01:47:24,NZL,20-29,107,Male,330,01:47:24
422,LEON KARSTENS,6948,01:47:27,AUS,20-29,108,Male,331,01:47:27
423,PETER FULLERTON- SMITH,3910,01:47:27,NZL,40-49,82,Male,332,01:47:27
424,ROB BERRILL,3229,01:47:29,NZL,40-49,83,Male,333,01:47:29
425,HAYDEN FINDLAY,3846,01:47:29,NZL,30-39,108,Male,334,01:47:29
426,STEVEN TRAVIS,8058,01:47:31,AUS,50-59,22,Male,335,01:47:31
427,MATTHEW ANDERSON,8842,01:47:33,NZL,40-49,84,Male,336,01:47:33
428,EVA MAYA LLOYD,4495,01:47:33,NZL,20-29,33,Female,92,01:47:33
429,MATTHEW BENTON,3226,01:47:35,NZL,20-29,109,Male,337,01:47:35
430,KATRINA PATTERSON,7553,01:47:39,NZL,30-39,36,Female,93,01:47:39
431,BEN JOHNSON,6908,01:47:39,NZL,20-29,110,Male,338,01:47:39
432,SAM KING,6995,01:47:40,NZL,30-39,109,Male,339,01:47:40
433,SCOTT HAWKINS,6737,01:47:40,AUS,40-49,85,Male,340,01:47:40
434,JOHN PAUL BICERRA,5935,01:47:44,PHL,40-49,86,Male,341,01:47:44
435,JACK LUDEMANN,4518,01:47:45,NZL,20-29,111,Male,342,01:47:45
436,ANNA WISHART,8276,01:47:46,NZL,20-29,34,Female,94,01:47:46
437,MILAN BONKOVICH,3279,01:47:46,TON,20-29,112,Male,343,01:47:46
438,CAMERON PORTER,5009,01:47:47,NZL,20-29,113,Male,344,01:47:47
439,JACQUI STEVENS,9205,01:47:52,NZL,50-59,6,Female,95,01:47:52
440,JULIE HALL,4058,01:47:54,AUS,40-49,15,Female,96,01:47:54
441,ISAAC TRANTER-ENTWISTLE,8057,01:47:56,NZL,30-39,110,Male,345,01:47:56
442,AARON IRVINE,4267,01:47:57,NZL,50-59,23,Male,346,01:47:57
443,ROBERT MITCHELL,8501,01:47:59,AUS,50-59,24,Male,347,01:47:59
444,KARMEN DE WET,3660,01:47:59,NZL,20-29,35,Female,97,01:47:59
445,HUANGHUA LUO,7131,01:47:59,CHN,40-49,87,Male,348,01:47:59
446,SIMON CORNTHWAITE,6231,01:47:59,NZL,30-39,111,Male,349,01:47:59
447,CORINNA ATKINSON,8809,01:48:00,DEU,50-59,7,Female,98,01:48:00
448,MASON HERBERT,6763,01:48:00,NZL,20-29,114,Male,350,01:48:00
449,NICK BONE,3277,01:48:00,NZL,20-29,115,Male,351,01:48:00
450,CAMERON WINEFIELD,8271,01:48:01,NZL,20-29,116,Male,352,01:48:01
451,MICHAEL HOGAN,6787,01:48:03,NZL,20-29,117,Male,353,01:48:03
452,MIA TRUSCOTT,5484,01:48:08,NZL,30-39,37,Female,99,01:48:08
453,SAM NEILSON,7448,01:48:09,GBR,30-39,112,Male,354,01:48:09
454,RILEY MCLAY,8742,01:48:10,NZL,20-29,118,Male,355,01:48:10
455,GERRY TOFT,8049,01:48:12,NZL,20-29,119,Male,356,01:48:12
456,CHRIS BAINES,5847,01:48:14,GBR,30-39,113,Male,357,01:48:14
457,TIM GRAHAM,4009,01:48:14,NZL,50-59,25,Male,358,01:48:14
458,PETE RITCHIE,5092,01:48:16,NZL,50-59,26,Male,359,01:48:16
459,BRADLEY FREEMAN,3894,01:48:16,NZL,40-49,88,Male,360,01:48:16
460,KENDALL BEALE,3201,01:48:16,NZL,20-29,36,Female,100,01:48:16
461,LUKE GORDON,3995,01:48:18,NZL,40-49,89,Male,361,01:48:18
462,MORGAN DILL,6358,01:48:18,NZL,30-39,114,Male,362,01:48:18
463,MICKAEL KETELSLEGERS,6982,01:48:18,FRA,30-39,115,Male,363,01:48:18
464,PHILL CLAFFEY,6166,01:48:19,NZL,30-39,116,Male,364,01:48:19
465,OLIVER HOURIGAN,6826,01:48:19,NZL,16-19,10,Male,365,01:48:19
466,JACK LINDO,7094,01:48:20,NZL,20-29,120,Male,366,01:48:20
467,THOMAS ABERNETHY,3065,01:48:21,NZL,30-39,117,Male,367,01:48:21
468,CHRIS SEELEY,5204,01:48:21,NZL,60-69,6,Male,368,01:48:21
469,KENDYL EMORFOPOULOS,6460,01:48:23,AUS,30-39,38,Female,101,01:48:23
470,BEN PRINCEHORN,7641,01:48:23,AUS,40-49,90,Male,369,01:48:23
471,SOPHELIA HOOK,6813,01:48:24,NZL,20-29,37,Female,102,01:48:24
472,MESSY ERCEG,6464,01:48:26,NZL,20-29,38,Female,103,01:48:26
473,AHLIA HICKS,6770,01:48:28,NZL,20-29,39,Female,104,01:48:28
474,JAMES POTTER,7617,01:48:29,NZL,30-39,118,Male,370,01:48:29
475,SOLOMON BALDOCK,8757,01:48:31,NZL,20-29,121,Male,371,01:48:31
476,ZACH LILBURNE,7086,01:48:31,NZL,20-29,122,Male,372,01:48:31
477,RAVI JAYANETHTHI,8662,01:48:32,NZL,30-39,119,Male,373,01:48:32
478,STEPHEN COOPER,3560,01:48:33,NZL,50-59,27,Male,374,01:48:33
479,ANGUS SCOTT,7811,01:48:33,NZL,50-59,28,Male,375,01:48:33
480,EDDIE LEATHERS,7059,01:48:33,AUS,50-59,29,Male,376,01:48:33
481,AUBREY BLOOMFIELD,5972,01:48:34,NZL,30-39,120,Male,377,01:48:34
482,RUBY SULLIVAN,8866,01:48:35,NZL,20-29,40,Female,105,01:48:35
483,KELLY SMITH,8561,01:48:36,NZL,40-49,91,Male,378,01:48:36
484,JAZZMIN BLEEKER,5965,01:48:38,NZL,30-39,39,Female,106,01:48:38
485,FERNANDO GUTIERREZ,4048,01:48:39,CHL,30-39,121,Male,379,01:48:39
486,REBECCA LILLY,7090,01:48:40,GBR,30-39,40,Female,107,01:48:40
487,MEG BEAMISH,5890,01:48:43,NZL,30-39,41,Female,108,01:48:43
488,SAM DIPPIE,3695,01:48:45,NZL,20-29,123,Male,380,01:48:45
489,BRETT WATSON,8168,01:48:45,NZL,40-49,92,Male,381,01:48:45
490,HELEN HALL-KING,6692,01:48:46,NZL,50-59,8,Female,109,01:48:46
491,BLAIR ENSOR,3796,01:48:47,NZL,30-39,122,Male,382,01:48:47
492,KRIS WILLIAMS,8238,01:48:48,NZL,40-49,93,Male,383,01:48:48
493,MYLES SMITH,5281,01:48:51,NZL,40-49,94,Male,384,01:48:51
494,SOPHIE REES,7681,01:48:54,NZL,20-29,41,Female,110,01:48:54
495,DEWALT VENTER,8594,01:48:55,NZL,40-49,95,Male,385,01:48:55
496,JOSH CHAPMAN,6137,01:48:56,NZL,30-39,123,Male,386,01:48:56
497,JONATHAN KEMP,4346,01:48:56,NZL,50-59,30,Male,387,01:48:56
498,ALISTAIR RICKERBY,5078,01:48:58,NZL,30-39,124,Male,388,01:48:58
499,JARED WESTON,8202,01:48:59,NZL,20-29,124,Male,389,01:48:59
500,BEVAN CLARKE,3494,01:48:59,NZL,40-49,96,Male,390,01:48:59
501,SIMON DEAKER,3666,01:49:00,NZL,40-49,97,Male,391,01:49:00
502,LISA WHELAN,5628,01:49:02,IRL,30-39,125,Male,392,01:49:02
503,ALAN GOULDING,4001,01:49:03,NZL,70+,1,Male,393,01:49:03
504,MELISSA MCFARLANE,7246,01:49:06,NZL,30-39,42,Female,111,01:49:06
505,THOMASINA LOEFFEN,4501,01:49:07,NZL,20-29,42,Female,112,01:49:07
506,LEVI PRENTICE,7631,01:49:08,NZL,20-29,125,Male,394,01:49:08
507,THOMAS PEDLEY,4956,01:49:08,GBR,20-29,126,Male,395,01:49:08
508,OWEN LENIHAN,8470,01:49:09,NZL,60-69,7,Male,396,01:49:09
509,BRIAN O'KEEFFE,7498,01:49:09,IRL,30-39,126,Male,397,01:49:09
510,BLAKE MCGUIGAN,8698,01:49:09,NZL,20-29,127,Male,398,01:49:09
511,RICHARD BOYD,5997,01:49:11,NZL,30-39,127,Male,399,01:49:11
512,LAURIE GRAY,4018,01:49:15,NZL,40-49,16,Female,113,01:49:15
513,JAY VAN DEN AREND,5520,01:49:15,NZL,20-29,128,Male,400,01:49:15
514,HAMISH BENNETT,5924,01:49:17,NZL,40-49,98,Male,401,01:49:17
515,CAMPBELL MORROW,7399,01:49:18,NZL,20-29,129,Male,402,01:49:18
516,JEREMY WHEELER,8602,01:49:19,NZL,40-49,99,Male,403,01:49:19
517,JAMES WALLACE,8744,01:49:21,NZL,30-39,128,Male,404,01:49:21
518,JONATHAN LEWIS,7079,01:49:21,NZL,30-39,129,Male,405,01:49:21
519,JORDAN TREANOR,5475,01:49:22,NZL,20-29,130,Male,406,01:49:22
520,DANIEL DOWDLE,6387,01:49:22,NZL,30-39,130,Male,407,01:49:22
521,CAROLINE RAYNES,5050,01:49:22,NZL,40-49,17,Female,114,01:49:22
522,MARK ZIOLO,8322,01:49:23,NZL,50-59,31,Male,408,01:49:23
523,KATE GARLAND,6582,01:49:24,NZL,16-19,6,Female,115,01:49:24
524,JONATHAN SUNDERLAND,8895,01:49:26,NZL,20-29,131,Male,409,01:49:26
525,MATT NIELSEN-JONES,7468,01:49:33,NZL,30-39,131,Male,410,01:49:33
526,LIZ EDLIN,6439,01:49:34,NZL,40-49,18,Female,116,01:49:34
527,CRAIG COGHLAN,6191,01:49:35,AUS,40-49,100,Male,411,01:49:35
528,JESSICA PETTERSSON,4978,01:49:35,NZL,40-49,19,Female,117,01:49:35
529,JAMES BRAGG,3308,01:49:38,NZL,20-29,132,Male,412,01:49:38
530,TIM GUNN,8422,01:49:39,NZL,40-49,101,Male,413,01:49:39
531,CASEY BOSTON,8352,01:49:42,AUS,30-39,132,Male,414,01:49:42
532,WILLIAM BREWER,3318,01:49:44,NZL,40-49,102,Male,415,01:49:44
533,PAUL PASCOE,7542,01:49:44,NZL,40-49,103,Male,416,01:49:44
534,MOLLY GOODISSON,6626,01:49:47,NZL,20-29,43,Female,118,01:49:47
535,GWEN PINCHES,7594,01:49:48,NZL,30-39,43,Female,119,01:49:48
536,MICHAEL WINTER,5698,01:49:54,NZL,30-39,133,Male,417,01:49:54
537,MEL WARHURST,8162,01:49:54,NZL,20-29,44,Female,120,01:49:54
538,SEAH TAYLOR,5401,01:49:55,NZL,30-39,44,Female,121,01:49:55
539,MICHAEL BAINES,5846,01:49:56,AUS,40-49,104,Male,418,01:49:56
540,NICOLE FRYKBERG,6556,01:49:56,AUS,50-59,9,Female,122,01:49:56
541,CLIVE ORMEROD,7511,01:49:56,NZL,40-49,105,Male,419,01:49:56
542,ELLENNA PRITCHARD,8884,01:49:59,NZL,20-29,45,Female,123,01:49:59
543,DAVID BUSTAMANTE B,6067,01:50:00,COL,30-39,134,Male,420,01:50:00
544,HARRIET GRIBBIN,6663,01:50:01,GBR,20-29,46,Female,124,01:50:01
545,NATHAN LI,8667,01:50:01,NZL,40-49,106,Male,421,01:50:01
546,JOSH KELLY,8822,01:50:02,NZL,20-29,133,Male,422,01:50:02
547,THOMAS GAVAGHAN,6589,01:50:03,GBR,30-39,135,Male,423,01:50:03
548,CHLOE DUNLOP,6411,01:50:04,GBR,20-29,47,Female,125,01:50:04
549,DANIEL KYLE,7025,01:50:04,NZL,30-39,136,Male,424,01:50:04
550,KAISA KENTALA,4354,01:50:05,FIN,30-39,45,Female,126,01:50:05
551,DOUG COTTER,6234,01:50:05,NZL,50-59,32,Male,425,01:50:05
552,SARAH FAHY,8719,01:50:05,NZL,40-49,20,Female,127,01:50:05
553,MEGAN GRIMMOND,4038,01:50:07,NZL,20-29,48,Female,128,01:50:07
554,IAN WALKER,8137,01:50:07,NZL,60-69,8,Male,426,01:50:07
555,WILLIAM PARANTHOIENE,4919,01:50:08,NZL,20-29,134,Male,427,01:50:08
556,KRISTIE AH KUOI,3083,01:50:09,NZL,30-39,46,Female,129,01:50:09
557,STEVE LYNSKEY,4528,01:50:09,NZL,50-59,33,Male,428,01:50:09
558,JAMES LEWIS,4465,01:50:11,NZL,30-39,137,Male,429,01:50:11
559,AIDAN WINTER,5696,01:50:13,NZL,40-49,107,Male,430,01:50:13
560,WILLIAM COOK,6220,01:50:13,NZL,20-29,135,Male,431,01:50:13
561,SARAH O'GRADY,7496,01:50:14,NZL,20-29,49,Female,130,01:50:14
562,KENNEDY CROWTHER,8877,01:50:14,NZL,20-29,50,Female,131,01:50:14
563,JOSH LENNOX,7070,01:50:15,NZL,20-29,136,Male,432,01:50:15
564,TRACEY KING,8634,01:50:16,AUS,50-59,10,Female,132,01:50:16
565,IVAN ENGLE,6463,01:50:17,ZAF,30-39,138,Male,433,01:50:17
566,GREG CAMBURN,8762,01:50:17,NZL,50-59,34,Male,434,01:50:17
567,KATIE REED,3041,01:50:18,NZL,20-29,51,Female,133,01:50:18
568,STEVEN FU,6557,01:50:21,NZL,30-39,139,Male,435,01:50:21
569,RAFFERTY CAULFIELD,6121,01:50:22,AUS,16-19,11,Male,436,01:50:22
570,CALEB HIGHAM,4168,01:50:22,NZL,30-39,140,Male,437,01:50:22
571,BEN PASKINS,7543,01:50:22,AUS,40-49,108,Male,438,01:50:22
572,BEN FISHER,3856,01:50:22,NZL,30-39,141,Male,439,01:50:22
573,BRYDIE MUNN,4792,01:50:22,NZL,20-29,52,Female,134,01:50:22
574,MATTHEW MARR,4568,01:50:24,NZL,30-39,142,Male,440,01:50:24
575,BRUCE WEIR,8187,01:50:27,NZL,40-49,109,Male,441,01:50:27
576,ADAM HERRING,8666,01:50:27,NZL,20-29,137,Male,442,01:50:27
577,JADE TUREI,5495,01:50:30,NZL,30-39,47,Female,135,01:50:30
578,CARL HAMILTON,4066,01:50:31,NZL,40-49,110,Male,443,01:50:31
579,FREINA SANDS,3060,01:50:33,NZL,40-49,21,Female,136,01:50:33
580,JOHN ANDREW,5794,01:50:34,AUS,40-49,111,Male,444,01:50:34
581,EMILY MCCULLOUGH,4625,01:50:34,NZL,20-29,53,Female,137,01:50:34
582,JANELLE ROMANCHUK,5122,01:50:35,CAN,30-39,48,Female,138,01:50:35
583,HARRY PITTS,7598,01:50:36,NZL,20-29,138,Male,445,01:50:36
584,DEXTER-JAMES PEFFERS,4959,01:50:36,NZL,20-29,139,Male,446,01:50:36
585,JAMES HALLIDAY,6691,01:50:37,NZL,30-39,143,Male,447,01:50:37
586,JAMES CHRISTIE,6161,01:50:38,NZL,16-19,12,Male,448,01:50:38
587,SAMUEL WILSON,8265,01:50:39,NZL,20-29,140,Male,449,01:50:39
588,ANTON DUNFORD,6407,01:50:40,NZL,20-29,141,Male,450,01:50:40
589,KLEMENS MARKIEWICZ,8736,01:50:41,NZL,20-29,142,Male,451,01:50:41
590,TAMAS LASZLO BARTA,3181,01:50:43,NZL,30-39,144,Male,452,01:50:43
591,JAMES SCOTT,7819,01:50:43,NZL,40-49,112,Male,453,01:50:43
592,NIC MUIR,7407,01:50:43,NZL,30-39,145,Male,454,01:50:43
593,DEAN BRYCE,8356,01:50:43,AUS,50-59,35,Male,455,01:50:43
594,LUKE SCHUMM,7805,01:50:44,USA,20-29,143,Male,456,01:50:44
595,NATALIE WATSON,5598,01:50:46,NZL,40-49,22,Female,139,01:50:46
596,JONATHAN PINNEY,4993,01:50:47,NZL,40-49,113,Male,457,01:50:47
597,TRAVIS HINCHCLIFF,6774,01:50:51,NZL,20-29,144,Male,458,01:50:51
598,CHRISTIAN PERCASKY,4963,01:50:52,NZL,40-49,114,Male,459,01:50:52
599,CAMERON PATTEN,7550,01:50:54,NZL,20-29,145,Male,460,01:50:54
600,BRIAN ORFORD,7509,01:50:56,NZL,40-49,115,Male,461,01:50:56
601,NIGEL JOHNSTON,4306,01:50:58,NZL,40-49,116,Male,462,01:50:58
602,EMILY MORETON,7382,01:50:59,NZL,20-29,54,Female,140,01:50:59
603,LIBBY MCKINNEL,7275,01:51:00,NZL,20-29,55,Female,141,01:51:00
604,ADAM FACER,3813,01:51:00,NZL,20-29,146,Male,463,01:51:00
605,REBECCA FOWLDS,6531,01:51:00,GBR,40-49,23,Female,142,01:51:00
606,AMY CAMM,6092,01:51:01,GBR,30-39,49,Female,143,01:51:01
607,RUFUS CAMM,6094,01:51:01,KEN,30-39,146,Male,464,01:51:01
608,GEORGE HARDWICK-SMITH,6710,01:51:04,NZL,20-29,147,Male,465,01:51:04
609,RENEE TSANG,5485,01:51:09,CAN,30-39,50,Female,144,01:51:09
610,SARAH MASTERTON,7197,01:51:14,NZL,30-39,51,Female,145,01:51:14
611,VINCENT WILLCOCK,8233,01:51:14,NZL,20-29,148,Male,466,01:51:14
612,ZOE DALE,6303,01:51:14,NZL,30-39,52,Female,146,01:51:14
613,TAIT SUMNER,7970,01:51:19,NZL,30-39,147,Male,467,01:51:19
614,KARIN DRUMMOND,3740,01:51:20,NZL,50-59,11,Female,147,01:51:20
615,OLIVER OVEREND,4911,01:51:21,NZL,20-29,149,Male,468,01:51:21
616,ELLE TREDINNICK,8642,01:51:24,NZL,30-39,53,Female,148,01:51:24
617,MILES ANDREWS,3117,01:51:24,NZL,30-39,148,Male,469,01:51:24
618,NICOLA DUDLEY,6396,01:51:24,NZL,40-49,24,Female,149,01:51:24
619,SERENA PATEL,7544,01:51:27,NZL,20-29,56,Female,150,01:51:27
620,KEYLE BROWN,8694,01:51:33,NZL,20-29,57,Female,151,01:51:33
621,ARBE TIONGSON,8039,01:51:35,PHL,30-39,149,Male,470,01:51:35
622,WILLIAM DUNN,3755,01:51:36,AUS,20-29,150,Male,471,01:51:36
623,KENZIE PRINGLE,5022,01:51:36,NZL,20-29,58,Female,152,01:51:36
624,LIAM CARLOSS,3430,01:51:36,AUS,20-29,151,Male,472,01:51:36
625,ABIGAIL STEWART,5334,01:51:37,NZL,20-29,59,Female,153,01:51:37
626,IAN BROWN,6031,01:51:38,AUS,60-69,9,Male,473,01:51:38
627,GLEN PARRIS,7536,01:51:43,NZL,40-49,117,Male,474,01:51:43
628,ADRIAN THOMAS DAVIES,3636,01:51:43,GBR,20-29,152,Male,475,01:51:43
629,MOLLY MOHR,4749,01:51:45,USA,30-39,54,Female,154,01:51:45
630,SANCHIT SOOD,5298,01:51:46,IND,20-29,153,Male,476,01:51:46
631,JACK HENDERSON,4142,01:51:46,NZL,20-29,154,Male,477,01:51:46
632,FRANCESCA DELL'ANNO,3676,01:51:48,GBR,20-29,60,Female,155,01:51:48
633,GAVIN BARR,3177,01:51:52,NZL,50-59,36,Male,478,01:51:52
634,ERIN WHEELER,8209,01:51:53,NZL,30-39,55,Female,156,01:51:53
635,MICHAEL NEUMAN,7452,01:51:56,NZL,20-29,155,Male,479,01:51:56
636,JOANNE SCHLIERIKE,7793,01:51:57,NZL,50-59,12,Female,157,01:51:57
637,MACKENZIE DEWAR,6354,01:51:58,NZL,20-29,156,Male,480,01:51:58
638,SCOTT PARKES,7534,01:52:03,NZL,30-39,150,Male,481,01:52:03
639,WILLIAM BURNETT,3392,01:52:04,NZL,20-29,157,Male,482,01:52:04
640,LALAGE RIDDELL,8810,01:52:04,AUS,30-39,56,Female,158,01:52:04
641,MADDIE RUSCOE,7759,01:52:04,NZL,20-29,61,Female,159,01:52:04
642,MATT WELSON,8196,01:52:05,NZL,30-39,151,Male,483,01:52:05
643,DEBORAH LINEHAM,4484,01:52:07,NZL,30-39,57,Female,160,01:52:07
644,AYESHA CONNAUGHTON,6210,01:52:08,NZL,30-39,58,Female,161,01:52:08
645,JAMES FRANKS,6539,01:52:13,NZL,30-39,152,Male,484,01:52:13
646,LIAM MACDONALD,7140,01:52:13,NZL,20-29,158,Male,485,01:52:13
647,BLAIR DEVLIN,6353,01:52:14,NZL,40-49,118,Male,486,01:52:14
648,HANNAH DONALDSON,6373,01:52:15,NZL,30-39,59,Female,162,01:52:15
649,DAVE ATTRILL,3147,01:52:22,NZL,40-49,119,Male,487,01:52:22
650,GEORGINA HUNIA,6847,01:52:25,NZL,30-39,60,Female,163,01:52:25
651,JOEL BURGESS,6057,01:52:26,NZL,20-29,159,Male,488,01:52:26
652,JONO SCHWASS,7806,01:52:29,NZL,20-29,160,Male,489,01:52:29
653,DAVE HUNTER,6850,01:52:32,GBR,30-39,153,Male,490,01:52:32
654,DAVID BLUCK,3264,01:52:34,NZL,40-49,120,Male,491,01:52:34
655,REBECCA JACKSON,4276,01:52:35,NZL,30-39,61,Female,164,01:52:35
656,JAN MERCADO,4702,01:52:35,PHL,30-39,154,Male,492,01:52:35
657,NAOMI FERGUSSON,8856,01:52:35,NZL,40-49,25,Female,165,01:52:35
658,SUE FORREST,3880,01:52:36,NZL,60-69,1,Female,166,01:52:36
659,ANDREW HANNING,4086,01:52:37,NZL,40-49,121,Male,493,01:52:37
660,DALE GUSH,6679,01:52:39,NZL,20-29,161,Male,494,01:52:39
661,NOAH TAYLOR,8005,01:52:41,CAN,30-39,155,Male,495,01:52:41
662,CONNIE O'BRIEN,7487,01:52:41,NZL,20-29,62,Female,167,01:52:41
663,DENIS HEENAN,4137,01:52:44,NZL,40-49,122,Male,496,01:52:44
664,MICHAEL SWANSON,7981,01:52:45,AUS,60-69,10,Male,497,01:52:45
665,JOHN BUGEJA,6049,01:52:46,AUS,50-59,37,Male,498,01:52:46
666,TONY BALFOUR,8693,01:52:51,NZL,60-69,11,Male,499,01:52:51
667,SOPHIE SCOTT,5199,01:52:51,NZL,30-39,62,Female,168,01:52:51
668,BRADEN SCOTT,5201,01:52:51,NZL,20-29,162,Male,500,01:52:51
669,ALICIA ROBB,5095,01:52:52,NZL,20-29,63,Female,169,01:52:52
670,PHILIPPA BELL,5919,01:52:53,AUS,40-49,26,Female,170,01:52:53
671,CLIVE HOLYOAKE,6808,01:52:53,NZL,60-69,12,Male,501,01:52:53
672,LINCOLN WALKER,8140,01:52:53,AUS,40-49,123,Male,502,01:52:53
673,MADELINE COOK,6219,01:52:54,AUS,30-39,63,Female,171,01:52:54
674,CALLUM WOOD,5708,01:52:54,NZL,50-59,38,Male,503,01:52:54
675,DAVID JAMES,6877,01:52:57,AUS,30-39,156,Male,504,01:52:57
676,LORCAN O'HARA,8740,01:52:57,IRL,30-39,157,Male,505,01:52:57
677,RICHARD WRIGHT,8615,01:52:58,NZL,40-49,124,Male,506,01:52:58
678,TOM MCNAUGHT,7298,01:52:59,NZL,20-29,163,Male,507,01:52:59
679,JESSICA CHICK,6151,01:53:00,NZL,30-39,64,Female,172,01:53:00
680,KATE RUSSELL,7763,01:53:01,NZL,30-39,65,Female,173,01:53:01
681,KERRY DANKO,3626,01:53:02,NZL,40-49,125,Male,508,01:53:02
682,STEPHANIE PEAT,8523,01:53:03,NZL,30-39,66,Female,174,01:53:03
683,EMILY MELLSOP,7313,01:53:08,NZL,20-29,64,Female,175,01:53:08
684,HARRY COLOE FISHER,6205,01:53:12,AUS,16-19,13,Male,509,01:53:12
685,ADAM DOWSETT,6388,01:53:12,NZL,40-49,126,Male,510,01:53:12
686,ASHLEIGH HAWLEY,4125,01:53:13,NZL,30-39,67,Female,176,01:53:13
687,ASHLEY BURDON,3380,01:53:13,NZL,40-49,127,Male,511,01:53:13
688,CAIN DUNCAN,3748,01:53:16,NZL,40-49,128,Male,512,01:53:16
689,LOGAN DOBBIE,6366,01:53:21,NZL,30-39,158,Male,513,01:53:21
690,REUBEN MCLAY,7282,01:53:23,NZL,20-29,164,Male,514,01:53:23
691,RYAN SARGENT,8739,01:53:23,AUS,20-29,165,Male,515,01:53:23
692,AMELIA CALDER,3409,01:53:23,NZL,20-29,65,Female,177,01:53:23
693,BENJAMIN COUPER,6239,01:53:23,NZL,20-29,166,Male,516,01:53:23
694,SCOTT JOHNSON,8452,01:53:24,AUS,50-59,39,Male,517,01:53:24
695,DEEPA VARGHESE,8101,01:53:24,GBR,30-39,68,Female,178,01:53:24
696,LUKE GREENSLADE-HORTON,6658,01:53:24,AUS,20-29,167,Male,518,01:53:24
697,SIMON ERSKINE,6467,01:53:26,NZL,40-49,129,Male,519,01:53:26
698,GORDON BEARMAN,5892,01:53:27,NZL,40-49,130,Male,520,01:53:27
699,NIGEL KELLY,8460,01:53:28,NZL,40-49,131,Male,521,01:53:28
700,BELINDA GROBLER,4041,01:53:32,AUS,50-59,13,Female,179,01:53:32
701,JOHN FERRARA,3836,01:53:33,NZL,40-49,132,Male,522,01:53:33
702,OLLIE DUNN,3754,01:53:34,NZL,20-29,168,Male,523,01:53:34
703,MIKE BISHOP,3247,01:53:34,NZL,30-39,159,Male,524,01:53:34
704,KELLYANN ADAMS,3073,01:53:39,NZL,50-59,14,Female,180,01:53:39
705,JASON CREASY,6264,01:53:39,NZL,20-29,169,Male,525,01:53:39
706,RICHIE KNIGHT,7010,01:53:40,NZL,30-39,160,Male,526,01:53:40
707,LUKE HUTCHINSON,4251,01:53:41,AUS,40-49,133,Male,527,01:53:41
708,RODNEY STEPHENS,7934,01:53:41,NZL,40-49,134,Male,528,01:53:41
709,CHRISTINA PATTERSON,8704,01:53:42,NZL,20-29,66,Female,181,01:53:42
710,JENNIFER FELLOWES,3831,01:53:48,NZL,40-49,27,Female,182,01:53:48
711,JOCELYN FELLOWES,3832,01:53:48,NZL,16-19,7,Female,183,01:53:48
712,EMMA BOWERS,5994,01:53:49,AUS,40-49,28,Female,184,01:53:49
713,DUNCAN MCLEOD,7290,01:53:49,NZL,40-49,135,Male,529,01:53:49
714,ANNA DE JONG,8386,01:53:51,NZL,20-29,67,Female,185,01:53:51
715,CLAIRE HERITAGE,8432,01:53:51,AUS,30-39,69,Female,186,01:53:51
716,TOMAS WOODFORD-WEBB,5711,01:53:51,NZL,20-29,170,Male,530,01:53:51
717,GORDON FREWIN,3897,01:53:52,NZL,30-39,161,Male,531,01:53:52
718,ODETTE SHAW,5218,01:53:53,NZL,40-49,29,Female,187,01:53:53
719,TOM HO,4183,01:53:54,NZL,30-39,162,Male,532,01:53:54
720,ROBERT COPLAND,3563,01:53:58,NZL,40-49,136,Male,533,01:53:58
721,DAYNA TODD,8046,01:53:58,NZL,20-29,68,Female,188,01:53:58
722,VINCE FONG,6522,01:53:58,AUS,30-39,163,Male,534,01:53:58
723,RICHARD BROCKWELL,6027,01:53:59,NZL,50-59,40,Male,535,01:53:59
724,ANDI FEAR-ROSS,8661,01:54:00,NZL,40-49,30,Female,189,01:54:00
725,ALAN COLLETT,8376,01:54:02,NZL,60-69,13,Male,536,01:54:02
726,SIMON WHEELER,8208,01:54:02,NZL,40-49,137,Male,537,01:54:02
727,BEN GREENWOOD,4028,01:54:02,NZL,20-29,171,Male,538,01:54:02
728,ANA MURPHY,7416,01:54:03,NZL,20-29,69,Female,190,01:54:03
729,JASMINE MCILRAITH,8489,01:54:04,NZL,30-39,70,Female,191,01:54:04
730,MICHELLE POSTHUMA,5011,01:54:06,NZL,30-39,71,Female,192,01:54:06
731,CHLOE HAWKEN,8885,01:54:08,NZL,30-39,72,Female,193,01:54:08
732,CAMERON LECKIE,4438,01:54:08,NZL,40-49,138,Male,539,01:54:08
733,TAYLOR STUART,5363,01:54:08,NZL,20-29,172,Male,540,01:54:08
734,MARK PARRY,7538,01:54:09,NZL,40-49,139,Male,541,01:54:09
735,GEORGIA FERGUSSON,6492,01:54:09,NZL,20-29,70,Female,194,01:54:09
736,JOHANNA VICARY,5542,01:54:09,GBR,30-39,73,Female,195,01:54:09
737,GUILLAUME SALEM,7773,01:54:12,FRA,20-29,173,Male,542,01:54:12
738,SAM ANDERSON-HEALTHER,5793,01:54:13,NZL,30-39,164,Male,543,01:54:13
739,JESSICA HUGHES HUTTON,4230,01:54:14,NZL,30-39,74,Female,196,01:54:14
740,STUART GILCHRIST,3968,01:54:16,GBR,40-49,140,Male,544,01:54:16
741,NERIEDA EDMEADES,3771,01:54:16,NZL,40-49,31,Female,197,01:54:16
742,GLADSTONE BROHIER,3005,01:54:18,AUS,50-59,41,Male,545,01:54:18
743,ELINORE ANTILL,5802,01:54:18,NZL,30-39,75,Female,198,01:54:18
744,POPPY LAKE,4410,01:54:19,NZL,20-29,71,Female,199,01:54:19
745,LUCY BLACKMORE,5956,01:54:21,NZL,30-39,76,Female,200,01:54:21
746,GIOVANNI LOSCO,4510,01:54:22,NZL,40-49,141,Male,546,01:54:22
747,CARL ROBERTS,7718,01:54:22,NZL,40-49,142,Male,547,01:54:22
748,KIRSTEN HODGSON,8657,01:54:22,NZL,40-49,32,Female,201,01:54:22
749,CAMILLE BULOT,3376,01:54:24,FRA,30-39,77,Female,202,01:54:24
750,JACK CORNISH,6230,01:54:25,NZL,20-29,174,Male,548,01:54:25
751,ELLARY BROUN,6029,01:54:26,AUS,30-39,78,Female,203,01:54:26
752,HOLLY GREENSLADE,6657,01:54:27,NZL,20-29,72,Female,204,01:54:27
753,ELLA BRYANT,6039,01:54:29,NZL,20-29,73,Female,205,01:54:29
754,RENEE O'CONNELL,4875,01:54:30,NZL,50-59,15,Female,206,01:54:30
755,MARK TE WHAITI,5405,01:54:30,NZL,30-39,165,Male,549,01:54:30
756,CALLUM DICKIE,3689,01:54:31,NZL,40-49,143,Male,550,01:54:31
757,BRYAN NESTOR,7450,01:54:33,IRL,20-29,175,Male,551,01:54:33
758,LISA TWEEDIE,8591,01:54:35,NZL,20-29,74,Female,207,01:54:35
759,RILEY CHANDLER,3468,01:54:37,NZL,20-29,75,Female,208,01:54:37
760,JAMES MORRIS-WILLIAMSON,7397,01:54:38,NZL,30-39,166,Male,552,01:54:38
761,JEMMA WATSON,8169,01:54:38,NZL,20-29,76,Female,209,01:54:38
762,KIMBERLY RICHARDSON,7699,01:54:38,NZL,30-39,79,Female,210,01:54:38
763,JANET COPELAND,3561,01:54:39,NZL,50-59,16,Female,211,01:54:39
764,HAYLEY WHALEN,8204,01:54:39,NZL,30-39,80,Female,212,01:54:39
765,RICHARD EVANS,6472,01:54:41,NZL,50-59,42,Male,553,01:54:41
766,WILLIAM MCKIE,4656,01:54:42,NZL,30-39,167,Male,554,01:54:42
767,RHYS BAYLY,5885,01:54:42,NZL,20-29,176,Male,555,01:54:42
768,KIRSTY BLUNDELL,5974,01:54:42,GBR,30-39,81,Female,213,01:54:42
769,KRISTY CRUICKSHANK,6283,01:54:43,NZL,30-39,82,Female,214,01:54:43
770,TIM NEILL,7445,01:54:44,NZL,30-39,168,Male,556,01:54:44
771,GEORGIA BLOUNT,3263,01:54:45,GBR,20-29,77,Female,215,01:54:45
772,BENJAMIN GOODEN,6623,01:54:46,AUS,30-39,169,Male,557,01:54:46
773,NICK INCH,4261,01:54:51,NZL,20-29,177,Male,558,01:54:51
774,KEVIN FERNANDO,6493,01:54:53,NZL,20-29,178,Male,559,01:54:53
775,ISABELLA BROKENSHIRE,3332,01:54:54,NZL,20-29,78,Female,216,01:54:54
776,EMMA GOBLE,6619,01:54:55,GBR,50-59,17,Female,217,01:54:55
777,KAREN TODD,5458,01:54:55,GBR,40-49,33,Female,218,01:54:55
778,KAREN RASMUSSEN,5047,01:54:56,NZL,40-49,34,Female,219,01:54:56
779,CAMERON PAISLEY,7523,01:54:58,NZL,20-29,179,Male,560,01:54:58
780,CHRISTINE LIPYEAT,7101,01:54:58,NZL,50-59,18,Female,220,01:54:58
781,CHRIS ROBB,8871,01:54:59,NZL,50-59,43,Male,561,01:54:59
782,ALEX SCOLES,5191,01:55:00,NZL,16-19,14,Male,562,01:55:00
783,NICOLE O'NEILL,4896,01:55:00,NZL,40-49,35,Female,221,01:55:00
784,PRUE ORCHISTON,7508,01:55:00,NZL,50-59,19,Female,222,01:55:00
785,JAMES SCOLES,8811,01:55:00,NZL,16-19,15,Male,563,01:55:00
786,LOGAN FLETT,6516,01:55:03,NZL,20-29,180,Male,564,01:55:03
787,SALLY RAYNER,7674,01:55:03,NZL,40-49,36,Female,223,01:55:03
788,EMMA GOULD,6632,01:55:03,NZL,20-29,79,Female,224,01:55:03
789,DEBRA TAYLOR,7999,01:55:04,NZL,40-49,37,Female,225,01:55:04
790,FIONA CANNING,3426,01:55:04,NZL,20-29,80,Female,226,01:55:04
791,HANNAH GOODMAN,8888,01:55:05,GBR,20-29,81,Female,227,01:55:05
792,ROBBIE WREN,8288,01:55:06,NZL,40-49,144,Male,565,01:55:06
793,CHANTELLE THOMPSON,8868,01:55:08,NZL,30-39,83,Female,228,01:55:08
794,BLAKE HOARE,4184,01:55:08,NZL,30-39,170,Male,566,01:55:08
795,SIANI WYATT,5728,01:55:10,NZL,20-29,82,Female,229,01:55:10
796,NICK EDGAR,6438,01:55:11,NZL,50-59,44,Male,567,01:55:11
797,CUSHLA WATTS,8178,01:55:13,NZL,50-59,20,Female,230,01:55:13
798,ELIZABETH ELLIS,8711,01:55:15,NZL,20-29,83,Female,231,01:55:15
799,KRISTINA KILNER,8465,01:55:15,NZL,30-39,84,Female,232,01:55:15
800,LAUREN ROBB,7715,01:55:17,NZL,30-39,85,Female,233,01:55:17
801,SIMON LADD,4407,01:55:19,NZL,50-59,45,Male,568,01:55:19
802,KELLY RANDALL,5045,01:55:21,NZL,50-59,21,Female,234,01:55:21
803,BRITTANY LEWIS,4460,01:55:23,NZL,20-29,84,Female,235,01:55:23
804,AMELIA FINDLATER,3845,01:55:24,NZL,16-19,8,Female,236,01:55:24
805,WOJCIECH KNIAZ,4382,01:55:24,POL,30-39,171,Male,569,01:55:24
806,THOMAS COOPER,6224,01:55:25,NZL,20-29,181,Male,570,01:55:25
807,LAUREN GATT,6588,01:55:29,AUS,30-39,86,Female,237,01:55:29
808,TOM UHER,8087,01:55:31,CZE,30-39,172,Male,571,01:55:31
809,JONNY CAMERON,6088,01:55:31,NZL,40-49,145,Male,572,01:55:31
810,DAN OÆBRIEN,7481,01:55:33,NZL,20-29,182,Male,573,01:55:33
811,GEORGIA RUSSELL,5143,01:55:36,NZL,20-29,85,Female,238,01:55:36
812,EMMA MARSDEN,4571,01:55:38,NZL,30-39,87,Female,239,01:55:38
813,THEO GIBBONS,6596,01:55:38,NZL,30-39,173,Male,574,01:55:38
814,PHIL MURNANE,8509,01:55:39,GBR,30-39,174,Male,575,01:55:39
815,JOSHUA TAYLOR,8002,01:55:39,NZL,30-39,175,Male,576,01:55:39
816,BEN SUNDERLAND,7973,01:55:40,GBR,20-29,183,Male,577,01:55:40
817,OLIVER RENTON,8538,01:55:40,AUS,40-49,146,Male,578,01:55:40
818,RICHARD WREN,5723,01:55:41,NZL,50-59,46,Male,579,01:55:41
819,NATHAN COLLIER,3526,01:55:41,NZL,30-39,176,Male,580,01:55:41
820,MICHAEL STEWART,5341,01:55:42,NZL,16-19,16,Male,581,01:55:42
821,SIMON FIRTH,3855,01:55:43,NZL,50-59,47,Male,582,01:55:43
822,SARAH RUSSELL,3059,01:55:44,NZL,40-49,38,Female,240,01:55:44
823,THEO DANIELS,3625,01:55:44,NZL,20-29,184,Male,583,01:55:44
824,SIMON PEIRCE,7569,01:55:44,NZL,20-29,185,Male,584,01:55:44
825,ALISON JEFFREY,6888,01:55:44,AUS,30-39,88,Female,241,01:55:44
826,FLYNN LANGE,7041,01:55:45,NZL,20-29,186,Male,585,01:55:45
827,BAILEY SMITH,7873,01:55:48,NZL,20-29,86,Female,242,01:55:48
828,LOUIS PRIMEAU,7640,01:55:48,NZL,30-39,177,Male,586,01:55:48
829,FELICITY ANNE JENNIFER MELIA,4695,01:55:48,NZL,20-29,87,Female,243,01:55:48
830,ASHLEIGH WILLIAMS,5656,01:55:51,NZL,20-29,88,Female,244,01:55:51
831,TODD STRUTHERS,8575,01:55:51,NZL,20-29,187,Male,587,01:55:51
832,JENNIFER RIEDERER,7708,01:55:53,NZL,30-39,89,Female,245,01:55:53
833,AISLING NOLAN,7473,01:55:53,IRL,20-29,89,Female,246,01:55:53
834,SOL MARCONI,7173,01:55:54,ARG,20-29,90,Female,247,01:55:54
835,STEPHEN JOHNN,6904,01:55:54,ZAF,40-49,147,Male,588,01:55:54
836,CARYS BIRSE,3245,01:55:54,GBR,20-29,91,Female,248,01:55:54
837,MATTHEW DAY,3653,01:55:56,NZL,20-29,188,Male,589,01:55:56
838,ASHAN TUINDER,8074,01:55:57,NZL,20-29,189,Male,590,01:55:57
839,REBECCA CAMPBELL,8770,01:55:57,NZL,40-49,39,Female,249,01:55:57
840,REBECCA DODSON,3704,01:55:58,NZL,40-49,40,Female,250,01:55:58
841,TAMAARA NICHOLSON,4834,01:56:00,NZL,20-29,92,Female,251,01:56:00
842,HANNAH COLENBRANDER,6197,01:56:02,NZL,20-29,93,Female,252,01:56:02
843,SARINA ANDERSON,5791,01:56:02,NZL,30-39,90,Female,253,01:56:02
844,TOM JOHANSON,6903,01:56:04,NZL,30-39,178,Male,591,01:56:04
845,ALANA DONKIN,3712,01:56:07,NZL,20-29,94,Female,254,01:56:07
846,JASMIN ALLOO,3098,01:56:08,NZL,20-29,95,Female,255,01:56:08
847,CEDRIC MURPHY,7417,01:56:09,NZL,60-69,14,Male,592,01:56:09
848,ALISTAIR MADILL,4549,01:56:09,NZL,60-69,15,Male,593,01:56:09
849,ANDREW ABEL,8688,01:56:11,CAN,30-39,179,Male,594,01:56:11
850,JESSICA MCGREGOR,4637,01:56:13,NZL,30-39,91,Female,256,01:56:13
851,RICHARD BOYCE,3296,01:56:14,GBR,50-59,48,Male,595,01:56:14
852,CAMERON KING,6991,01:56:14,NZL,30-39,180,Male,596,01:56:14
853,PAUL RIPLEY,8542,01:56:17,GBR,30-39,181,Male,597,01:56:17
854,ELIZAEBTH REID,7685,01:56:20,NZL,20-29,96,Female,257,01:56:20
855,NIGEL MCLACHLAN,4660,01:56:21,NZL,50-59,49,Male,598,01:56:21
856,SUE STONE,8574,01:56:21,NZL,40-49,41,Female,258,01:56:21
857,CHRIS BROUGHTON,3341,01:56:21,NZL,50-59,50,Male,599,01:56:21
858,KIERAN BROOKES,3337,01:56:21,NZL,30-39,182,Male,600,01:56:21
859,SIMON PERRY,7582,01:56:23,NZL,40-49,148,Male,601,01:56:23
860,JACK JAMIESON,6879,01:56:24,NZL,20-29,190,Male,602,01:56:24
861,ASHLEIGH PORRITT,7610,01:56:24,NZL,20-29,97,Female,259,01:56:24
862,LAURA VIRKKALA,8123,01:56:24,FIN,30-39,92,Female,260,01:56:24
863,MOLLY CAMPBELL,6097,01:56:25,NZL,20-29,98,Female,261,01:56:25
864,ELLEN FIBBES,3839,01:56:26,NZL,20-29,99,Female,262,01:56:26
865,LUKE FLETT,3867,01:56:27,NZL,30-39,183,Male,603,01:56:27
866,EMMA WHITE,8215,01:56:31,NZL,30-39,93,Female,263,01:56:31
867,ROWAN MCKENZIE,7273,01:56:31,NZL,30-39,184,Male,604,01:56:31
868,NIRVANA KNILL,7012,01:56:32,NZL,20-29,100,Female,264,01:56:32
869,SARAH GRIFFIN,4031,01:56:33,NZL,20-29,101,Female,265,01:56:33
870,MELISSA HOLMES,8651,01:56:33,AUS,40-49,42,Female,266,01:56:33
871,WILLIAM PITTS,7600,01:56:34,NZL,20-29,191,Male,605,01:56:34
872,DAVID CUTTING,6297,01:56:34,AUS,50-59,51,Male,606,01:56:34
873,ZOE KLAVER,7008,01:56:34,NZL,20-29,102,Female,267,01:56:34
874,ROCHELLE BROUGHTON,3343,01:56:36,NZL,30-39,94,Female,268,01:56:36
875,AVA YOUNG,8309,01:56:36,NZL,16-19,9,Female,269,01:56:36
876,CATHERINE CARR,3435,01:56:37,NZL,20-29,103,Female,270,01:56:37
877,JOE BEAMISH,8737,01:56:38,NZL,20-29,192,Male,607,01:56:38
878,NICK DRURY,6394,01:56:39,NZL,40-49,149,Male,608,01:56:39
879,SEAN CARLO ECHANO,3770,01:56:39,NZL,20-29,193,Male,609,01:56:39
880,STEVEN KENNEDY,8869,01:56:41,NZL,30-39,185,Male,610,01:56:41
881,DARYL BLUNDELL,8347,01:56:42,ZAF,50-59,52,Male,611,01:56:42
882,MATHEW COLEMAN,3007,01:56:42,AUS,40-49,150,Male,612,01:56:42
883,SARAH MYERS,7429,01:56:43,AUS,40-49,43,Female,271,01:56:43
884,MARK RANBY,5044,01:56:44,NZL,40-49,151,Male,613,01:56:44
885,CHRISTIAN BROWN,8355,01:56:45,AUS,40-49,152,Male,614,01:56:45
886,MATTHEW LAWLOR,4424,01:56:45,NZL,40-49,153,Male,615,01:56:45
887,CHRISTINE ZHANG,8321,01:56:46,NZL,20-29,104,Female,272,01:56:46
888,ANDRE SIMON,5242,01:56:47,NZL,40-49,154,Male,616,01:56:47
889,NICHOLAS GRAINGER,4011,01:56:48,NZL,40-49,155,Male,617,01:56:48
890,LOUISA ROBINSON,5108,01:56:50,NZL,40-49,44,Female,273,01:56:50
891,RUTH JAMES,4282,01:56:50,NZL,30-39,95,Female,274,01:56:50
892,ERIKA HARRIS,3056,01:56:51,NZL,40-49,45,Female,275,01:56:51
893,ALEX MOWE,4778,01:56:53,NZL,50-59,53,Male,618,01:56:53
894,ANNA WORSEY,8286,01:56:53,GBR,20-29,105,Female,276,01:56:53
895,MICHAEL BUENAFLOR,3375,01:56:54,NZL,40-49,156,Male,619,01:56:54
896,NINA FOLEY,8405,01:56:56,NZL,20-29,106,Female,277,01:56:56
897,ALANA STRETTON,5357,01:56:57,NZL,20-29,107,Female,278,01:56:57
898,ALICE CUTHBERT,6296,01:56:57,NZL,20-29,108,Female,279,01:56:57
899,NICKY THOMAS,8746,01:56:57,NZL,40-49,46,Female,280,01:56:57
900,DARREN RADFORD,7659,01:56:58,NZL,30-39,186,Male,620,01:56:58
901,JENNIE COKER,8373,01:56:59,NZL,30-39,96,Female,281,01:56:59
902,THOMAS HOLMES,6806,01:57:01,NZL,20-29,194,Male,621,01:57:01
903,JAMES SANDFORD,7777,01:57:03,GBR,20-29,195,Male,622,01:57:03
904,DEBBIE SOLMS,7903,01:57:03,AUS,50-59,22,Female,282,01:57:03
905,THOMAS FLEETWOOD,6513,01:57:03,NZL,40-49,157,Male,623,01:57:03
906,KATE FRIEDLANDER,6551,01:57:04,NZL,30-39,97,Female,283,01:57:04
907,TONY ROBERTS,7717,01:57:05,NZL,40-49,158,Male,624,01:57:05
908,SARAH CREASY,6265,01:57:06,NZL,30-39,98,Female,284,01:57:06
909,JESS OLORENSHAW,7504,01:57:06,NZL,20-29,109,Female,285,01:57:06
910,STEVEN MURRAY,4801,01:57:06,NZL,30-39,187,Male,625,01:57:06
911,JULIAN WHITE,5634,01:57:06,NZL,30-39,188,Male,626,01:57:06
912,MEGHAN DAVIES,3638,01:57:09,NZL,20-29,110,Female,286,01:57:09
913,CAROLINE SEWELL,7826,01:57:12,NZL,40-49,47,Female,287,01:57:12
914,KEMBLE HUGHES,4229,01:57:12,NZL,40-49,159,Male,627,01:57:12
915,BRONWEN PETERKEN,4971,01:57:13,NZL,30-39,99,Female,288,01:57:13
916,HUNTER AIKEN,5771,01:57:13,NZL,20-29,196,Male,628,01:57:13
917,BREIGH MONAGHAN,7368,01:57:14,NZL,20-29,111,Female,289,01:57:14
918,AUDREY SNOWDEN,7901,01:57:14,NZL,40-49,48,Female,290,01:57:14
919,TIM HOPKINS,6820,01:57:16,GBR,20-29,197,Male,629,01:57:16
920,NATHAN MAXWELL,4599,01:57:19,NZL,50-59,54,Male,630,01:57:19
921,HOLLY MCLAREN,4663,01:57:19,NZL,20-29,112,Female,291,01:57:19
922,LAUREN FRANKS,6540,01:57:19,NZL,30-39,100,Female,292,01:57:19
923,TRACEY HAMILTON,4074,01:57:20,NZL,40-49,49,Female,293,01:57:20
924,KRISTY EADE,6430,01:57:21,NZL,20-29,113,Female,294,01:57:21
925,ALICE ROUNTREE,7752,01:57:21,NZL,20-29,114,Female,295,01:57:21
926,LAURA GIANNOTTI,8849,01:57:21,NZL,20-29,115,Female,296,01:57:21
927,RICHARD WYETH,5729,01:57:22,NZL,40-49,160,Male,631,01:57:22
928,GREG DONOVAN,6379,01:57:22,AUS,60-69,16,Male,632,01:57:22
929,CAROLINE NOORDIJK,4852,01:57:22,NLD,40-49,50,Female,297,01:57:22
930,JAIME SPENCER,7911,01:57:24,NZL,20-29,116,Female,298,01:57:24
931,SAMUEL VEREVIS,8109,01:57:24,NZL,20-29,198,Male,633,01:57:24
932,VINCENT MUTUSWA,8727,01:57:25,ZWE,30-39,189,Male,634,01:57:25
933,BRIAR MCKENZIE,4650,01:57:25,NZL,20-29,117,Female,299,01:57:25
934,GEORGIA LEVEY,7076,01:57:28,NZL,20-29,118,Female,300,01:57:28
935,LUCINDA PATERSON,7548,01:57:28,NZL,30-39,101,Female,301,01:57:28
936,JACOB NGAATA,7459,01:57:29,NZL,20-29,199,Male,635,01:57:29
937,SARA GRAHAM,8768,01:57:30,NZL,50-59,23,Female,302,01:57:30
938,SCOTT WHYTE,8220,01:57:30,NZL,30-39,190,Male,636,01:57:30
939,CATH ELLIOTT,6455,01:57:30,AUS,40-49,51,Female,303,01:57:30
940,BELINDA STEWART,5335,01:57:30,NZL,30-39,102,Female,304,01:57:30
941,LOGAN WIFFEN,5646,01:57:30,NZL,20-29,200,Male,637,01:57:30
942,ETHAN MACKENZIE,7150,01:57:31,AUS,20-29,201,Male,638,01:57:31
943,DAVID CARY,6113,01:57:32,GBR,60-69,17,Male,639,01:57:32
944,SITA CLARK,6174,01:57:32,NZL,20-29,119,Female,305,01:57:32
945,LUCIE CARY,6114,01:57:32,NZL,30-39,103,Female,306,01:57:32
946,SOPHIE ROSSER,7747,01:57:34,NZL,20-29,120,Female,307,01:57:34
947,MICHELLE KING,4370,01:57:34,NZL,40-49,52,Female,308,01:57:34
948,RYAN SMITH,8563,01:57:34,NZL,20-29,202,Male,640,01:57:34
949,ROBERT WINUP,8274,01:57:35,GBR,30-39,191,Male,641,01:57:35
950,BEVAN GURR,4047,01:57:36,NZL,30-39,192,Male,642,01:57:36
951,LUCI MONTGOMERIE,8505,01:57:37,NZL,50-59,24,Female,309,01:57:37
952,MATTHEW FOOTE,3874,01:57:39,AUS,40-49,161,Male,643,01:57:39
953,IRENE WHYTE,5644,01:57:41,NZL,30-39,104,Female,310,01:57:41
954,LUKE WATSON,8171,01:57:41,NZL,50-59,55,Male,644,01:57:41
955,CLAIRE STOREY,7954,01:57:42,AUS,40-49,53,Female,311,01:57:42
956,ISIDORA LABRA ODDE,4405,01:57:42,NZL,20-29,121,Female,312,01:57:42
957,ANNABELLE ALLOO,8721,01:57:43,NZL,20-29,122,Female,313,01:57:43
958,PAUL SIMMONDS,5240,01:57:43,NZL,30-39,193,Male,645,01:57:43
959,BROOKE KELLY,6960,01:57:44,AUS,40-49,54,Female,314,01:57:44
960,JAMES FOSTER,6528,01:57:44,AUS,40-49,162,Male,646,01:57:44
961,TANIA GOVAN,6634,01:57:48,NZL,40-49,55,Female,315,01:57:48
962,JOSEPH HARDMAN,6709,01:57:54,NZL,20-29,203,Male,647,01:57:54
963,ADAM MAYERS,4601,01:57:54,CAN,30-39,194,Male,648,01:57:54
964,RHYS PRESCOTT,7633,01:57:54,NZL,40-49,163,Male,649,01:57:54
965,ROSIE MILLER,7337,01:57:54,NZL,20-29,123,Female,316,01:57:54
966,MEGAN HAMILTON,4071,01:57:56,NZL,30-39,105,Female,317,01:57:56
967,ARRON SUNDARS,7972,01:57:56,NZL,40-49,164,Male,650,01:57:56
968,KHAN ADAM,3069,01:57:59,NZL,30-39,195,Male,651,01:57:59
969,ELLIOTT MITCHELL,8827,01:57:59,NZL,30-39,196,Male,652,01:57:59
970,PETRA CAMPBELL,3421,01:58:00,NZL,20-29,124,Female,318,01:58:00
971,GREG HOLDAWAY,4202,01:58:00,NZL,40-49,165,Male,653,01:58:00
972,PETRA FISHER,8403,01:58:00,NZL,20-29,125,Female,319,01:58:00
973,MICHAEL NEWSON,4824,01:58:01,NZL,40-49,166,Male,654,01:58:01
974,DARRYL BEGG,5910,01:58:03,NZL,30-39,197,Male,655,01:58:03
975,LISA HARCOURT,3055,01:58:04,NZL,30-39,106,Female,320,01:58:04
976,EMILY SCOTT,5193,01:58:05,NZL,40-49,56,Female,321,01:58:05
977,JAMES MAZEY,7212,01:58:06,NZL,30-39,198,Male,656,01:58:06
978,MARK SHIRLEY,5226,01:58:06,NZL,40-49,167,Male,657,01:58:06
979,NATALIE PARK,4922,01:58:06,NZL,20-29,126,Female,322,01:58:06
980,HELEN PARIS,7529,01:58:08,AUS,40-49,57,Female,323,01:58:08
981,ANIKA KUCZYNSKI,7024,01:58:11,NZL,30-39,107,Female,324,01:58:11
982,COLIN KING,6992,01:58:13,NZL,70+,2,Male,658,01:58:13
983,RYAN MULLIGAN,4789,01:58:13,NZL,30-39,199,Male,659,01:58:13
984,STEPHANIE RUMBLE,5139,01:58:14,NZL,50-59,25,Female,325,01:58:14
985,ANDREW MACALISTER,7135,01:58:15,NZL,20-29,204,Male,660,01:58:15
986,ALEX MOFFAT,7360,01:58:18,NZL,20-29,205,Male,661,01:58:18
987,RODRIGO OVALLE,4909,01:58:19,CHL,40-49,168,Male,662,01:58:19
988,LISA MILLIKEN,8870,01:58:19,NZL,20-29,127,Female,326,01:58:19
989,MANDY MCTIGUE,4685,01:58:21,NZL,40-49,58,Female,327,01:58:21
990,TOM GARDINER,3925,01:58:22,NZL,40-49,169,Male,663,01:58:22
991,JADE HACKNEY,8702,01:58:22,NZL,30-39,108,Female,328,01:58:22
992,AMY CARTER,3439,01:58:22,NZL,30-39,109,Female,329,01:58:22
993,ANNE HENTSCHKE,6760,01:58:22,AUS,40-49,59,Female,330,01:58:22
994,MATTHEW HOLMES,6805,01:58:23,NZL,20-29,206,Male,664,01:58:23
995,DEBORAH NEWTON,7456,01:58:23,AUS,60-69,2,Female,331,01:58:23
996,NICHOLAS GEMMELL,6591,01:58:24,NZL,20-29,207,Male,665,01:58:24
997,JO RANDALL,7666,01:58:24,NZL,40-49,60,Female,332,01:58:24
998,RACHAEL MCKELLAR,8492,01:58:26,GBR,30-39,110,Female,333,01:58:26
999,JOANNA BUDGE,6047,01:58:27,AUS,60-69,3,Female,334,01:58:27
1000,SURINDER EDWARDS,8830,01:58:28,NZL,60-69,4,Female,335,01:58:28
1001,EMILY WILLIAMS,8235,01:58:31,GBR,30-39,111,Female,336,01:58:31
1002,CLAIRE BEALE,5888,01:58:32,NZL,20-29,128,Female,337,01:58:32
1003,MATT CLAYTON,3499,01:58:33,NZL,50-59,56,Male,666,01:58:33
1004,EMMA JACKSON,4275,01:58:33,NZL,50-59,26,Female,338,01:58:33
1005,NICK SINNAMON,7863,01:58:33,NZL,30-39,200,Male,667,01:58:33
1006,QIANYU GAO,6577,01:58:33,CHN,20-29,208,Male,668,01:58:33
1007,HOLLY CASSIN,8366,01:58:35,NZL,30-39,112,Female,339,01:58:35
1008,CHARLOTTE THOMAS,5423,01:58:35,NZL,30-39,113,Female,340,01:58:35
1009,WENDY VENTER,8106,01:58:35,NZL,50-59,27,Female,341,01:58:35
1010,ADAM LAWLOR,7051,01:58:37,NZL,40-49,170,Male,669,01:58:37
1011,LIZ SAVAGE,7787,01:58:37,AUS,40-49,61,Female,342,01:58:37
1012,ANDREW ROWDEN,8548,01:58:38,NZL,30-39,201,Male,670,01:58:38
1013,DELONG KONG,7017,01:58:39,NZL,30-39,202,Male,671,01:58:39
1014,GLEE MITCHELL,7350,01:58:39,AUS,50-59,28,Female,343,01:58:39
1015,KATARINA NICHOLSON,7465,01:58:40,NZL,40-49,62,Female,344,01:58:40
1016,PAUL TAYLOR,8760,01:58:42,NZL,40-49,171,Male,672,01:58:42
1017,DON MACKENZIE,4540,01:58:43,NZL,50-59,57,Male,673,01:58:43
1018,STEVE COLE,3520,01:58:43,NZL,50-59,58,Male,674,01:58:43
1019,NATHAN MOULSON,8855,01:58:43,NZL,20-29,209,Male,675,01:58:43
1020,CHANTELLE CUNNINGHAM,6291,01:58:43,NZL,20-29,129,Female,345,01:58:43
1021,TIM BAHLMANN,5839,01:58:44,NLD,30-39,203,Male,676,01:58:44
1022,JOHN QUINN,7656,01:58:46,NZL,50-59,59,Male,677,01:58:46
1023,RICHARD SULLIVAN,8867,01:58:49,NZL,50-59,60,Male,678,01:58:49
1024,MATT DUFFY,8835,01:58:51,NZL,30-39,204,Male,679,01:58:51
1025,JASON HAGGERTY,4052,01:58:52,NZL,30-39,205,Male,680,01:58:52
1026,ELLA KEYS,8654,01:58:52,NZL,30-39,114,Female,346,01:58:52
1027,GEORGIA MITCHELL,8500,01:58:54,NZL,20-29,130,Female,347,01:58:54
1028,LAUREN GIVEN,6616,01:58:56,NZL,30-39,115,Female,348,01:58:56
1029,ROBIN PEARSON,8522,01:58:56,AUS,50-59,29,Female,349,01:58:56
1030,STEVE FINNIGAN,6504,01:58:58,NZL,60-69,18,Male,681,01:58:58
1031,GENEVIEVE HEALY,6749,01:58:59,NZL,20-29,131,Female,350,01:58:59
1032,GRANT COOPER,3556,01:58:59,NZL,40-49,172,Male,682,01:58:59
1033,KEITH BROWN,6032,01:58:59,NZL,50-59,61,Male,683,01:58:59
1034,SOPHIE MCGIRR,4634,01:59:00,NZL,30-39,116,Female,351,01:59:00
1035,KORINA SOMERVILLE,5296,01:59:00,NZL,50-59,30,Female,352,01:59:00
1036,RENWICK DOBSON,6368,01:59:01,NZL,50-59,62,Male,684,01:59:01
1037,CHRISTINE WATERS,8599,01:59:01,NZL,40-49,63,Female,353,01:59:01
1038,BRENDAN TERRY,5415,01:59:03,NZL,40-49,173,Male,685,01:59:03
1039,SANDRA MITCHELL,7356,01:59:05,NZL,30-39,117,Female,354,01:59:05
1040,JESSIE WILSON,8261,01:59:05,NZL,20-29,132,Female,355,01:59:05
1041,PAUL MCCARTHY,1799,01:59:05,AUS,40-49,174,Male,686,01:59:05
1042,ANDY MCG,7247,01:59:06,AUS,40-49,175,Male,687,01:59:06
1043,SAM KENNEDY,6974,01:59:07,NZL,30-39,206,Male,688,01:59:07
1044,OLIVIA CLENDON,3507,01:59:07,NZL,30-39,118,Female,356,01:59:07
1045,MIKE GIBSON,3960,01:59:07,NZL,50-59,63,Male,689,01:59:07
1046,BRIDGET NAPIER,7433,01:59:08,NZL,30-39,119,Female,357,01:59:08
1047,ALICE BARTLEY,5873,01:59:08,AUS,20-29,133,Female,358,01:59:08
1048,INHA GO,3982,01:59:08,NZL,20-29,134,Female,359,01:59:08
1049,ALEX FONG,6521,01:59:09,NZL,30-39,207,Male,690,01:59:09
1050,SYDNEY CAUGHEY,6120,01:59:10,NZL,20-29,210,Male,691,01:59:10
1051,CAROLINE HOLDER,6791,01:59:11,NZL,16-19,10,Female,360,01:59:11
1052,SHANE HAMILTON,4073,01:59:14,NZL,30-39,208,Male,692,01:59:14
1053,LAURA PUGH,7651,01:59:14,NZL,30-39,120,Female,361,01:59:14
1054,TIM HOPKINS,6819,01:59:14,AUS,50-59,64,Male,693,01:59:14
1055,JOHN MENARY,7314,01:59:14,IRL,30-39,209,Male,694,01:59:14
1056,GRAHAM LEAMING,4433,01:59:16,NZL,50-59,65,Male,695,01:59:16
1057,DAVID GOSLIN,3999,01:59:16,NZL,60-69,19,Male,696,01:59:16
1058,ROSSLYN KNOX,7014,01:59:17,NZL,30-39,121,Female,362,01:59:17
1059,AMANDA LEITH,4451,01:59:17,NZL,40-49,64,Female,363,01:59:17
1060,NATHAN KARA,6947,01:59:17,NZL,20-29,211,Male,697,01:59:17
1061,KYLIE BRYANT,6040,01:59:21,NZL,40-49,65,Female,364,01:59:21
1062,ROBERT KIDD,6988,01:59:23,NZL,30-39,210,Male,698,01:59:23
1063,JONATHAN SCOTT,5197,01:59:24,NZL,40-49,176,Male,699,01:59:24
1064,MEGAN GRAYLING,6654,01:59:24,NZL,20-29,135,Female,365,01:59:24
1065,MATT RYALL,7767,01:59:25,NZL,40-49,177,Male,700,01:59:25
1066,KATE BRYCE,3368,01:59:27,NZL,40-49,66,Female,366,01:59:27
1067,RORY MCGREGOR,7254,01:59:27,NZL,20-29,212,Male,701,01:59:27
1068,MARGO JAMIESON,8814,01:59:28,AUS,40-49,67,Female,367,01:59:28
1069,NATALIE POTTER,7616,01:59:29,NZL,30-39,122,Female,368,01:59:29
1070,BEN POOL,7606,01:59:30,NZL,20-29,213,Male,702,01:59:30
1071,GINA PRICE,7635,01:59:30,NZL,20-29,136,Female,369,01:59:30
1072,STEPHEN EMANUEL,3791,01:59:31,NZL,40-49,178,Male,703,01:59:31
1073,TIM FUCHS,3906,01:59:34,DEU,30-39,211,Male,704,01:59:34
1074,LACHLAN WILSON,8269,01:59:34,NZL,20-29,214,Male,705,01:59:34
1075,KYLIE MCNEILLY,7300,01:59:36,NZL,30-39,123,Female,370,01:59:36
1076,OONAGH TURNER,5499,01:59:36,NZL,50-59,31,Female,371,01:59:36
1077,RYAN MCMAHON,7293,01:59:36,NZL,30-39,212,Male,706,01:59:36
1078,SEBASTIAN VAN DER SLUIS,5522,01:59:37,NZL,20-29,215,Male,707,01:59:37
1079,TANEK GARDNER,6581,01:59:38,NZL,20-29,216,Male,708,01:59:38
1080,GURUDATTA VISHWASRAO,5553,01:59:39,IND,30-39,213,Male,709,01:59:39
1081,ROMA WATTERSON,8176,01:59:39,NZL,30-39,124,Female,372,01:59:39
1082,ELENA SAUNDERS,5171,01:59:40,NZL,20-29,137,Female,373,01:59:40
1083,ROBYN JONES,6933,01:59:40,ZAF,40-49,68,Female,374,01:59:40
1084,ADAM CALLAGHAN,3413,01:59:41,NZL,20-29,217,Male,710,01:59:41
1085,MICHAEL ELLERINGTON,6454,01:59:42,NZL,20-29,218,Male,711,01:59:42
1086,OLIVIA FAUSETT,6490,01:59:43,NZL,20-29,138,Female,375,01:59:43
1087,KENNETH RIDLEY,7707,01:59:45,NZL,30-39,214,Male,712,01:59:45
1088,MOLLY FRANKLIN,3888,01:59:46,NZL,16-19,11,Female,376,01:59:46
1089,SHAE ADAMS,5764,01:59:47,NZL,20-29,139,Female,377,01:59:47
1090,CLAIRE MOLONEY,4751,01:59:50,IRL,30-39,125,Female,378,01:59:50
1091,STEVEN FRANC,3885,01:59:50,NZL,30-39,215,Male,713,01:59:50
1092,MILLIE KEOWN,8689,01:59:52,NZL,20-29,140,Female,379,01:59:52
1093,ZOE MURRELL,4804,01:59:52,NZL,20-29,141,Female,380,01:59:52
1094,ANNABELLE GUALTER,4045,01:59:54,NZL,20-29,142,Female,381,01:59:54
1095,HALDANE BLANK,5964,01:59:54,NZL,40-49,179,Male,714,01:59:54
1096,MAREWA SUTHERLAND,5375,01:59:54,NZL,30-39,126,Female,382,01:59:54
1097,KIM TWINE,8084,01:59:56,NZL,20-29,143,Female,383,01:59:56
1098,WILLIS LAM,7032,01:59:57,PRT,40-49,180,Male,715,01:59:57
1099,NICHOLAS YOUNG,5743,01:59:57,NZL,20-29,219,Male,716,01:59:57
1100,LAUREN DAVIES,6315,01:59:58,AUS,20-29,144,Female,384,01:59:58
1101,RUBY HULL,4231,01:59:59,NZL,16-19,12,Female,385,01:59:59
1102,JOEL STEVEN,7936,02:00:00,NZL,20-29,220,Male,717,02:00:00
1103,NICOLE OATES,7485,02:00:03,AUS,50-59,32,Female,386,02:00:03
1104,CARL ROBERTSON,8658,02:00:04,NZL,40-49,181,Male,718,02:00:04
1105,GEMMA MITCHELL,7349,02:00:04,NZL,30-39,127,Female,387,02:00:04
1106,TIMOTHY WITTEN-SAGE,5702,02:00:04,MEX,30-39,216,Male,719,02:00:04
1107,HARRY RODGER,5112,02:00:04,NZL,20-29,221,Male,720,02:00:04
1108,PATRICIA DEÆ ATH,3662,02:00:04,BOL,30-39,128,Female,388,02:00:04
1109,EMILY BALL,5853,02:00:06,NZL,30-39,129,Female,389,02:00:06
1110,TOM NICHOLSON,7467,02:00:06,AUS,30-39,217,Male,721,02:00:06
1111,MICHAELA POSTHUMA,7614,02:00:07,NZL,20-29,145,Female,390,02:00:07
1112,TONI ATTWOOD,5828,02:00:07,NZL,20-29,146,Female,391,02:00:07
1113,CHARLOTTE HALL,6688,02:00:09,NZL,20-29,147,Female,392,02:00:09
1114,SINEAD LINWOOD,7100,02:00:09,NZL,40-49,69,Female,393,02:00:09
1115,KURT BARLOW,3174,02:00:09,NZL,30-39,218,Male,722,02:00:09
1116,BEN MACKENZIE,7151,02:00:10,AUS,30-39,219,Male,723,02:00:10
1117,SAM WILLIAMS,8243,02:00:11,NZL,30-39,220,Male,724,02:00:11
1118,ELIAS MACKENZIE,7146,02:00:11,AUS,20-29,222,Male,725,02:00:11
1119,MEGAN PLUMRIDGE,5001,02:00:12,NZL,40-49,70,Female,394,02:00:12
1120,MATTHEW WASHER,8598,02:00:12,NZL,30-39,221,Male,726,02:00:12
1121,PHOEBE BICKELL,5936,02:00:12,NZL,20-29,148,Female,395,02:00:12
1122,ALI FLYNN,3871,02:00:14,NZL,40-49,71,Female,396,02:00:14
1123,ATREY GAJJAR,6567,02:00:15,AUS,20-29,223,Male,727,02:00:15
1124,KAT BARCENILLA,5864,02:00:15,NZL,30-39,130,Female,397,02:00:15
1125,DAN NICHOL,4828,02:00:19,NZL,30-39,222,Male,728,02:00:19
1126,ROBERT BOASMAN,3266,02:00:22,NZL,50-59,66,Male,729,02:00:22
1127,STEPHANIE MITCHELL,7358,02:00:22,NZL,20-29,149,Female,398,02:00:22
1128,RACHAEL MORRIS,7392,02:00:23,AUS,30-39,131,Female,399,02:00:23
1129,KIRSTY CALMAN,8758,02:00:23,NZL,30-39,132,Female,400,02:00:23
1130,KIRSTI MCTAGUE,7305,02:00:23,NZL,40-49,72,Female,401,02:00:23
1131,SHEREE MCKIRDY,7278,02:00:24,NZL,40-49,73,Female,402,02:00:24
1132,TUZLA LATHIFF,7047,02:00:25,NZL,20-29,150,Female,403,02:00:25
1133,JARROD TUCKER,8070,02:00:29,NZL,20-29,224,Male,730,02:00:29
1134,EMMA HEASLIP,8691,02:00:29,NZL,20-29,151,Female,404,02:00:29
1135,BEN CHAMBERLAIN,6125,02:00:30,NZL,40-49,182,Male,731,02:00:30
1136,JAMES BECKWITH,3210,02:00:31,NZL,30-39,223,Male,732,02:00:31
1137,LUCY COOK,3544,02:00:31,AUS,40-49,74,Female,405,02:00:31
1138,JOSH TURNBULL,5496,02:00:32,NZL,20-29,225,Male,733,02:00:32
1139,KELLIE MCLAUGHLAN,4664,02:00:34,NZL,30-39,133,Female,406,02:00:34
1140,CALLUM RHODES,5075,02:00:35,NZL,40-49,183,Male,734,02:00:35
1141,TIM COURT-PATIENCE,8896,02:00:36,NZL,30-39,224,Male,735,02:00:36
1142,JAKE TE WHARE,8010,02:00:36,NZL,20-29,226,Male,736,02:00:36
1143,NIC MANDERS,4560,02:00:37,NZL,40-49,184,Male,737,02:00:37
1144,THOMAS KEAR,6950,02:00:37,GBR,20-29,227,Male,738,02:00:37
1145,EMMA WELLINGHAM,8191,02:00:38,NZL,30-39,134,Female,407,02:00:38
1146,LORNA MCEWAN,7244,02:00:40,NZL,20-29,152,Female,408,02:00:40
1147,LUCY PORTER,7613,02:00:40,NZL,20-29,153,Female,409,02:00:40
1148,EVE CHAPMAN-SMITH,6139,02:00:41,NZL,30-39,135,Female,410,02:00:41
1149,RICHARD HUTTON,6856,02:00:41,NZL,60-69,20,Male,739,02:00:41
1150,GRACE CAJOTE FORDE,8891,02:00:42,NZL,40-49,75,Female,411,02:00:42
1151,PETER SHEPHERD,7843,02:00:42,NZL,30-39,225,Male,740,02:00:42
1152,RONAN FINN,3848,02:00:43,IRL,20-29,228,Male,741,02:00:43
1153,STEVEN FAID,6480,02:00:44,GBR,40-49,185,Male,742,02:00:44
1154,RUA CROFSKEY,6272,02:00:46,NZL,50-59,67,Male,743,02:00:46
1155,ASHLEIGH LAMBERG,7034,02:00:46,NZL,20-29,154,Female,412,02:00:46
1156,GEMMA BURGESS,6056,02:00:46,NZL,20-29,155,Female,413,02:00:46
1157,RACHEL GOOM,8416,02:00:47,NZL,40-49,76,Female,414,02:00:47
1158,JEANE WRIGLEY,5726,02:00:51,NZL,30-39,136,Female,415,02:00:51
1159,DELWYN GOODRICK,3991,02:00:53,NZL,50-59,33,Female,416,02:00:53
1160,EMILY FLEMMING,6515,02:00:55,CAN,30-39,137,Female,417,02:00:55
1161,LOE ASKIN,5818,02:00:56,NZL,30-39,138,Female,418,02:00:56
1162,BECCA FUNNELL,8707,02:00:57,NZL,20-29,156,Female,419,02:00:57
1163,MATTHEW CHEAH,3475,02:00:58,MYS,20-29,229,Male,744,02:00:58
1164,AMANDA KELLY,6962,02:00:58,NZL,40-49,77,Female,420,02:00:58
1165,JENNIFER JONES,6928,02:00:59,NZL,60-69,5,Female,421,02:00:59
1166,ALI APPELMAN,5803,02:00:59,NZL,30-39,139,Female,422,02:00:59
1167,AMELIA WATTS,8177,02:00:59,NZL,20-29,157,Female,423,02:00:59
1168,TONY RUSSELL,5144,02:01:00,NZL,40-49,186,Male,745,02:01:00
1169,CHERYL KNYVETT,7015,02:01:00,NZL,30-39,140,Female,424,02:01:00
1170,CHRIS TYLER,5508,02:01:00,GBR,20-29,230,Male,746,02:01:00
1171,TIM OAKES,7484,02:01:01,NZL,50-59,68,Male,747,02:01:01
1172,KRISTEN FINNERTY,6503,02:01:05,NZL,30-39,141,Female,425,02:01:05
1173,WEI LOH,7114,02:01:05,NZL,20-29,231,Male,748,02:01:05
1174,RENEE GLENN,6618,02:01:07,AUS,30-39,142,Female,426,02:01:07
1175,DON YOUNG,8310,02:01:07,NZL,60-69,21,Male,749,02:01:07
1176,ANNE BRADLEY,6003,02:01:08,NZL,60-69,6,Female,427,02:01:08
1177,RORY MACDONALD,4533,02:01:08,NZL,30-39,226,Male,750,02:01:08
1178,EMILY HUNT,6848,02:01:08,NZL,40-49,78,Female,428,02:01:08
1179,CHELSIE MOONEY,7373,02:01:09,NZL,30-39,143,Female,429,02:01:09
1180,ALICE MORETON,7381,02:01:11,NZL,20-29,158,Female,430,02:01:11
1181,JOHN BLAIR,5959,02:01:11,NZL,20-29,232,Male,751,02:01:11
1182,ROBERT BOEKE,5977,02:01:12,AUS,40-49,187,Male,752,02:01:12
1183,JACOB MCBRIDE,7218,02:01:12,NZL,20-29,233,Male,753,02:01:12
1184,FRANCES INVERARITY,4264,02:01:14,GBR,20-29,159,Female,431,02:01:14
1185,NIKO SCHOLLUM,7802,02:01:16,NZL,20-29,234,Male,754,02:01:16
1186,BRYAN PEARSON,7562,02:01:16,NZL,50-59,69,Male,755,02:01:16
1187,ANNABEL BRENNAN,6015,02:01:17,AUS,50-59,34,Female,432,02:01:17
1188,BLAIR ROBERTSON,8643,02:01:17,NZL,30-39,227,Male,756,02:01:17
1189,LACHLAN GOVES,6636,02:01:17,AUS,20-29,235,Male,757,02:01:17
1190,CHRIS MCLEAN,7283,02:01:17,NZL,50-59,35,Female,433,02:01:17
1191,HAMISH MANSERGH,7171,02:01:18,NZL,20-29,236,Male,758,02:01:18
1192,LILY TROTTER,8067,02:01:18,NZL,20-29,160,Female,434,02:01:18
1193,MELINDA WILLIAMS,5670,02:01:20,NZL,40-49,79,Female,435,02:01:20
1194,ZARA MORRIS,7391,02:01:21,NZL,30-39,144,Female,436,02:01:21
1195,AMY MACDONALD,7136,02:01:22,NZL,30-39,145,Female,437,02:01:22
1196,EMMA LE GOFF,8875,02:01:24,NZL,20-29,161,Female,438,02:01:24
1197,OLIVIA DORNE-CUMMING,6382,02:01:24,NZL,20-29,162,Female,439,02:01:24
1198,SOPHIE SPENCER,8874,02:01:24,NZL,20-29,163,Female,440,02:01:24
1199,PAULA BEVILACQUA,3237,02:01:26,NZL,40-49,80,Female,441,02:01:26
1200,STACEY BOND,3275,02:01:26,NZL,30-39,146,Female,442,02:01:26
1201,JESS HINCHLIFF,6775,02:01:27,NZL,20-29,164,Female,443,02:01:27
1202,KATIE BECKER,3208,02:01:28,AUS,40-49,81,Female,444,02:01:28
1203,CAROLINE SOMERVILLE,7904,02:01:28,NZL,40-49,82,Female,445,02:01:28
1204,HOLLY MURDOCH,7414,02:01:29,NZL,30-39,147,Female,446,02:01:29
1205,RUTH ALLAN,5779,02:01:29,GBR,20-29,165,Female,447,02:01:29
1206,ELISABETH BUTTON,3400,02:01:32,NZL,30-39,148,Female,448,02:01:32
1207,JODIE KEENEY,6956,02:01:32,NZL,20-29,166,Female,449,02:01:32
1208,MATT TEMPLETON,8011,02:01:33,NZL,20-29,237,Male,759,02:01:33
1209,PAUL LE GOFF,7058,02:01:34,NZL,16-19,17,Male,760,02:01:34
1210,GEORGINA ROBERTSON,5099,02:01:35,NZL,20-29,167,Female,450,02:01:35
1211,CATHERINE ARNOLD,5810,02:01:35,GBR,30-39,149,Female,451,02:01:35
1212,AIMEE COWLE,6245,02:01:36,NZL,20-29,168,Female,452,02:01:36
1213,JAMIE ASKHAM,3144,02:01:38,NZL,30-39,228,Male,761,02:01:38
1214,TANYA MOLTONI,7367,02:01:38,AUS,50-59,36,Female,453,02:01:38
1215,BRIDGET AIREY,5772,02:01:38,NZL,20-29,169,Female,454,02:01:38
1216,IRENE ANDERSON,5787,02:01:38,NZL,20-29,170,Female,455,02:01:38
1217,MICHELLE KEMP,8738,02:01:40,NZL,50-59,37,Female,456,02:01:40
1218,BELINDA SCHOUTEN,5184,02:01:40,NZL,40-49,83,Female,457,02:01:40
1219,RAQUEL DAVIS,6322,02:01:40,NZL,20-29,171,Female,458,02:01:40
1220,JANE MASON,3035,02:01:41,NZL,60-69,7,Female,459,02:01:41
1221,BROOKE BUCHANAN,6043,02:01:43,NZL,20-29,172,Female,460,02:01:43
1222,WON SICK KIM,6990,02:01:45,KOR,40-49,188,Male,762,02:01:45
1223,HAYDEN GAGE-DIXON,3916,02:01:45,NZL,20-29,238,Male,763,02:01:45
1224,JESSIE NOVAK,7479,02:01:46,NZL,20-29,173,Female,461,02:01:46
1225,CHARL PHILIPSE,4980,02:01:47,NZL,50-59,70,Male,764,02:01:47
1226,SAMUEL OÆFLAHERTY,4867,02:01:47,NZL,30-39,229,Male,765,02:01:47
1227,ANDREA WATSON,8167,02:01:48,NZL,30-39,150,Female,462,02:01:48
1228,RYAN COLE,3519,02:01:49,NZL,20-29,239,Male,766,02:01:49
1229,EMILY CHAMBERLAIN,3465,02:01:49,NZL,20-29,174,Female,463,02:01:49
1230,REBECCA PARIS,8516,02:01:50,NZL,40-49,84,Female,464,02:01:50
1231,LEANNE CROFSKEY,6271,02:01:50,NZL,40-49,85,Female,465,02:01:50
1232,DENZIL EDWARDS,6440,02:01:51,NZL,20-29,240,Male,767,02:01:51
1233,SIMON COWARD,3582,02:01:51,NZL,20-29,241,Male,768,02:01:51
1234,KERI DUNLOP,3753,02:01:51,NZL,40-49,86,Female,466,02:01:51
1235,MARC STEPHENS,5328,02:01:53,GBR,30-39,230,Male,769,02:01:53
1236,ROBERT AUSTON,5833,02:01:55,CAN,40-49,189,Male,770,02:01:55
1237,PENNY FUSSELL,6562,02:01:56,NZL,40-49,87,Female,467,02:01:56
1238,TRACY MCGOWAN,7249,02:01:57,NZL,30-39,151,Female,468,02:01:57
1239,HEMI BLACKLER,5955,02:01:57,NZL,30-39,231,Male,771,02:01:57
1240,R? NEILSFORD-JONES,7447,02:01:57,NZL,20-29,242,Male,772,02:01:57
1241,ANNA MCKINSTRY,7277,02:01:59,NZL,30-39,152,Female,469,02:01:59
1242,RYAN ARNOTT,5814,02:01:59,AUS,16-19,18,Male,773,02:01:59
1243,SARAH PICKERSGILL,4988,02:02:03,NZL,50-59,38,Female,470,02:02:03
1244,GRACE PATTERSON,7552,02:02:06,NZL,30-39,153,Female,471,02:02:06
1245,CHAROLETTE BURGESS,6055,02:02:06,NZL,40-49,88,Female,472,02:02:06
1246,JOSIE BROUGH,3339,02:02:14,NZL,30-39,154,Female,473,02:02:14
1247,NICHOLA HIATT,6768,02:02:16,NZL,40-49,89,Female,474,02:02:16
1248,FELIX HUNT,4237,02:02:18,NZL,20-29,243,Male,774,02:02:18
1249,SAMUEL CHENEY,6150,02:02:19,AUS,30-39,232,Male,775,02:02:19
1250,LYDIA DUNFORD,6408,02:02:19,NZL,20-29,175,Female,475,02:02:19
1251,JON RAMAGE,5042,02:02:19,NZL,50-59,71,Male,776,02:02:19
1252,JOREN KRUIP,4399,02:02:21,NLD,20-29,244,Male,777,02:02:21
1253,ELLA CRIPPS,6270,02:02:23,NZL,20-29,176,Female,476,02:02:23
1254,HAYLEA RODGERS,7734,02:02:23,NZL,20-29,177,Female,477,02:02:23
1255,VALENTYNA SYLEVYCH,7986,02:02:24,UKR,30-39,155,Female,478,02:02:24
1256,RYAN FRASDER,6543,02:02:24,NZL,20-29,245,Male,778,02:02:24
1257,DAVID MINEAR,4735,02:02:26,AUS,70+,3,Male,779,02:02:26
1258,EMILY MERCER,7317,02:02:28,NZL,20-29,178,Female,479,02:02:28
1259,NINA TUDEHOPE,8072,02:02:28,NZL,20-29,179,Female,480,02:02:28
1260,DAVE EATON,3769,02:02:30,NZL,70+,4,Male,780,02:02:30
1261,BRONWYN RADCLIFFE,5036,02:02:31,NZL,50-59,39,Female,481,02:02:31
1262,ANDREW GRAY,6643,02:02:31,NZL,50-59,72,Male,781,02:02:31
1263,MATT SLEDMORE,7869,02:02:31,NZL,40-49,190,Male,782,02:02:31
1264,CLAUDIA SERRA,7825,02:02:32,NZL,20-29,180,Female,482,02:02:32
1265,BEN NEILL,7443,02:02:32,NZL,40-49,191,Male,783,02:02:32
1266,GREG BISSET,3250,02:02:33,AUS,60-69,22,Male,784,02:02:33
1267,MICHAEL KRAUSE,4394,02:02:33,NZL,40-49,192,Male,785,02:02:33
1268,SOPHIEMARIE BETHELL,3233,02:02:34,NZL,20-29,181,Female,483,02:02:34
1269,DALE WHEELER,5623,02:02:34,NZL,50-59,73,Male,786,02:02:34
1270,QUINN MCNAB,4676,02:02:36,NZL,20-29,246,Male,787,02:02:36
1271,BRENDA GRAY,6644,02:02:36,NZL,50-59,40,Female,484,02:02:36
1272,DANIEL MATHIESON,7199,02:02:36,NZL,30-39,233,Male,788,02:02:36
1273,LYNSAY IRELAND,6861,02:02:37,NZL,30-39,156,Female,485,02:02:37
1274,LEE SNOWDON,7902,02:02:37,NZL,30-39,157,Female,486,02:02:37
1275,KYLIE WATSON,8170,02:02:38,NZL,40-49,90,Female,487,02:02:38
1276,CAITLIN DOUGLAS,6385,02:02:39,AUS,20-29,182,Female,488,02:02:39
1277,JESS HOWZEN,4222,02:02:39,NZL,30-39,158,Female,489,02:02:39
1278,JESSICA EYERS,6475,02:02:40,NZL,40-49,91,Female,490,02:02:40
1279,BRETT WILLIAMSON,8247,02:02:41,NZL,40-49,193,Male,789,02:02:41
1280,HEATHER SIGNORINI,7852,02:02:41,NZL,50-59,41,Female,491,02:02:41
1281,EMILY FYFE,6563,02:02:42,NZL,30-39,159,Female,492,02:02:42
1282,KARA OVENS,4910,02:02:43,NZL,30-39,160,Female,493,02:02:43
1283,ELYSE NAYLOR,7435,02:02:44,NZL,30-39,161,Female,494,02:02:44
1284,KATE TIPPLE,8585,02:02:44,NZL,40-49,92,Female,495,02:02:44
1285,JANE SHARMAN,5210,02:02:45,NZL,40-49,93,Female,496,02:02:45
1286,ANNEMARIE TOWNSLEY,5470,02:02:45,NZL,40-49,94,Female,497,02:02:45
1287,SAMUEL MARMION,7178,02:02:46,NZL,30-39,234,Male,790,02:02:46
1288,CAMERON LIDSTONE,7084,02:02:47,NZL,30-39,235,Male,791,02:02:47
1289,LUKE HAWLEY,4126,02:02:50,NZL,20-29,247,Male,792,02:02:50
1290,SHANNON VIDLER,5545,02:02:50,NZL,20-29,183,Female,498,02:02:50
1291,NICKY VINCENT,8116,02:02:52,NZL,40-49,95,Female,499,02:02:52
1292,MIKE DONALDSON,6376,02:02:52,NZL,40-49,194,Male,793,02:02:52
1293,ELLA MROCZEK,4781,02:02:52,NZL,20-29,184,Female,500,02:02:52
1294,DANIELLE JARVIE,6886,02:02:53,NZL,20-29,185,Female,501,02:02:53
1295,DENINA BULL,6050,02:02:57,NZL,20-29,186,Female,502,02:02:57
1296,JOHN GILLETT,6612,02:02:57,AUS,60-69,23,Male,794,02:02:57
1297,SHANNON GOLDSMITH,3985,02:02:58,NZL,40-49,195,Male,795,02:02:58
1298,JOHANNA MCPHEE,7302,02:03:01,AUS,50-59,42,Female,503,02:03:01
1299,LAURI WATT,8173,02:03:01,NZL,20-29,187,Female,504,02:03:01
1300,KATIE MOFFATT,7361,02:03:01,NZL,20-29,188,Female,505,02:03:01
1301,KIERAN HOWDEN,4219,02:03:02,NZL,30-39,236,Male,796,02:03:02
1302,JARROD STEWART,5338,02:03:04,NZL,40-49,196,Male,797,02:03:04
1303,RENATE KNOX,7013,02:03:04,NZL,40-49,96,Female,506,02:03:04
1304,LOGAN BRIDGENS,3324,02:03:06,NZL,40-49,197,Male,798,02:03:06
1305,ELZIVOR BROWN,8745,02:03:06,NZL,20-29,248,Male,799,02:03:06
1306,JOANNA CHAN,3467,02:03:07,NZL,30-39,162,Female,507,02:03:07
1307,AMY BERTOLIN,5931,02:03:07,AUS,30-39,163,Female,508,02:03:07
1308,BRYNLEA PAIN,7521,02:03:07,NZL,20-29,189,Female,509,02:03:07
1309,LUKE WEBLEY,5608,02:03:08,NZL,40-49,198,Male,800,02:03:08
1310,HARRIET WATSON,5594,02:03:10,NZL,20-29,190,Female,510,02:03:10
1311,CATHERINE CAMERON,6087,02:03:11,NZL,40-49,97,Female,511,02:03:11
1312,SHAVERAN NAICKER,4807,02:03:11,NZL,40-49,199,Male,801,02:03:11
1313,CAITLIN HUGHES,6837,02:03:11,NZL,20-29,191,Female,512,02:03:11
1314,JOSIAH HUNT,4238,02:03:12,NZL,20-29,249,Male,802,02:03:12
1315,DANIEL GERHARD,3957,02:03:12,DEU,40-49,200,Male,803,02:03:12
1316,KATE DONOVAN,3715,02:03:17,AUS,40-49,98,Female,513,02:03:17
1317,ROSS BAIRD,5848,02:03:18,NZL,30-39,237,Male,804,02:03:18
1318,GEORGIA KELAHER,6958,02:03:19,AUS,30-39,164,Female,514,02:03:19
1319,KYE JOHNSON,6912,02:03:20,UKR,40-49,201,Male,805,02:03:20
1320,STEPHEN LOWE,7126,02:03:20,NZL,40-49,202,Male,806,02:03:20
1321,TYLER STEWART,8858,02:03:21,NZL,16-19,13,Female,515,02:03:21
1322,PETER SMITH,3046,02:03:22,NZL,50-59,74,Male,807,02:03:22
1323,EMILY HANCOCK,6698,02:03:22,AUS,20-29,192,Female,516,02:03:22
1324,DOLENE ROSSI,5127,02:03:24,AUS,60-69,8,Female,517,02:03:24
1325,KATE NICHOLSON,4832,02:03:25,NZL,40-49,99,Female,518,02:03:25
1326,JIM GRIGGS,6666,02:03:26,AUS,50-59,75,Male,808,02:03:26
1327,JENNA HAYES,4129,02:03:26,NZL,20-29,193,Female,519,02:03:26
1328,JEFF NAM,7431,02:03:27,NZL,40-49,203,Male,809,02:03:27
1329,SARAH MCINTYRE,4644,02:03:28,NZL,40-49,100,Female,520,02:03:28
1330,JACK KENDALL,6966,02:03:29,NZL,20-29,250,Male,810,02:03:29
1331,LAUREN PIEBENGA,7592,02:03:30,NZL,40-49,101,Female,521,02:03:30
1332,SALENA SCHAEFFER,8553,02:03:31,NZL,40-49,102,Female,522,02:03:31
1333,BRENT MACLEOD,7154,02:03:31,NZL,50-59,76,Male,811,02:03:31
1334,BRENDAN MCKAY,8491,02:03:32,NZL,40-49,204,Male,812,02:03:32
1335,NATHAN MIDDLETON,7326,02:03:33,NZL,20-29,251,Male,813,02:03:33
1336,BAILEY MCCANN,7223,02:03:33,NZL,20-29,194,Female,523,02:03:33
1337,KERRIE GIBBS,6599,02:03:34,AUS,60-69,9,Female,524,02:03:34
1338,NIALL CURRAN,3613,02:03:34,NZL,40-49,205,Male,814,02:03:34
1339,LAURA NEWTON,7458,02:03:35,AUS,30-39,165,Female,525,02:03:35
1340,ANNA LINDSAY,7095,02:03:38,NZL,20-29,195,Female,526,02:03:38
1341,MARINA BUONOCORE,8358,02:03:43,NZL,50-59,43,Female,527,02:03:43
1342,SIAN HODGKINS,4195,02:03:44,NZL,30-39,166,Female,528,02:03:44
1343,JAIME HUTTER,4252,02:03:45,NZL,40-49,206,Male,815,02:03:45
1344,KAILA DINAN,6362,02:03:47,NZL,40-49,103,Female,529,02:03:47
1345,MATTHEW JOHANNSEN,8775,02:03:47,NZL,20-29,252,Male,816,02:03:47
1346,SCOTT WYLIE,5731,02:03:47,NZL,20-29,253,Male,817,02:03:47
1347,JORJA DINAN,6361,02:03:47,NZL,16-19,14,Female,530,02:03:47
1348,AMANDA RYAN,5145,02:03:48,NZL,50-59,44,Female,531,02:03:48
1349,LUKE PIRIE,4998,02:03:49,NZL,30-39,238,Male,818,02:03:49
1350,SARAH CLEMENTS,6182,02:03:49,AUS,50-59,45,Female,532,02:03:49
1351,EMILY FUNNELL,6560,02:03:50,AUS,50-59,46,Female,533,02:03:50
1352,SUE COOMBE,3549,02:03:51,NZL,50-59,47,Female,534,02:03:51
1353,SAM WAINWRIGHT,8134,02:03:53,NZL,20-29,254,Male,819,02:03:53
1354,MATTHEW CLAY,6178,02:03:53,NZL,20-29,255,Male,820,02:03:53
1355,ALEX WEATHERHEAD,8183,02:03:53,NZL,30-39,239,Male,821,02:03:53
1356,GERALD PECOVER,7567,02:03:59,NZL,60-69,24,Male,822,02:03:59
1357,KEELY LANG,7039,02:04:00,NZL,20-29,196,Female,535,02:04:00
1358,MINNIE IHAKA-FANNING,4260,02:04:01,NZL,20-29,197,Female,536,02:04:01
1359,ALEX STUART,5360,02:04:03,NZL,20-29,256,Male,823,02:04:03
1360,MARILO COLLINS,6202,02:04:03,AUS,40-49,104,Female,537,02:04:03
1361,SARAH DISKIN,6364,02:04:05,IRL,30-39,167,Female,538,02:04:05
1362,JULIE LILLEY,4474,02:04:05,NZL,60-69,10,Female,539,02:04:05
1363,CAMPBELL MILLER,7332,02:04:06,NZL,20-29,257,Male,824,02:04:06
1364,OLIVER CLELAND,3503,02:04:06,NZL,20-29,258,Male,825,02:04:06
1365,MIKE O'CONNOR,8673,02:04:06,NZL,50-59,77,Male,826,02:04:06
1366,JJ SANDALL,8551,02:04:06,NZL,40-49,207,Male,827,02:04:06
1367,MIKE BRUMMITT,3366,02:04:06,NZL,40-49,208,Male,828,02:04:06
1368,ANDREW LAW,7048,02:04:08,AUS,60-69,25,Male,829,02:04:08
1369,ELLA MARKS,7177,02:04:09,NZL,20-29,198,Female,540,02:04:09
1370,JAMIE CHAPMAN,6136,02:04:09,NZL,30-39,240,Male,830,02:04:09
1371,SAM HARPER,6716,02:04:09,NZL,30-39,168,Female,541,02:04:09
1372,SAM TURNER,8081,02:04:11,NZL,20-29,259,Male,831,02:04:11
1373,DEMI POYNTER,7622,02:04:12,NZL,30-39,169,Female,542,02:04:12
1374,AYURI IWAI,6869,02:04:12,JPN,20-29,199,Female,543,02:04:12
1375,LYNN LOUIE-JOHNSUN,7123,02:04:14,AUS,40-49,105,Female,544,02:04:14
1376,SARAH FAGAN,8750,02:04:14,NZL,20-29,200,Female,545,02:04:14
1377,NINA WOLLASTON,5704,02:04:14,NZL,20-29,201,Female,546,02:04:14
1378,MATT O'ROURKE,4899,02:04:16,NZL,40-49,209,Male,832,02:04:16
1379,MARIA ELLIOTT,3784,02:04:17,NZL,40-49,106,Female,547,02:04:17
1380,JAMIE REID,5065,02:04:17,NZL,50-59,78,Male,833,02:04:17
1381,AMELIA STEEL,7927,02:04:17,NZL,40-49,107,Female,548,02:04:17
1382,AN RAN CHEN,3476,02:04:20,NZL,20-29,202,Female,549,02:04:20
1383,MADI MCBRIDE,7219,02:04:20,NZL,20-29,203,Female,550,02:04:20
1384,RACHEL DRAKE,3736,02:04:23,NZL,40-49,108,Female,551,02:04:23
1385,CARMEN KEENE,4336,02:04:24,NZL,40-49,109,Female,552,02:04:24
1386,MARIA TERESA JIMENEZ,6900,02:04:24,AUS,40-49,110,Female,553,02:04:24
1387,MARIETA SAUNDERS,5172,02:04:26,NZL,20-29,204,Female,554,02:04:26
1388,JASON SCOTT,5196,02:04:26,NZL,40-49,210,Male,834,02:04:26
1389,KEN LEITCH,4450,02:04:27,AUS,50-59,79,Male,835,02:04:27
1390,JOSEPH KENNINGTON,8748,02:04:28,IRL,30-39,241,Male,836,02:04:28
1391,CAROLINA RAMIREZ,8700,02:04:28,NZL,30-39,170,Female,555,02:04:28
1392,JUSTIN BRASS,8771,02:04:29,NZL,30-39,242,Male,837,02:04:29
1393,NATHAN ARSCOTT,5815,02:04:29,NZL,20-29,260,Male,838,02:04:29
1394,TIM BRIGHTWELL,3327,02:04:31,NZL,30-39,243,Male,839,02:04:31
1395,M WAUGH,8181,02:04:32,NZL,40-49,211,Male,840,02:04:32
1396,KELLY TWEED,8082,02:04:32,NZL,20-29,205,Female,556,02:04:32
1397,PAUL DUTTON,6422,02:04:33,AUS,50-59,80,Male,841,02:04:33
1398,SAMSU KIM,4365,02:04:34,KOR,30-39,244,Male,842,02:04:34
1399,HONOR GARDEN,6579,02:04:34,NZL,16-19,15,Female,557,02:04:34
1400,GRANT WOOLFORD,8613,02:04:35,NZL,40-49,212,Male,843,02:04:35
1401,AUSTIN GARDEN,6578,02:04:35,NZL,40-49,213,Male,844,02:04:35
1402,EUAN SAPWELL,7785,02:04:35,NZL,20-29,261,Male,845,02:04:35
1403,CARLY CLEVELAND,3509,02:04:36,AUS,40-49,111,Female,558,02:04:36
1404,AMANDA MCNEE,7299,02:04:39,AUS,30-39,171,Female,559,02:04:39
1405,STEFAN PIRIE,4996,02:04:45,NZL,30-39,245,Male,846,02:04:45
1406,ELLEN CHISHOLM,6154,02:04:45,NZL,30-39,172,Female,560,02:04:45
1407,CAROLINE O'BRIEN,7486,02:04:45,NZL,40-49,112,Female,561,02:04:45
1408,COURTNEY JANE HANSEN,8677,02:04:45,NZL,30-39,173,Female,562,02:04:45
1409,JANE COLEMAN,6196,02:04:46,NZL,50-59,48,Female,563,02:04:46
1410,SHARON WALTERS,5579,02:04:47,AUS,50-59,49,Female,564,02:04:47
1411,KEITH RITCHIE,5090,02:04:47,NZL,30-39,246,Male,847,02:04:47
1412,JAMIE HALLA,8423,02:04:47,NZL,40-49,214,Male,848,02:04:47
1413,VALERIE EDWARDS,6446,02:04:49,USA,40-49,113,Female,565,02:04:49
1414,LOGAN DENNIS,6348,02:04:49,NZL,20-29,262,Male,849,02:04:49
1415,TROY HALLIDAY,4061,02:04:50,NZL,30-39,247,Male,850,02:04:50
1416,SHIRAZ MULHOLLAND,7409,02:04:50,NZL,20-29,206,Female,566,02:04:50
1417,KATHARINA REITER,5068,02:04:51,DEU,30-39,174,Female,567,02:04:51
1418,BROOKE LEONARD,4453,02:04:51,NZL,20-29,207,Female,568,02:04:51
1419,JONATHAN PATERSON,7547,02:04:56,NZL,40-49,215,Male,851,02:04:56
1420,MIKE O'SULLIVAN,7516,02:04:56,NZL,50-59,81,Male,852,02:04:56
1421,MARK CHADDOCK,3462,02:04:58,NZL,50-59,82,Male,853,02:04:58
1422,KATE DONALDSON,3709,02:05:00,NZL,20-29,208,Female,569,02:05:00
1423,MICHELLE HAMILTON,4072,02:05:02,NZL,40-49,114,Female,570,02:05:02
1424,HANNAH WILKINSON,8230,02:05:03,NZL,20-29,209,Female,571,02:05:03
1425,KAROLINA SCHMIDT,7796,02:05:03,DEU,30-39,175,Female,572,02:05:03
1426,SUZANNA SAGAR,7772,02:05:04,AUS,40-49,115,Female,573,02:05:04
1427,ADAM CASTRICUM,3453,02:05:04,AUS,40-49,216,Male,854,02:05:04
1428,SHANNAN SCOTT,7820,02:05:06,NZL,30-39,248,Male,855,02:05:06
1429,MEGAN ROBERTSON,8543,02:05:06,NZL,40-49,116,Female,574,02:05:06
1430,SUE PEREIRA,7573,02:05:08,NZL,40-49,117,Female,575,02:05:08
1431,SELINA ROBB,8872,02:05:08,NZL,20-29,210,Female,576,02:05:08
1432,JACK RITCHIE,7712,02:05:09,NZL,20-29,263,Male,856,02:05:09
1433,REBECCA SCOTT,7817,02:05:10,NZL,20-29,211,Female,577,02:05:10
1434,AMANDA WITHERS,8669,02:05:10,NZL,20-29,212,Female,578,02:05:10
1435,GRACE CUMMING,6287,02:05:11,NZL,20-29,213,Female,579,02:05:11
1436,SHANNON BEGLEY,8341,02:05:11,NZL,20-29,214,Female,580,02:05:11
1437,KIM WATSON,8172,02:05:13,NZL,40-49,118,Female,581,02:05:13
1438,TRACEY KLEIN,7009,02:05:16,AUS,30-39,176,Female,582,02:05:16
1439,ALEXANDER HAYWARD,6745,02:05:18,NZL,20-29,264,Male,857,02:05:18
1440,ISLA WEIR,8189,02:05:19,NZL,40-49,119,Female,583,02:05:19
1441,HANNAH JURKE,6942,02:05:19,NZL,20-29,215,Female,584,02:05:19
1442,ELI MAYNARD,7210,02:05:21,NZL,30-39,249,Male,858,02:05:21
1443,JULIETTE MOORE,7376,02:05:22,NZL,30-39,177,Female,585,02:05:22
1444,ROBERT MILNE,7344,02:05:22,NZL,40-49,217,Male,859,02:05:22
1445,MANDY BLACK,8344,02:05:23,AUS,40-49,120,Female,586,02:05:23
1446,TRISTRAM JOHNSTON,6918,02:05:24,NZL,40-49,218,Male,860,02:05:24
1447,JORDAN ASHBY,3139,02:05:24,NZL,20-29,216,Female,587,02:05:24
1448,COLIN MCCALL,7221,02:05:25,NZL,30-39,250,Male,861,02:05:25
1449,CATHERINE FALLON,6482,02:05:25,NZL,40-49,121,Female,588,02:05:25
1450,MICHAEL STEVENSON,8821,02:05:29,NZL,30-39,251,Male,862,02:05:29
1451,SAM GIBBONS,6598,02:05:32,NZL,20-29,265,Male,863,02:05:32
1452,KRISTYN EARL,5739,02:05:33,NZL,30-39,178,Female,589,02:05:33
1453,HAYLEY YOUNG,5738,02:05:33,NZL,30-39,179,Female,590,02:05:33
1454,LUCY FLEMING,6514,02:05:36,NZL,20-29,217,Female,591,02:05:36
1455,CUSHLA SKIPPER,5261,02:05:37,NZL,30-39,180,Female,592,02:05:37
1456,CLAIRE ENSOR,3798,02:05:38,NZL,60-69,11,Female,593,02:05:38
1457,SUSAN FRYER,3903,02:05:38,NZL,50-59,50,Female,594,02:05:38
1458,REBECCA PRETTY,8803,02:05:40,NZL,20-29,218,Female,595,02:05:40
1459,MONIQUE GAINSBOROUGH-WARING,6566,02:05:40,NZL,20-29,219,Female,596,02:05:40
1460,HUNTER GOODFELLOW,6624,02:05:40,NZL,16-19,19,Male,864,02:05:40
1461,IRENE LEWIS,8474,02:05:43,NZL,20-29,220,Female,597,02:05:43
1462,DEAN HEGARTY,8873,02:05:43,NZL,30-39,252,Male,865,02:05:43
1463,CAROL TANNOUS SLEIMAN,5389,02:05:46,AUS,40-49,122,Female,598,02:05:46
1464,MELISSA SANTUCHO,7784,02:05:46,ARG,20-29,221,Female,599,02:05:46
1465,MAXINE SHANKS,7832,02:05:48,NZL,20-29,222,Female,600,02:05:48
1466,LUKE JOHNSTONE,4310,02:05:58,NZL,40-49,219,Male,866,02:05:58
1467,MUHAMMAD AZMI,5835,02:06:00,MYS,20-29,266,Male,867,02:06:00
1468,ATIKAH RAZLEY,7675,02:06:00,MYS,30-39,181,Female,601,02:06:00
1469,CAROL UGARTE,8086,02:06:00,CHL,30-39,182,Female,602,02:06:00
1470,CHRISTINE COLE,8374,02:06:01,NZL,50-59,51,Female,603,02:06:01
1471,JAMIE ROBERTSON,7726,02:06:02,NZL,30-39,253,Male,868,02:06:02
1472,JOSH LAMBERT,7035,02:06:02,NZL,16-19,20,Male,869,02:06:02
1473,SIMON PITTS,7599,02:06:04,NZL,20-29,267,Male,870,02:06:04
1474,RACHAEL MCKINNEY,7276,02:06:05,NZL,50-59,52,Female,604,02:06:05
1475,CORIN ROXBURGH,7754,02:06:05,AUS,20-29,223,Female,605,02:06:05
1476,ELISSA CALDERWOOD,6086,02:06:05,AUS,30-39,183,Female,606,02:06:05
1477,PAULA WILSON,8264,02:06:05,NZL,50-59,53,Female,607,02:06:05
1478,FIONA LITHANDER,7103,02:06:06,IRL,40-49,123,Female,608,02:06:06
1479,LAURA MORETON,7383,02:06:07,NZL,20-29,224,Female,609,02:06:07
1480,JAVAS WRIGHT,8290,02:06:08,NZL,40-49,220,Male,871,02:06:08
1481,BRETT MCDONOUGH,7240,02:06:09,NZL,50-59,83,Male,872,02:06:09
1482,CHARLOTTE LEWIS,4462,02:06:09,GBR,30-39,184,Female,610,02:06:09
1483,HANNAH KENNEDY,6971,02:06:10,NZL,20-29,225,Female,611,02:06:10
1484,JOHN BRINSLEY-PIRIE,6023,02:06:10,NZL,30-39,254,Male,873,02:06:10
1485,CLAIRE WARING,8163,02:06:11,NZL,40-49,124,Female,612,02:06:11
1486,ANGELA SOBEY,5289,02:06:13,AUS,40-49,125,Female,613,02:06:13
1487,JANIS SOCHANSKI,5290,02:06:14,AUS,40-49,126,Female,614,02:06:14
1488,ROSIE IRELAND,6862,02:06:17,NZL,20-29,226,Female,615,02:06:17
1489,AMANDA GRAY,4014,02:06:19,NZL,30-39,185,Female,616,02:06:19
1490,AMY HURST,4245,02:06:20,NZL,20-29,227,Female,617,02:06:20
1491,KATHERINE DURMAN,6418,02:06:20,GBR,30-39,186,Female,618,02:06:20
1492,JULIET WHITTAKER,5642,02:06:23,NZL,30-39,187,Female,619,02:06:23
1493,JOE DAVIS,6320,02:06:24,NZL,40-49,221,Male,874,02:06:24
1494,ADAM CLINCKETT,3510,02:06:28,NZL,40-49,222,Male,875,02:06:28
1495,JENNIFER POOLE,7607,02:06:28,NZL,40-49,127,Female,620,02:06:28
1496,GEORGIA HAMILTON,4069,02:06:30,NZL,20-29,228,Female,621,02:06:30
1497,HANNAH JOHNSON,6910,02:06:32,NZL,30-39,188,Female,622,02:06:32
1498,SOPHIE BORLASE,3290,02:06:33,NZL,20-29,229,Female,623,02:06:33
1499,LYDIA BORLASE,3289,02:06:34,NZL,20-29,230,Female,624,02:06:34
1500,CHARLOTTE LAURENTIN,4423,02:06:35,FRA,20-29,231,Female,625,02:06:35
1501,JACOB PRIERGAARD-PETERSEN,7639,02:06:35,NZL,30-39,255,Male,876,02:06:35
1502,KELLY HINCKFUSS,6776,02:06:36,AUS,50-59,54,Female,626,02:06:36
1503,DARIA GILLESPIE,3973,02:06:37,NZL,20-29,232,Female,627,02:06:37
1504,ZOE PUSHON,8529,02:06:37,NZL,20-29,233,Female,628,02:06:37
1505,JOEL GABITES,6565,02:06:37,NZL,30-39,256,Male,877,02:06:37
1506,LAUREN ISAACS,4270,02:06:38,AUS,40-49,128,Female,629,02:06:38
1507,MARK HUNTER,8443,02:06:40,NZL,50-59,84,Male,878,02:06:40
1508,DANNY MARINER,7176,02:06:42,GBR,60-69,26,Male,879,02:06:42
1509,GAVIN BANNON,5863,02:06:42,IRL,40-49,223,Male,880,02:06:42
1510,FELICITY DOMINICK,3707,02:06:44,NZL,30-39,189,Female,630,02:06:44
1511,NICKY STEPHENS,8570,02:06:44,NZL,30-39,190,Female,631,02:06:44
1512,DAMIAN SCHADE,7791,02:06:46,NZL,40-49,224,Male,881,02:06:46
1513,AYDHEN SYMISTER,5380,02:06:47,NZL,40-49,225,Male,882,02:06:47
1514,GARETH ANDREWS,5797,02:06:47,NZL,30-39,257,Male,883,02:06:47
1515,NICKI MILLER,8767,02:06:48,NZL,30-39,191,Female,632,02:06:48
1516,LYDIA MILLS,7342,02:06:54,NZL,20-29,234,Female,633,02:06:54
1517,BRITTANY LIRETTE,4486,02:06:55,NZL,20-29,235,Female,634,02:06:55
1518,EILEEN MASON,7195,02:06:56,NZL,30-39,192,Female,635,02:06:56
1519,STEFANIE BARCLAY,3170,02:06:56,NZL,30-39,193,Female,636,02:06:56
1520,BRUCE WOODS,5715,02:06:59,NZL,70+,5,Male,884,02:06:59
1521,CARLTON CRIBB,9270,02:07:00,NZL,50-59,85,Male,885,02:07:00
1522,STEPHANIE QUAID,7653,02:07:03,IRL,20-29,236,Female,637,02:07:03
1523,BARRY WOODLAND,5714,02:07:03,NZL,60-69,27,Male,886,02:07:03
1524,FIONA GILLANDERS,3971,02:07:04,NZL,40-49,129,Female,638,02:07:04
1525,TONY WILSON,8267,02:07:04,NZL,50-59,86,Male,887,02:07:04
1526,KELLY THOMPSON,5430,02:07:04,NZL,20-29,237,Female,639,02:07:04
1527,COURTNEY TREMLETT,8063,02:07:04,NZL,20-29,238,Female,640,02:07:04
1528,LUCY JOHNSTON,4305,02:07:07,NZL,20-29,239,Female,641,02:07:07
1529,JOURDAN WILSON-LE NOEL,8270,02:07:07,NZL,20-29,268,Male,888,02:07:07
1530,RICHARD SMITH,7891,02:07:07,NZL,50-59,87,Male,889,02:07:07
1531,JOHN TULP,5491,02:07:08,NZL,50-59,88,Male,890,02:07:08
1532,SARA MAURER,4597,02:07:08,DEU,30-39,194,Female,642,02:07:08
1533,KAYLEE GOODYER,3994,02:07:08,NZL,20-29,240,Female,643,02:07:08
1534,FIONA DARWEN,8385,02:07:10,IRL,40-49,130,Female,644,02:07:10
1535,MICHELLE YAMBASEF,5733,02:07:10,NZL,40-49,131,Female,645,02:07:10
1536,SHARI DUNLOP,6412,02:07:10,NZL,50-59,55,Female,646,02:07:10
1537,GEORGIA GRAY,4017,02:07:11,GBR,20-29,241,Female,647,02:07:11
1538,EMMA RYDER,7770,02:07:11,NZL,20-29,242,Female,648,02:07:11
1539,KATE GODBEE,6620,02:07:13,AUS,50-59,56,Female,649,02:07:13
1540,JOEY SIU,7865,02:07:14,NZL,30-39,195,Female,650,02:07:14
1541,MAYSIE TURNER,5498,02:07:15,NZL,20-29,243,Female,651,02:07:15
1542,TOM BEVERLEY,8729,02:07:15,GBR,20-29,269,Male,891,02:07:15
1543,KATE CAMPBELL,6096,02:07:18,AUS,30-39,196,Female,652,02:07:18
1544,RUTH DENTON,3682,02:07:19,AUS,50-59,57,Female,653,02:07:19
1545,JOSEPH PERKINS,7577,02:07:20,GBR,20-29,270,Male,892,02:07:20
1546,JIHYE JEONG,4296,02:07:20,NZL,30-39,197,Female,654,02:07:20
1547,LIBBY MCFADDEN,8838,02:07:21,NZL,40-49,132,Female,655,02:07:21
1548,JING-BAO NIE NIE,4837,02:07:21,NZL,60-69,28,Male,893,02:07:21
1549,CHRISTINA MITCHELL,4739,02:07:22,NZL,40-49,133,Female,656,02:07:22
1550,JESS HOLLAND,6793,02:07:23,NZL,20-29,244,Female,657,02:07:23
1551,KATE BOLEYN,5979,02:07:25,NZL,40-49,134,Female,658,02:07:25
1552,HANNAH CARNABY,3432,02:07:27,NZL,30-39,198,Female,659,02:07:27
1553,CELINA FRY,3901,02:07:28,NZL,40-49,135,Female,660,02:07:28
1554,JESSICA BLAIR,3256,02:07:29,NZL,30-39,199,Female,661,02:07:29
1555,GRAEME JUDKINS,4323,02:07:29,NZL,70+,6,Male,894,02:07:29
1556,ELLA MCKINNEY,4657,02:07:31,NZL,16-19,16,Female,662,02:07:31
1557,ISABELLE POVEDA,7619,02:07:31,GBR,20-29,245,Female,663,02:07:31
1558,KEITH TODD,8587,02:07:32,NZL,50-59,89,Male,895,02:07:32
1559,NICKI SAMES,5160,02:07:32,NZL,30-39,200,Female,664,02:07:32
1560,JOSH VAN DEN AREND,8094,02:07:34,NZL,20-29,271,Male,896,02:07:34
1561,JOVINA CHIA,8370,02:07:34,NZL,30-39,201,Female,665,02:07:34
1562,LINDSAY PLUNKETT,8730,02:07:37,NZL,50-59,90,Male,897,02:07:37
1563,STUART PALMER,4916,02:07:38,NZL,40-49,226,Male,898,02:07:38
1564,JACOB VAN ASCH,8092,02:07:39,NZL,20-29,272,Male,899,02:07:39
1565,ANGELA SCHEMEL,7792,02:07:42,NZL,30-39,202,Female,666,02:07:42
1566,NATHAN RIKI,5082,02:07:43,NZL,30-39,258,Male,900,02:07:43
1567,DEAN POOLEY,7608,02:07:45,NZL,30-39,259,Male,901,02:07:45
1568,NATHAN MACLENNAN,4546,02:07:45,NZL,40-49,227,Male,902,02:07:45
1569,JAMES STEELE,7930,02:07:45,USA,40-49,228,Male,903,02:07:45
1570,LEON MILTS,7346,02:07:46,AUS,60-69,29,Male,904,02:07:46
1571,REBECCA HART,6728,02:07:47,NZL,40-49,136,Female,667,02:07:47
1572,MIKE HART,6729,02:07:48,NZL,40-49,229,Male,905,02:07:48
1573,KERYN MCKENZIE,7272,02:07:48,NZL,40-49,137,Female,668,02:07:48
1574,YVETTE LIDDINGTON,4470,02:07:48,NZL,40-49,138,Female,669,02:07:48
1575,CRAIG RYAN,5150,02:07:51,NZL,30-39,260,Male,906,02:07:51
1576,AMY WALKER,5564,02:07:51,NZL,20-29,246,Female,670,02:07:51
1577,GEORGINA JACKSON,6872,02:07:52,NZL,20-29,247,Female,671,02:07:52
1578,CARMIN BECK,3206,02:07:53,USA,30-39,203,Female,672,02:07:53
1579,HOLLY ATTRILL,8335,02:07:53,NZL,30-39,204,Female,673,02:07:53
1580,THOMAS MOHAMMED,4748,02:07:54,NZL,20-29,273,Male,907,02:07:54
1581,PENNY TRAVIS,8733,02:07:55,AUS,40-49,139,Female,674,02:07:55
1582,KERRY VANCE,5531,02:07:55,NZL,40-49,140,Female,675,02:07:55
1583,OLIVIA KEY,4362,02:07:55,NZL,16-19,17,Female,676,02:07:55
1584,CHRISTINE GILLETT,6611,02:07:58,AUS,50-59,58,Female,677,02:07:58
1585,STUART FRICKER,6550,02:07:58,AUS,50-59,91,Male,908,02:07:58
1586,MARTIN SANDERS,5163,02:07:59,AUS,50-59,92,Male,909,02:07:59
1587,RACHAEL STEWART,7945,02:08:00,IRL,30-39,205,Female,678,02:08:00
1588,CALAN JONES,6923,02:08:01,NZL,30-39,206,Female,679,02:08:01
1589,KATIE BUSSEY,3396,02:08:03,NZL,50-59,59,Female,680,02:08:03
1590,CAROLINE DUTTON,6421,02:08:03,AUS,50-59,60,Female,681,02:08:03
1591,WARREN TUCKER,5489,02:08:03,NZL,30-39,261,Male,910,02:08:03
1592,CHRIS TODD,8857,02:08:04,NZL,50-59,93,Male,911,02:08:04
1593,JILL CALLON,3415,02:08:04,NZL,60-69,12,Female,682,02:08:04
1594,SCOTT MCCLAY,7230,02:08:09,NZL,40-49,230,Male,912,02:08:09
1595,CHARLIE JONES,6924,02:08:11,NZL,20-29,274,Male,913,02:08:11
1596,LARA LAING,7031,02:08:12,AUS,50-59,61,Female,683,02:08:12
1597,MICHELLE BODKIN,5976,02:08:12,AUS,50-59,62,Female,684,02:08:12
1598,EMILY STONEHOUSE,5348,02:08:12,NZL,20-29,248,Female,685,02:08:12
1599,BRIAR CROSBIE,6276,02:08:14,NZL,20-29,249,Female,686,02:08:14
1600,EMILY CLARK,6167,02:08:16,AUS,20-29,250,Female,687,02:08:16
1601,GARETH FAIRWEATHER,3816,02:08:21,GBR,30-39,262,Male,914,02:08:21
1602,NIGEL FINNERTY,3849,02:08:24,NZL,50-59,94,Male,915,02:08:24
1603,JOHN WASHER,8597,02:08:26,NZL,30-39,263,Male,916,02:08:26
1604,JENNA MORRIS,4767,02:08:27,NZL,30-39,207,Female,688,02:08:27
1605,OLIVER MAHARAJ-BOOTH,4552,02:08:27,NZL,20-29,275,Male,917,02:08:27
1606,ABBI GRAHAM,6641,02:08:29,NZL,20-29,251,Female,689,02:08:29
1607,JAMES BROWNIE,6035,02:08:31,NZL,30-39,264,Male,918,02:08:31
1608,ROSEMARY BUCKLAND,3371,02:08:31,NZL,30-39,208,Female,690,02:08:31
1609,WENDY HARRIS,6723,02:08:32,NZL,40-49,141,Female,691,02:08:32
1610,AMY ROUGHTON,7750,02:08:33,NZL,30-39,209,Female,692,02:08:33
1611,IVAN SRZICH,7916,02:08:34,NZL,50-59,95,Male,919,02:08:34
1612,DANIELLE ASHCROFT,3140,02:08:34,NZL,30-39,210,Female,693,02:08:34
1613,EMILY MCGARRY,4631,02:08:35,NZL,20-29,252,Female,694,02:08:35
1614,ANDREW DEPREE,6350,02:08:36,NZL,50-59,96,Male,920,02:08:36
1615,JOHN BORLAND,3288,02:08:37,NZL,30-39,211,Female,695,02:08:37
1616,KATE PATTERSON,7554,02:08:38,NZL,30-39,212,Female,696,02:08:38
1617,OWEN CLEMENTS,3505,02:08:38,CAN,40-49,231,Male,921,02:08:38
1618,JACQUI SINCLAIR,5252,02:08:39,NZL,50-59,63,Female,697,02:08:39
1619,BRANDON BANKS,5861,02:08:42,NZL,20-29,276,Male,922,02:08:42
1620,YING KIT LI,7082,02:08:44,SGP,60-69,30,Male,923,02:08:44
1621,GEORGIA ANASTASIOU,5784,02:08:45,NZL,20-29,253,Female,698,02:08:45
1622,LEE TREADAWAY,8061,02:08:46,NZL,50-59,64,Female,699,02:08:46
1623,JULIA COPPENS,6229,02:08:46,NZL,20-29,254,Female,700,02:08:46
1624,LORNA CAMERON,6089,02:08:46,NZL,20-29,255,Female,701,02:08:46
1625,SOPHIE BUTT,6073,02:08:47,NZL,30-39,213,Female,702,02:08:47
1626,BRAD MCNAMARA,7297,02:08:47,NZL,20-29,277,Male,924,02:08:47
1627,LESLEY PARKIN,4929,02:08:48,NZL,50-59,65,Female,703,02:08:48
1628,EMMA HANSEN,8426,02:08:48,NZL,30-39,214,Female,704,02:08:48
1629,LOIS LESTER,8472,02:08:50,NZL,50-59,66,Female,705,02:08:50
1630,ANTHONY BARRETT,8340,02:08:52,NZL,50-59,97,Male,925,02:08:52
1631,DENISE TULLY,8075,02:08:53,NZL,50-59,67,Female,706,02:08:53
1632,FIONA HOWIE,6830,02:08:56,GBR,30-39,215,Female,707,02:08:56
1633,HEMI BEDGGOOD,5906,02:08:57,NZL,30-39,265,Male,926,02:08:57
1634,CARA RICHARDSON,7700,02:08:58,AUS,20-29,256,Female,708,02:08:58
1635,RACHEL DANIEL,3624,02:08:59,NZL,40-49,142,Female,709,02:08:59
1636,ANYA ANDERSON,3107,02:08:59,NZL,50-59,68,Female,710,02:08:59
1637,PHILIP THOMPSON,8026,02:09:00,HKG,50-59,98,Male,927,02:09:00
1638,ED O'BRIEN,8679,02:09:01,NZL,20-29,278,Male,928,02:09:01
1639,TAMATI TERIINI,5414,02:09:04,NZL,30-39,266,Male,929,02:09:04
1640,CLAIRE CACCIOPPOLI,6077,02:09:04,NZL,30-39,216,Female,711,02:09:04
1641,JENNIFER ROBERTS,7721,02:09:04,NZL,30-39,217,Female,712,02:09:04
1642,MITCHELL DAVIE-MARTIN,6312,02:09:04,NZL,20-29,279,Male,930,02:09:04
1643,AISLINN ROGERS,7739,02:09:05,NZL,20-29,257,Female,713,02:09:05
1644,LISA WUJEC,8297,02:09:06,NZL,40-49,143,Female,714,02:09:06
1645,STEPHEN FLECK,8690,02:09:06,NZL,40-49,232,Male,931,02:09:06
1646,MARK DINGLE,6363,02:09:07,NZL,60-69,31,Male,932,02:09:07
1647,CONOR MARTIN,4580,02:09:08,IRL,20-29,280,Male,933,02:09:08
1648,GWYNN REES,5058,02:09:12,GBR,50-59,99,Male,934,02:09:12
1649,KIERSTEN LONG,7116,02:09:13,NZL,20-29,258,Female,715,02:09:13
1650,LISA KEELER,6954,02:09:14,NZL,40-49,144,Female,716,02:09:14
1651,JASMIN CULVERWELL,8890,02:09:14,AUS,20-29,259,Female,717,02:09:14
1652,ANNA HAWKES,6736,02:09:15,NZL,40-49,145,Female,718,02:09:15
1653,CHARLIE TWOMEY,5507,02:09:16,AUS,50-59,100,Male,935,02:09:16
1654,BRIDGET GRACE,6639,02:09:18,NZL,40-49,146,Female,719,02:09:18
1655,TAMARA VIVIAN,5555,02:09:18,NZL,20-29,260,Female,720,02:09:18
1656,ROBBIE TURRELL,8590,02:09:19,GBR,40-49,233,Male,936,02:09:19
1657,ANNA MELLSOP,4697,02:09:22,NZL,40-49,147,Female,721,02:09:22
1658,TIM MELLSOP,4698,02:09:22,NZL,40-49,234,Male,937,02:09:22
1659,JAIMEE WHISTON,5630,02:09:24,NZL,40-49,148,Female,722,02:09:24
1660,RACHEL EDWARDS,3776,02:09:25,NZL,20-29,261,Female,723,02:09:25
1661,PATRICIA JENNEY,6894,02:09:28,NZL,20-29,262,Female,724,02:09:28
1662,LAUREN SANDERSON,5166,02:09:28,GBR,20-29,263,Female,725,02:09:28
1663,HENRY GLUBB,3981,02:09:29,NZL,40-49,235,Male,938,02:09:29
1664,SAM CONNELL,6212,02:09:30,NZL,30-39,267,Male,939,02:09:30
1665,TALIA LEONARD,7073,02:09:32,NZL,20-29,264,Female,726,02:09:32
1666,AIMEE SCOTT,7809,02:09:32,NZL,40-49,149,Female,727,02:09:32
1667,NAMAN CHAUDHRY,6143,02:09:33,AUS,20-29,281,Male,940,02:09:33
1668,APRIL DUGGAN,6400,02:09:33,NZL,40-49,150,Female,728,02:09:33
1669,ELLA HUGHES,6838,02:09:35,NZL,20-29,265,Female,729,02:09:35
1670,JOSEPHINE PERSICO,4968,02:09:39,NZL,16-19,18,Female,730,02:09:39
1671,MARTIN SMITH,7887,02:09:41,NZL,40-49,236,Male,941,02:09:41
1672,MICHELLE MORGAN,7385,02:09:42,AUS,50-59,69,Female,731,02:09:42
1673,MEREDITH SEETO,7824,02:09:42,NZL,20-29,266,Female,732,02:09:42
1674,DARCIE PRICE,7634,02:09:42,NIU,40-49,151,Female,733,02:09:42
1675,CHARMAINE CHALMERS,6124,02:09:42,AUS,40-49,152,Female,734,02:09:42
1676,BRADLEY WEST,8201,02:09:42,NZL,30-39,268,Male,942,02:09:42
1677,VERONICA LLANOS SALINAS,8682,02:09:44,BOL,30-39,218,Female,735,02:09:44
1678,MORGAN VINCENT,8117,02:09:44,NZL,30-39,219,Female,736,02:09:44
1679,JAMIE HAYDE,6740,02:09:44,NZL,40-49,237,Male,943,02:09:44
1680,CARL AIAU,5770,02:09:46,NZL,30-39,269,Male,944,02:09:46
1681,SAUL BUTLER,3398,02:09:47,NZL,50-59,101,Male,945,02:09:47
1682,PIETA YARRELL,8303,02:09:48,NZL,20-29,267,Female,737,02:09:48
1683,NICK FIFIELD,6499,02:09:49,GBR,40-49,238,Male,946,02:09:49
1684,HEIDI KINGSTON,4373,02:09:50,NZL,30-39,220,Female,738,02:09:50
1685,KATHRYN EAST,6434,02:09:52,AUS,40-49,153,Female,739,02:09:52
1686,DAVID HOGG,6789,02:09:52,NZL,40-49,239,Male,947,02:09:52
1687,GRACE ZHANG,5751,02:09:54,NZL,20-29,268,Female,740,02:09:54
1688,TASHA BURTON,3395,02:09:54,NZL,20-29,269,Female,741,02:09:54
1689,GEORGE INWOOD,4265,02:09:55,NZL,20-29,282,Male,948,02:09:55
1690,COURTNEY WILSON,8258,02:09:56,NZL,30-39,221,Female,742,02:09:56
1691,STEVEN MANNION,7170,02:09:56,IRL,30-39,270,Male,949,02:09:56
1692,CONNIE SEARLE,7822,02:09:58,NZL,20-29,270,Female,743,02:09:58
1693,BARRY FORMOSA,6525,02:09:59,AUS,60-69,32,Male,950,02:09:59
1694,HAYDEN ILES,8675,02:10:03,NZL,50-59,102,Male,951,02:10:03
1695,SAM DENNIS,6349,02:10:04,NZL,20-29,283,Male,952,02:10:04
1696,MATTHEW FAIRWEATHER,3817,02:10:07,NZL,30-39,271,Male,953,02:10:07
1697,MONIKA VALES,8820,02:10:08,NZL,40-49,154,Female,744,02:10:08
1698,MATTHEW BAIN,5845,02:10:09,NZL,20-29,284,Male,954,02:10:09
1699,SAMANTHA BUDD,3374,02:10:10,NZL,30-39,222,Female,745,02:10:10
1700,JO TOOMEY,5465,02:10:11,NZL,30-39,223,Female,746,02:10:11
1701,FRITHA LINKLATER,7098,02:10:12,NZL,40-49,155,Female,747,02:10:12
1702,DARRYN BOYLE,5999,02:10:13,NZL,40-49,240,Male,955,02:10:13
1703,DAVID GANDY,6572,02:10:13,NZL,50-59,103,Male,956,02:10:13
1704,AMANDA BARTLEY,5874,02:10:17,NZL,30-39,224,Female,748,02:10:17
1705,TIM WATT,8175,02:10:18,KEN,30-39,272,Male,957,02:10:18
1706,LIZZIE FREWEN,3896,02:10:18,NZL,20-29,271,Female,749,02:10:18
1707,DONAL HANRAHAN,4088,02:10:18,IRL,40-49,241,Male,958,02:10:18
1708,GARETH HADDEN,6681,02:10:19,NZL,20-29,285,Male,959,02:10:19
1709,SIAN LEIGH,7068,02:10:21,NZL,40-49,156,Female,750,02:10:21
1710,NICOLE HANNING,4087,02:10:23,NZL,30-39,225,Female,751,02:10:23
1711,ELLEN WISNIA,8277,02:10:25,GBR,20-29,272,Female,752,02:10:25
1712,HILARY SEYMOUR,7830,02:10:29,NZL,40-49,157,Female,753,02:10:29
1713,HAMISH KELYNACK,4344,02:10:31,NZL,30-39,273,Male,960,02:10:31
1714,AUSTIN BRAGG,6008,02:10:31,NZL,60-69,33,Male,961,02:10:31
1715,NICHOLLETTE BROWN,3355,02:10:31,NZL,40-49,158,Female,754,02:10:31
1716,BEGO±A RUIZ,7756,02:10:31,CHL,30-39,226,Female,755,02:10:31
1717,MATTHEW RUSSELL,8550,02:10:32,NZL,30-39,274,Male,962,02:10:32
1718,MARIE TAYLOR,8004,02:10:32,NZL,30-39,227,Female,756,02:10:32
1719,ANDREW MITCHELL,4743,02:10:33,NZL,40-49,242,Male,963,02:10:33
1720,ANDREW ROBINSON,7728,02:10:37,NZL,40-49,243,Male,964,02:10:37
1721,SANDY RILEY,8839,02:10:39,NZL,40-49,159,Female,757,02:10:39
1722,NINA DONALDSON,6377,02:10:39,NZL,20-29,273,Female,758,02:10:39
1723,HEAVENLY COOPER,8380,02:10:44,NZL,30-39,228,Female,759,02:10:44
1724,KELSEY MCGUINNESS,7257,02:10:45,AUS,20-29,274,Female,760,02:10:45
1725,SAMANTHA MURRAY,7426,02:10:45,AUS,20-29,275,Female,761,02:10:45
1726,ANNE HARRIS,4102,02:10:47,NZL,50-59,70,Female,762,02:10:47
1727,MICHAEL BURGESS,3384,02:10:48,NZL,20-29,286,Male,965,02:10:48
1728,JOHN POWER,7621,02:10:48,USA,60-69,34,Male,966,02:10:48
1729,EMILY ENG,6461,02:10:50,NZL,30-39,229,Female,763,02:10:50
1730,ALICE ELGAR,3781,02:10:50,NZL,30-39,230,Female,764,02:10:50
1731,GRACE HYSLOP,4255,02:10:51,NZL,20-29,276,Female,765,02:10:51
1732,LARA GERBER,6593,02:10:51,NZL,20-29,277,Female,766,02:10:51
1733,SAMANTHA HERBERT,6764,02:10:51,NZL,20-29,278,Female,767,02:10:51
1734,ADORIQUE MAY,7205,02:10:52,NZL,20-29,279,Female,768,02:10:52
1735,NICOLE FRIEND,3898,02:10:52,NZL,20-29,280,Female,769,02:10:52
1736,DEBBIE JESSEP,8451,02:10:52,NZL,50-59,71,Female,770,02:10:52
1737,RICHARD MCPHERSON,4682,02:10:53,NZL,40-49,244,Male,967,02:10:53
1738,DORTHE MCPHERSON,4681,02:10:53,NZL,40-49,160,Female,771,02:10:53
1739,OLLIE BRAGG,3309,02:10:53,NZL,20-29,287,Male,968,02:10:53
1740,CAROLYN KYLE,4404,02:10:53,NZL,40-49,161,Female,772,02:10:53
1741,HAYLEY MCKENZIE,7271,02:10:53,NZL,30-39,231,Female,773,02:10:53
1742,KERRYN TUTTY,5502,02:10:56,NZL,40-49,162,Female,774,02:10:56
1743,ELIZABETH GORDON,6630,02:10:58,NZL,30-39,232,Female,775,02:10:58
1744,AROHA BOLTON,3274,02:11:04,NZL,40-49,163,Female,776,02:11:04
1745,DAN CALDERWOOD,6085,02:11:05,AUS,40-49,245,Male,969,02:11:05
1746,MONIQUE PAINTIN,7522,02:11:07,NZL,40-49,164,Female,777,02:11:07
1747,KELLY FOOTE,3873,02:11:11,AUS,40-49,165,Female,778,02:11:11
1748,PETA SEE,5203,02:11:11,AUS,40-49,166,Female,779,02:11:11
1749,SAMUEL MOULSON,4777,02:11:14,NZL,20-29,288,Male,970,02:11:14
1750,HANNAH KIM,3027,02:11:14,NZL,20-29,281,Female,780,02:11:14
1751,BENJAMIN PERRY,7581,02:11:16,NZL,30-39,275,Male,971,02:11:16
1752,LOUISE MOORE,4755,02:11:17,NZL,20-29,282,Female,781,02:11:17
1753,EVAN WILLIAMS,5660,02:11:18,NZL,40-49,246,Male,972,02:11:18
1754,EUAN PRENTICE,7632,02:11:18,AUS,40-49,247,Male,973,02:11:18
1755,LAURA O'BRIEN,4870,02:11:21,NZL,20-29,283,Female,782,02:11:21
1756,FRANCESCA DUNCAN,3749,02:11:21,NZL,20-29,284,Female,783,02:11:21
1757,ANDREA STOWERS,5350,02:11:22,NZL,40-49,167,Female,784,02:11:22
1758,PIPER MARSHALL,7181,02:11:24,NZL,20-29,285,Female,785,02:11:24
1759,SUSAN MANNERS,4562,02:11:24,NZL,50-59,72,Female,786,02:11:24
1760,BOWEN ZHANG,8320,02:11:28,AUS,40-49,248,Male,974,02:11:28
1761,ANDY WHELAN,8212,02:11:29,NZL,40-49,249,Male,975,02:11:29
1762,KEITH MASLIN,7193,02:11:29,NZL,60-69,35,Male,976,02:11:29
1763,SANJI SURESH KUMAR,7975,02:11:29,NZL,20-29,286,Female,787,02:11:29
1764,MELISSA WHITE,5636,02:11:33,NZL,40-49,168,Female,788,02:11:33
1765,GRACE LONG,8639,02:11:33,NZL,20-29,287,Female,789,02:11:33
1766,PETER POINTON,7601,02:11:34,AUS,60-69,36,Male,977,02:11:34
1767,NEIL FIRMIN,3852,02:11:35,AUS,50-59,104,Male,978,02:11:35
1768,AMY STRANG,7957,02:11:35,NZL,20-29,288,Female,790,02:11:35
1769,ALFRED WANG,8726,02:11:35,NZL,20-29,289,Male,979,02:11:35
1770,EMMA TODD,5457,02:11:39,NZL,30-39,233,Female,791,02:11:39
1771,CANDICE KITT,7006,02:11:39,NZL,30-39,234,Female,792,02:11:39
1772,MATTHEW HOURIGAN,6825,02:11:40,NZL,20-29,290,Male,980,02:11:40
1773,LAURENCE BECKETT,5903,02:11:44,NZL,50-59,105,Male,981,02:11:44
1774,JESSIE DAVIDSON,3633,02:11:44,NZL,16-19,19,Female,793,02:11:44
1775,MONIQUE RUNHAM,7757,02:11:45,NZL,30-39,235,Female,794,02:11:45
1776,MARK DOOLEY,3717,02:11:45,NZL,40-49,250,Male,982,02:11:45
1777,SABINE O'NEILL-STEVENS,7507,02:11:45,NZL,20-29,289,Female,795,02:11:45
1778,KERRY LEVEY,7077,02:11:47,NZL,50-59,73,Female,796,02:11:47
1779,DEAN CORBETT,3568,02:11:47,NZL,50-59,106,Male,983,02:11:47
1780,RAQUEL BASTOS,8892,02:11:50,NZL,30-39,236,Female,797,02:11:50
1781,HERMAN BOLK,5980,02:11:52,NZL,20-29,291,Male,984,02:11:52
1782,KELSI MILLAR,7329,02:11:54,NZL,20-29,290,Female,798,02:11:54
1783,NINA-CAROLINE BERGER,5927,02:11:54,AUT,40-49,169,Female,799,02:11:54
1784,PETER BENNY,5926,02:11:56,NZL,30-39,276,Male,985,02:11:56
1785,LEMI SIITIA,7853,02:11:57,NZL,40-49,251,Male,986,02:11:57
1786,JONATHON REID,7684,02:11:58,NZL,30-39,277,Male,987,02:11:58
1787,TAYLOR KILLICK,6989,02:12:00,NZL,20-29,292,Male,988,02:12:00
1788,CHRISSIE SHORT,5230,02:12:00,NZL,30-39,237,Female,800,02:12:00
1789,JAY COWLEY,6247,02:12:00,NZL,40-49,252,Male,989,02:12:00
1790,ASHLEIGH BARNES-COLLIER,3176,02:12:01,NZL,30-39,238,Female,801,02:12:01
1791,HANNAH CLAYDEN,3497,02:12:01,NZL,30-39,239,Female,802,02:12:01
1792,JASON TE BRAKE,8009,02:12:03,NZL,30-39,278,Male,990,02:12:03
1793,HOLLY MEEK,4692,02:12:05,NZL,20-29,291,Female,803,02:12:05
1794,AMY THERASE,8728,02:12:05,AUS,20-29,292,Female,804,02:12:05
1795,BEN MCLELLAN,7288,02:12:05,NZL,20-29,293,Male,991,02:12:05
1796,EMMA BORLAND,5989,02:12:05,NZL,20-29,293,Female,805,02:12:05
1797,LUCY ENG,3795,02:12:08,NZL,20-29,294,Female,806,02:12:08
1798,MATT BAMBERRY,5858,02:12:09,AUS,50-59,107,Male,992,02:12:09
1799,ANDREW HULL,6845,02:12:10,NZL,20-29,294,Male,993,02:12:10
1800,ANDREW KIBBLEWHITE,6985,02:12:12,NZL,50-59,108,Male,994,02:12:12
1801,LUCY TRAVIS,5473,02:12:12,NZL,30-39,240,Female,807,02:12:12
1802,ALYCE LYSAGHT,8765,02:12:12,NZL,20-29,295,Female,808,02:12:12
1803,TIZIANO DEERSON,3670,02:12:13,NZL,20-29,295,Male,995,02:12:13
1804,STEFANIE STILLAMAN,5342,02:12:14,NZL,40-49,170,Female,809,02:12:14
1805,LEIANA HAYWARD,6747,02:12:14,NZL,20-29,296,Female,810,02:12:14
1806,REBECCA DUDSON,8863,02:12:16,NZL,16-19,20,Female,811,02:12:16
1807,JESSICA MARSHALL,4576,02:12:18,NZL,30-39,241,Female,812,02:12:18
1808,JODY RASMUSSEN,8533,02:12:21,AUS,50-59,74,Female,813,02:12:21
1809,JAMES MARRINER,4570,02:12:22,NZL,30-39,279,Male,996,02:12:22
1810,KENNETH BAILEY,9245,02:12:22,NZL,50-59,109,Male,997,02:12:22
1811,AIDAN SMITH,8756,02:12:22,NZL,30-39,280,Male,998,02:12:22
1812,FIONA WILSON,8260,02:12:23,NZL,40-49,171,Female,814,02:12:23
1813,DAVID STARES,7920,02:12:23,NZL,30-39,281,Male,999,02:12:23
1814,ROB PHILLIPS,8525,02:12:25,NZL,50-59,110,Male,1000,02:12:25
1815,JAMES MORIARTY,7389,02:12:27,NZL,30-39,282,Male,1001,02:12:27
1816,EMMA JOHNSTON,8779,02:12:28,NZL,20-29,297,Female,815,02:12:28
1817,MATT MORRISON,8507,02:12:28,NZL,40-49,253,Male,1002,02:12:28
1818,ANDY MORRISON,4769,02:12:28,NZL,50-59,75,Female,816,02:12:28
1819,GIGI HOLROYD,6807,02:12:28,NZL,20-29,298,Female,817,02:12:28
1820,DINESH DASANAYAKE,6309,02:12:30,LKA,40-49,254,Male,1003,02:12:30
1821,ANDREW LEITH,8713,02:12:31,NZL,30-39,283,Male,1004,02:12:31
1822,MICHAEL JENKINSON,8450,02:12:31,NZL,50-59,111,Male,1005,02:12:31
1823,JENNIE CADE,6078,02:12:32,NZL,30-39,242,Female,818,02:12:32
1824,GEORGINA WHITMORE,8218,02:12:33,NZL,30-39,243,Female,819,02:12:33
1825,BROOKE DAVIES,6314,02:12:34,NZL,30-39,244,Female,820,02:12:34
1826,TERRENCE WYNNE,8301,02:12:34,NZL,60-69,37,Male,1006,02:12:34
1827,SIMON MALING,4558,02:12:35,NZL,40-49,255,Male,1007,02:12:35
1828,GUY WILKINSON,8232,02:12:36,NZL,60-69,38,Male,1008,02:12:36
1829,JORDYN GUEST,6673,02:12:40,AUS,20-29,299,Female,821,02:12:40
1830,WILLIAM MURPHY,7420,02:12:40,NZL,16-19,21,Male,1009,02:12:40
1831,JOSH WAKEFIELD,8135,02:12:40,NZL,30-39,284,Male,1010,02:12:40
1832,MICHAEL WRIGHT,5725,02:12:41,NZL,50-59,112,Male,1011,02:12:41
1833,ETHAN PEATE,7565,02:12:43,AUS,16-19,22,Male,1012,02:12:43
1834,KELLIE COOK,6218,02:12:43,AUS,40-49,172,Female,822,02:12:43
1835,DEVON BURGESS,3382,02:12:44,NZL,20-29,296,Male,1013,02:12:44
1836,JOSIE CALCOTT,3408,02:12:48,NZL,40-49,173,Female,823,02:12:48
1837,JAMES GRIBBLE,6664,02:12:48,NZL,30-39,285,Male,1014,02:12:48
1838,MARK HOLLIS,6797,02:12:50,NZL,50-59,113,Male,1015,02:12:50
1839,RACHAEL HASTINGS,4119,02:12:50,NZL,50-59,76,Female,824,02:12:50
1840,PAUL BARKER,5868,02:12:54,NZL,40-49,256,Male,1016,02:12:54
1841,JOHANNES WELSCH,8195,02:12:54,NZL,30-39,286,Male,1017,02:12:54
1842,DERMOT MURPHY,7419,02:12:54,IRL,30-39,287,Male,1018,02:12:54
1843,GRANT WILLOCKS,8251,02:12:55,NZL,60-69,39,Male,1019,02:12:55
1844,MEGAN THORBY,5441,02:12:58,NZL,30-39,245,Female,825,02:12:58
1845,OMAR HASANIAH,6732,02:12:58,NZL,20-29,297,Male,1020,02:12:58
1846,LYDIA STEEL,7929,02:13:01,NZL,20-29,300,Female,826,02:13:01
1847,NICK BISHOP,5950,02:13:03,NZL,30-39,288,Male,1021,02:13:03
1848,ALYSON GUNDRY,6676,02:13:04,AUS,50-59,77,Female,827,02:13:04
1849,JESSICA FLEMING,3863,02:13:07,NZL,16-19,21,Female,828,02:13:07
1850,KARA ACKERMAN,5760,02:13:08,NZL,40-49,174,Female,829,02:13:08
1851,GARETH HUTCHISON,8446,02:13:10,NZL,40-49,257,Male,1022,02:13:10
1852,NATALIA SCHOLLUM,7801,02:13:12,NZL,20-29,301,Female,830,02:13:12
1853,KATRINA ANDERSON,5788,02:13:15,NZL,40-49,175,Female,831,02:13:15
1854,GEOFF ALLAN,3091,02:13:15,NZL,60-69,40,Male,1023,02:13:15
1855,MICHAEL STURGE,5364,02:13:19,NZL,30-39,289,Male,1024,02:13:19
1856,CAROLINE PEARSON,7563,02:13:20,NZL,30-39,246,Female,832,02:13:20
1857,RYAN GILBERTSON,3966,02:13:20,NZL,30-39,290,Male,1025,02:13:20
1858,CHRISTINA HAMILTON,4068,02:13:21,NZL,30-39,247,Female,833,02:13:21
1859,NADIA RAVANELLO,7670,02:13:22,AUS,60-69,13,Female,834,02:13:22
1860,ABBEY MILLER,4718,02:13:22,NZL,20-29,302,Female,835,02:13:22
1861,JAMIE IDDLES,4257,02:13:23,NZL,30-39,248,Female,836,02:13:23
1862,BEN CHAPMAN,6134,02:13:23,NZL,50-59,114,Male,1026,02:13:23
1863,TONY HEPTINSTALL,6762,02:13:24,NZL,50-59,115,Male,1027,02:13:24
1864,CHARLOTTE IDIENS,8815,02:13:24,NZL,20-29,303,Female,837,02:13:24
1865,SHAUN O'BRIEN,4872,02:13:26,NZL,50-59,116,Male,1028,02:13:26
1866,JOYCE OÆBRIEN,4864,02:13:26,NZL,20-29,304,Female,838,02:13:26
1867,OLIVER BULLOCK,6052,02:13:28,NZL,20-29,298,Male,1029,02:13:28
1868,SAMANTHA VAN DE LUSTGRAAF,8093,02:13:32,AUS,30-39,249,Female,839,02:13:32
1869,SUSAN HAYNES,6744,02:13:33,NZL,50-59,78,Female,840,02:13:33
1870,JORDAN CROWE,3608,02:13:34,NZL,20-29,299,Male,1030,02:13:34
1871,JUSTIN CHETWYND,3478,02:13:36,AUS,40-49,258,Male,1031,02:13:36
1872,SHARON CHUN,6164,02:13:39,NZL,40-49,176,Female,841,02:13:39
1873,SHARON ATKINS,3146,02:13:41,NZL,50-59,79,Female,842,02:13:41
1874,LISSIE WELCH,8190,02:13:42,NZL,20-29,305,Female,843,02:13:42
1875,MICHAEL DYER,6427,02:13:44,NZL,30-39,291,Male,1032,02:13:44
1876,KATHRYN LITTLE,4492,02:13:44,NZL,30-39,250,Female,844,02:13:44
1877,HAYDEN REYNGOUD,5073,02:13:44,NZL,30-39,292,Male,1033,02:13:44
1878,LAURA BEGGS,3212,02:13:46,NZL,20-29,306,Female,845,02:13:46
1879,LAURA EDWARDS,6441,02:13:48,NZL,30-39,251,Female,846,02:13:48
1880,DANIELLE PETRIE,7583,02:13:50,GBR,30-39,252,Female,847,02:13:50
1881,EMILY WILKINSON,8229,02:13:50,NZL,16-19,22,Female,848,02:13:50
1882,CATHERINE HUNTER,6849,02:13:52,NZL,30-39,253,Female,849,02:13:52
1883,LANCE WILKIE,5652,02:13:54,NZL,30-39,293,Male,1034,02:13:54
1884,CECILIA CROOKS,3599,02:13:54,NZL,20-29,307,Female,850,02:13:54
1885,JOELLE GATENBY,6587,02:13:56,NZL,20-29,308,Female,851,02:13:56
1886,BETH VANDERHAVEN,8593,02:13:57,NZL,20-29,309,Female,852,02:13:57
1887,ROSS GATENBY,3932,02:13:57,NZL,70+,7,Male,1035,02:13:57
1888,LISA ANDERSEN,8328,02:13:59,NZL,40-49,177,Female,853,02:13:59
1889,ANDREA ADAMSON,5765,02:14:00,NZL,50-59,80,Female,854,02:14:00
1890,CHRISTINE NAZER,7439,02:14:01,NZL,60-69,14,Female,855,02:14:01
1891,CATE MCARTHUR,7216,02:14:02,NZL,20-29,310,Female,856,02:14:02
1892,NATASHA FLAVELL,6512,02:14:03,NZL,30-39,254,Female,857,02:14:03
1893,EVE GIBSON,6601,02:14:04,AUS,30-39,255,Female,858,02:14:04
1894,TIM LILEY,7087,02:14:05,NZL,50-59,117,Male,1036,02:14:05
1895,ASHLEIGH PANNETT,7525,02:14:05,NZL,20-29,311,Female,859,02:14:05
1896,SCOTT MCCORMICK,4624,02:14:07,NZL,40-49,259,Male,1037,02:14:07
1897,LOUISE FRANCE,6535,02:14:08,NZL,30-39,256,Female,860,02:14:08
1898,WAYNE JENVEY,6897,02:14:10,AUS,50-59,118,Male,1038,02:14:10
1899,GEORGIA BELL,5915,02:14:12,AUS,20-29,312,Female,861,02:14:12
1900,MONICA BRUMMITT,3367,02:14:14,NZL,40-49,178,Female,862,02:14:14
1901,NICOLA ABBOTT,3061,02:14:14,NZL,40-49,179,Female,863,02:14:14
1902,STEPHANIE MALARDE,4557,02:14:14,NZL,40-49,180,Female,864,02:14:14
1903,HAMISH LAING,7030,02:14:14,NZL,20-29,300,Male,1039,02:14:14
1904,ZOE BROOK,3334,02:14:17,NZL,20-29,313,Female,865,02:14:17
1905,CLAIRE GIBSON,6600,02:14:18,NZL,30-39,257,Female,866,02:14:18
1906,MIKE GRIFFITHS,4035,02:14:19,NZL,50-59,119,Male,1040,02:14:19
1907,JEREMY GREENWOOD,4030,02:14:20,NZL,40-49,260,Male,1041,02:14:20
1908,EMMA NEALE,7440,02:14:21,NZL,20-29,314,Female,867,02:14:21
1909,SIMON NEALE,7442,02:14:21,NZL,40-49,261,Male,1042,02:14:21
1910,RACHEL NEALE,7441,02:14:21,NZL,40-49,181,Female,868,02:14:21
1911,PHIL SQUIRE,8567,02:14:22,NZL,60-69,41,Male,1043,02:14:22
1912,TANIA OAKES,7483,02:14:24,NZL,50-59,81,Female,869,02:14:24
1913,KATE ROBERTS,5097,02:14:26,GBR,20-29,315,Female,870,02:14:26
1914,MICHELLE NAYLOR,7436,02:14:26,NZL,30-39,258,Female,871,02:14:26
1915,LUCY GIBSON,6603,02:14:26,NZL,50-59,82,Female,872,02:14:26
1916,SAMANTHA COUPER,6241,02:14:27,NZL,20-29,316,Female,873,02:14:27
1917,SARAH SCHNELL,7799,02:14:28,NZL,50-59,83,Female,874,02:14:28
1918,LUCY BRENNAN,6016,02:14:30,AUS,20-29,317,Female,875,02:14:30
1919,THOMAS GEE,3941,02:14:32,NZL,30-39,294,Male,1044,02:14:32
1920,TANIA TILSLEY,5450,02:14:33,AUS,50-59,84,Female,876,02:14:33
1921,LUCHIA HERMENS,4159,02:14:34,NZL,30-39,259,Female,877,02:14:34
1922,EVE FIFIELD,8402,02:14:35,NZL,40-49,182,Female,878,02:14:35
1923,RACHEL MCINTYRE,7268,02:14:41,GBR,20-29,318,Female,879,02:14:41
1924,CATHERINE WOODWARD,8612,02:14:41,NZL,40-49,183,Female,880,02:14:41
1925,ANNETTE FRANKLIN,6538,02:14:41,NZL,40-49,184,Female,881,02:14:41
1926,LACHLAN BUGEJA,6048,02:14:43,AUS,20-29,301,Male,1045,02:14:43
1927,OLIVIA PHIPPS,8886,02:14:43,NZL,20-29,319,Female,882,02:14:43
1928,MANDI SWANSON,7980,02:14:43,AUS,50-59,85,Female,883,02:14:43
1929,KATE HAWES,4123,02:14:45,NZL,40-49,185,Female,884,02:14:45
1930,LIAM BARRY,3180,02:14:46,NZL,20-29,302,Male,1046,02:14:46
1931,MORGAN AMOS,3103,02:14:47,NZL,30-39,260,Female,885,02:14:47
1932,FRANCESCA THIRD,8016,02:14:49,NZL,20-29,320,Female,886,02:14:49
1933,KEELIE ANDREWS- MCAULAY,5798,02:14:51,NZL,20-29,321,Female,887,02:14:51
1934,LYDIA OÆCALLAGHAN,7482,02:14:51,NZL,20-29,322,Female,888,02:14:51
1935,JUDITH NONIS,8684,02:14:51,NZL,20-29,323,Female,889,02:14:51
1936,CHRISTOPHER MCDIARMID,7234,02:14:57,AUS,30-39,295,Male,1047,02:14:57
1937,GILLYS MILLER,7333,02:14:58,NZL,50-59,86,Female,890,02:14:58
1938,CARMEN WALTER,8156,02:14:58,DEU,30-39,261,Female,891,02:14:58
1939,BROOKE HARRISON,6724,02:15:03,NZL,20-29,324,Female,892,02:15:03
1940,ELIZABETH YOUNG,8313,02:15:03,AUS,50-59,87,Female,893,02:15:03
1941,JESSICA KELLY,4339,02:15:03,NZL,20-29,325,Female,894,02:15:03
1942,SARAH BOASMAN,3267,02:15:05,NZL,50-59,88,Female,895,02:15:05
1943,BLAIR LADBROOK,4406,02:15:05,NZL,20-29,303,Male,1048,02:15:05
1944,GEORGIA DONALDSON,3708,02:15:06,NZL,16-19,23,Female,896,02:15:06
1945,KARL FARRAR-DE WAGT,3821,02:15:07,NZL,20-29,304,Male,1049,02:15:07
1946,LARRY DOUGHERTY,6384,02:15:08,NZL,50-59,120,Male,1050,02:15:08
1947,SHANE ROBERTS,7724,02:15:09,GBR,30-39,296,Male,1051,02:15:09
1948,GUILHERME BARCELLOS,3166,02:15:10,BRA,30-39,297,Male,1052,02:15:10
1949,ROVEY SALADURAY,5157,02:15:13,NZL,30-39,262,Female,897,02:15:13
1950,MARK KEARNEY,4330,02:15:16,NZL,40-49,262,Male,1053,02:15:16
1951,LISA ECOB,6435,02:15:17,NZL,30-39,263,Female,898,02:15:17
1952,EMILY WATERSON,5592,02:15:17,NZL,20-29,326,Female,899,02:15:17
1953,TRUDIE CARSON,6108,02:15:17,NZL,30-39,264,Female,900,02:15:17
1954,XANTHE BOWATER,8774,02:15:17,NZL,20-29,327,Female,901,02:15:17
1955,DIANA KOMMEDAL,7016,02:15:18,NOR,20-29,328,Female,902,02:15:18
1956,ANNA O'MALLEY,7506,02:15:18,NZL,20-29,329,Female,903,02:15:18
1957,ROWAN SCHOUTEN,5185,02:15:20,NZL,40-49,263,Male,1054,02:15:20
1958,ANTHONY ADAMS,3077,02:15:21,NZL,50-59,121,Male,1055,02:15:21
1959,NYSSA KELLY,6963,02:15:23,AUS,30-39,265,Female,904,02:15:23
1960,SARAH GUNN,6677,02:15:24,NZL,30-39,266,Female,905,02:15:24
1961,ANNA DRINKWATER,8753,02:15:24,NZL,40-49,186,Female,906,02:15:24
1962,SARAH CHAPLIN,6132,02:15:26,NZL,40-49,187,Female,907,02:15:26
1963,NADEZHDA ILIEVA DAVIDSON,3634,02:15:27,BGR,40-49,188,Female,908,02:15:27
1964,SUZANNE GOLDSBURY,6622,02:15:29,NZL,40-49,189,Female,909,02:15:29
1965,KATE ROBERTSON,5101,02:15:29,NZL,20-29,330,Female,910,02:15:29
1966,BRIAN FREEMAN,6547,02:15:31,NZL,50-59,122,Male,1056,02:15:31
1967,JANE HUME,6846,02:15:33,AUS,30-39,267,Female,911,02:15:33
1968,JAMES SOMERVILLE,5295,02:15:33,NZL,30-39,298,Male,1057,02:15:33
1969,DIANE COCHRANE,6186,02:15:34,NZL,60-69,15,Female,912,02:15:34
1970,RICHARD VORSTERMANS,8130,02:15:34,NZL,50-59,123,Male,1058,02:15:34
1971,ALEXANDRA DOYLE FRANKLIN,6389,02:15:35,NZL,20-29,331,Female,913,02:15:35
1972,SAVANNAH JACKSON,6876,02:15:36,NZL,40-49,190,Female,914,02:15:36
1973,ELYSE CORKHILL,3571,02:15:38,NZL,30-39,268,Female,915,02:15:38
1974,ELLA MCCABE,7220,02:15:39,NZL,20-29,332,Female,916,02:15:39
1975,ISABEL HUPPATZ,6854,02:15:40,GBR,20-29,333,Female,917,02:15:40
1976,LYNNETTE ATTWELL,5827,02:15:44,NZL,60-69,16,Female,918,02:15:44
1977,SAMANTHA PEAD,7558,02:15:46,NZL,20-29,334,Female,919,02:15:46
1978,ANYA ALDERSLADE,5776,02:15:46,NZL,30-39,269,Female,920,02:15:46
1979,MICHAEL FINDLAY,6501,02:15:46,NZL,20-29,305,Male,1059,02:15:46
1980,JASON LOVERIDGE,4512,02:15:47,AUS,40-49,264,Male,1060,02:15:47
1981,SARA MCVICAR,7306,02:15:47,NZL,40-49,191,Female,921,02:15:47
1982,STEVE MCNAB,7296,02:15:49,NZL,40-49,265,Male,1061,02:15:49
1983,MARY WILKINSON,8231,02:15:51,AUS,50-59,89,Female,922,02:15:51
1984,ALBERTO COSTA,6233,02:15:52,NZL,30-39,299,Male,1062,02:15:52
1985,NICKY BOLD,3273,02:15:54,NZL,50-59,90,Female,923,02:15:54
1986,MEGAN LOYD,7128,02:15:58,USA,40-49,192,Female,924,02:15:58
1987,MACARENA GRIFFITHS,4033,02:15:58,NZL,40-49,193,Female,925,02:15:58
1988,DANIEL FARNSWORTH,6483,02:16:00,NZL,20-29,306,Male,1063,02:16:00
1989,LIAM FARRELL,6487,02:16:00,AUS,20-29,307,Male,1064,02:16:00
1990,SAM BROSNAHAN,3338,02:16:01,NZL,20-29,308,Male,1065,02:16:01
1991,MITCHELL KEMPER,6964,02:16:02,NZL,30-39,300,Male,1066,02:16:02
1992,KATELIN BARTLETT,3183,02:16:02,NZL,20-29,335,Female,926,02:16:02
1993,ADRIENNE LESTER,8471,02:16:02,NZL,30-39,270,Female,927,02:16:02
1994,JERRIE VALLI,5519,02:16:02,NZL,30-39,271,Female,928,02:16:02
1995,CALLUM SHRIMPTON,7848,02:16:05,NZL,20-29,309,Male,1067,02:16:05
1996,SOPHIE WOLFF-WIGLEY,8278,02:16:05,NZL,20-29,336,Female,929,02:16:05
1997,BEN DUNDAS,3752,02:16:06,NZL,30-39,301,Male,1068,02:16:06
1998,ANNA FLETT,8637,02:16:07,NZL,20-29,337,Female,930,02:16:07
1999,CAITLAIN BLANCHARD,5962,02:16:10,CAN,30-39,272,Female,931,02:16:10
2000,ALISON BLANCHARD,5963,02:16:10,CAN,20-29,338,Female,932,02:16:10
2001,BILL MCCALL,4611,02:16:11,NZL,60-69,42,Male,1069,02:16:11
2002,JERUSHA NYASHANU,7480,02:16:12,NZL,20-29,339,Female,933,02:16:12
2003,LARA BLOMFIELD,8346,02:16:12,NZL,50-59,91,Female,934,02:16:12
2004,JENNY JACKSON,6873,02:16:12,AUS,50-59,92,Female,935,02:16:12
2005,LAUREN DAVIS,3640,02:16:13,NZL,20-29,340,Female,936,02:16:13
2006,PETER DUDSON,3742,02:16:15,NZL,50-59,124,Male,1070,02:16:15
2007,CARLA BLERIOT,5966,02:16:16,NZL,40-49,194,Female,937,02:16:16
2008,TARIN WALKER,9414,02:16:17,NZL,30-39,273,Female,938,02:16:17
2009,HEATHER LANGLEY,7043,02:16:18,NZL,30-39,274,Female,939,02:16:18
2010,ISABELLA JOHNSTONE,6919,02:16:19,NZL,30-39,275,Female,940,02:16:19
2011,ELLA DOLAN,6372,02:16:22,NZL,16-19,24,Female,941,02:16:22
2012,CATHERINE MCMURTRIE,4675,02:16:23,NZL,50-59,93,Female,942,02:16:23
2013,ALEXANDRA TURCU,5492,02:16:24,NZL,20-29,341,Female,943,02:16:24
2014,BRENDA GALBRAITH,3918,02:16:24,NZL,50-59,94,Female,944,02:16:24
2015,JULIE PILLEY,8722,02:16:25,NZL,30-39,276,Female,945,02:16:25
2016,SILVINA LOCATELLI,8715,02:16:25,NZL,30-39,277,Female,946,02:16:25
2017,ANAIELE TARUA,7996,02:16:26,AUS,40-49,195,Female,947,02:16:26
2018,SOPHIE COLQUHOUN,3533,02:16:27,NZL,20-29,342,Female,948,02:16:27
2019,SCOTT ARMSTRONG,5809,02:16:27,NZL,40-49,266,Male,1071,02:16:27
2020,DAVID ACLAND,3067,02:16:31,NZL,40-49,267,Male,1072,02:16:31
2021,CLARE CARMEN,3431,02:16:34,GBR,60-69,17,Female,949,02:16:34
2022,STEPHANIE THOMPSON,8027,02:16:35,AUS,20-29,343,Female,950,02:16:35
2023,KATHY SOUTER,5300,02:16:36,AUS,60-69,18,Female,951,02:16:36
2024,JUANITA THORNTON,8033,02:16:36,NZL,40-49,196,Female,952,02:16:36
2025,LINDA LANG,7040,02:16:37,AUS,50-59,95,Female,953,02:16:37
2026,NATALIE SANDERS,5165,02:16:40,AUS,50-59,96,Female,954,02:16:40
2027,CATHERINE CHARLES,6141,02:16:40,NZL,40-49,197,Female,955,02:16:40
2028,GRACE SANDSTON,5167,02:16:41,NZL,20-29,344,Female,956,02:16:41
2029,CORAL POTTER,8526,02:16:42,NZL,40-49,198,Female,957,02:16:42
2030,PENNY LAWS,4427,02:16:43,NZL,50-59,97,Female,958,02:16:43
2031,JULIA EVANS,4529,02:16:43,NZL,40-49,268,Male,1073,02:16:43
2032,CARINA OSBORNE,7514,02:16:44,NZL,40-49,199,Female,959,02:16:44
2033,SHEREE GAMBLE,8897,02:16:45,NZL,20-29,345,Female,960,02:16:45
2034,JAYDEN GRAY,8833,02:16:46,NZL,20-29,310,Male,1074,02:16:46
2035,MICHAEL ENGLAND,8640,02:16:46,NZL,30-39,302,Male,1075,02:16:46
2036,BRITTANY BAUGH,3198,02:16:46,NZL,20-29,346,Female,961,02:16:46
2037,HOLLY TISDALL,8041,02:16:48,NZL,30-39,278,Female,962,02:16:48
2038,JUSTINE WRIGHT,8291,02:16:50,NZL,50-59,98,Female,963,02:16:50
2039,DANIEL HAMILTON,6693,02:16:51,NZL,20-29,311,Male,1076,02:16:51
2040,LUKAS JANSEN,6884,02:16:57,AUS,50-59,125,Male,1077,02:16:57
2041,STEVE BECK,5901,02:16:57,AUS,40-49,269,Male,1078,02:16:57
2042,STEVE MANNING,7169,02:16:57,AUS,50-59,126,Male,1079,02:16:57
2043,CORIEN BLOM,5967,02:17:00,NZL,20-29,347,Female,964,02:17:00
2044,SCOTT BROOKES,3336,02:17:03,NZL,30-39,303,Male,1080,02:17:03
2045,ANDREW STRAIGHT,5353,02:17:04,NZL,30-39,304,Male,1081,02:17:04
2046,KATE COLVILL,6206,02:17:04,NZL,20-29,348,Female,965,02:17:04
2047,JAMIE STEPHENS,7933,02:17:06,NZL,20-29,312,Male,1082,02:17:06
2048,XANDRA FRANCIA,6536,02:17:10,PHL,30-39,279,Female,966,02:17:10
2049,DESLEY RATNAM,7669,02:17:11,AUS,20-29,349,Female,967,02:17:11
2050,KRISTI PALMER,4914,02:17:11,NZL,40-49,200,Female,968,02:17:11
2051,GREG NEILL,7444,02:17:13,NZL,40-49,270,Male,1083,02:17:13
2052,DAVE MORRIS,7390,02:17:15,NZL,40-49,271,Male,1084,02:17:15
2053,JOΠO PAULO SAWAYA,7789,02:17:17,NZL,40-49,272,Male,1085,02:17:17
2054,JUSTIN MCDONALD,7238,02:17:17,NZL,30-39,305,Male,1086,02:17:17
2055,MONICA KNIGHT,8466,02:17:17,NZL,20-29,350,Female,969,02:17:17
2056,ANDREA ABBOTT,8717,02:17:19,NZL,30-39,280,Female,970,02:17:19
2057,CLAYTON WALLWORK,5577,02:17:22,NZL,50-59,127,Male,1087,02:17:22
2058,MARY-ANNE LINDSAY,4482,02:17:23,NZL,60-69,19,Female,971,02:17:23
2059,EMMA MCKAY,4646,02:17:25,NZL,20-29,351,Female,972,02:17:25
2060,LIAM SCHOLLUM,7800,02:17:26,NZL,20-29,313,Male,1088,02:17:26
2061,NADENE BROUWER,3344,02:17:29,NZL,30-39,281,Female,973,02:17:29
2062,CHLOE DONALDSON,8649,02:17:29,NZL,16-19,25,Female,974,02:17:29
2063,TAYLOR HAMILTON,6695,02:17:30,NZL,16-19,26,Female,975,02:17:30
2064,ANDREA VASEY,8103,02:17:30,AUS,50-59,99,Female,976,02:17:30
2065,CONNIE MEULI,7322,02:17:30,NZL,30-39,282,Female,977,02:17:30
2066,EMMA WILSON,5681,02:17:31,NZL,40-49,201,Female,978,02:17:31
2067,HELEN DRUMMOND,6393,02:17:33,NZL,40-49,202,Female,979,02:17:33
2068,JARED BEKHUIS,5912,02:17:33,NZL,30-39,306,Male,1089,02:17:33
2069,ROWAN TAYLOR,8006,02:17:35,NZL,20-29,314,Male,1090,02:17:35
2070,JESSICA DE JOUX,3658,02:17:37,NZL,20-29,352,Female,980,02:17:37
2071,SAM CUNNINGHAM,6292,02:17:38,NZL,30-39,307,Male,1091,02:17:38
2072,NICOLA BROADBENT,6025,02:17:40,NZL,40-49,203,Female,981,02:17:40
2073,KIM RICKARD,7703,02:17:46,NZL,50-59,100,Female,982,02:17:46
2074,NIGEL SYDNEY,7985,02:17:47,AUS,40-49,273,Male,1092,02:17:47
2075,BARNABY JOHNSTON,6915,02:17:48,AUS,40-49,274,Male,1093,02:17:48
2076,ADRIANNE HAULTAIN,6733,02:17:50,NZL,50-59,101,Female,983,02:17:50
2077,REBECCA FAID,6479,02:17:52,NZL,40-49,204,Female,984,02:17:52
2078,WILL THE AWESOME ONE WILSON,8262,02:17:52,NZL,50-59,128,Male,1094,02:17:52
2079,JAMES MCCLURG,4619,02:17:54,NZL,40-49,275,Male,1095,02:17:54
2080,JAMES MERCHANT,4703,02:17:55,NZL,50-59,129,Male,1096,02:17:55
2081,ANDREA LEBRETON,4436,02:17:55,NZL,50-59,102,Female,985,02:17:55
2082,LORNA BIRD,5947,02:17:57,NZL,40-49,205,Female,986,02:17:57
2083,DEBORAH TAIT,8578,02:17:59,NZL,50-59,103,Female,987,02:17:59
2084,ANNA MCCLEAN,4617,02:17:59,NZL,16-19,27,Female,988,02:17:59
2085,MIN HONG,4209,02:17:59,KOR,20-29,315,Male,1097,02:17:59
2086,EMILY DOBSON,6369,02:18:02,GBR,20-29,353,Female,989,02:18:02
2087,KIERA DAVIS,6321,02:18:03,NZL,16-19,28,Female,990,02:18:03
2088,KERRY DONOVAN,3714,02:18:03,NZL,30-39,283,Female,991,02:18:03
2089,KATY ELGAR,6453,02:18:05,NZL,20-29,354,Female,992,02:18:05
2090,MARCIE CLAWSON,8562,02:18:08,CAN,50-59,104,Female,993,02:18:08
2091,KAREN PARK,7531,02:18:09,NZL,30-39,284,Female,994,02:18:09
2092,FRANCES ROBERTS,7720,02:18:11,ZAF,30-39,285,Female,995,02:18:11
2093,LIZ SHARP,5211,02:18:13,NZL,60-69,20,Female,996,02:18:13
2094,ANNA DUNGEY,6409,02:18:14,NZL,40-49,206,Female,997,02:18:14
2095,STEPHEN KEOGH,4357,02:18:14,IRL,30-39,308,Male,1098,02:18:14
2096,CARLA FRASER,6545,02:18:15,NZL,40-49,207,Female,998,02:18:15
2097,SARAH BRIER,6018,02:18:16,NZL,30-39,286,Female,999,02:18:16
2098,HARVEY HILL,4171,02:18:16,GBR,30-39,309,Male,1099,02:18:16
2099,GINA FRANKLIN,6537,02:18:16,NZL,20-29,355,Female,1000,02:18:16
2100,DAWN NICOL,4836,02:18:16,NZL,40-49,208,Female,1001,02:18:16
2101,IVAN ORY,7513,02:18:18,HUN,30-39,310,Male,1100,02:18:18
2102,SARAH MULHOLLAND,4783,02:18:18,NZL,30-39,287,Female,1002,02:18:18
2103,ANNA HENSON,4152,02:18:19,NZL,40-49,209,Female,1003,02:18:19
2104,SANDRA COCHRAN,6185,02:18:20,NZL,40-49,210,Female,1004,02:18:20
2105,JESSICA SCHADE,5180,02:18:21,NZL,40-49,211,Female,1005,02:18:21
2106,NICOLE EGAN,6449,02:18:21,NZL,40-49,212,Female,1006,02:18:21
2107,RENEE SAUNDERS,8645,02:18:22,NZL,20-29,356,Female,1007,02:18:22
2108,MEREANA SAUNDERS,5174,02:18:22,NZL,16-19,29,Female,1008,02:18:22
2109,TIMOTHY OFFICER,7492,02:18:22,NZL,20-29,316,Male,1101,02:18:22
2110,MACKENZIE DOYLE,3732,02:18:22,NZL,20-29,357,Female,1009,02:18:22
2111,JAYDEN HEAPS,6750,02:18:22,NZL,20-29,317,Male,1102,02:18:22
2112,GILLIAN FROST,6555,02:18:26,AUS,40-49,213,Female,1010,02:18:26
2113,JANINE WALKER,5566,02:18:28,NZL,30-39,288,Female,1011,02:18:28
2114,JENNIFER EKANAYAKA,3779,02:18:28,NZL,40-49,214,Female,1012,02:18:28
2115,MATTHEW SMITH,7888,02:18:31,NZL,20-29,318,Male,1103,02:18:31
2116,RICHARD PARSONSON,7540,02:18:36,NZL,30-39,311,Male,1104,02:18:36
2117,FLEUR ANNAN,3119,02:18:42,NZL,40-49,215,Female,1013,02:18:42
2118,KEITH JOHNSTON,6916,02:18:42,NZL,50-59,130,Male,1105,02:18:42
2119,EMMA MICHELSEN,4709,02:18:43,NZL,30-39,289,Female,1014,02:18:43
2120,ANNALISE HALL,9076,02:18:43,NZL,30-39,290,Female,1015,02:18:43
2121,SIMON O'CONNOR,4879,02:18:44,NZL,40-49,276,Male,1106,02:18:44
2122,KARYN SMITH,5278,02:18:45,NZL,50-59,105,Female,1016,02:18:45
2123,PENNY SNELLING,5286,02:18:45,NZL,30-39,291,Female,1017,02:18:45
2124,ASHLEY MASON,7194,02:18:47,NZL,30-39,292,Female,1018,02:18:47
2125,AMELIA KENCH,6965,02:18:47,NZL,30-39,293,Female,1019,02:18:47
2126,REBECCA RYAN,5151,02:18:48,NZL,30-39,294,Female,1020,02:18:48
2127,LAUREN MCPEAKE,7301,02:18:50,AUS,30-39,295,Female,1021,02:18:50
2128,KARL JORGENSEN,8457,02:18:50,NZL,30-39,312,Male,1107,02:18:50
2129,ALEX HANGER,4081,02:18:52,NZL,30-39,313,Male,1108,02:18:52
2130,SCOTT MCKAY,4648,02:18:52,NZL,40-49,277,Male,1109,02:18:52
2131,ADRIAN VIEGAS,8115,02:18:53,NZL,30-39,314,Male,1110,02:18:53
2132,SHAUN NEW,4819,02:18:54,NZL,50-59,131,Male,1111,02:18:54
2133,SANDIE LLOYD,7110,02:18:54,NZL,50-59,106,Female,1022,02:18:54
2134,HARRY RITCHIE,7711,02:18:56,NZL,20-29,319,Male,1112,02:18:56
2135,GEORGIA MCLEAN,7285,02:18:56,NZL,20-29,358,Female,1023,02:18:56
2136,EMMA GREENFIELD,4024,02:18:57,NZL,30-39,296,Female,1024,02:18:57
2137,KATHERINE ROGERS,7740,02:18:57,AUS,40-49,216,Female,1025,02:18:57
2138,NOREAN GARDNER,6580,02:18:57,USA,20-29,359,Female,1026,02:18:57
2139,MICHAEL HANLON,6699,02:18:58,NZL,30-39,315,Male,1113,02:18:58
2140,HAMISH ANDERSON,3109,02:18:58,NZL,30-39,316,Male,1114,02:18:58
2141,MICHAEL ROGERS,7741,02:18:58,AUS,40-49,278,Male,1115,02:18:58
2142,DAVID SMITH,8862,02:18:59,NZL,40-49,279,Male,1116,02:18:59
2143,ISABELL BRINSLEY-PIRIE,6022,02:18:59,NZL,30-39,297,Female,1027,02:18:59
2144,JIMMY JOHNSTONE,4309,02:19:00,NZL,20-29,320,Male,1117,02:19:00
2145,LIAM O'SHEA,4904,02:19:02,NZL,20-29,321,Male,1118,02:19:02
2146,PAULINE CHIN,6152,02:19:03,NZL,50-59,107,Female,1028,02:19:03
2147,WHITNEY KING,6999,02:19:05,NZL,30-39,298,Female,1029,02:19:05
2148,MICHAEL GRIFFITHS,4034,02:19:06,NZL,30-39,317,Male,1119,02:19:06
2149,GRACE MCKAY,7270,02:19:06,NZL,20-29,360,Female,1030,02:19:06
2150,STACEY FRASER,3889,02:19:08,NZL,40-49,217,Female,1031,02:19:08
2151,MIKE BELL,5918,02:19:09,GBR,50-59,132,Male,1120,02:19:09
2152,PRISCILLA NAWATE,7434,02:19:10,BRA,30-39,299,Female,1032,02:19:10
2153,LIZZIE HOLMES,6802,02:19:13,NZL,20-29,361,Female,1033,02:19:13
2154,LISA HOCKEN,4188,02:19:14,NZL,40-49,218,Female,1034,02:19:14
2155,JOSIE ABBOTT,8678,02:19:14,NZL,30-39,300,Female,1035,02:19:14
2156,CLAIRE SLOAN,5268,02:19:15,NZL,40-49,219,Female,1036,02:19:15
2157,OLIVIA KNIGHTON,7011,02:19:15,NZL,30-39,301,Female,1037,02:19:15
2158,SUSAN SIMPSON,5249,02:19:18,NZL,60-69,21,Female,1038,02:19:18
2159,JENNIFER HOOKER,6814,02:19:18,NZL,20-29,362,Female,1039,02:19:18
2160,ANTHONY TAYLOR,5395,02:19:19,NZL,30-39,318,Male,1121,02:19:19
2161,HAMISH CROFT,6273,02:19:20,NZL,30-39,319,Male,1122,02:19:20
2162,MATT BONIS,8351,02:19:21,NZL,50-59,133,Male,1123,02:19:21
2163,MADELINE BILKEY,3243,02:19:21,NZL,20-29,363,Female,1040,02:19:21
2164,OLIVER BOLTON,8350,02:19:21,NZL,16-19,23,Male,1124,02:19:21
2165,KATHRYN GRANT,4013,02:19:24,NZL,30-39,302,Female,1041,02:19:24
2166,MEG BRADSHAW,3307,02:19:24,NZL,20-29,364,Female,1042,02:19:24
2167,SHARLENE CROSBIE,3602,02:19:26,NZL,50-59,108,Female,1043,02:19:26
2168,MEGAN TEMPLETON,5412,02:19:27,NZL,30-39,303,Female,1044,02:19:27
2169,HANNA AFIFI,5766,02:19:29,NZL,40-49,220,Female,1045,02:19:29
2170,DOMINICA WILKINSON,8228,02:19:30,NZL,30-39,304,Female,1046,02:19:30
2171,YOKO RODGERS,7735,02:19:30,NZL,50-59,109,Female,1047,02:19:30
2172,EMILY MILLS,4730,02:19:30,NZL,20-29,365,Female,1048,02:19:30
2173,HANNAH LONGLEY,4506,02:19:32,NZL,20-29,366,Female,1049,02:19:32
2174,LAURIKA HAZELHURST,4132,02:19:33,NZL,50-59,110,Female,1050,02:19:33
2175,SIMON JOHNSON,6914,02:19:35,NZL,40-49,280,Male,1125,02:19:35
2176,LILY DUFTON,6398,02:19:38,NZL,20-29,367,Female,1051,02:19:38
2177,NATALIE DUFTON,6399,02:19:38,NZL,50-59,111,Female,1052,02:19:38
2178,ANNABELLE COCHRANE-LORENTSSON,6188,02:19:39,NZL,50-59,112,Female,1053,02:19:39
2179,ELAINE BAXTER,5880,02:19:39,NZL,60-69,22,Female,1054,02:19:39
2180,FELICITY DOUGLAS,6386,02:19:39,AUS,50-59,113,Female,1055,02:19:39
2181,MEGAN ELLIS,3787,02:19:40,NZL,40-49,221,Female,1056,02:19:40
2182,MEGAN BELL,5916,02:19:40,GBR,30-39,305,Female,1057,02:19:40
2183,SARAH STEWART,7946,02:19:40,NZL,20-29,368,Female,1058,02:19:40
2184,HINEMOA GREENAWAY,6656,02:19:41,NZL,30-39,306,Female,1059,02:19:41
2185,MICHAEL O'BRIEN,7488,02:19:41,NZL,50-59,134,Male,1126,02:19:41
2186,ERIN BUNN,6053,02:19:45,NZL,30-39,307,Female,1060,02:19:45
2187,ERICA RAE,5039,02:19:45,NZL,40-49,222,Female,1061,02:19:45
2188,BETH THOMPSON,8022,02:19:47,NZL,30-39,308,Female,1062,02:19:47
2189,SCOTT OLORENSHAW,4894,02:19:49,CAN,40-49,281,Male,1127,02:19:49
2190,DUNCAN MACDONALD,7137,02:19:49,NZL,30-39,320,Male,1128,02:19:49
2191,LAUREN YOUNG,5740,02:19:50,NZL,20-29,369,Female,1063,02:19:50
2192,PARIS SKIPPER,5262,02:19:50,NZL,20-29,370,Female,1064,02:19:50
2193,BLAKE ENSOR,3797,02:19:50,NZL,20-29,322,Male,1129,02:19:50
2194,JOSHUA KING,6993,02:19:52,NZL,30-39,321,Male,1130,02:19:52
2195,TYNISHA KING,6997,02:19:52,USA,40-49,223,Female,1065,02:19:52
2196,PETER EDWARDS,6442,02:19:57,AUS,50-59,135,Male,1131,02:19:57
2197,EMILY HADDOW,6682,02:19:57,AUS,30-39,309,Female,1066,02:19:57
2198,LEILA RADFAR,7658,02:19:58,AUS,40-49,224,Female,1067,02:19:58
2199,ETHAN TRIMBLE,5480,02:20:00,NZL,16-19,24,Male,1132,02:20:00
2200,NATALIE ASHTON,3143,02:20:03,NZL,20-29,371,Female,1068,02:20:03
2201,ANNA DOWLING,3726,02:20:03,NZL,50-59,114,Female,1069,02:20:03
2202,ANNA VOLZ,8128,02:20:07,NZL,20-29,372,Female,1070,02:20:07
2203,TANIE HURST,4248,02:20:08,NZL,40-49,225,Female,1071,02:20:08
2204,PAULINE GRICE,8848,02:20:09,NZL,60-69,23,Female,1072,02:20:09
2205,SAM JONES,4316,02:20:10,NZL,20-29,373,Female,1073,02:20:10
2206,HANNAH GERRARD,6594,02:20:12,NZL,20-29,374,Female,1074,02:20:12
2207,HEATHER LEGG,4445,02:20:13,NZL,40-49,226,Female,1075,02:20:13
2208,CHRIS WHEELER,5622,02:20:13,NZL,30-39,322,Male,1133,02:20:13
2209,DEAN REES,8534,02:20:16,NZL,50-59,136,Male,1134,02:20:16
2210,ANDREW MACKINNON,7153,02:20:18,GBR,30-39,323,Male,1135,02:20:18
2211,ROBINA BODLE,3270,02:20:18,NZL,70+,1,Female,1076,02:20:18
2212,ELLESHA CLARK,6170,02:20:20,NZL,20-29,375,Female,1077,02:20:20
2213,ASHLEE ADAM,5763,02:20:21,NZL,30-39,310,Female,1078,02:20:21
2214,JAMES DURSTON,6419,02:20:22,NZL,20-29,323,Male,1136,02:20:22
2215,MICHAYLA LILII-MOA,7089,02:20:23,NZL,16-19,30,Female,1079,02:20:23
2216,FIONA HAMILTON,6694,02:20:24,AUS,50-59,115,Female,1080,02:20:24
2217,JULIANNE CARROLL,3437,02:20:24,AUS,40-49,227,Female,1081,02:20:24
2218,COURTNEY HUNTER,4239,02:20:25,AUS,30-39,311,Female,1082,02:20:25
2219,NAOMI STUART,8576,02:20:25,AUS,40-49,228,Female,1083,02:20:25
2220,LEANNE VERDELLEN,8108,02:20:29,NZL,50-59,116,Female,1084,02:20:29
2221,OLIVIA WILLIAMS,5669,02:20:30,NZL,20-29,376,Female,1085,02:20:30
2222,KATHERINE RICHARDS,7696,02:20:31,NZL,40-49,229,Female,1086,02:20:31
2223,TOM KELYNACK,4345,02:20:31,NZL,20-29,324,Male,1137,02:20:31
2224,HAMISH MITCHELL,8864,02:20:33,NZL,50-59,137,Male,1138,02:20:33
2225,JOSEPHINE HAYTER,4130,02:20:37,NZL,30-39,312,Female,1087,02:20:37
2226,CALLUM PRATT,7626,02:20:37,NZL,20-29,325,Male,1139,02:20:37
2227,SEAN GIFFORD,3964,02:20:38,NZL,30-39,324,Male,1140,02:20:38
2228,CHARLOTTE MACKENZIE,4542,02:20:40,NZL,40-49,230,Female,1088,02:20:40
2229,LAURA SILCOCK,7854,02:20:44,NZL,20-29,377,Female,1089,02:20:44
2230,MUHAMMAD ASYRAF ABD KADIR,5754,02:20:45,MYS,20-29,326,Male,1141,02:20:45
2231,MEGAN PALMER,4915,02:20:48,NZL,40-49,231,Female,1090,02:20:48
2232,ASHBY CORRIGAN,6232,02:20:50,NZL,40-49,232,Female,1091,02:20:50
2233,SUSAN TODD,5459,02:20:50,NZL,40-49,233,Female,1092,02:20:50
2234,GEORGIE GLUBB,3980,02:20:51,NZL,40-49,234,Female,1093,02:20:51
2235,ALICE GILBERT,6605,02:20:52,NZL,30-39,313,Female,1094,02:20:52
2236,SHANNON GRINTER,4040,02:20:53,NZL,20-29,378,Female,1095,02:20:53
2237,FEDERICO RODRIGUEZ,5115,02:20:56,URY,30-39,325,Male,1142,02:20:56
2238,SARAH BOND,8894,02:21:01,NZL,30-39,314,Female,1096,02:21:01
2239,ALEXANDRA PRIDE,7637,02:21:01,NZL,30-39,315,Female,1097,02:21:01
2240,ALISON LOHMANN,4503,02:21:03,NZL,50-59,117,Female,1098,02:21:03
2241,JO SAWDEN,5175,02:21:03,NZL,50-59,118,Female,1099,02:21:03
2242,GEORGIA SIMPSON,5245,02:21:06,NZL,20-29,379,Female,1100,02:21:06
2243,OLIVIA ADAM,5762,02:21:08,NZL,20-29,380,Female,1101,02:21:08
2244,ANDREW SLATER,5265,02:21:08,NZL,30-39,326,Male,1143,02:21:08
2245,EMMA MORTON,7404,02:21:09,NZL,30-39,316,Female,1102,02:21:09
2246,DEREK GREENWOOD,4029,02:21:10,NZL,50-59,138,Male,1144,02:21:10
2247,MICHAEL MARTIN,7190,02:21:11,ZAF,20-29,327,Male,1145,02:21:11
2248,KATHRYN ANDERSON,8333,02:21:11,NZL,30-39,317,Female,1103,02:21:11
2249,CLAUDIA EGAN,6448,02:21:12,NZL,20-29,381,Female,1104,02:21:12
2250,CATHERINE WEIR,8188,02:21:14,NZL,50-59,119,Female,1105,02:21:14
2251,TIM CAMERON,6091,02:21:14,NZL,40-49,282,Male,1146,02:21:14
2252,SIMONE SOEK,8564,02:21:15,AUS,50-59,120,Female,1106,02:21:15
2253,CAMPBELL GILBERT,3965,02:21:19,NZL,20-29,328,Male,1147,02:21:19
2254,LENNOX TAIT,5383,02:21:19,NZL,20-29,329,Male,1148,02:21:19
2255,REBECCA MILLER,4725,02:21:19,NZL,40-49,235,Female,1107,02:21:19
2256,JAMIE ORR-TOBIN,4902,02:21:20,USA,30-39,318,Female,1108,02:21:20
2257,INDIA BAKER,5850,02:21:20,NZL,20-29,382,Female,1109,02:21:20
2258,DANIELLE BUCKNALL,6046,02:21:20,NZL,20-29,383,Female,1110,02:21:20
2259,JACOB BOWER,5993,02:21:23,NZL,30-39,327,Male,1149,02:21:23
2260,ERIC MOELLER-DUHME,8710,02:21:25,AUS,70+,8,Male,1150,02:21:25
2261,CAITLIN DAISLEY,6301,02:21:25,GBR,20-29,384,Female,1111,02:21:25
2262,CLARE JACK,6870,02:21:26,NZL,40-49,236,Female,1112,02:21:26
2263,ALICE HOWARD,6827,02:21:26,NZL,16-19,31,Female,1113,02:21:26
2264,RICHARD ROGERS,7742,02:21:29,NZL,20-29,330,Male,1151,02:21:29
2265,LEIGH SANSON,7782,02:21:29,NZL,20-29,385,Female,1114,02:21:29
2266,PHILIPPA BARRELL,3179,02:21:30,NZL,50-59,121,Female,1115,02:21:30
2267,CELINE COLLINS,6200,02:21:33,NZL,50-59,122,Female,1116,02:21:33
2268,STEVEN BROAD,3330,02:21:36,NZL,30-39,328,Male,1152,02:21:36
2269,LIS HEATH,6751,02:21:36,NZL,50-59,123,Female,1117,02:21:36
2270,JARROD SKIPPER,5263,02:21:38,NZL,30-39,329,Male,1153,02:21:38
2271,GEORGIA LUND,4522,02:21:39,NZL,20-29,386,Female,1118,02:21:39
2272,ASHTON KRUGER,4397,02:21:39,NZL,20-29,331,Male,1154,02:21:39
2273,ISABELLA FITZGIBBON,6506,02:21:43,AUS,20-29,387,Female,1119,02:21:43
2274,SARAH PARKER,7533,02:21:45,NZL,50-59,124,Female,1120,02:21:45
2275,JASMINE FITZGIBBON,6507,02:21:46,AUS,20-29,388,Female,1121,02:21:46
2276,ANNA MACFARLANE,7142,02:21:52,NZL,40-49,237,Female,1122,02:21:52
2277,HEIKE SCHYMA,7808,02:21:53,NZL,30-39,319,Female,1123,02:21:53
2278,ROSLYN MEYER,4708,02:21:55,AUS,40-49,238,Female,1124,02:21:55
2279,RUSSELL WALSH,8153,02:21:56,NZL,50-59,139,Male,1155,02:21:56
2280,RILEY ANDERSON,5790,02:21:57,AUS,20-29,332,Male,1156,02:21:57
2281,ANDRE HUME,4232,02:21:57,NZL,40-49,283,Male,1157,02:21:57
2282,AMY LEUTHAUSER,8473,02:22:02,NZL,40-49,239,Female,1125,02:22:02
2283,DOMINIC SUTTON,7978,02:22:02,NZL,20-29,333,Male,1158,02:22:02
2284,PHOEBE HAVILL,6734,02:22:02,NZL,20-29,389,Female,1126,02:22:02
2285,BEN CROSBIE,3601,02:22:06,NZL,20-29,334,Male,1159,02:22:06
2286,SIMON NICHOLSON,4833,02:22:08,NZL,50-59,140,Male,1160,02:22:08
2287,TAMSIN BATEMAN,3195,02:22:10,NZL,30-39,320,Female,1127,02:22:10
2288,KAORI HUGHES,8843,02:22:11,NZL,20-29,390,Female,1128,02:22:11
2289,MEGAN CHAVE,3474,02:22:12,NZL,40-49,240,Female,1129,02:22:12
2290,ZOE WOOD,8281,02:22:12,NZL,40-49,241,Female,1130,02:22:12
2291,VERITY WOOD,8280,02:22:12,NZL,30-39,321,Female,1131,02:22:12
2292,KERYN RUSSELL,8549,02:22:13,NZL,40-49,242,Female,1132,02:22:13
2293,VIRGINIA CLEARY,3501,02:22:14,AUS,60-69,24,Female,1133,02:22:14
2294,BRENDON MILLS,4729,02:22:16,NZL,40-49,284,Male,1161,02:22:16
2295,KRIS PROCTER,5024,02:22:21,NZL,50-59,125,Female,1134,02:22:21
2296,NGAIRE MCLACHLAN,7280,02:22:21,NZL,60-69,25,Female,1135,02:22:21
2297,JEMMA WALKER,8138,02:22:21,NZL,30-39,322,Female,1136,02:22:21
2298,SUSANNE COOKE,9269,02:22:23,NZL,30-39,323,Female,1137,02:22:23
2299,EMMA-JANE ATKINSON,8334,02:22:24,GBR,30-39,324,Female,1138,02:22:24
2300,JAMES PULLAR,5027,02:22:25,NZL,30-39,330,Male,1162,02:22:25
2301,CLAUDIA INCH,6858,02:22:26,NZL,20-29,391,Female,1139,02:22:26
2302,KATRINA COOK,6217,02:22:26,NZL,40-49,243,Female,1140,02:22:26
2303,SHELLEY KEANE,8459,02:22:28,NZL,20-29,392,Female,1141,02:22:28
2304,PETER SPIERS,5305,02:22:28,NZL,60-69,43,Male,1163,02:22:28
2305,NIKITA SMITH,7890,02:22:29,NZL,20-29,393,Female,1142,02:22:29
2306,MARK SMITH,7886,02:22:29,NZL,50-59,141,Male,1164,02:22:29
2307,MATTHEW HARRISÁ,8723,02:22:29,NZL,16-19,25,Male,1165,02:22:29
2308,GRACE DOWLING,3728,02:22:30,NZL,20-29,394,Female,1143,02:22:30
2309,LINDA OVERTON,7517,02:22:31,NZL,50-59,126,Female,1144,02:22:31
2310,ALANNA HARRIS,4105,02:22:32,NZL,30-39,325,Female,1145,02:22:32
2311,HEIDI PARLANE,4931,02:22:34,NZL,40-49,244,Female,1146,02:22:34
2312,DONALD PATTERSON,7551,02:22:35,NZL,60-69,44,Male,1166,02:22:35
2313,BETHANY TORR,5466,02:22:35,NZL,20-29,395,Female,1147,02:22:35
2314,RICHARD MURRAY,4800,02:22:36,NZL,40-49,285,Male,1167,02:22:36
2315,NUTTHIDA TACHAIYAPHUM,7988,02:22:38,THA,30-39,326,Female,1148,02:22:38
2316,STELLA REID,7686,02:22:39,NZL,20-29,396,Female,1149,02:22:39
2317,RENEE LOWTHER,7127,02:22:39,NZL,40-49,245,Female,1150,02:22:39
2318,JASON BULL,6051,02:22:43,NZL,50-59,142,Male,1168,02:22:43
2319,LYNNE MILLER,4724,02:22:43,NZL,40-49,246,Female,1151,02:22:43
2320,TRUDI BATY,5879,02:22:44,NZL,60-69,26,Female,1152,02:22:44
2321,KENITH CLARK,6171,02:22:44,NZL,50-59,143,Male,1169,02:22:44
2322,INGRID TAYLOR,8582,02:22:44,NZL,50-59,127,Female,1153,02:22:44
2323,ELAINE CANNY,8636,02:22:46,AUS,30-39,327,Female,1154,02:22:46
2324,KATRINA STEVENS,8571,02:22:48,NZL,50-59,128,Female,1155,02:22:48
2325,ANNIE GUERIN,4046,02:22:50,NZL,60-69,27,Female,1156,02:22:50
2326,ELISE BLUNDELL,8348,02:22:50,ZAF,40-49,247,Female,1157,02:22:50
2327,KIRSTEEN DAY,3651,02:22:50,NZL,40-49,248,Female,1158,02:22:50
2328,SEAN DRADER,3735,02:22:51,NZL,50-59,144,Male,1170,02:22:51
2329,SHARENA GLENISTER,3979,02:22:53,NZL,40-49,249,Female,1159,02:22:53
2330,SARA GUNNARSDOTTIR,6678,02:22:54,NZL,20-29,397,Female,1160,02:22:54
2331,ANDY KERR,6979,02:22:55,NZL,50-59,145,Male,1171,02:22:55
2332,JOAN GIBBONS,6597,02:22:57,AUS,50-59,129,Female,1161,02:22:57
2333,JILL LEE,7066,02:22:58,NZL,40-49,250,Female,1162,02:22:58
2334,BEN BAYLEY,5882,02:22:58,NZL,30-39,331,Male,1172,02:22:58
2335,KERRY MCHARDY,7260,02:23:01,NZL,30-39,328,Female,1163,02:23:01
2336,LAURA MOFFATT,7362,02:23:02,NZL,20-29,398,Female,1164,02:23:02
2337,SARAH MACDONALD,4534,02:23:03,NZL,50-59,130,Female,1165,02:23:03
2338,SEUNG IL CHOI,6156,02:23:03,NZL,20-29,335,Male,1173,02:23:03
2339,SAM MEIKLE,4693,02:23:03,NZL,40-49,286,Male,1174,02:23:03
2340,JULIE STEWART,5340,02:23:05,NZL,50-59,131,Female,1166,02:23:05
2341,AMANDA LANDERS,4412,02:23:08,NZL,40-49,251,Female,1167,02:23:08
2342,JANE ASTERIADIS,5821,02:23:10,NZL,30-39,329,Female,1168,02:23:10
2343,BELINDA SLOAN,5267,02:23:10,NZL,30-39,330,Female,1169,02:23:10
2344,ROD MCINTOSH,8490,02:23:13,NZL,50-59,146,Male,1175,02:23:13
2345,PATSY LAW,7050,02:23:14,AUS,50-59,132,Female,1170,02:23:14
2346,RON UNDERWOOD,8741,02:23:14,NZL,70+,9,Male,1176,02:23:14
2347,SCOTT WILKIN,8227,02:23:14,NZL,30-39,332,Male,1177,02:23:14
2348,LAUREN LEIGHTELL-BROWN,7069,02:23:16,GBR,20-29,399,Female,1171,02:23:16
2349,ASHLEIGH DARNELL,8384,02:23:16,NZL,30-39,331,Female,1172,02:23:16
2350,CHRIS NEUENFELDT,7451,02:23:17,NZL,30-39,333,Male,1178,02:23:17
2351,ZACK PENTECOST,7571,02:23:18,NZL,20-29,336,Male,1179,02:23:18
2352,COMINE KENNEDY,6970,02:23:19,NZL,40-49,252,Female,1173,02:23:19
2353,CLAIRE FYFE,3912,02:23:20,NZL,30-39,332,Female,1174,02:23:20
2354,BROOKE WILKIE,5651,02:23:21,NZL,20-29,400,Female,1175,02:23:21
2355,DANIEL BELL,3216,02:23:21,NZL,20-29,337,Male,1180,02:23:21
2356,JAMES MORRIS-WILLIAMSON,7398,02:23:21,NZL,30-39,334,Male,1181,02:23:21
2357,KATE SPARROW,7910,02:23:21,NZL,40-49,253,Female,1176,02:23:21
2358,ALYSHA MACFARLANE,7141,02:23:24,NZL,40-49,254,Female,1177,02:23:24
2359,JEREMY COLE,6194,02:23:25,NZL,20-29,338,Male,1182,02:23:25
2360,EMMA CROFT,3595,02:23:26,NZL,30-39,333,Female,1178,02:23:26
2361,HELENA MRMOS,7406,02:23:27,AUS,40-49,255,Female,1179,02:23:27
2362,SAMSON SCOTT,7818,02:23:37,NZL,20-29,339,Male,1183,02:23:37
2363,ANDREW SIMPSON,5248,02:23:40,NZL,40-49,287,Male,1184,02:23:40
2364,SABRINA LINDSAY,7096,02:23:41,NZL,40-49,256,Female,1180,02:23:41
2365,EMMA WILLIAMS,5659,02:23:41,NZL,20-29,401,Female,1181,02:23:41
2366,CHRISTINE SUMMERS,7969,02:23:42,NZL,50-59,133,Female,1182,02:23:42
2367,HUNTER MULLINGS,4791,02:23:43,NZL,20-29,340,Male,1185,02:23:43
2368,MARK FRANZMANN,6542,02:23:44,AUS,50-59,147,Male,1186,02:23:44
2369,TOM PAHETOGIA,4912,02:23:45,NZL,50-59,148,Male,1187,02:23:45
2370,MATEMOANA DICKSON-O'HAGAN,8388,02:23:46,NZL,30-39,334,Female,1183,02:23:46
2371,SAMMY COOK,3543,02:23:47,NZL,30-39,335,Female,1184,02:23:47
2372,EMMA HODGE,6783,02:23:47,NZL,40-49,257,Female,1185,02:23:47
2373,LOUIS DEREMAUX,3683,02:23:47,NZL,30-39,335,Male,1188,02:23:47
2374,STEPH MACFARLANE,7145,02:23:49,NZL,30-39,336,Female,1186,02:23:49
2375,PABLO MARI CHATKIEWICZ,7174,02:23:49,NZL,30-39,336,Male,1189,02:23:49
2376,JAIME MCNAUGHT,4678,02:23:50,NZL,30-39,337,Female,1187,02:23:50
2377,SANCHIA PATERSON,8712,02:23:51,NZL,20-29,402,Female,1188,02:23:51
2378,KATIE MOKOROA,7366,02:23:56,NZL,30-39,338,Female,1189,02:23:56
2379,TRINA MOORE,4758,02:23:56,NZL,40-49,258,Female,1190,02:23:56
2380,TOM JORDAN,8660,02:23:56,NZL,30-39,337,Male,1190,02:23:56
2381,INDIA MORTON,4773,02:23:58,NZL,20-29,403,Female,1191,02:23:58
2382,PARIS COOPER,6228,02:24:02,NZL,20-29,404,Female,1192,02:24:02
2383,IAN CAMM,6093,02:24:11,AUS,50-59,149,Male,1191,02:24:11
2384,NATALIA ROSSI,7748,02:24:11,ARG,30-39,339,Female,1193,02:24:11
2385,ADAM MAYES,7209,02:24:12,AUS,20-29,341,Male,1192,02:24:12
2386,ANDREA GILLUM,6614,02:24:12,AUS,40-49,259,Female,1194,02:24:12
2387,JOHN REYNOLDS,5074,02:24:12,NZL,50-59,150,Male,1193,02:24:12
2388,CLARE IREMONGER,4266,02:24:17,NZL,40-49,260,Female,1195,02:24:17
2389,CHRISTINE ADAMS,3076,02:24:19,AUS,50-59,134,Female,1196,02:24:19
2390,JOHN WALKER,8146,02:24:21,IRL,30-39,338,Male,1194,02:24:21
2391,ERICA AYRES,5834,02:24:23,NZL,20-29,405,Female,1197,02:24:23
2392,HAYDEN DAY,3650,02:24:25,NZL,20-29,342,Male,1195,02:24:25
2393,CHARLOTTE RESTIEAUX,5072,02:24:26,NZL,16-19,32,Female,1198,02:24:26
2394,HOLLY BRINDLE,6021,02:24:27,NZL,40-49,261,Female,1199,02:24:27
2395,ANNA KRAMER,7020,02:24:29,NZL,50-59,135,Female,1200,02:24:29
2396,JANELL KERR,4359,02:24:29,NZL,30-39,340,Female,1201,02:24:29
2397,CHRIS OPRAY,8513,02:24:30,AUS,60-69,45,Male,1196,02:24:30
2398,RAY BURKHILL,3386,02:24:31,NZL,50-59,151,Male,1197,02:24:31
2399,JUSTIN BARCLAY,3171,02:24:31,NZL,16-19,26,Male,1198,02:24:31
2400,MICHELLE BELL,5917,02:24:33,AUS,50-59,136,Female,1202,02:24:33
2401,JOSE BARNES,3175,02:24:35,AUS,50-59,137,Female,1203,02:24:35
2402,JESSE RURU,7758,02:24:35,NZL,30-39,339,Male,1199,02:24:35
2403,SALLY-ANNE JONES,6934,02:24:36,NZL,50-59,138,Female,1204,02:24:36
2404,KATHRYN BLYTH,5975,02:24:37,AUS,50-59,139,Female,1205,02:24:37
2405,HOLLY BECKETT,5902,02:24:41,NZL,16-19,33,Female,1206,02:24:41
2406,JOHN CONAGHAN,6208,02:24:41,USA,60-69,46,Male,1200,02:24:41
2407,EMMA PAUL,4951,02:24:41,NZL,20-29,406,Female,1207,02:24:41
2408,ANGELA RAE,5038,02:24:42,NZL,50-59,140,Female,1208,02:24:42
2409,SIMONE DEKKER,3672,02:24:46,NLD,20-29,407,Female,1209,02:24:46
2410,ELAINE BAMBRICK,5859,02:24:48,CAN,30-39,341,Female,1210,02:24:48
2411,LUANA D'APPOLLONIO,3627,02:24:51,NZL,40-49,262,Female,1211,02:24:51
2412,MARGIE FLETCHER,8808,02:24:51,AUS,50-59,141,Female,1212,02:24:51
2413,JESSICA TULP,5490,02:24:52,NZL,30-39,342,Female,1213,02:24:52
2414,ASHLEY SPARK,7909,02:24:53,GBR,20-29,408,Female,1214,02:24:53
2415,KENTAKINTAMANI NICHOLLS,4830,02:24:54,NZL,60-69,47,Male,1201,02:24:54
2416,KRISTIN BURNS,3393,02:24:54,NZL,30-39,343,Female,1215,02:24:54
2417,ANDREW MCCOMISH,8486,02:24:55,NZL,60-69,48,Male,1202,02:24:55
2418,SCOTT STIVEN,5343,02:24:56,NZL,30-39,340,Male,1203,02:24:56
2419,DARREN PETTERSSON,4977,02:24:58,NZL,40-49,288,Male,1204,02:24:58
2420,FRIEDA DE BRUYN,6329,02:24:59,NZL,30-39,344,Female,1216,02:24:59
2421,SAMANTHA LOGUE,4502,02:24:59,NZL,20-29,409,Female,1217,02:24:59
2422,KAREN MASON,4588,02:25:03,NZL,70+,2,Female,1218,02:25:03
2423,SAMANTHA CAUGHEY,3458,02:25:05,NZL,20-29,410,Female,1219,02:25:05
2424,PAUL GIBSON,6602,02:25:05,NZL,40-49,289,Male,1205,02:25:05
2425,JONATHAN DE JONGH,6333,02:25:08,NZL,20-29,343,Male,1206,02:25:08
2426,JENNIFER DE JONGH,6332,02:25:08,NZL,20-29,411,Female,1220,02:25:08
2427,SIMON WALLACE,8149,02:25:09,NZL,30-39,341,Male,1207,02:25:09
2428,OLIVIA DIXON,8391,02:25:09,NZL,20-29,412,Female,1221,02:25:09
2429,ELLA GROUFSKY,6672,02:25:10,NZL,20-29,413,Female,1222,02:25:10
2430,MARK LAWRENCE,7055,02:25:10,NZL,50-59,152,Male,1208,02:25:10
2431,MARK SAUNDERS,5173,02:25:11,NZL,50-59,153,Male,1209,02:25:11
2432,ANNA MCSWEENEY,7304,02:25:12,GBR,30-39,345,Female,1223,02:25:12
2433,TYLER GUINEA,8706,02:25:13,COK,20-29,344,Male,1210,02:25:13
2434,ANURAAG VARANASI,8099,02:25:15,AUS,20-29,345,Male,1211,02:25:15
2435,WAI YAN VIENNE LEUNG,4459,02:25:17,HKG,30-39,346,Female,1224,02:25:17
2436,JANE DOUGLAS,3725,02:25:17,NZL,30-39,347,Female,1225,02:25:17
2437,BOBBY DOUGLAS,3724,02:25:17,NZL,30-39,342,Male,1212,02:25:17
2438,SARAH ERSTICH,3804,02:25:19,NZL,30-39,348,Female,1226,02:25:19
2439,SAM DAVIES,6317,02:25:19,NZL,30-39,343,Male,1213,02:25:19
2440,GARETH ROGERSON,5118,02:25:20,NZL,40-49,290,Male,1214,02:25:20
2441,ALICE DAVIES,6313,02:25:20,NZL,30-39,349,Female,1227,02:25:20
2442,MADELEINE SCOTT,7815,02:25:21,AUS,20-29,414,Female,1228,02:25:21
2443,NAOMI WATTS,8179,02:25:25,NZL,30-39,350,Female,1229,02:25:25
2444,SHAWN STURLAND,7963,02:25:27,NZL,50-59,154,Male,1215,02:25:27
2445,ANNA THIRD,8015,02:25:33,NZL,50-59,142,Female,1230,02:25:33
2446,LIA CROSLAND,6279,02:25:34,NZL,20-29,415,Female,1231,02:25:34
2447,ANNA CAMBURN,3417,02:25:35,NZL,50-59,143,Female,1232,02:25:35
2448,CHELSEA CLARK,3489,02:25:37,NZL,20-29,416,Female,1233,02:25:37
2449,SARAH STRIDE,7958,02:25:38,NZL,50-59,144,Female,1234,02:25:38
2450,GABRIELLE KENT,6976,02:25:39,NZL,20-29,417,Female,1235,02:25:39
2451,LEANNE RING,5084,02:25:39,AUS,50-59,145,Female,1236,02:25:39
2452,GREG FLANNAGAN,6509,02:25:41,NZL,40-49,291,Male,1216,02:25:41
2453,MARCUS WALKER,8142,02:25:45,NZL,30-39,344,Male,1217,02:25:45
2454,DOMINIC PINDER,7595,02:25:46,GBR,40-49,292,Male,1218,02:25:46
2455,HIKARU TOYAMA,5471,02:25:47,NZL,20-29,418,Female,1237,02:25:47
2456,ELISSAR SHUMANE,5231,02:25:49,NZL,30-39,351,Female,1238,02:25:49
2457,ALICE BUCHANAN,6042,02:25:50,NZL,20-29,419,Female,1239,02:25:50
2458,SOPHIE MILLER,7338,02:25:52,NZL,20-29,420,Female,1240,02:25:52
2459,ZACHARY HOWELL,6829,02:25:53,NZL,20-29,346,Male,1219,02:25:53
2460,NICK STECHER,8664,02:25:55,AUS,30-39,345,Male,1220,02:25:55
2461,PALE TUILAGI,8073,02:25:56,NZL,30-39,346,Male,1221,02:25:56
2462,BRIDGET BROCKELBANK,6026,02:25:57,NZL,40-49,263,Female,1241,02:25:57
2463,EMILY SUNDERLAND,7974,02:25:57,NZL,20-29,421,Female,1242,02:25:57
2464,ASHLEIGH MORGAN,4762,02:25:58,NZL,30-39,352,Female,1243,02:25:58
2465,BRIDGETTE BARWOOD,3190,02:25:58,NZL,50-59,146,Female,1244,02:25:58
2466,JOANNA MANDENO,7166,02:25:58,NZL,40-49,264,Female,1245,02:25:58
2467,CAROL-ANN TODD,8586,02:25:59,NZL,50-59,147,Female,1246,02:25:59
2468,MAGGIE BURGESS,3383,02:26:01,NZL,30-39,353,Female,1247,02:26:01
2469,LINDA SLADE,7867,02:26:06,AUS,60-69,28,Female,1248,02:26:06
2470,JESS CROWE,3607,02:26:08,NZL,20-29,422,Female,1249,02:26:08
2471,ELISE HOLLAND,6792,02:26:10,AUS,30-39,354,Female,1250,02:26:10
2472,NAOMI-ROSE WATT,8174,02:26:11,NZL,20-29,423,Female,1251,02:26:11
2473,ATIKA HAMID,4062,02:26:13,NZL,40-49,265,Female,1252,02:26:13
2474,RACHEL WHELAN,5629,02:26:14,AUS,30-39,355,Female,1253,02:26:14
2475,DHUGAL FORD,3875,02:26:14,AUS,40-49,293,Male,1222,02:26:14
2476,GABRIELLE THOMPSON,8024,02:26:15,NZL,20-29,424,Female,1254,02:26:15
2477,CASSANDRA ZAYONCE,8316,02:26:15,AUS,40-49,266,Female,1255,02:26:15
2478,CHANTELLE SHATFORD,7836,02:26:16,NZL,20-29,425,Female,1256,02:26:16
2479,NATALIE SMITH,7889,02:26:19,NZL,20-29,426,Female,1257,02:26:19
2480,NIKKI SCHWARZ,5190,02:26:21,AUS,40-49,267,Female,1258,02:26:21
2481,ANNABEL REID,5061,02:26:24,NZL,30-39,356,Female,1259,02:26:24
2482,MEL RODGERS,8681,02:26:34,NZL,30-39,357,Female,1260,02:26:34
2483,MATTHEW WILCOX,8225,02:26:35,NZL,20-29,347,Male,1223,02:26:35
2484,MICHELLE LOMAS,7115,02:26:35,NZL,40-49,268,Female,1261,02:26:35
2485,DAVE MILLS,7339,02:26:36,NZL,50-59,155,Male,1224,02:26:36
2486,VERA VERBITCKAIA,5538,02:26:37,NZL,30-39,358,Female,1262,02:26:37
2487,HARRIET MORRIS,7394,02:26:37,NZL,16-19,34,Female,1263,02:26:37
2488,NEIL GILBERT,6608,02:26:38,NZL,50-59,156,Male,1225,02:26:38
2489,WENDY BOTHA,3293,02:26:38,AUS,50-59,148,Female,1264,02:26:38
2490,SHIRLEY RIDDICK,5081,02:26:38,ZAF,40-49,269,Female,1265,02:26:38
2491,DONG NGUYEN,7461,02:26:39,AUS,40-49,294,Male,1226,02:26:39
2492,KATH GODBER,8414,02:26:41,NZL,60-69,29,Female,1266,02:26:41
2493,DEREK MCLEAN,7284,02:26:41,NZL,50-59,157,Male,1227,02:26:41
2494,APRIL MILLS,4727,02:26:42,NZL,30-39,359,Female,1267,02:26:42
2495,SHANAN MARTIN,4585,02:26:44,NZL,20-29,348,Male,1228,02:26:44
2496,RACHEL MASON-THOMAS,4589,02:26:45,NZL,40-49,270,Female,1268,02:26:45
2497,TRACIE JELLEY,6890,02:26:45,NZL,30-39,360,Female,1269,02:26:45
2498,FENELLA MILLS,4731,02:26:46,NZL,30-39,361,Female,1270,02:26:46
2499,BROOKE PARSONS,9156,02:26:48,NZL,20-29,427,Female,1271,02:26:48
2500,BENJAMIN BRINGANS,3328,02:26:48,NZL,20-29,349,Male,1229,02:26:48
2501,CECILLE VILLARREAL,5549,02:26:52,NZL,30-39,362,Female,1272,02:26:52
2502,JAMES ALLEN,5781,02:26:52,NZL,20-29,350,Male,1230,02:26:52
2503,ROGER CATON,3457,02:26:54,NZL,50-59,158,Male,1231,02:26:54
2504,SARAH DOUGHERTY,3723,02:26:55,NZL,30-39,363,Female,1273,02:26:55
2505,NIKKI DORTMANS,6383,02:26:56,AUS,40-49,271,Female,1274,02:26:56
2506,ALICE RAVN,7671,02:26:57,NZL,30-39,364,Female,1275,02:26:57
2507,STEVE COWIE,3583,02:26:59,NZL,50-59,159,Male,1232,02:26:59
2508,AMY WATTS,8180,02:26:59,NZL,20-29,428,Female,1276,02:26:59
2509,CATHERINE GOODRICK,6627,02:27:00,NZL,20-29,429,Female,1277,02:27:00
2510,MEGAN MCCALL,4613,02:27:05,NZL,20-29,430,Female,1278,02:27:05
2511,JULIA HODDINOTT,4190,02:27:09,NZL,30-39,365,Female,1279,02:27:09
2512,DAVE JENKS,6892,02:27:12,NZL,50-59,160,Male,1233,02:27:12
2513,GEORGE GRIBBIN,6662,02:27:13,NZL,30-39,347,Male,1234,02:27:13
2514,SOFIA ROBINSON,8817,02:27:14,NZL,30-39,366,Female,1280,02:27:14
2515,REBECCA NEWBLE,4821,02:27:16,NZL,20-29,431,Female,1281,02:27:16
2516,ANNABEL MARSHALL,7180,02:27:18,NZL,20-29,432,Female,1282,02:27:18
2517,NICOLE CANT,3427,02:27:18,NZL,20-29,433,Female,1283,02:27:18
2518,STEVEN ROSSELL,5126,02:27:19,NZL,60-69,49,Male,1235,02:27:19
2519,VY NGUYEN,4826,02:27:19,NZL,20-29,434,Female,1284,02:27:19
2520,KATE BARWICK,3188,02:27:20,NZL,20-29,435,Female,1285,02:27:20
2521,EMMA FOREMAN,8653,02:27:23,NZL,30-39,367,Female,1286,02:27:23
2522,PAULA WILLIAMS,5672,02:27:25,NZL,40-49,272,Female,1287,02:27:25
2523,KIAT YIAN TAN,7993,02:27:29,NZL,30-39,368,Female,1288,02:27:29
2524,KATE DOBBIN,3700,02:27:42,NZL,50-59,149,Female,1289,02:27:42
2525,ANGUS BOWERS-HALLUM,5995,02:27:42,NZL,20-29,351,Male,1236,02:27:42
2526,ANNA CHAPMAN,6133,02:27:42,NZL,40-49,273,Female,1290,02:27:42
2527,SAM SPIERS,5306,02:27:42,NZL,20-29,352,Male,1237,02:27:42
2528,JUNGAH PARK,7530,02:27:46,NZL,30-39,369,Female,1291,02:27:46
2529,KWONG KEUNG TAM,7991,02:27:47,HKG,60-69,50,Male,1238,02:27:47
2530,ELIZABETH CHOYCE,6159,02:27:47,GBR,20-29,436,Female,1292,02:27:47
2531,PAUL SCHOLLUM,7803,02:27:48,NZL,50-59,161,Male,1239,02:27:48
2532,POLLY POPE,7609,02:27:49,NZL,40-49,274,Female,1293,02:27:49
2533,OLIVIA PIRIE,4997,02:27:49,NZL,20-29,437,Female,1294,02:27:49
2534,DANIEL MILLER,4721,02:27:49,NZL,30-39,348,Male,1240,02:27:49
2535,JULIA HUBBER,4224,02:27:49,NZL,20-29,438,Female,1295,02:27:49
2536,JESSICA TIBBETTS,5447,02:27:50,GBR,40-49,275,Female,1296,02:27:50
2537,KAREN LIVINGSTON,8475,02:27:50,GBR,60-69,30,Female,1297,02:27:50
2538,ANDREA PIKE,7593,02:27:51,NZL,50-59,150,Female,1298,02:27:51
2539,KEVIN LI,7081,02:27:52,NZL,20-29,353,Male,1241,02:27:52
2540,TAHNEE HADFIELD,4051,02:27:55,NZL,20-29,439,Female,1299,02:27:55
2541,ELIZABETH ORR-MCFAULL,4901,02:27:58,NZL,20-29,440,Female,1300,02:27:58
2542,ALAN WHARTON,5621,02:27:59,NZL,30-39,349,Male,1242,02:27:59
2543,DUNCAN NICHOLSON,4831,02:28:01,GBR,30-39,350,Male,1243,02:28:01
2544,MARGARET MURRAY,7424,02:28:01,AUS,50-59,151,Female,1301,02:28:01
2545,EMMA DEAKER,6337,02:28:02,NZL,20-29,441,Female,1302,02:28:02
2546,CATHERINE JONES,3025,02:28:05,NZL,50-59,152,Female,1303,02:28:05
2547,GESSICA PINTO VERAS,4995,02:28:05,BRA,30-39,370,Female,1304,02:28:05
2548,GRANT THOMAS,5425,02:28:06,NZL,40-49,295,Male,1244,02:28:06
2549,ERIN PEPPING,7572,02:28:07,NZL,20-29,442,Female,1305,02:28:07
2550,JODI REMI,5069,02:28:07,NZL,50-59,153,Female,1306,02:28:07
2551,CALLUM FLAVELL,6511,02:28:09,NZL,20-29,354,Male,1245,02:28:09
2552,SOFIA BARTHET,3182,02:28:12,ARG,40-49,276,Female,1307,02:28:12
2553,JAMES COOPER,6225,02:28:13,AUS,20-29,355,Male,1246,02:28:13
2554,TERRY PREDDY,5017,02:28:15,NZL,70+,10,Male,1247,02:28:15
2555,RICK WILLIAMSON,8249,02:28:18,NZL,60-69,51,Male,1248,02:28:18
2556,AZIZ BHARUCHI,3238,02:28:20,NZL,40-49,296,Male,1249,02:28:20
2557,DIANA SOUTHEY,8565,02:28:24,AUS,60-69,31,Female,1308,02:28:24
2558,SEONAID MACMILLAN,4547,02:28:25,NZL,40-49,277,Female,1309,02:28:25
2559,NATALIE TUCK,5487,02:28:25,NZL,30-39,371,Female,1310,02:28:25
2560,ELIZABETH ROWE,5132,02:28:26,NZL,30-39,372,Female,1311,02:28:26
2561,AMANDA GRISANTE DE OLIVEIRA,6669,02:28:26,NZL,20-29,443,Female,1312,02:28:26
2562,NICK MEATES,7307,02:28:26,NZL,20-29,356,Male,1250,02:28:26
2563,KAREN LEADLEY,4431,02:28:29,NZL,40-49,278,Female,1313,02:28:29
2564,OLGA ZENINA,5750,02:28:37,NZL,40-49,279,Female,1314,02:28:37
2565,CLAIRE SWARBRICK,5378,02:28:37,NZL,20-29,444,Female,1315,02:28:37
2566,LAUREN ROONEY,5123,02:28:40,NZL,30-39,373,Female,1316,02:28:40
2567,TASH DILLON,6359,02:28:40,NZL,30-39,374,Female,1317,02:28:40
2568,INGRID MCPHAIL,8718,02:28:40,AUS,40-49,280,Female,1318,02:28:40
2569,VICKI COWLEY,6248,02:28:41,NZL,40-49,281,Female,1319,02:28:41
2570,FIONNUALA WALL,5569,02:28:41,NZL,40-49,282,Female,1320,02:28:41
2571,ANGELA MCEWAN,7243,02:28:42,NZL,30-39,375,Female,1321,02:28:42
2572,IAN MACDONALD,4531,02:28:42,NZL,50-59,162,Male,1251,02:28:42
2573,SHARON ANN HAYWARD,6748,02:28:42,NZL,50-59,154,Female,1322,02:28:42
2574,JEREMY COX,8824,02:28:43,AUS,30-39,351,Male,1252,02:28:43
2575,MELANIE CERUTTI,6123,02:28:44,AUS,30-39,376,Female,1323,02:28:44
2576,MONIQUE GEMMELL,3951,02:28:45,NZL,30-39,377,Female,1324,02:28:45
2577,VIVIENNE CURRIE-BASSANT,6295,02:28:50,NZL,50-59,155,Female,1325,02:28:50
2578,JONATHAN MAZZUCCO,4603,02:28:50,CHE,30-39,352,Male,1253,02:28:50
2579,WILLIAM WANG,8160,02:28:55,NZL,50-59,163,Male,1254,02:28:55
2580,DANIELLE STEYN,7949,02:28:55,NZL,30-39,378,Female,1326,02:28:55
2581,SARAH TRAIL,8056,02:28:56,NZL,40-49,283,Female,1327,02:28:56
2582,NGNHINE RODGERS,5114,02:28:56,NZL,40-49,284,Female,1328,02:28:56
2583,MEGAN WATSON,8600,02:28:57,NZL,20-29,445,Female,1329,02:28:57
2584,ROWENA LILII,7088,02:28:57,NZL,40-49,285,Female,1330,02:28:57
2585,SALLY DEBENHAM,6341,02:28:58,AUS,40-49,286,Female,1331,02:28:58
2586,CRAIG DEBENHAM,6340,02:28:58,AUS,50-59,164,Male,1255,02:28:58
2587,KRISTIE MONTGOMERY,7371,02:29:00,NZL,30-39,379,Female,1332,02:29:00
2588,CAROLINE WEBB,8687,02:29:01,NZL,20-29,446,Female,1333,02:29:01
2589,CHERIE JEFFERYS,6887,02:29:03,NZL,40-49,287,Female,1334,02:29:03
2590,REBECCA SINNAMON,5257,02:29:03,NZL,30-39,380,Female,1335,02:29:03
2591,RACHEL MCGREGOR,7253,02:29:04,NZL,30-39,381,Female,1336,02:29:04
2592,SHAWN PARKER,8519,02:29:05,NZL,40-49,297,Male,1256,02:29:05
2593,OLIVIA POLE,5004,02:29:07,NZL,20-29,447,Female,1337,02:29:07
2594,SANDRA DURAND,3759,02:29:12,NZL,50-59,156,Female,1338,02:29:12
2595,MASON HOLMES,6804,02:29:12,NZL,16-19,27,Male,1257,02:29:12
2596,ROBERT MEYER,4707,02:29:16,NZL,30-39,353,Male,1258,02:29:16
2597,HANNAH RICHARDS,7695,02:29:16,AUS,20-29,448,Female,1339,02:29:16
2598,WANDA GELDENHUYS,3949,02:29:16,NZL,40-49,288,Female,1340,02:29:16
2599,RENEE HOSKING,6822,02:29:21,NZL,20-29,449,Female,1341,02:29:21
2600,AMANDA QUINN,5031,02:29:21,NZL,40-49,289,Female,1342,02:29:21
2601,KATHRYN ARNOLD,3134,02:29:21,AUS,40-49,290,Female,1343,02:29:21
2602,MELANIE HENDERSON,4143,02:29:25,NZL,40-49,291,Female,1344,02:29:25
2603,AMMAR YOUSEF,8315,02:29:30,YEM,50-59,165,Male,1259,02:29:30
2604,GABRIELLE BOYD,3297,02:29:30,NZL,30-39,382,Female,1345,02:29:30
2605,MENG LOR,7121,02:29:33,AUS,30-39,354,Male,1260,02:29:33
2606,BETHANY BONHAM,5984,02:29:33,AUS,30-39,383,Female,1346,02:29:33
2607,DINA DALESSIO,6304,02:29:34,USA,50-59,157,Female,1347,02:29:34
2608,FLICK HANTON,4090,02:29:34,NZL,30-39,384,Female,1348,02:29:34
2609,JASMIN LAWRENCE,7054,02:29:36,NZL,30-39,385,Female,1349,02:29:36
2610,MICHELLE WARWICK,8596,02:29:36,NZL,40-49,292,Female,1350,02:29:36
2611,MAIAN TRUONG,5483,02:29:36,NZL,20-29,450,Female,1351,02:29:36
2612,ALLISON SPARHAM,5301,02:29:40,NZL,50-59,158,Female,1352,02:29:40
2613,PETER SCHWEIZER,7807,02:29:41,AUS,50-59,166,Male,1261,02:29:41
2614,RAELENE REES,8535,02:29:43,NZL,50-59,159,Female,1353,02:29:43
2615,AMY TYSON,5511,02:29:45,NZL,40-49,293,Female,1354,02:29:45
2616,ELLEN DI CORLETO,6355,02:29:45,AUS,30-39,386,Female,1355,02:29:45
2617,CLAUDIA SIM,5235,02:29:45,NZL,20-29,451,Female,1356,02:29:45
2618,LUCIA FULLER,6559,02:29:46,NZL,20-29,452,Female,1357,02:29:46
2619,EMILY HUGHES,6839,02:29:47,GBR,20-29,453,Female,1358,02:29:47
2620,KAREN BIRD,5946,02:29:50,NZL,60-69,32,Female,1359,02:29:50
2621,PAUL HASTIE,4117,02:29:52,AUS,50-59,167,Male,1262,02:29:52
2622,MELISSA BECIREVIC,5900,02:29:53,AUS,20-29,454,Female,1360,02:29:53
2623,LEILANI TOITING,5461,02:29:53,NZL,20-29,455,Female,1361,02:29:53
2624,ROBERT HAY,6738,02:29:55,NZL,60-69,52,Male,1263,02:29:55
2625,BRET BURROWS,6061,02:29:56,NZL,50-59,168,Male,1264,02:29:56
2626,CATHERINE MCGREGOR,7252,02:29:58,NZL,30-39,387,Female,1362,02:29:58
2627,SAMANTHA HALL,4060,02:30:02,NZL,20-29,456,Female,1363,02:30:02
2628,RUTH VAN'T WOUT,5533,02:30:03,NZL,30-39,388,Female,1364,02:30:03
2629,ALEESHA WISEMAN,5699,02:30:06,NZL,20-29,457,Female,1365,02:30:06
2630,STEVE HOLDOWAY,8435,02:30:07,NZL,60-69,53,Male,1265,02:30:07
2631,JOHANNA HALL,4056,02:30:07,NZL,20-29,458,Female,1366,02:30:07
2632,ANGELA TAYLOR,7997,02:30:08,AUS,40-49,294,Female,1367,02:30:08
2633,ALICE PERRY,4967,02:30:10,NZL,20-29,459,Female,1368,02:30:10
2634,SHEREE BRINCH,6020,02:30:13,NZL,40-49,295,Female,1369,02:30:13
2635,EMMA MCCORMICK,4623,02:30:15,NZL,20-29,460,Female,1370,02:30:15
2636,HANNELIE JORDAAN,6938,02:30:20,NZL,40-49,296,Female,1371,02:30:20
2637,RENEE ANGUS,5801,02:30:21,NZL,40-49,297,Female,1372,02:30:21
2638,CLAUDIA PORRITT,8663,02:30:22,NZL,20-29,461,Female,1373,02:30:22
2639,ALEXANDRA RIDDLE,7705,02:30:24,NZL,20-29,462,Female,1374,02:30:24
2640,CRAIG WALTON,5580,02:30:25,NZL,50-59,169,Male,1266,02:30:25
2641,ROWAN WORNER,5721,02:30:27,NZL,30-39,389,Female,1375,02:30:27
2642,ALEXANDRA SOUTHERON,7906,02:30:28,AUS,50-59,160,Female,1376,02:30:28
2643,JOSHUA WATERMAN,5591,02:30:28,NZL,20-29,357,Male,1267,02:30:28
2644,ANDREA MULLIGAN,4786,02:30:30,NZL,40-49,298,Female,1377,02:30:30
2645,MARGARET SOKULA,5291,02:30:31,FJI,30-39,390,Female,1378,02:30:31
2646,SUZIE WRIGHTSON,8296,02:30:33,AUS,40-49,299,Female,1379,02:30:33
2647,HANA KIRK,7001,02:30:34,NZL,20-29,463,Female,1380,02:30:34
2648,MIHARU KIRK,7003,02:30:34,JPN,50-59,161,Female,1381,02:30:34
2649,NICOLETTE HARRIS,8428,02:30:35,NZL,40-49,300,Female,1382,02:30:35
2650,LAYNE CAHILL,6080,02:30:35,AUS,20-29,464,Female,1383,02:30:35
2651,CJ BANG,8336,02:30:35,NZL,30-39,391,Female,1384,02:30:35
2652,GEORGINA HANCOX,4080,02:30:35,NZL,30-39,392,Female,1385,02:30:35
2653,JAT BHACHU,5934,02:30:37,NZL,40-49,298,Male,1268,02:30:37
2654,WILLIAM GIBSON,6604,02:30:38,NZL,20-29,358,Male,1269,02:30:38
2655,CLARE ELLIS,3785,02:30:38,NZL,40-49,301,Female,1386,02:30:38
2656,NICOLE HODSON,4196,02:30:41,NZL,30-39,393,Female,1387,02:30:41
2657,MAX RADCLIFFE,5037,02:30:45,NZL,16-19,28,Male,1270,02:30:45
2658,DANIEL JELFS,6889,02:30:50,NZL,20-29,359,Male,1271,02:30:50
2659,COURTNEY ANDERSON,5785,02:30:54,NZL,20-29,465,Female,1388,02:30:54
2660,JASMINE BAIN,5844,02:30:57,NZL,20-29,466,Female,1389,02:30:57
2661,PAULO DE MORAES,6335,02:30:59,NZL,50-59,170,Male,1272,02:30:59
2662,MOLLY MACKENZIE,4543,02:31:04,NZL,20-29,467,Female,1390,02:31:04
2663,IMY MAHON,7162,02:31:06,NZL,20-29,468,Female,1391,02:31:06
2664,GRACE URWIN,8089,02:31:06,NZL,20-29,469,Female,1392,02:31:06
2665,JOANNA YIU,8305,02:31:06,AUS,40-49,302,Female,1393,02:31:06
2666,ANTHONY ZEMBILLAS,8317,02:31:06,GRC,30-39,355,Male,1273,02:31:06
2667,KYLE BEACHY,5887,02:31:06,USA,30-39,356,Male,1274,02:31:06
2668,SAMUEL BRADDICK,6002,02:31:07,NZL,20-29,360,Male,1275,02:31:07
2669,HELEN GAY,3934,02:31:09,AUS,60-69,33,Female,1394,02:31:09
2670,JESSICA CHAPPLE,6140,02:31:09,NZL,50-59,162,Female,1395,02:31:09
2671,KAREN DORRIAN,3721,02:31:13,NZL,60-69,34,Female,1396,02:31:13
2672,KELLY SIMMONDS,7856,02:31:13,NZL,40-49,303,Female,1397,02:31:13
2673,MONETTE DAVIS,3642,02:31:15,AUS,30-39,394,Female,1398,02:31:15
2674,ROB VALLENTINE,5518,02:31:17,NZL,30-39,357,Male,1276,02:31:17
2675,HARRISON SUTTON,5376,02:31:17,NZL,20-29,361,Male,1277,02:31:17
2676,MICHELLE KEIGHLEY,6957,02:31:19,NZL,20-29,470,Female,1399,02:31:19
2677,JOANNE CLEMENTSON,3506,02:31:20,NZL,20-29,471,Female,1400,02:31:20
2678,JOHNSON RAELA,7661,02:31:24,NZL,30-39,358,Male,1278,02:31:24
2679,BRIAN MCFARLAND,7245,02:31:24,NZL,40-49,299,Male,1279,02:31:24
2680,WAYNE NICHOLSON,4835,02:31:25,NZL,50-59,171,Male,1280,02:31:25
2681,MARINELLE MARTIN,8481,02:31:32,NZL,40-49,304,Female,1401,02:31:32
2682,SHANA EDWARDS,6443,02:31:35,AUS,30-39,395,Female,1402,02:31:35
2683,JENNA WILLOCKS,8252,02:31:37,NZL,20-29,472,Female,1403,02:31:37
2684,ALYSSA CARNELL,6102,02:31:41,NZL,20-29,473,Female,1404,02:31:41
2685,CHRISTINE MACRAE,7156,02:31:46,AUS,30-39,396,Female,1405,02:31:46
2686,SYDNEY BECKMAN,5904,02:31:53,AUS,20-29,474,Female,1406,02:31:53
2687,SUSIE CRAWFORD,6263,02:31:57,NZL,16-19,35,Female,1407,02:31:57
2688,TEGAN SULLIVAN,8641,02:31:58,NZL,20-29,475,Female,1408,02:31:58
2689,JAMIE THOMAS,8019,02:32:00,AUS,30-39,359,Male,1281,02:32:00
2690,ANITA JARVIS,4286,02:32:04,AUS,50-59,163,Female,1409,02:32:04
2691,DANIQUE EHMANN,6452,02:32:07,CAN,20-29,476,Female,1410,02:32:07
2692,NIKKI BOOTH,5987,02:32:09,NZL,30-39,397,Female,1411,02:32:09
2693,RACHEL SKILTON,7866,02:32:09,NZL,30-39,398,Female,1412,02:32:09
2694,JOSH BINNIE,5944,02:32:15,NZL,30-39,360,Male,1282,02:32:15
2695,SARAH HENDERSON,6757,02:32:16,NZL,40-49,305,Female,1413,02:32:16
2696,TONY SPELMAN,5304,02:32:18,NZL,50-59,172,Male,1283,02:32:18
2697,MICHELLE DE HAAN,6331,02:32:20,NZL,30-39,399,Female,1414,02:32:20
2698,CARL DE HAAN,3656,02:32:21,NZL,30-39,361,Male,1284,02:32:21
2699,HANNAH ANDREWS,5796,02:32:22,NZL,20-29,477,Female,1415,02:32:22
2700,PAULINE BEATTIE,5895,02:32:22,NZL,50-59,164,Female,1416,02:32:22
2701,DAVE BOARDMAN,8349,02:32:23,AUS,70+,11,Male,1285,02:32:23
2702,ALAN BEDWIN,5907,02:32:23,GBR,30-39,362,Male,1286,02:32:23
2703,GLENNA PATERSON-CHAMBERLAIN,7549,02:32:35,NZL,30-39,400,Female,1417,02:32:35
2704,CECILE TORR,5467,02:32:35,NZL,50-59,165,Female,1418,02:32:35
2705,OLIVIA BYARS,6075,02:32:38,NZL,30-39,401,Female,1419,02:32:38
2706,LORRAINE DAY,3652,02:32:38,NZL,50-59,166,Female,1420,02:32:38
2707,CHARLOTTE SCHOFIELD,8826,02:32:41,NZL,30-39,402,Female,1421,02:32:41
2708,TONY DOYLE,3733,02:32:42,NZL,40-49,300,Male,1287,02:32:42
2709,PAULA MCLEOD,7291,02:32:43,NZL,40-49,306,Female,1422,02:32:43
2710,BILL CROWE,8382,02:32:44,NZL,50-59,173,Male,1288,02:32:44
2711,MICHAEL GRIMWOOD,4039,02:32:44,NZL,50-59,174,Male,1289,02:32:44
2712,FELICITY ROGER,7737,02:32:44,AUS,50-59,167,Female,1423,02:32:44
2713,PHILIP ROGER,7738,02:32:44,AUS,50-59,175,Male,1290,02:32:44
2714,HEATHER MCINTYRE,4642,02:32:48,NZL,40-49,307,Female,1424,02:32:48
2715,HUILING XU,8302,02:32:48,AUS,50-59,168,Female,1425,02:32:48
2716,ANTHONY NICHOLAS,8638,02:32:49,NZL,40-49,301,Male,1291,02:32:49
2717,MICHAEL MAGENNITY,4551,02:32:51,NZL,30-39,363,Male,1292,02:32:51
2718,NAOMI FULLER,8410,02:32:53,NZL,60-69,35,Female,1426,02:32:53
2719,TORI SMITH,8777,02:32:57,NZL,30-39,403,Female,1427,02:32:57
2720,NICOLE EVANS,6471,02:32:58,NZL,30-39,404,Female,1428,02:32:58
2721,KAYLA STUBBS,7961,02:33:01,NZL,16-19,36,Female,1429,02:33:01
2722,KATRINA ROBINSON,7729,02:33:02,NZL,40-49,308,Female,1430,02:33:02
2723,ANNETTE RATTRAY,5048,02:33:03,NZL,50-59,169,Female,1431,02:33:03
2724,MIRIAM HALL,6689,02:33:06,NZL,40-49,309,Female,1432,02:33:06
2725,AMANDA KERR,4358,02:33:07,NZL,30-39,405,Female,1433,02:33:07
2726,ANNA METHVEN,7321,02:33:11,NZL,30-39,406,Female,1434,02:33:11
2727,RUOFAN HUANG,4223,02:33:11,CHN,20-29,362,Male,1293,02:33:11
2728,HANNAH LINDO,4478,02:33:13,NZL,20-29,478,Female,1435,02:33:13
2729,MICHAEL DUTHIE,3761,02:33:17,NZL,30-39,364,Male,1294,02:33:17
2730,JACOB YOUNG,5742,02:33:22,NZL,20-29,363,Male,1295,02:33:22
2731,VOULA NISYRIOS,4846,02:33:23,AUS,50-59,170,Female,1436,02:33:23
2732,JANA MAKAR,7164,02:33:27,NZL,40-49,310,Female,1437,02:33:27
2733,MIKE ASMUSSEN,8751,02:33:28,NZL,50-59,176,Male,1296,02:33:28
2734,ANTON MCLEAN,4668,02:33:29,NZL,40-49,302,Male,1297,02:33:29
2735,JULIE MITCHELL,7355,02:33:30,NZL,50-59,171,Female,1438,02:33:30
2736,KELLY BALLAM,5855,02:33:31,GBR,30-39,407,Female,1439,02:33:31
2737,JODIE GRIFFITHS,8421,02:33:38,NZL,40-49,311,Female,1440,02:33:38
2738,BEATRIZ DELA CRUZ,3674,02:33:38,NZL,20-29,479,Female,1441,02:33:38
2739,AMY KIRBY,4376,02:33:41,NZL,40-49,312,Female,1442,02:33:41
2740,ALESSANDRA PALADINO,4913,02:33:41,NZL,30-39,408,Female,1443,02:33:41
2741,LIDA WHITMORE,5641,02:33:42,NZL,30-39,409,Female,1444,02:33:42
2742,ANNA NOANOA,7471,02:33:43,NZL,20-29,480,Female,1445,02:33:43
2743,CARA WYNNE,8300,02:33:44,NZL,20-29,481,Female,1446,02:33:44
2744,AMY BEACH,3200,02:33:46,NZL,20-29,482,Female,1447,02:33:46
2745,JESSE SAI KHONG TEO,8013,02:33:48,NZL,20-29,364,Male,1298,02:33:48
2746,YVETTE COTTAM,8381,02:33:49,NZL,50-59,172,Female,1448,02:33:49
2747,BRADLEY CROSS,3053,02:33:51,NZL,30-39,365,Male,1299,02:33:51
2748,ALICE CROSS,3604,02:33:52,NZL,30-39,410,Female,1449,02:33:52
2749,ZOE EGGLETON,6450,02:33:54,NZL,50-59,173,Female,1450,02:33:54
2750,GALU LETIU,7075,02:33:54,NZL,40-49,303,Male,1300,02:33:54
2751,JO HOGG,4200,02:33:54,NZL,40-49,313,Female,1451,02:33:54
2752,MICHAEL STRAITH,5354,02:33:57,NZL,40-49,304,Male,1301,02:33:57
2753,EZRA BATY,5877,02:33:59,NZL,20-29,365,Male,1302,02:33:59
2754,JADE EDGAR,6436,02:34:01,NZL,20-29,483,Female,1452,02:34:01
2755,BEVERLEY STEWARD,7941,02:34:03,NZL,60-69,36,Female,1453,02:34:03
2756,PETER HARRIS,4106,02:34:08,NZL,50-59,177,Male,1303,02:34:08
2757,STEPH KENNEDY,6975,02:34:08,NZL,30-39,411,Female,1454,02:34:08
2758,MELANY OLIVER,7502,02:34:12,NZL,40-49,314,Female,1455,02:34:12
2759,ELIZABETH CONNER,6214,02:34:12,NZL,30-39,412,Female,1456,02:34:12
2760,ELLY CHANDLER,6130,02:34:15,AUS,50-59,174,Female,1457,02:34:15
2761,PATRICE CRAWFORD,6262,02:34:25,NZL,50-59,175,Female,1458,02:34:25
2762,KATE WEBBER,8184,02:34:25,NZL,40-49,315,Female,1459,02:34:25
2763,HEIDI WILLIAMS,5663,02:34:26,NZL,50-59,176,Female,1460,02:34:26
2764,JACQUI RESTIEAUX,5071,02:34:26,NZL,20-29,484,Female,1461,02:34:26
2765,CASSANDRA ANG,5800,02:34:29,NZL,20-29,485,Female,1462,02:34:29
2766,MICHELLE ABLEY,5757,02:34:30,NZL,40-49,316,Female,1463,02:34:30
2767,BRYCE COULTER,6238,02:34:32,NZL,20-29,366,Male,1304,02:34:32
2768,SARAH COWAN,6244,02:34:33,NZL,20-29,486,Female,1464,02:34:33
2769,TARA LINTON,7099,02:34:33,NZL,30-39,413,Female,1465,02:34:33
2770,ANDREA TIBBOTTS,8037,02:34:36,NZL,50-59,177,Female,1466,02:34:36
2771,DENISE CLARE BYGRAVE,6076,02:34:36,NZL,50-59,178,Female,1467,02:34:36
2772,MIKE GILBERT,6606,02:34:37,NZL,50-59,178,Male,1305,02:34:37
2773,LAURA SCANLAN,5177,02:34:38,NZL,20-29,487,Female,1468,02:34:38
2774,RACHAEL ARMISTEAD,5806,02:34:38,AUS,40-49,317,Female,1469,02:34:38
2775,GABRIELLE TOCHTERMAN,8044,02:34:38,AUS,40-49,318,Female,1470,02:34:38
2776,SARAH TAYLOR,8007,02:34:39,NZL,20-29,488,Female,1471,02:34:39
2777,TANIA ABSOLOM,5759,02:34:41,NZL,30-39,414,Female,1472,02:34:41
2778,SCOTT ABSOLOM,5758,02:34:41,NZL,40-49,305,Male,1306,02:34:41
2779,RAELENE GRINTER,6667,02:34:43,NZL,40-49,319,Female,1473,02:34:43
2780,FIONA TIPPETT,8040,02:34:44,AUS,50-59,179,Female,1474,02:34:44
2781,KYLIE MCDONALD,7239,02:34:44,AUS,50-59,180,Female,1475,02:34:44
2782,CHRIS CONNER,6213,02:34:47,USA,30-39,366,Male,1307,02:34:47
2783,GINA JEWELL,4297,02:34:48,NZL,40-49,320,Female,1476,02:34:48
2784,ALISON ROUND,7751,02:34:49,GBR,40-49,321,Female,1477,02:34:49
2785,KATE ACLAND,3066,02:34:52,NZL,40-49,322,Female,1478,02:34:52
2786,JAIMEE KEARNEY,6951,02:34:52,NZL,30-39,415,Female,1479,02:34:52
2787,ROCHELLE MUIR,4782,02:34:55,NZL,50-59,181,Female,1480,02:34:55
2788,CHRISTINA RIDDELL,5079,02:34:56,NZL,60-69,37,Female,1481,02:34:56
2789,HAYLEY FAULKNER,6489,02:34:56,AUS,20-29,489,Female,1482,02:34:56
2790,JASON CHANG,6131,02:34:56,AUS,20-29,367,Male,1308,02:34:56
2791,DONNΘ THREADWELL,8034,02:34:57,NZL,20-29,490,Female,1483,02:34:57
2792,ROSALIND MORRIS,7393,02:35:03,NZL,50-59,182,Female,1484,02:35:03
2793,AMY KUBRYCHT,4401,02:35:04,NZL,50-59,183,Female,1485,02:35:04
2794,PELE WALKER,5567,02:35:05,NZL,60-69,38,Female,1486,02:35:05
2795,IBRAHIM MOHAMED,7364,02:35:07,NZL,30-39,367,Male,1309,02:35:07
2796,MONIKA BRATOWNIK,8354,02:35:08,POL,30-39,416,Female,1487,02:35:08
2797,JIYOUNG JANG,6882,02:35:09,KOR,20-29,491,Female,1488,02:35:09
2798,JEAHOON JUNG,6941,02:35:10,KOR,20-29,368,Male,1310,02:35:10
2799,SIOBHAN CRAWFORD,3009,02:35:12,NZL,30-39,417,Female,1489,02:35:12
2800,MATTHEW BLOOMER,5971,02:35:14,NZL,30-39,368,Male,1311,02:35:14
2801,RACHEL MURRELL,7427,02:35:14,NZL,50-59,184,Female,1490,02:35:14
2802,LOUISA BLOOMER,5970,02:35:14,NZL,30-39,418,Female,1491,02:35:14
2803,KA BIK JOIES CHAN,6127,02:35:16,HKG,60-69,39,Female,1492,02:35:16
2804,VICKY HOLDEN,6790,02:35:17,NZL,40-49,323,Female,1493,02:35:17
2805,STEVE TOWNSEND,8055,02:35:17,NZL,30-39,369,Male,1312,02:35:17
2806,HEIDI WEEKES,8185,02:35:17,AUS,40-49,324,Female,1494,02:35:17
2807,SALLY CHUDZYNSKI,6163,02:35:18,NZL,40-49,325,Female,1495,02:35:18
2808,SARAH MARSHALL,7183,02:35:18,AUS,40-49,326,Female,1496,02:35:18
2809,ROSE JENKINS,6891,02:35:23,NZL,20-29,492,Female,1497,02:35:23
2810,FLORENCE LEUNG,4458,02:35:30,NZL,20-29,493,Female,1498,02:35:30
2811,MADI BRADLEY,6006,02:35:30,NZL,20-29,494,Female,1499,02:35:30
2812,HELEN WHITE,5633,02:35:31,NZL,40-49,327,Female,1500,02:35:31
2813,MATT HODGETT,4193,02:35:32,NZL,20-29,369,Male,1313,02:35:32
2814,TESSA SPROSEN,5309,02:35:32,NZL,30-39,419,Female,1501,02:35:32
2815,REBECCA WEBSTER,5609,02:35:33,NZL,40-49,328,Female,1502,02:35:33
2816,MELISSA CLARK,6173,02:35:33,NZL,20-29,495,Female,1503,02:35:33
2817,HAYLEY CATLOW,3455,02:35:34,NZL,20-29,496,Female,1504,02:35:34
2818,JESS SCHNELL,7798,02:35:34,NZL,20-29,497,Female,1505,02:35:34
2819,JARED REID,7683,02:35:36,NZL,30-39,370,Male,1314,02:35:36
2820,EE LIN CHOO,6157,02:35:37,MYS,30-39,420,Female,1506,02:35:37
2821,CHRIS LAWLOR,7052,02:35:40,NZL,50-59,179,Male,1315,02:35:40
2822,MARIE VERMES,8110,02:35:42,NZL,30-39,421,Female,1507,02:35:42
2823,MARY JREIDINI,6939,02:35:43,NZL,60-69,40,Female,1508,02:35:43
2824,SARAH KENNY,4352,02:35:45,NZL,20-29,498,Female,1509,02:35:45
2825,MAUREEN HICKEY,4164,02:35:45,NZL,50-59,185,Female,1510,02:35:45
2826,KATE JONES,6929,02:35:48,NZL,20-29,499,Female,1511,02:35:48
2827,ALISHA BANK,5860,02:35:51,NZL,30-39,422,Female,1512,02:35:51
2828,RACHEL STEPHEN,7932,02:35:51,NZL,30-39,423,Female,1513,02:35:51
2829,COLLEEN FACOORY,3814,02:35:51,NZL,30-39,424,Female,1514,02:35:51
2830,BAYLY HARRIS,6720,02:35:54,NZL,20-29,500,Female,1515,02:35:54
2831,EDMUND SIAH,7849,02:35:55,SGP,50-59,180,Male,1316,02:35:55
2832,ESTELLE LEE,7063,02:35:55,NZL,16-19,37,Female,1516,02:35:55
2833,VALERIE PATTERSON,7555,02:35:57,NZL,20-29,501,Female,1517,02:35:57
2834,ALLYRA MCGRATH,4635,02:35:59,AUS,30-39,425,Female,1518,02:35:59
2835,BELINDA WREN,5722,02:36:00,NZL,50-59,186,Female,1519,02:36:00
2836,LUCY COYLE,6255,02:36:02,NZL,20-29,502,Female,1520,02:36:02
2837,ANTHONY FRANC,3886,02:36:03,NZL,60-69,54,Male,1317,02:36:03
2838,KIM JAMIESON,6880,02:36:07,NZL,50-59,187,Female,1521,02:36:07
2839,JOANNA DEN HOLLANDER,3677,02:36:07,NZL,30-39,426,Female,1522,02:36:07
2840,DONNA PARRIS,7535,02:36:09,NZL,40-49,329,Female,1523,02:36:09
2841,BARRIE HEMINGWAY,4140,02:36:14,NZL,40-49,306,Male,1318,02:36:14
2842,ALANNA NICHOLS,7464,02:36:15,NZL,40-49,330,Female,1524,02:36:15
2843,REBECCA PHEMISTER,7585,02:36:15,NZL,20-29,503,Female,1525,02:36:15
2844,MARIE CANNON,8364,02:36:16,NZL,60-69,41,Female,1526,02:36:16
2845,TRACEY BARR,8339,02:36:16,NZL,40-49,331,Female,1527,02:36:16
2846,WENDY GREY,8420,02:36:17,NZL,50-59,188,Female,1528,02:36:17
2847,SARAH-EMMA GANDY,6573,02:36:18,NZL,30-39,427,Female,1529,02:36:18
2848,ANDREW STOBO,7951,02:36:20,SGP,50-59,181,Male,1319,02:36:20
2849,CHLOE HANNAWIN,6701,02:36:21,NZL,20-29,504,Female,1530,02:36:21
2850,JOCELYN ORLANDO-REEP,7510,02:36:21,NZL,40-49,332,Female,1531,02:36:21
2851,SOPHIE O'SULLIVAN,4906,02:36:26,NZL,30-39,428,Female,1532,02:36:26
2852,VANESSA LANTSBERY,4417,02:36:29,NZL,40-49,333,Female,1533,02:36:29
2853,ALICIA DE JOUX,3657,02:36:31,NZL,20-29,505,Female,1534,02:36:31
2854,JANE YOUNG,8311,02:36:32,AUS,30-39,429,Female,1535,02:36:32
2855,JESSICA DE DASSEL,6330,02:36:32,AUS,40-49,334,Female,1536,02:36:32
2856,LUCY LA CIOPPA,7026,02:36:33,AUS,30-39,430,Female,1537,02:36:33
2857,DYLAN BRUCE,3361,02:36:35,NZL,20-29,370,Male,1320,02:36:35
2858,TAYLA SAMPSON,7774,02:36:38,NZL,20-29,506,Female,1538,02:36:38
2859,JULIE MAY,7206,02:36:38,NZL,50-59,189,Female,1539,02:36:38
2860,MADISON MAY,8850,02:36:39,NZL,20-29,507,Female,1540,02:36:39
2861,NIC AH KUOI,3084,02:36:39,NZL,30-39,371,Male,1321,02:36:39
2862,HEIDI JOHNS,6905,02:36:40,NZL,30-39,431,Female,1541,02:36:40
2863,REGAN JOHNS,6906,02:36:40,NZL,40-49,307,Male,1322,02:36:40
2864,GRANT MCKAY,4647,02:36:41,NZL,40-49,308,Male,1323,02:36:41
2865,JANE HEATLEY,6752,02:36:43,NZL,50-59,190,Female,1542,02:36:43
2866,SHANE KELLY,4342,02:36:45,AUS,60-69,55,Male,1324,02:36:45
2867,JENNY BAILEY,3155,02:36:45,NZL,20-29,508,Female,1543,02:36:45
2868,DARREN HILL,4170,02:36:46,NZL,40-49,309,Male,1325,02:36:46
2869,JESSICA WANG,5583,02:36:46,NZL,30-39,432,Female,1544,02:36:46
2870,DANIEL BALLARD,5857,02:36:46,NZL,20-29,371,Male,1326,02:36:46
2871,HEATHER ENGLAND,6462,02:36:48,NZL,30-39,433,Female,1545,02:36:48
2872,JUSTIN WANG,8159,02:36:48,USA,20-29,372,Male,1327,02:36:48
2873,BETH JULIAN,4325,02:36:49,USA,50-59,191,Female,1546,02:36:49
2874,KATHERINE SARCICH,7786,02:36:49,NZL,20-29,509,Female,1547,02:36:49
2875,WILL PICKERING,7589,02:36:50,NZL,20-29,373,Male,1328,02:36:50
2876,JO-HANNA CLEAVER,6179,02:37:01,NZL,40-49,335,Female,1548,02:37:01
2877,ELLIE HODDINOTT,4189,02:37:05,NZL,20-29,510,Female,1549,02:37:05
2878,ROCHELLE DRAKE,6391,02:37:05,NZL,50-59,192,Female,1550,02:37:05
2879,DENISE MILKOVIC,8497,02:37:09,AUS,60-69,42,Female,1551,02:37:09
2880,CLAYTON REDFERN,7677,02:37:10,NZL,40-49,310,Male,1329,02:37:10
2881,IAN MORTON,9347,02:37:11,NZL,60-69,56,Male,1330,02:37:11
2882,BRIDIE CASSIDY,3451,02:37:11,NZL,20-29,511,Female,1552,02:37:11
2883,SANDIE CASANO,6115,02:37:12,FRA,40-49,336,Female,1553,02:37:12
2884,GABRIEL MORADA,7379,02:37:14,NZL,30-39,372,Male,1331,02:37:14
2885,KATE BRADLEY,6004,02:37:16,NZL,20-29,512,Female,1554,02:37:16
2886,LEANNE CLEMENS,6181,02:37:20,NZL,30-39,434,Female,1555,02:37:20
2887,MONICA CARTWRIGHT,6112,02:37:21,NZL,50-59,193,Female,1556,02:37:21
2888,TONY WILD,5650,02:37:22,NZL,50-59,182,Male,1332,02:37:22
2889,CATHERINE MAIDMENT,8479,02:37:24,NZL,30-39,435,Female,1557,02:37:24
2890,GABRIELLA WILLIAMS,8696,02:37:25,NZL,20-29,513,Female,1558,02:37:25
2891,MILLIE O'GRADY,7495,02:37:26,NZL,30-39,436,Female,1559,02:37:26
2892,PHILLIP MATZ,7203,02:37:26,NZL,50-59,183,Male,1333,02:37:26
2893,TROY MANGAN,7167,02:37:26,NZL,20-29,374,Male,1334,02:37:26
2894,JUSTIN MATTHEWS,7200,02:37:27,NZL,40-49,311,Male,1335,02:37:27
2895,JEANNA WESSELS,8200,02:37:28,NZL,40-49,337,Female,1560,02:37:28
2896,EVERT GELDENHUYS,3948,02:37:28,NZL,40-49,312,Male,1336,02:37:28
2897,RACHEL MONTGOMERY,4753,02:37:31,NZL,30-39,437,Female,1561,02:37:31
2898,JENNIFER GATENBY,3931,02:37:32,AUS,30-39,438,Female,1562,02:37:32
2899,LOU ALLAN,5780,02:37:33,NZL,50-59,194,Female,1563,02:37:33
2900,MARSHALL PITNEY,4999,02:37:33,NZL,20-29,375,Male,1337,02:37:33
2901,CAMERON BISHOP,5951,02:37:34,AUS,30-39,373,Male,1338,02:37:34
2902,HELEN JONES,4312,02:37:35,NZL,40-49,338,Female,1564,02:37:35
2903,AINARA SCOTT,8772,02:37:36,NZL,30-39,439,Female,1565,02:37:36
2904,KIRSTEN CROOKE,6275,02:37:40,NZL,40-49,339,Female,1566,02:37:40
2905,VIV HUNTER,8444,02:37:41,NZL,50-59,195,Female,1567,02:37:41
2906,KATHRYN SCOTT,7812,02:37:43,GBR,20-29,514,Female,1568,02:37:43
2907,WILL HART,6730,02:37:45,NZL,30-39,374,Male,1339,02:37:45
2908,VANESSA SHAW,7841,02:37:48,NZL,20-29,515,Female,1569,02:37:48
2909,CHRIS FIFIELD,3840,02:37:48,NZL,40-49,313,Male,1340,02:37:48
2910,AMY CASTORINA,8747,02:37:51,AUS,20-29,516,Female,1570,02:37:51
2911,MAX COOPER,6223,02:37:55,NZL,20-29,376,Male,1341,02:37:55
2912,JAYNE EVANS,3809,02:37:55,NZL,40-49,340,Female,1571,02:37:55
2913,CORINNE SMITH,7877,02:37:57,NZL,20-29,517,Female,1572,02:37:57
2914,GRAHAM MILLER,4723,02:37:59,NZL,50-59,184,Male,1342,02:37:59
2915,MADELEINE PREBBLE,7629,02:38:02,NZL,20-29,518,Female,1573,02:38:02
2916,SCOTT HARRISON,6726,02:38:12,NZL,30-39,375,Male,1343,02:38:12
2917,ROSALIND SMITH,7892,02:38:13,NZL,40-49,341,Female,1574,02:38:13
2918,ASHLEY SCOTT,7810,02:38:15,NZL,30-39,376,Male,1344,02:38:15
2919,ELIZABETH DIEHL,3691,02:38:18,NZL,30-39,440,Female,1575,02:38:18
2920,SAMMY BLAKELY,5961,02:38:20,NZL,20-29,519,Female,1576,02:38:20
2921,PHILIP MACALISTER,4530,02:38:22,NZL,60-69,57,Male,1345,02:38:22
2922,KEN BRANNIGAN,6013,02:38:23,AUS,20-29,377,Male,1346,02:38:23
2923,KAYE CHAN,6128,02:38:24,AUS,50-59,196,Female,1577,02:38:24
2924,KAREN MONAGHAN,7369,02:38:24,AUS,50-59,197,Female,1578,02:38:24
2925,WENDY VAN LIESHOUT,5525,02:38:26,NZL,50-59,198,Female,1579,02:38:26
2926,MIKAYLA BUTSON,6072,02:38:26,NZL,20-29,520,Female,1580,02:38:26
2927,MELANIE BRIDGE,3323,02:38:27,NZL,30-39,441,Female,1581,02:38:27
2928,LOGAN JANSSEN,4285,02:38:28,NZL,16-19,38,Female,1582,02:38:28
2929,STEPHEN GUEST,6674,02:38:29,AUS,50-59,185,Male,1347,02:38:29
2930,ALAN HILL,4169,02:38:31,NZL,50-59,186,Male,1348,02:38:31
2931,MICHELLE AYYUCE,8778,02:38:33,AUS,40-49,342,Female,1583,02:38:33
2932,KIRSTEN KAWANA-WAUGH,8458,02:38:34,NZL,30-39,442,Female,1584,02:38:34
2933,OLIVIA PEHRSON,4961,02:38:35,NZL,30-39,443,Female,1585,02:38:35
2934,SOLTICE MORRISON,7395,02:38:35,NZL,20-29,521,Female,1586,02:38:35
2935,ELLEN MAGENNIS-BRAY,8761,02:38:37,NZL,30-39,444,Female,1587,02:38:37
2936,AMY BIXBY,3251,02:38:38,NZL,40-49,343,Female,1588,02:38:38
2937,ROS ROSSITER,7749,02:38:40,NZL,50-59,199,Female,1589,02:38:40
2938,STEPHANIE VINCENT,8118,02:38:41,AUS,20-29,522,Female,1590,02:38:41
2939,CHRIS STANLEY,5313,02:38:42,NZL,30-39,377,Male,1349,02:38:42
2940,FRIKKIE DELPORT,6344,02:38:45,NZL,30-39,378,Male,1350,02:38:45
2941,SOPHIA HOOGENBOOM,6812,02:38:45,NZL,20-29,523,Female,1591,02:38:45
2942,BRONWYN HANTZ,6704,02:38:45,NZL,40-49,344,Female,1592,02:38:45
2943,JULIE HUO,6853,02:38:47,NZL,50-59,200,Female,1593,02:38:47
2944,KYLIE RAY,5049,02:38:48,NZL,30-39,445,Female,1594,02:38:48
2945,TIMOTHY SHEPHERD,7844,02:38:53,NZL,50-59,187,Male,1351,02:38:53
2946,AMY PUGH,8528,02:38:56,NZL,30-39,446,Female,1595,02:38:56
2947,DANIEL KIBBLEWHITE,6986,02:38:56,NZL,20-29,378,Male,1352,02:38:56
2948,GEORGINA SANTI,8846,02:38:59,NZL,40-49,345,Female,1596,02:38:59
2949,JUDITH CORBELLETTO-THOMPSON,3567,02:39:03,NZL,60-69,43,Female,1597,02:39:03
2950,CARLEY DWYER,6426,02:39:05,NZL,40-49,346,Female,1598,02:39:05
2951,KIRSTY MCALISTER,8484,02:39:05,NZL,40-49,347,Female,1599,02:39:05
2952,JULIE TSE,5486,02:39:05,NZL,30-39,447,Female,1600,02:39:05
2953,RENEE ROGERS,8546,02:39:09,NZL,30-39,448,Female,1601,02:39:09
2954,SONIA WILCOX,8605,02:39:11,NZL,40-49,348,Female,1602,02:39:11
2955,HELEN SUTHERLAND,5374,02:39:12,NZL,50-59,201,Female,1603,02:39:12
2956,LEYAO HUANG,6832,02:39:17,AUS,20-29,524,Female,1604,02:39:17
2957,DANE ARCHERY,3127,02:39:20,NZL,30-39,379,Male,1353,02:39:20
2958,MARTIN POPPELWELL,9366,02:39:20,NZL,60-69,58,Male,1354,02:39:20
2959,KILITA FOUCHEE,6529,02:39:24,NZL,20-29,525,Female,1605,02:39:24
2960,ELLIE MCDONALD,7236,02:39:25,NZL,20-29,526,Female,1606,02:39:25
2961,LIONEL NUNNS,4859,02:39:31,NZL,70+,12,Male,1355,02:39:31
2962,SUE IDIENS,8447,02:39:31,NZL,50-59,202,Female,1607,02:39:31
2963,KIRSTEN REDFERN,7678,02:39:35,NZL,40-49,349,Female,1608,02:39:35
2964,YE LIU,7106,02:39:48,NZL,50-59,203,Female,1609,02:39:48
2965,CAROL JIRJEES,4298,02:39:53,NZL,20-29,527,Female,1610,02:39:53
2966,HANNAH LITTLE,7104,02:39:54,NZL,30-39,449,Female,1611,02:39:54
2967,KERI JACKSON,4277,02:39:54,NZL,50-59,204,Female,1612,02:39:54
2968,ABBY PHILLIPS,7586,02:39:54,NZL,16-19,39,Female,1613,02:39:54
2969,OLIVE RITCHIE,5091,02:39:54,NZL,16-19,40,Female,1614,02:39:54
2970,CHARLOTTE HOGAN,6786,02:39:55,NZL,16-19,41,Female,1615,02:39:55
2971,LOUISA JOBLIN,6901,02:39:56,NZL,30-39,450,Female,1616,02:39:56
2972,ROD JONES,6925,02:39:57,NZL,60-69,44,Female,1617,02:39:57
2973,HELEN JORGENSEN,8456,02:39:57,NZL,30-39,451,Female,1618,02:39:57
2974,NICOLA MCDOWELL,7242,02:39:58,NZL,40-49,350,Female,1619,02:39:58
2975,SAMANTHA MOORE,7377,02:40:06,NZL,40-49,351,Female,1620,02:40:06
2976,KATE BEAUMONT,5896,02:40:08,AUS,50-59,205,Female,1621,02:40:08
2977,SEAN CRONIN,8818,02:40:11,NZL,50-59,188,Male,1356,02:40:11
2978,MADISON CRONIN,8819,02:40:12,NZL,20-29,528,Female,1622,02:40:12
2979,ESTHER VANÆT WOUT,5530,02:40:13,NZL,20-29,529,Female,1623,02:40:13
2980,MARIE HENDREN,4147,02:40:15,NZL,40-49,352,Female,1624,02:40:15
2981,ADAM NIND,4844,02:40:15,NZL,30-39,380,Male,1357,02:40:15
2982,SITA THAKERSI,8014,02:40:16,NZL,30-39,452,Female,1625,02:40:16
2983,JANE ELIZABETH O'FLAHERTY,7493,02:40:16,NZL,60-69,45,Female,1626,02:40:16
2984,CHARLOTTE GUILFORD,6675,02:40:18,NZL,20-29,530,Female,1627,02:40:18
2985,MEGAN JONES,8878,02:40:22,NZL,20-29,531,Female,1628,02:40:22
2986,SARA RICKARD,8540,02:40:24,NZL,50-59,206,Female,1629,02:40:24
2987,MADISON TAIT,5384,02:40:24,NZL,20-29,532,Female,1630,02:40:24
2988,SHANNON MCLEAN,7286,02:40:26,NZL,20-29,533,Female,1631,02:40:26
2989,RATA MCMULLAN,8494,02:40:30,NZL,20-29,534,Female,1632,02:40:30
2990,CATHERINE MORTIMER,7401,02:40:32,AUS,40-49,353,Female,1633,02:40:32
2991,LAUREN PARKER,4925,02:40:35,NZL,30-39,453,Female,1634,02:40:35
2992,VERA SHLAPATCKAIA,5228,02:40:35,RUS,30-39,454,Female,1635,02:40:35
2993,AMANDA MCALLISTER,7214,02:40:37,NZL,30-39,455,Female,1636,02:40:37
2994,MILVA DORIGATO,6381,02:40:37,AUS,50-59,207,Female,1637,02:40:37
2995,GARY WIDDISON,8223,02:40:43,GBR,60-69,59,Male,1358,02:40:43
2996,DIANE WIDDISON,8222,02:40:43,GBR,50-59,208,Female,1638,02:40:43
2997,SONIA HAMPTON,8424,02:40:45,NZL,50-59,209,Female,1639,02:40:45
2998,LEAH SMITH,7885,02:40:49,NZL,30-39,456,Female,1640,02:40:49
2999,SARAH WILD,8859,02:40:51,NZL,40-49,354,Female,1641,02:40:51
3000,JODY MAHON,4553,02:40:51,NZL,50-59,210,Female,1642,02:40:51
3001,JOSHUA WOODHOUSE,8283,02:40:53,NZL,20-29,379,Male,1359,02:40:53
3002,SCOTT ADAMS,3072,02:40:53,AUS,50-59,189,Male,1360,02:40:53
3003,CHRISTOPHER LIM,7092,02:40:54,NZL,40-49,314,Male,1361,02:40:54
3004,CYMBELINE MARIE SEGUAN,7175,02:40:56,PHL,30-39,457,Female,1643,02:40:56
3005,OLIVIA DAVIDSON,6311,02:40:59,NZL,20-29,535,Female,1644,02:40:59
3006,MELISSA DAVIS,3641,02:41:00,NZL,40-49,355,Female,1645,02:41:00
3007,KATHRYN SMITH,8648,02:41:04,NZL,50-59,211,Female,1646,02:41:04
3008,LAURA MCLAUGHLAN,8647,02:41:04,NZL,20-29,536,Female,1647,02:41:04
3009,HAMISH JOHANSSON,4300,02:41:04,NZL,50-59,190,Male,1362,02:41:04
3010,IVY BEN BRUCE,6036,02:41:10,NZL,30-39,458,Female,1648,02:41:10
3011,EAMON HOOPER,6815,02:41:11,NZL,40-49,315,Male,1363,02:41:11
3012,GEMMA BONNEY,3280,02:41:12,NZL,20-29,537,Female,1649,02:41:12
3013,BREE DOBBIE,8887,02:41:13,NZL,20-29,538,Female,1650,02:41:13
3014,BORIS FEJZAGIC,8399,02:41:21,NZL,60-69,60,Male,1364,02:41:21
3015,CASEY BLADES,5958,02:41:24,AUS,30-39,459,Female,1651,02:41:24
3016,TESSA WORTHINGTON,8287,02:41:26,NZL,16-19,42,Female,1652,02:41:26
3017,EUGENE DUGGAN,3745,02:41:33,IRL,50-59,191,Male,1365,02:41:33
3018,DIANE CARTER,3442,02:41:41,NZL,50-59,212,Female,1653,02:41:41
3019,JEFF HARRISON,4108,02:41:44,NZL,50-59,192,Male,1366,02:41:44
3020,IAN CHURCH,9264,02:41:46,AUS,60-69,61,Male,1367,02:41:46
3021,JADE AU MORRIS,5829,02:41:47,NZL,30-39,460,Female,1654,02:41:47
3022,LEIGH EMMERTON,3792,02:41:52,NZL,50-59,213,Female,1655,02:41:52
3023,CLARE CAMPBELL,6095,02:41:52,NZL,50-59,214,Female,1656,02:41:52
3024,JU CHRYSTALL,6162,02:41:55,NZL,50-59,215,Female,1657,02:41:55
3025,LAURA BENNETT,8343,02:41:55,NZL,30-39,461,Female,1658,02:41:55
3026,YUNFENG YIN,5735,02:41:58,CHN,20-29,380,Male,1368,02:41:58
3027,KELLY CATLOW,3456,02:41:59,NZL,50-59,216,Female,1659,02:41:59
3028,GEORGIA CATLOW,3454,02:41:59,NZL,20-29,539,Female,1660,02:41:59
3029,JENNY HARRISON,4109,02:41:59,NZL,50-59,217,Female,1661,02:41:59
3030,LUCY MORTON,7405,02:42:04,NZL,20-29,540,Female,1662,02:42:04
3031,HELEN EVANS,3808,02:42:06,NZL,50-59,218,Female,1663,02:42:06
3032,ANNA POOLE,5006,02:42:07,GBR,30-39,462,Female,1664,02:42:07
3033,ROB CLARKE,6177,02:42:09,NZL,50-59,193,Male,1369,02:42:09
3034,TODD RYAN,5152,02:42:10,NZL,50-59,194,Male,1370,02:42:10
3035,RITIKA UNIYAL,5514,02:42:14,NZL,30-39,463,Female,1665,02:42:14
3036,WILLIAM PHIPPS,4984,02:42:15,NZL,20-29,381,Male,1371,02:42:15
3037,FIONA HOPKINS,6818,02:42:21,AUS,50-59,219,Female,1666,02:42:21
3038,MARIE HOLMES,6803,02:42:22,IRL,50-59,220,Female,1667,02:42:22
3039,MITCHELL TORNQUIST,8053,02:42:24,NZL,20-29,382,Male,1372,02:42:24
3040,DAWN MURRAY,7422,02:42:25,NZL,60-69,46,Female,1668,02:42:25
3041,GREER MORROW,7400,02:42:27,NZL,30-39,464,Female,1669,02:42:27
3042,SARAH GILLON,3977,02:42:29,NZL,40-49,356,Female,1670,02:42:29
3043,DANIEL CRAGG,3587,02:42:29,NZL,30-39,381,Male,1373,02:42:29
3044,REGINE NESSA COLALJO,7449,02:42:33,PHL,30-39,465,Female,1671,02:42:33
3045,VANESSA PATEL,7546,02:42:33,NZL,40-49,357,Female,1672,02:42:33
3046,STEPHANIE AUSTIN,3149,02:42:34,CAN,30-39,466,Female,1673,02:42:34
3047,HANNAH HUTCHESON,4249,02:42:35,NZL,40-49,358,Female,1674,02:42:35
3048,DAWN COATES,3512,02:42:40,NZL,50-59,221,Female,1675,02:42:40
3049,DIANE OXLEY,7518,02:42:40,NZL,70+,3,Female,1676,02:42:40
3050,CATHERINE WHITEFIELD,5638,02:42:41,NZL,50-59,222,Female,1677,02:42:41
3051,KAYLA DENT,3681,02:42:41,NZL,20-29,541,Female,1678,02:42:41
3052,DONNA MCNABB,9343,02:42:41,NZL,40-49,359,Female,1679,02:42:41
3053,GAIL HALBERT,6686,02:42:41,AUS,40-49,360,Female,1680,02:42:41
3054,CHRIS PENFOLD CHRIS PENFOLD,6160,02:42:42,NZL,60-69,47,Female,1681,02:42:42
3055,SANDRA CARNEVALE,6104,02:42:43,AUS,50-59,223,Female,1682,02:42:43
3056,CLAIRE NEWSON,4825,02:42:51,NZL,40-49,361,Female,1683,02:42:51
3057,JOSHUA WOODING,8284,02:42:52,NZL,20-29,383,Male,1374,02:42:52
3058,KATHERINE FAGAN,6478,02:42:54,AUS,50-59,224,Female,1684,02:42:54
3059,ROB CARTER,3446,02:42:57,NZL,40-49,316,Male,1375,02:42:57
3060,DANIELLE FLOWER,8812,02:42:57,NZL,40-49,362,Female,1685,02:42:57
3061,INNES KENSINGTON,4353,02:42:57,NZL,30-39,382,Male,1376,02:42:57
3062,RAEGEN TYRER,5509,02:42:57,NZL,30-39,467,Female,1686,02:42:57
3063,LAUREN KENDALL,6967,02:42:57,NZL,20-29,542,Female,1687,02:42:57
3064,SUZY ROGERSON,8547,02:42:59,NZL,30-39,468,Female,1688,02:42:59
3065,SARAH DUTTON,6423,02:43:00,AUS,20-29,543,Female,1689,02:43:00
3066,JEREMY EADE,6429,02:43:02,NZL,30-39,383,Male,1377,02:43:02
3067,BRITTANY CHILTON,8764,02:43:03,NZL,20-29,544,Female,1690,02:43:03
3068,JOSHUA HAMILL,4063,02:43:03,NZL,20-29,384,Male,1378,02:43:03
3069,MARK ELLIOTT,6456,02:43:06,AUS,50-59,195,Male,1379,02:43:06
3070,CHRISTOPHER MURPHY-DALLY,4794,02:43:10,NZL,40-49,317,Male,1380,02:43:10
3071,MICHELLE PATTERSON,4949,02:43:13,NZL,50-59,225,Female,1691,02:43:13
3072,SUE RISHWORTH,5086,02:43:17,NZL,60-69,48,Female,1692,02:43:17
3073,NATHAN VINEY,8883,02:43:18,NZL,40-49,318,Male,1381,02:43:18
3074,HELEN VINEY,8122,02:43:19,GBR,40-49,363,Female,1693,02:43:19
3075,ALEX MILLS,4726,02:43:25,NZL,30-39,469,Female,1694,02:43:25
3076,MURRAY ARTHUR-WORSOP,5816,02:43:29,AUS,70+,13,Male,1382,02:43:29
3077,ANNA MCLEAN,8493,02:43:32,NZL,30-39,470,Female,1695,02:43:32
3078,HAYLEY SAMPSON,2452,02:43:32,AUS,30-39,471,Female,1696,02:43:32
3079,CHRISTIE WELCH,5613,02:43:36,NZL,40-49,364,Female,1697,02:43:36
3080,MELISSA VAN DEN BRINK,8096,02:43:36,NZL,30-39,472,Female,1698,02:43:36
3081,XIAOYAN ZHANG,8318,02:43:40,NZL,30-39,473,Female,1699,02:43:40
3082,REBECCA SUMPTER,7971,02:43:44,NZL,20-29,545,Female,1700,02:43:44
3083,VIANNE COLEMAN,8375,02:43:48,NZL,20-29,546,Female,1701,02:43:48
3084,LEANNE COLYER,8782,02:43:50,NZL,50-59,226,Female,1702,02:43:50
3085,KIMBERLEY CARTER,6110,02:43:51,NZL,30-39,474,Female,1703,02:43:51
3086,DONNA SMITH,5273,02:43:52,NZL,50-59,227,Female,1704,02:43:52
3087,PAUL WHITFIELD,8217,02:43:59,GBR,50-59,196,Male,1383,02:43:59
3088,JENNA ROBERTSON,5100,02:44:01,NZL,30-39,475,Female,1705,02:44:01
3089,CONAN HAYES,6742,02:44:02,NZL,20-29,385,Male,1384,02:44:02
3090,RUBY HARRIS,6722,02:44:02,NZL,20-29,547,Female,1706,02:44:02
3091,JOANNE SILVESTER,5234,02:44:02,NZL,40-49,365,Female,1707,02:44:02
3092,GOLDE HOLZAPFEL,6810,02:44:04,NZL,20-29,548,Female,1708,02:44:04
3093,TIMOTHY GIBSON,3963,02:44:05,NZL,60-69,62,Male,1385,02:44:05
3094,MIKA ICHINOSE,4256,02:44:06,NZL,20-29,549,Female,1709,02:44:06
3095,DESIREE LEVY,8861,02:44:06,NZL,40-49,366,Female,1710,02:44:06
3096,SARAH GREENWAY,6659,02:44:07,GBR,30-39,476,Female,1711,02:44:07
3097,HEATHER STEEVENS,8569,02:44:08,NZL,60-69,49,Female,1712,02:44:08
3098,AMIRA AMAN,3101,02:44:10,NZL,50-59,228,Female,1713,02:44:10
3099,CAITLAN LEE,7061,02:44:12,NZL,20-29,550,Female,1714,02:44:12
3100,TRAVIS HIBBS,4163,02:44:12,NZL,16-19,29,Male,1386,02:44:12
3101,MAREE STEWART,7944,02:44:14,NZL,20-29,551,Female,1715,02:44:14
3102,ASHLYN PEDERSEN,7568,02:44:15,NZL,20-29,552,Female,1716,02:44:15
3103,COURTNEY TODD,8045,02:44:15,NZL,30-39,477,Female,1717,02:44:15
3104,MARK LEWRY,7080,02:44:19,NZL,50-59,197,Male,1387,02:44:19
3105,ANDREA WALLACE,8595,02:44:20,NZL,50-59,229,Female,1718,02:44:20
3106,STACEY RUSSELL,7765,02:44:22,NZL,40-49,367,Female,1719,02:44:22
3107,DONNA BIGGS,5937,02:44:25,NZL,50-59,230,Female,1720,02:44:25
3108,KAREN BREE,6014,02:44:29,NZL,50-59,231,Female,1721,02:44:29
3109,LESLEY WARNER-BIRD,8164,02:44:29,NZL,50-59,232,Female,1722,02:44:29
3110,LINDA GIBBENS,6595,02:44:30,NZL,50-59,233,Female,1723,02:44:30
3111,MEL BURROWES,3394,02:44:33,NZL,30-39,478,Female,1724,02:44:33
3112,AIMEE DENBEE,3678,02:44:33,NZL,20-29,553,Female,1725,02:44:33
3113,JENNIFER SHAW,7840,02:44:34,AUS,50-59,234,Female,1726,02:44:34
3114,WILLIAM GANNON,6575,02:44:38,NZL,30-39,384,Male,1388,02:44:38
3115,WENDY GANNON,6576,02:44:38,NZL,30-39,479,Female,1727,02:44:38
3116,HALEY MACKENZIE,4541,02:44:38,NZL,50-59,235,Female,1728,02:44:38
3117,SAMANTHA BILLINGTON,5942,02:44:39,NZL,20-29,554,Female,1729,02:44:39
3118,EVAN BILLINGTON,5938,02:44:40,NZL,50-59,198,Male,1389,02:44:40
3119,RACHEL SPERRING,7913,02:44:44,NZL,40-49,368,Female,1730,02:44:44
3120,BENJAMIN SMITH,7874,02:44:50,NZL,30-39,385,Male,1390,02:44:50
3121,KATRINA BURTON,6065,02:44:50,NZL,40-49,369,Female,1731,02:44:50
3122,CAITLYN BELL,8769,02:44:51,AUS,20-29,555,Female,1732,02:44:51
3123,CRAIG THOMAS,8017,02:44:53,NZL,30-39,386,Male,1391,02:44:53
3124,TOM SYBEN,7984,02:44:54,NZL,30-39,387,Male,1392,02:44:54
3125,SOANE MISILOI,4737,02:44:57,NZL,30-39,388,Male,1393,02:44:57
3126,KARIS RAE,7660,02:44:59,NZL,40-49,370,Female,1733,02:44:59
3127,KAREN BEVAN,3235,02:44:59,AUS,50-59,236,Female,1734,02:44:59
3128,MICHELLE SMITH,8828,02:45:00,NZL,40-49,371,Female,1735,02:45:00
3129,ALEXANDRA HARMAN,6714,02:45:01,NZL,30-39,480,Female,1736,02:45:01
3130,VICKI DEWAR,9045,02:45:03,NZL,50-59,237,Female,1737,02:45:03
3131,KA LING CHAN,6129,02:45:04,HKG,60-69,50,Female,1738,02:45:04
3132,MANPREET SINGH,7862,02:45:04,NZL,20-29,386,Male,1394,02:45:04
3133,ASHLEIGH WALKER,8622,02:45:08,NZL,20-29,556,Female,1739,02:45:08
3134,SALLY OFFICER,7491,02:45:11,NZL,50-59,238,Female,1740,02:45:11
3135,SAMANTHA WILSON,8266,02:45:14,NZL,20-29,557,Female,1741,02:45:14
3136,OLIVIA COCKROFT,6189,02:45:14,NZL,20-29,558,Female,1742,02:45:14
3137,LISA BINDOFF,5943,02:45:15,NZL,30-39,481,Female,1743,02:45:15
3138,TUPU FIDOW,8401,02:45:16,WSM,40-49,319,Male,1395,02:45:16
3139,KEITH OLDS,8511,02:45:17,NZL,50-59,199,Male,1396,02:45:17
3140,TRUDI GREADY,4021,02:45:17,AUS,40-49,372,Female,1744,02:45:17
3141,LAUREN COOPER,6226,02:45:19,AUS,20-29,559,Female,1745,02:45:19
3142,JOS UNTERSCHUETZ,8088,02:45:20,USA,30-39,389,Male,1397,02:45:20
3143,HAZEL WHITCOMBE,8880,02:45:25,NZL,20-29,560,Female,1746,02:45:25
3144,ALIAH ASARANI,3138,02:45:27,NZL,30-39,482,Female,1747,02:45:27
3145,ADELE EYERS,6474,02:45:29,NZL,30-39,483,Female,1748,02:45:29
3146,AMANDA THWAITES,8035,02:45:33,NZL,30-39,484,Female,1749,02:45:33
3147,SAMUEL ARBUCKLE,3124,02:45:36,NZL,30-39,390,Male,1398,02:45:36
3148,TAFFLYN BRADFORD-JAMES,3301,02:45:38,NZL,50-59,239,Female,1750,02:45:38
3149,MURRAY STUART,5362,02:45:41,NZL,60-69,63,Male,1399,02:45:41
3150,BRITTANY JACKSON,4273,02:45:43,NZL,20-29,561,Female,1751,02:45:43
3151,LIBBIE BRAND,6011,02:45:44,AUS,40-49,373,Female,1752,02:45:44
3152,ABIGAIL NIMMO,7470,02:45:46,NZL,40-49,374,Female,1753,02:45:46
3153,TAMSIN BAXTER,5881,02:45:51,NZL,20-29,562,Female,1754,02:45:51
3154,LENA JENKINS,8449,02:45:57,NZL,40-49,375,Female,1755,02:45:57
3155,SUSANNA ROGERS,5117,02:45:57,NZL,30-39,485,Female,1756,02:45:57
3156,JOSH TWIGLEY,8083,02:46:04,NZL,30-39,391,Male,1400,02:46:04
3157,STEPHEN MORRISON,4772,02:46:12,NZL,30-39,392,Male,1401,02:46:12
3158,JOHN TRAYNOR,8060,02:46:13,NZL,20-29,387,Male,1402,02:46:13
3159,SAM BRAY,8837,02:46:14,NZL,20-29,388,Male,1403,02:46:14
3160,ALICE RAPLEY,5046,02:46:18,NZL,20-29,563,Female,1757,02:46:18
3161,BLAIR TAYLOR,5396,02:46:21,NZL,30-39,393,Male,1404,02:46:21
3162,NICOLE WALTERS,8157,02:46:22,NZL,20-29,564,Female,1758,02:46:22
3163,JESSICA ALLEN,3093,02:46:23,NZL,20-29,565,Female,1759,02:46:23
3164,GAVIN CRAW,3591,02:46:24,NZL,70+,14,Male,1405,02:46:24
3165,ANNE COOPER,8379,02:46:28,NZL,60-69,51,Female,1760,02:46:28
3166,LORNA OGBUEHI,4884,02:46:31,NZL,40-49,376,Female,1761,02:46:31
3167,MORAGH GRAHAM,6642,02:46:35,NZL,20-29,566,Female,1762,02:46:35
3168,MADDY BAYLEY,5883,02:46:37,NZL,20-29,567,Female,1763,02:46:37
3169,SCARLETT CHOI,3485,02:46:41,NZL,50-59,240,Female,1764,02:46:41
3170,BRITTANY BUTLER,6071,02:46:45,NZL,30-39,486,Female,1765,02:46:45
3171,GLENDA CAMERON,8362,02:46:47,NZL,60-69,52,Female,1766,02:46:47
3172,KRISTA GEIGER,3947,02:46:52,NZL,40-49,377,Female,1767,02:46:52
3173,AMANDA WOODFIELD,5710,02:47:02,NZL,40-49,378,Female,1768,02:47:02
3174,LORIE MORRISON,7396,02:47:03,NZL,30-39,487,Female,1769,02:47:03
3175,CINDY MCDONALD,7235,02:47:03,NZL,50-59,241,Female,1770,02:47:03
3176,OLIVIA STEVENSON,7940,02:47:03,NZL,16-19,43,Female,1771,02:47:03
3177,JOHN KLOEG,4379,02:47:04,NZL,60-69,64,Male,1406,02:47:04
3178,SOFIA SCHOLLUM,7804,02:47:08,NZL,20-29,568,Female,1772,02:47:08
3179,KIMBERLEY BENNETT,3224,02:47:11,NZL,20-29,569,Female,1773,02:47:11
3180,RUSSELL GRINTER,6668,02:47:12,NZL,50-59,200,Male,1407,02:47:12
3181,BECK BARNES,8338,02:47:13,AUS,40-49,379,Female,1774,02:47:13
3182,NICOLE NORRIS,4856,02:47:14,AUS,50-59,242,Female,1775,02:47:14
3183,AINE HURLEY,4242,02:47:14,IRL,20-29,570,Female,1776,02:47:14
3184,HANNAH HOLTSLAG,4207,02:47:17,NZL,30-39,488,Female,1777,02:47:17
3185,FRANCIE HENDERSON,6755,02:47:19,NZL,40-49,380,Female,1778,02:47:19
3186,MATTHEW SULLIVAN,7966,02:47:19,NZL,30-39,394,Male,1408,02:47:19
3187,BRODIE PATERSON,4937,02:47:20,NZL,30-39,489,Female,1779,02:47:20
3188,DEREK HOLMES,4206,02:47:24,NZL,60-69,65,Male,1409,02:47:24
3189,REBEKAH OLIVER,7499,02:47:28,AUS,40-49,381,Female,1780,02:47:28
3190,ANNA DE ROO,6336,02:47:32,NZL,30-39,490,Female,1781,02:47:32
3191,BRIAN LOPESI,7119,02:47:39,NZL,40-49,320,Male,1410,02:47:39
3192,COURTNEY WILSON,8268,02:47:41,NZL,30-39,491,Female,1782,02:47:41
3193,CLINT HANGER,9078,02:47:41,NZL,60-69,66,Male,1411,02:47:41
3194,GRACIE BISSELL,8685,02:47:42,NZL,30-39,492,Female,1783,02:47:42
3195,MICHAEL RABIN,5033,02:47:45,USA,60-69,67,Male,1412,02:47:45
3196,RIKI ANDERSON,5789,02:47:46,NZL,40-49,382,Female,1784,02:47:46
3197,AIMEE CORNFORTH,3573,02:47:49,NZL,40-49,383,Female,1785,02:47:49
3198,MELANIE GROCH,6670,02:47:57,USA,40-49,384,Female,1786,02:47:57
3199,CHLOE BELFIELD,3214,02:47:59,NZL,20-29,571,Female,1787,02:47:59
3200,KYLIE PEATE,7566,02:47:59,AUS,40-49,385,Female,1788,02:47:59
3201,DAVID DOLBY,3706,02:48:00,NZL,50-59,201,Male,1413,02:48:00
3202,STEPHANIE WALLER,5575,02:48:01,NZL,20-29,572,Female,1789,02:48:01
3203,JUDY HARPER,9303,02:48:02,NZL,70+,4,Female,1790,02:48:02
3204,SANDRA HAY,6739,02:48:05,NZL,50-59,243,Female,1791,02:48:05
3205,WILSON PAN,4917,02:48:07,NZL,20-29,389,Male,1414,02:48:07
3206,JESSICA HARDMAN,6708,02:48:10,NZL,20-29,573,Female,1792,02:48:10
3207,JOANNE WORTHINGTON,9470,02:48:12,NZL,50-59,244,Female,1793,02:48:12
3208,LISA JANUSZKIEWICZ,9475,02:48:12,NZL,50-59,245,Female,1794,02:48:12
3209,GOLDA TANDOC,8580,02:48:12,NZL,30-39,493,Female,1795,02:48:12
3210,SUE VAN VOORST,5528,02:48:13,NZL,50-59,246,Female,1796,02:48:13
3211,TAYLOR SMITH,7895,02:48:18,NZL,20-29,574,Female,1797,02:48:18
3212,ELIZABETH LEE,8469,02:48:19,NZL,50-59,247,Female,1798,02:48:19
3213,SOPHIE DOBSON,3703,02:48:20,NZL,16-19,44,Female,1799,02:48:20
3214,CASEY HERBERT,4154,02:48:20,NZL,16-19,45,Female,1800,02:48:20
3215,SHARON ARLIDGE,9006,02:48:21,NZL,60-69,53,Female,1801,02:48:21
3216,AARON LECKENBY,4437,02:48:22,NZL,30-39,395,Male,1415,02:48:22
3217,BEV MARTIN,3034,02:48:25,NZL,40-49,386,Female,1802,02:48:25
3218,CHRISTINE KITE,7005,02:48:25,AUS,50-59,248,Female,1803,02:48:25
3219,RACHEL THOMPSON,5435,02:48:26,NZL,40-49,387,Female,1804,02:48:26
3220,ANDREW BARCLAY,3167,02:48:28,NZL,50-59,202,Male,1416,02:48:28
3221,MAXINE REID,5066,02:48:33,NZL,50-59,249,Female,1805,02:48:33
3222,AIMEE GOMMANS,3987,02:48:35,NZL,30-39,494,Female,1806,02:48:35
3223,LEAH DEAN-DARIER,3668,02:48:36,NZL,40-49,388,Female,1807,02:48:36
3224,ALICE FISHER,6505,02:48:37,NZL,20-29,575,Female,1808,02:48:37
3225,NEVE OLSEN,7505,02:48:39,NZL,20-29,576,Female,1809,02:48:39
3226,LAURA ROBINSON,8865,02:48:40,NZL,20-29,577,Female,1810,02:48:40
3227,GRACYN LISCOM,4487,02:48:41,NZL,20-29,578,Female,1811,02:48:41
3228,KENDALL LISCOM,4488,02:48:41,NZL,20-29,390,Male,1417,02:48:41
3229,STEVIE YOUNG,5747,02:48:43,NZL,30-39,495,Female,1812,02:48:43
3230,BARBARA SULLIVAN,5368,02:48:44,NZL,60-69,54,Female,1813,02:48:44
3231,KATE HAWKEN,6735,02:48:44,NZL,40-49,389,Female,1814,02:48:44
3232,OLIVIA STEVENSON,5333,02:48:46,NZL,20-29,579,Female,1815,02:48:46
3233,GARY STEVENSON,5332,02:48:47,NZL,50-59,203,Male,1418,02:48:47
3234,ANGELA SMITH,8560,02:48:47,NZL,20-29,580,Female,1816,02:48:47
3235,ASHLEIGH ELLIS,6457,02:48:47,NZL,20-29,581,Female,1817,02:48:47
3236,SARA LITCHFIELD,4489,02:48:48,NZL,30-39,496,Female,1818,02:48:48
3237,SHIREE WHITE,8604,02:48:48,NZL,50-59,250,Female,1819,02:48:48
3238,ANETTE CASIMATY,6117,02:48:51,AUS,50-59,251,Female,1820,02:48:51
3239,MEGHAN BENNET,5921,02:48:57,NZL,20-29,582,Female,1821,02:48:57
3240,JULISSA ALBENGRIN,5775,02:48:58,NZL,40-49,321,Male,1419,02:48:58
3241,THERESA HUNTER,6852,02:49:05,AUS,60-69,55,Female,1822,02:49:05
3242,JAMES ROBERTSON,7727,02:49:12,AUS,50-59,204,Male,1420,02:49:12
3243,NANCY HORTON,6821,02:49:20,NZL,50-59,252,Female,1823,02:49:20
3244,JONTY MILLS,7340,02:49:25,NZL,20-29,391,Male,1421,02:49:25
3245,CAROLINE TAYLOR,8581,02:49:26,NZL,40-49,390,Female,1824,02:49:26
3246,DARRYL GORDIER,6629,02:49:28,CAN,20-29,392,Male,1422,02:49:28
3247,BEN JACKSON,4272,02:49:34,AUT,20-29,393,Male,1423,02:49:34
3248,SARAH GRAY,6651,02:49:35,NZL,30-39,497,Female,1825,02:49:35
3249,NICHOLE CRIBB,6269,02:49:35,NZL,50-59,253,Female,1826,02:49:35
3250,CHRISTINE PEACHMAN,8521,02:49:41,AUS,50-59,254,Female,1827,02:49:41
3251,CAROL BURTON,8831,02:49:41,AUS,50-59,255,Female,1828,02:49:41
3252,SUSANNE FARR,6485,02:49:48,NZL,60-69,56,Female,1829,02:49:48
3253,SARAH MIDDLETON,4711,02:49:51,NZL,30-39,498,Female,1830,02:49:51
3254,SARAH HADLEY,6684,02:49:53,NZL,30-39,499,Female,1831,02:49:53
3255,ALANA CUNNINGHAM,6290,02:49:53,NZL,40-49,391,Female,1832,02:49:53
3256,CLARE SMITH,5271,02:49:56,NZL,40-49,392,Female,1833,02:49:56
3257,CAMILLE KEOGHAN,8708,02:49:58,NZL,30-39,500,Female,1834,02:49:58
3258,YUN CHEN,6149,02:49:59,AUS,50-59,256,Female,1835,02:49:59
3259,HANNAH MOODY,7372,02:50:01,NZL,20-29,583,Female,1836,02:50:01
3260,BRAD CHISNALL,6155,02:50:02,NZL,20-29,394,Male,1424,02:50:02
3261,INDIA FINCH,3843,02:50:02,NZL,20-29,584,Female,1837,02:50:02
3262,SUSIE CALDERWOOD,9026,02:50:03,NZL,50-59,257,Female,1838,02:50:03
3263,KARINA STRYBOSCH,7959,02:50:07,AUS,30-39,501,Female,1839,02:50:07
3264,ROCHELLE D'ETTORRE,6351,02:50:11,AUS,50-59,258,Female,1840,02:50:11
3265,PUIPUI JOSHUA SU'A,5366,02:50:14,WSM,30-39,396,Male,1425,02:50:14
3266,BRAD SQUIRE,7914,02:50:16,NZL,30-39,397,Male,1426,02:50:16
3267,KYLIE SQUIRE,7915,02:50:16,NZL,30-39,502,Female,1841,02:50:16
3268,SHAILAN PATEL,7545,02:50:17,NZL,30-39,398,Male,1427,02:50:17
3269,CHELSEA KENNEDY,6969,02:50:22,NZL,20-29,585,Female,1842,02:50:22
3270,CHARLOTTE BRICK,3321,02:50:27,NZL,20-29,586,Female,1843,02:50:27
3271,NAM CHAIPANYA,8367,02:50:32,NZL,40-49,393,Female,1844,02:50:32
3272,PAUL VLIETSTRA,8125,02:50:32,NZL,50-59,205,Male,1428,02:50:32
3273,KAREN BEGAUD,9247,02:50:32,AUS,50-59,259,Female,1845,02:50:32
3274,ABBY MAIRE,9335,02:50:43,NZL,40-49,394,Female,1846,02:50:43
3275,GRETCHEN POMARE,7605,02:50:43,NZL,30-39,503,Female,1847,02:50:43
3276,SISLANIA VASCONCELOS,8102,02:50:47,NZL,40-49,395,Female,1848,02:50:47
3277,SHAYNA MCARLEY,7215,02:50:53,NZL,30-39,504,Female,1849,02:50:53
3278,BROOK-LYN BUCHANAN,3370,02:51:04,NZL,20-29,587,Female,1850,02:51:04
3279,MICHELLE THOMSON,8032,02:51:06,AUS,40-49,396,Female,1851,02:51:06
3280,FLORENCE CHEN,6147,02:51:07,NZL,30-39,505,Female,1852,02:51:07
3281,CONNOR GILL,6609,02:51:13,NZL,20-29,395,Male,1429,02:51:13
3282,STACEY MURDOCH,7415,02:51:16,NZL,40-49,397,Female,1853,02:51:16
3283,KATRINA HUME,4233,02:51:20,NZL,30-39,506,Female,1854,02:51:20
3284,JESSICA MCCOBB,8485,02:51:31,NZL,30-39,507,Female,1855,02:51:31
3285,STEPH VERCOE,8107,02:51:37,NZL,40-49,398,Female,1856,02:51:37
3286,LESLEY BEZNOS,5933,02:51:37,USA,40-49,399,Female,1857,02:51:37
3287,ANGELA MACKIE,4544,02:51:39,NZL,40-49,400,Female,1858,02:51:39
3288,SIMON MURRAY,7421,02:51:40,NZL,50-59,206,Male,1430,02:51:40
3289,VAUGHAN VINCENT,8119,02:51:47,NZL,40-49,322,Male,1431,02:51:47
3290,JO NIELSON,4840,02:51:47,NZL,50-59,260,Female,1859,02:51:47
3291,MELISSA KONG,7019,02:51:49,NZL,40-49,401,Female,1860,02:51:49
3292,MANIA MOKO,7365,02:51:50,NZL,20-29,588,Female,1861,02:51:50
3293,FABIANA SAWAYA,7788,02:51:59,NZL,40-49,402,Female,1862,02:51:59
3294,NICOLA SHARP,5212,02:52:00,NZL,30-39,508,Female,1863,02:52:00
3295,JACKIE MCGEORGE,4633,02:52:01,IRL,50-59,261,Female,1864,02:52:01
3296,JARED MCHARDY,7259,02:52:03,NZL,30-39,399,Male,1432,02:52:03
3297,JOHN BISH,9016,02:52:03,NZL,60-69,68,Male,1433,02:52:03
3298,BEV MURRAY,9140,02:52:06,AUS,50-59,262,Female,1865,02:52:06
3299,BARBARA MONTY,9131,02:52:06,AUS,50-59,263,Female,1866,02:52:06
3300,ASHLEY COLLINGS-HUGHES,6198,02:52:13,NZL,20-29,589,Female,1867,02:52:13
3301,JOANNA KAPA,6944,02:52:15,NZL,50-59,264,Female,1868,02:52:15
3302,SARAH PREBBLE,7630,02:52:16,NZL,30-39,509,Female,1869,02:52:16
3303,JENNY BARRY,5872,02:52:17,AUS,60-69,57,Female,1870,02:52:17
3304,JENNIFER BORG,8701,02:52:17,AUS,50-59,265,Female,1871,02:52:17
3305,TERRI DUFF,6397,02:52:19,NZL,50-59,266,Female,1872,02:52:19
3306,HANNAH DUNCUM,3751,02:52:23,NZL,20-29,590,Female,1873,02:52:23
3307,NORAH MCGRATH,8488,02:52:25,NZL,40-49,403,Female,1874,02:52:25
3308,KATE RAWNSLEY,7672,02:52:26,NZL,30-39,510,Female,1875,02:52:26
3309,MEGAN ESHUIS,6469,02:52:26,NZL,40-49,404,Female,1876,02:52:26
3310,MIRA MILINKOVIC,4713,02:52:31,NZL,50-59,267,Female,1877,02:52:31
3311,BRIDGET FIELDER,6498,02:52:32,NZL,30-39,511,Female,1878,02:52:32
3312,TIM EATON,9280,02:52:35,NZL,60-69,69,Male,1434,02:52:35
3313,GEOFF RYLAND,9380,02:52:36,NZL,60-69,70,Male,1435,02:52:36
3314,TIMOTHY VOGEL,8126,02:52:36,NZL,30-39,400,Male,1436,02:52:36
3315,CHANTELLE BIRD,5945,02:52:40,NZL,30-39,512,Female,1879,02:52:40
3316,NAT FUANGKHAJORNFUNG,6558,02:52:47,NZL,30-39,513,Female,1880,02:52:47
3317,ESTHER FREDATOVICH,3893,02:52:48,NZL,40-49,405,Female,1881,02:52:48
3318,JEANETTE DAVIDSON,6310,02:52:51,NZL,50-59,268,Female,1882,02:52:51
3319,ARMANI GOVIND,6637,02:53:03,NZL,20-29,396,Male,1437,02:53:03
3320,BREIGA DE CLIFFORD,9275,02:53:05,NZL,40-49,406,Female,1883,02:53:05
3321,MELINDA BENNETT,8854,02:53:08,NZL,40-49,407,Female,1884,02:53:08
3322,NIKI MCNAUGHT,4679,02:53:10,NZL,40-49,408,Female,1885,02:53:10
3323,KIM SLETCHER,5266,02:53:16,NZL,20-29,591,Female,1886,02:53:16
3324,AKERITA ALATIMU,5774,02:53:21,NZL,20-29,592,Female,1887,02:53:21
3325,JOLENE ROGERSON,5119,02:53:24,NZL,40-49,409,Female,1888,02:53:24
3326,DEBBIE STENNING,7931,02:53:30,NZL,40-49,410,Female,1889,02:53:30
3327,ISABELLA SINNEMA,8836,02:53:32,NZL,20-29,593,Female,1890,02:53:32
3328,JOHANNE KLAP,7007,02:53:33,AUS,50-59,269,Female,1891,02:53:33
3329,KATIE BURKE,6059,02:53:34,NZL,30-39,514,Female,1892,02:53:34
3330,MARTIN CAKEBREAD,6083,02:53:34,NZL,60-69,71,Male,1438,02:53:34
3331,SUZY WATKINS,9225,02:53:35,NZL,50-59,270,Female,1893,02:53:35
3332,JENNY CAMERON,3419,02:53:36,NZL,40-49,411,Female,1894,02:53:36
3333,JENNY ROSSER,7745,02:53:38,NZL,20-29,594,Female,1895,02:53:38
3334,KELLY HARVEY,6731,02:53:40,NZL,30-39,515,Female,1896,02:53:40
3335,MIKE GAFFANEY,3913,02:53:43,NZL,70+,15,Male,1439,02:53:43
3336,CHAR RENNIE,7690,02:53:45,NZL,30-39,516,Female,1897,02:53:45
3337,SARAH NOBLE,4850,02:53:45,NZL,40-49,412,Female,1898,02:53:45
3338,BRYN EVANS,3807,02:53:45,NZL,70+,16,Male,1440,02:53:45
3339,NICOL MILLER,7336,02:53:57,NZL,60-69,72,Male,1441,02:53:57
3340,VIRGINIA BAGSHAW,3154,02:53:58,AUS,50-59,271,Female,1899,02:53:58
3341,LUKE BANKS-NOVAK,5862,02:53:58,NZL,30-39,401,Male,1442,02:53:58
3342,ASHLEY MCKAY,7269,02:53:58,NZL,30-39,517,Female,1900,02:53:58
3343,PEGGY ALIVIANUR,5778,02:54:00,IDN,20-29,595,Female,1901,02:54:00
3344,ALLISON BEAUNEIR,5898,02:54:01,USA,40-49,413,Female,1902,02:54:01
3345,MIKE JOHNSON,6913,02:54:03,CAN,50-59,207,Male,1443,02:54:03
3346,CHELSEA ROGERS,8773,02:54:03,NZL,30-39,518,Female,1903,02:54:03
3347,ELDON CHISHOLM,3482,02:54:05,NZL,60-69,73,Male,1444,02:54:05
3348,KATIE MARRINER,9503,02:54:07,NZL,30-39,519,Female,1904,02:54:07
3349,STEVE CHAMBERLAIN-WARD,8368,02:54:07,AUS,50-59,208,Male,1445,02:54:07
3350,PATRICK CROSBY,3603,02:54:14,NZL,50-59,209,Male,1446,02:54:14
3351,ASHLEIGH PARATA,4920,02:54:19,NZL,30-39,520,Female,1905,02:54:19
3352,ANDY REED,5056,02:54:19,NZL,50-59,210,Male,1447,02:54:19
3353,MICHELLE FYFE,6564,02:54:20,AUS,60-69,58,Female,1906,02:54:20
3354,BECKY SLADE,8558,02:54:23,NZL,40-49,414,Female,1907,02:54:23
3355,BETH MCLEOD,4669,02:54:25,NZL,20-29,596,Female,1908,02:54:25
3356,NICKY PROCACCINI,5023,02:54:36,NZL,30-39,521,Female,1909,02:54:36
3357,MOLLIE LYDERS,4526,02:54:37,NZL,20-29,597,Female,1910,02:54:37
3358,WARAWAN PROMPIM,5025,02:54:39,NZL,40-49,415,Female,1911,02:54:39
3359,KELLY TAYLOR,8003,02:54:40,NZL,50-59,272,Female,1912,02:54:40
3360,SUE CHAMBERLAIN-WARD,8369,02:54:43,AUS,50-59,273,Female,1913,02:54:43
3361,JAYSEN GOSNEY,6631,02:54:43,NZL,40-49,323,Male,1448,02:54:43
3362,LISA GEIER,8412,02:54:43,AUS,50-59,274,Female,1914,02:54:43
3363,CASEY DEDMAN,6342,02:54:43,NZL,30-39,522,Female,1915,02:54:43
3364,DEBBIE BALLANTYNE,5856,02:54:44,NZL,50-59,275,Female,1916,02:54:44
3365,ANNIE KENNEDY,6968,02:54:44,NZL,20-29,598,Female,1917,02:54:44
3366,JANNE FALKNER,6481,02:54:47,NZL,70+,5,Female,1918,02:54:47
3367,TENNYSON BLAIR,3255,02:54:54,NZL,30-39,402,Male,1449,02:54:54
3368,ASHLEIGH CASHMAN,6116,02:54:56,USA,40-49,416,Female,1919,02:54:56
3369,ANNA MULVANEY,8841,02:55:03,NZL,40-49,417,Female,1920,02:55:03
3370,LISA MELIA,4696,02:55:04,NZL,50-59,276,Female,1921,02:55:04
3371,STEVIE JENSEN,6896,02:55:07,NZL,50-59,211,Male,1450,02:55:07
3372,WARREN DANIELS,6306,02:55:07,NZL,40-49,324,Male,1451,02:55:07
3373,MICHELLE PRATT,7628,02:55:08,NZL,30-39,523,Female,1922,02:55:08
3374,KELLY SIMPSON,8683,02:55:12,NZL,40-49,418,Female,1923,02:55:12
3375,BRIDGET ROTH,5128,02:55:16,NZL,50-59,277,Female,1924,02:55:16
3376,PHILLIP ROTH,8766,02:55:16,NZL,50-59,212,Male,1452,02:55:16
3377,CHERYL NEWTH,9354,02:55:16,NZL,60-69,59,Female,1925,02:55:16
3378,JEREMY GUTSELL,4049,02:55:25,NZL,40-49,325,Male,1453,02:55:25
3379,HANNAH GALE,8411,02:55:29,NZL,40-49,419,Female,1926,02:55:29
3380,CRAIG ELDER,9281,02:55:36,NZL,50-59,213,Male,1454,02:55:36
3381,ROCHELLE SAWYER,7790,02:55:37,NZL,40-49,420,Female,1927,02:55:37
3382,MANDY DUGGAN,6401,02:55:37,NZL,40-49,421,Female,1928,02:55:37
3383,ANNABEL WILLIAMS,5655,02:55:39,NZL,20-29,599,Female,1929,02:55:39
3384,KAREN NEILSEN,7446,02:55:44,NZL,60-69,60,Female,1930,02:55:44
3385,MICHAEL LEWIS-SMITH,4467,02:55:47,AUS,50-59,214,Male,1455,02:55:47
3386,KERRI KEOGH,9097,02:55:53,NZL,60-69,61,Female,1931,02:55:53
3387,JO MILNE,7343,02:55:58,NZL,30-39,524,Female,1932,02:55:58
3388,THERESA READY,7676,02:55:58,NZL,50-59,278,Female,1933,02:55:58
3389,ALEX WINSLOE,8273,02:56:00,NZL,20-29,600,Female,1934,02:56:00
3390,KYLEE GARLICK,6583,02:56:00,NZL,30-39,525,Female,1935,02:56:00
3391,AMY ABELA,5755,02:56:05,NZL,30-39,526,Female,1936,02:56:05
3392,COLIN ANDERSON,8329,02:56:06,AUS,60-69,74,Male,1456,02:56:06
3393,CHRIS OCONNOR,4877,02:56:16,NZL,50-59,215,Male,1457,02:56:16
3394,ORATAI TAMULIS,7992,02:56:18,NZL,40-49,422,Female,1937,02:56:18
3395,KYLA SANDFORD,7778,02:56:25,NZL,16-19,46,Female,1938,02:56:25
3396,CHARLOTTE DUNCAN,6404,02:56:27,NZL,40-49,423,Female,1939,02:56:27
3397,ALIYA ROSLI,5125,02:56:28,MYS,20-29,601,Female,1940,00:00:00
3398,LINDA BEALES,5889,02:56:30,AUS,40-49,424,Female,1941,02:56:30
3399,RACHEL BROOKING,6028,02:56:34,NZL,40-49,425,Female,1942,02:56:34
3400,MADISON MURRAY,4799,02:56:40,NZL,30-39,527,Female,1943,02:56:40
3401,VICTORIA TUCKEY,8071,02:56:42,NZL,40-49,426,Female,1944,02:56:42
3402,CHELSEA PHILLIPS,7587,02:56:43,AUS,20-29,602,Female,1945,02:56:43
3403,SUCHITA JAIN,4280,02:56:47,NZL,30-39,528,Female,1946,02:56:47
3404,LUCY HICKS,4165,02:56:47,NZL,30-39,529,Female,1947,02:56:47
3405,SARAH FOLEY,6519,02:56:53,AUS,40-49,427,Female,1948,02:56:53
3406,CAROLINE STEVENSON,7938,02:56:54,AUS,50-59,279,Female,1949,02:56:54
3407,TIFFANY JONES,6937,02:56:55,AUS,50-59,280,Female,1950,02:56:55
3408,BROOKE COURTNEY,6243,02:56:55,NZL,20-29,603,Female,1951,02:56:55
3409,STEPHANIE SMITH,7894,02:56:56,NZL,60-69,62,Female,1952,02:56:56
3410,SONYA SAPIR,8552,02:56:58,NZL,40-49,428,Female,1953,02:56:58
3411,TANE ROGERS,8876,02:56:59,NZL,40-49,326,Male,1458,02:56:59
3412,TANYA WALKER,8145,02:57:10,AUS,40-49,429,Female,1954,02:57:10
3413,MEGAN WEBB,5604,02:57:14,NZL,50-59,281,Female,1955,02:57:14
3414,LAURIE PEDLAR,4955,02:57:19,NZL,60-69,63,Female,1956,02:57:19
3415,BRENT SMITH,5270,02:57:21,NZL,60-69,75,Male,1459,02:57:21
3416,EMILY HOLMES,6798,02:57:23,NZL,16-19,47,Female,1957,02:57:23
3417,JENNIFER HOLMES,6800,02:57:23,NZL,30-39,530,Female,1958,02:57:23
3418,JOANNE LIVINGSTONE,4494,02:57:33,NZL,40-49,430,Female,1959,02:57:33
3419,AMSNDA YORSTON,5736,02:57:41,NZL,50-59,282,Female,1960,02:57:41
3420,JACINDA NISBET,4845,02:57:42,NZL,50-59,283,Female,1961,02:57:42
3421,PENNY REID,8536,02:57:47,NZL,50-59,284,Female,1962,02:57:47
3422,NICOLE TILL,8583,02:57:50,NZL,20-29,604,Female,1963,02:57:50
3423,RAFIQ AHMAD,5769,02:58:01,NZL,20-29,397,Male,1460,02:58:01
3424,DAYNA HUGHES,6841,02:58:01,NZL,20-29,605,Female,1964,02:58:01
3425,HANNANI NAZARUDDIN,7438,02:58:01,MYS,20-29,606,Female,1965,02:58:01
3426,CATAHERINE TYSON,8085,02:58:04,AUS,50-59,285,Female,1966,02:58:04
3427,ELIZABETH CUMMINGS,6289,02:58:04,AUS,50-59,286,Female,1967,02:58:04
3428,VICTORIA CARROLL,6107,02:58:04,NZL,30-39,531,Female,1968,02:58:04
3429,KELLY ROBERTS,7723,02:58:05,NZL,40-49,431,Female,1969,02:58:05
3430,ANGELA PALMER,7524,02:58:06,NZL,40-49,432,Female,1970,02:58:06
3431,MADELEINE MILLS,4732,02:58:06,NZL,20-29,607,Female,1971,02:58:06
3432,REBECCA THURSTON,5445,02:58:06,NZL,30-39,532,Female,1972,02:58:06
3433,NORM RUSK,5141,02:58:07,NZL,40-49,327,Male,1461,02:58:07
3434,BARRY QUIGLEY,9173,02:58:13,NZL,60-69,76,Male,1462,02:58:13
3435,JANET SPROSEN,8566,02:58:20,NZL,40-49,433,Female,1973,02:58:20
3436,ALEX COLLINS,6199,02:58:20,NZL,30-39,533,Female,1974,02:58:20
3437,CHARLOTTE BRODIE,3331,02:58:21,NZL,30-39,534,Female,1975,02:58:21
3438,PARAMJIT HIGGINS,6771,02:58:21,AUS,60-69,64,Female,1976,02:58:21
3439,ANDREA KATSIPIS,6949,02:58:24,NZL,40-49,434,Female,1977,02:58:24
3440,BRONWYN ANDERSON,9005,02:58:24,NZL,50-59,287,Female,1978,02:58:24
3441,JANET SHORLAND,8557,02:58:25,NZL,50-59,288,Female,1979,02:58:25
3442,SOUMYA MOORTHY,7378,02:58:33,NZL,40-49,435,Female,1980,02:58:33
3443,STEPHANIE ERCEG,3802,02:58:45,NZL,40-49,436,Female,1981,02:58:45
3444,SHONA NASH,9143,02:58:46,NZL,60-69,65,Female,1982,02:58:46
3445,LEIGH PERRY,8524,02:58:54,NZL,50-59,289,Female,1983,02:58:54
3446,AMY PORTER,9167,02:59:01,NZL,40-49,437,Female,1984,02:59:01
3447,MICHAEL SCOTT,7816,02:59:06,NZL,30-39,403,Male,1463,02:59:06
3448,LISA VAIVARS,8091,02:59:09,NZL,40-49,438,Female,1985,02:59:09
3449,NICOLE MACMILLAN,7155,02:59:10,AUS,40-49,439,Female,1986,02:59:10
3450,GEORGINA LYNCH,7132,02:59:17,AUS,50-59,290,Female,1987,02:59:17
3451,SANDRA BRAGG,9256,02:59:18,NZL,60-69,66,Female,1988,02:59:18
3452,REBECCA WARE,5589,02:59:27,NZL,30-39,535,Female,1989,02:59:27
3453,SARAH MORGAN,7388,02:59:30,NZL,30-39,536,Female,1990,02:59:30
3454,LUISA BIRKENHAKE,8749,02:59:31,NZL,20-29,608,Female,1991,02:59:31
3455,CARA TAHAPEHI,7989,02:59:32,NZL,40-49,440,Female,1992,02:59:32
3456,MANA TAHAPEHI,7990,02:59:32,NZL,40-49,328,Male,1464,02:59:32
3457,WAYNE MUNRO,8508,02:59:35,NZL,70+,17,Male,1465,02:59:35
3458,RINGO BAJENTING,5849,02:59:37,NZL,40-49,329,Male,1466,02:59:37
3459,GAVIN BROWN,3350,02:59:39,NZL,30-39,404,Male,1467,02:59:39
3460,SPENCER JONES,6935,02:59:43,NZL,20-29,398,Male,1468,02:59:43
3461,CHRISTINE CLARK,3490,02:59:43,NZL,60-69,67,Female,1993,02:59:43
3462,MARA WILLIAMS,8241,02:59:44,NZL,40-49,441,Female,1994,02:59:44
3463,MARC WALKER,8141,02:59:48,NZL,30-39,405,Male,1469,02:59:48
3464,SAM COX,6253,02:59:49,NZL,16-19,30,Male,1470,02:59:49
3465,LEE JONES,6931,02:59:52,NZL,40-49,330,Male,1471,02:59:52
3466,YVONNE WALKER,8147,02:59:56,NZL,60-69,68,Female,1995,02:59:56
3467,KATE RENDALL,5070,02:59:59,NZL,40-49,442,Female,1996,02:59:59
3468,ZILIN CHOO,6158,03:00:01,SGP,30-39,537,Female,1997,03:00:01
3469,AIMEE DACKERS,8383,03:00:03,NZL,20-29,609,Female,1998,03:00:03
3470,REBECCA ANDERSON-GRIFFITH,3115,03:00:04,NZL,40-49,443,Female,1999,03:00:04
3471,CORDELIA WOODHOUSE,5713,03:00:18,NZL,30-39,538,Female,2000,03:00:18
3472,REBECCA STEETSKAMP,8568,03:00:19,NZL,40-49,444,Female,2001,03:00:19
3473,TOM CLENDON,3508,03:00:19,NZL,30-39,406,Male,1472,03:00:19
3474,DAVID SHORT,9477,03:00:20,NZL,30-39,407,Male,1473,03:00:20
3475,KATHRYN GRAY,6648,03:00:25,NZL,40-49,445,Female,2002,03:00:25
3476,SARAH CARNELL,6103,03:00:27,NZL,20-29,610,Female,2003,03:00:27
3477,HARRIET BARNARD,5869,03:00:32,NZL,40-49,446,Female,2004,03:00:32
3478,BRETT MARSDEN,7179,03:00:35,NZL,50-59,216,Male,1474,03:00:35
3479,RYAN EVETTS,3812,03:00:35,NZL,30-39,408,Male,1475,03:00:35
3480,TOM PEDOFSKY,8845,03:00:36,NZL,20-29,399,Male,1476,03:00:36
3481,RUSSELL MOLONEY,8844,03:00:37,NZL,20-29,400,Male,1477,03:00:37
3482,SUZIE WILLMOTT,5678,03:00:40,NZL,40-49,447,Female,2005,03:00:40
3483,REBECCA FERRIS,8672,03:00:48,NZL,30-39,539,Female,2006,03:00:48
3484,DANIELLE DEVINE,6352,03:00:53,NZL,30-39,540,Female,2007,03:00:53
3485,HADEE THOMPSON-MORRISON,5437,03:00:54,NZL,30-39,541,Female,2008,03:00:54
3486,COURTNEY HUDSON,6835,03:00:58,NZL,20-29,611,Female,2009,03:00:58
3487,JOANNA SPERRING,7912,03:01:01,NZL,30-39,542,Female,2010,03:01:01
3488,MARDI SIMMONS,5241,03:01:02,AUS,50-59,291,Female,2011,03:01:02
3489,WAHINEATA SMITH,5272,03:01:10,NZL,40-49,448,Female,2012,03:01:10
3490,MIRIAM MORRIS,4768,03:01:13,NZL,30-39,543,Female,2013,03:01:13
3491,CATHERINE CASTOR,3452,03:01:19,PHL,30-39,544,Female,2014,03:01:19
3492,MELISSA THOMPSON,5432,03:01:24,NZL,40-49,449,Female,2015,03:01:24
3493,MARGIE DENNEHY,8387,03:01:29,NZL,60-69,69,Female,2016,03:01:29
3494,DIANE KEPPEL,8463,03:01:30,NZL,50-59,292,Female,2017,03:01:30
3495,AARON CRANSHAW,6260,03:01:32,NZL,50-59,217,Male,1478,03:01:32
3496,STEPHEN RORISON,7743,03:01:33,NZL,50-59,218,Male,1479,03:01:33
3497,NICI MERCER,7318,03:01:33,NZL,40-49,450,Female,2018,03:01:33
3498,NUALA CHAU,6142,03:01:35,AUS,30-39,545,Female,2019,03:01:35
3499,SUE BROOKES,9432,03:01:38,NZL,60-69,70,Female,2020,03:01:38
3500,RAMARI ATKINSON,5825,03:01:39,NZL,40-49,451,Female,2021,03:01:39
3501,LALITA SCHMIDT,7797,03:01:48,NZL,40-49,452,Female,2022,03:01:48
3502,NICOLA CARVER,3448,03:01:51,NZL,40-49,453,Female,2023,03:01:51
3503,MICHELLE FELTON,3833,03:01:51,NZL,50-59,293,Female,2024,03:01:51
3504,JOSH HUGHES,6842,03:01:52,NZL,20-29,401,Male,1480,03:01:52
3505,DONNA MORGAN,7386,03:01:54,NZL,50-59,294,Female,2025,03:01:54
3506,STEVE MORGAN,7387,03:01:54,NZL,60-69,77,Male,1481,03:01:54
3507,CAROL DAVISON,3644,03:01:57,NZL,50-59,295,Female,2026,03:01:57
3508,HAYDEN DAVIS,6319,03:01:58,NZL,30-39,409,Male,1482,03:01:58
3509,RACHEL DURBIN,6417,03:02:01,NZL,40-49,454,Female,2027,03:02:01
3510,CLAIRE IVERSEN-SMITH,6868,03:02:01,NZL,50-59,296,Female,2028,03:02:01
3511,GREER TULP,8076,03:02:01,NZL,40-49,455,Female,2029,03:02:01
3512,SAMANTHA WILLIS,8250,03:02:01,NZL,50-59,297,Female,2030,03:02:01
3513,KATHRYN POWELL,7620,03:02:02,NZL,40-49,456,Female,2031,03:02:02
3514,KERRY WALDEN,8136,03:02:15,NZL,40-49,457,Female,2032,03:02:15
3515,CHRISTINA MARSHALL,4574,03:02:23,NZL,30-39,546,Female,2033,03:02:23
3516,ANGELA BURWELL,6066,03:02:26,NZL,40-49,458,Female,2034,03:02:26
3517,BRADLEY O'CONNELL,9146,03:02:49,NZL,50-59,219,Male,1483,03:02:49
3518,MIKE IRVINE,4269,03:02:49,NZL,50-59,220,Male,1484,03:02:49
3519,KARLA IRVINE,4268,03:02:49,NZL,40-49,459,Female,2035,03:02:49
3520,SHAYLA HARI,6711,03:02:50,NZL,20-29,612,Female,2036,03:02:50
3521,RONJA GALLAGHER,6569,03:02:50,NZL,20-29,613,Female,2037,03:02:50
3522,JENNY TRAVERS,9409,03:02:54,NZL,70+,6,Female,2038,03:02:54
3523,SALLY BRIGGS,6019,03:02:55,NZL,50-59,298,Female,2039,03:02:55
3524,BREANNA KEENAN,6955,03:02:56,NZL,20-29,614,Female,2040,03:02:56
3525,DAYNA MORE,7380,03:02:56,NZL,40-49,460,Female,2041,03:02:56
3526,MARK GIBSON,9292,03:02:57,NZL,50-59,221,Male,1485,03:02:57
3527,COURTNEY HERIAN,6766,03:03:08,NZL,20-29,615,Female,2042,03:03:08
3528,ROBECCA RICHARDSON,7701,03:03:17,NZL,40-49,461,Female,2043,03:03:17
3529,NATASHA CUNNINGHAM,6293,03:03:17,NZL,40-49,462,Female,2044,03:03:17
3530,LYNDA FIRTH,3854,03:03:19,NZL,50-59,299,Female,2045,03:03:19
3531,KIM FLYNN,8404,03:03:19,AUS,50-59,300,Female,2046,03:03:19
3532,KETNA PAREKH,7527,03:03:25,NZL,40-49,463,Female,2047,03:03:25
3533,JACKI POLKINGHORNE,7603,03:03:27,NZL,30-39,547,Female,2048,03:03:27
3534,DAVID BRIDGMAN,9021,03:03:36,NZL,60-69,78,Male,1486,03:03:36
3535,JULIANI BORGFELDT,5988,03:03:42,NZL,50-59,301,Female,2049,03:03:42
3536,FIONA STEWART,7943,03:03:46,NZL,40-49,464,Female,2050,03:03:46
3537,MARY MCGREEVY,7251,03:03:46,AUS,50-59,302,Female,2051,03:03:46
3538,MARYANNE LARKIN,7046,03:03:48,AUS,50-59,303,Female,2052,03:03:48
3539,SHERWIN ORTIZ,8515,03:03:49,PHL,40-49,331,Male,1487,03:03:49
3540,ANNA ORTIZ,8514,03:03:49,PHL,40-49,465,Female,2053,03:03:49
3541,PATRICK WALLER,8882,03:03:50,NZL,20-29,402,Male,1488,03:03:50
3542,KATE HURST,4247,03:03:50,NZL,20-29,616,Female,2054,03:03:50
3543,HEATHER HALLETT,9302,03:03:53,NZL,50-59,304,Female,2055,03:03:53
3544,PAIGE GILLINGHAM,8805,03:03:57,NZL,30-39,548,Female,2056,03:03:57
3545,KATIE MACKERSY,7152,03:04:03,NZL,40-49,466,Female,2057,03:04:03
3546,HELEN PETERS,4972,03:04:13,NZL,60-69,71,Female,2058,03:04:13
3547,FIONA DELAMAIN,3675,03:04:15,NZL,60-69,72,Female,2059,03:04:15
3548,BURDETT PORTER,7611,03:04:15,USA,60-69,79,Male,1489,03:04:15
3549,CYNTHIA PORTER,7612,03:04:15,USA,60-69,73,Female,2060,03:04:15
3550,ANNETTE OUDHOFF,4908,03:04:18,NZL,50-59,305,Female,2061,03:04:18
3551,JAEWOO LEE,4442,03:04:27,KOR,40-49,332,Male,1490,03:04:27
3552,CHRISTINE BAILLIE,5843,03:04:32,AUS,60-69,74,Female,2062,03:04:32
3553,VICKI MASSON,9116,03:04:33,NZL,60-69,75,Female,2063,03:04:33
3554,LINDA TRAN,5472,03:04:39,NZL,30-39,549,Female,2064,03:04:39
3555,LYNNE DORSEY,3722,03:04:39,NZL,40-49,467,Female,2065,03:04:39
3556,NAVIN REDDY,3058,03:04:46,NZL,40-49,333,Male,1491,03:04:46
3557,NATALIE FRASER,6546,03:04:48,NZL,40-49,468,Female,2066,03:04:48
3558,JUSTINE CLARKE,6176,03:04:50,AUS,50-59,306,Female,2067,03:04:50
3559,LAURA GOVER,6635,03:04:54,NZL,20-29,617,Female,2068,03:04:54
3560,EMILY COUPER COUPER,6240,03:04:58,NZL,20-29,618,Female,2069,03:04:58
3561,ALANA VOUGHT,8131,03:05:03,AUS,40-49,469,Female,2070,03:05:03
3562,KIMBO CRAIG,8889,03:05:03,AUS,50-59,307,Female,2071,03:05:03
3563,RACHEL O'CONNOR,9147,03:05:17,NZL,50-59,308,Female,2072,03:05:17
3564,LYNETTE WOLFENDEN,9469,03:05:22,NZL,60-69,76,Female,2073,03:05:22
3565,CAROLYN HASTIE,4116,03:05:24,NZL,50-59,309,Female,2074,03:05:24
3566,KAYLA MERRIMAN,7319,03:05:40,NZL,20-29,619,Female,2075,03:05:40
3567,CLAYTON COPLESTONE,3565,03:05:46,NZL,50-59,222,Male,1492,03:05:46
3568,JENNY DOWNIE,8699,03:05:50,AUS,60-69,77,Female,2076,03:05:50
3569,DAVID GRAHAM,8419,03:06:04,NZL,70+,18,Male,1493,03:06:04
3570,DIANE JULL,6940,03:06:16,NZL,40-49,470,Female,2077,03:06:16
3571,LOUISE DUFFY,8395,03:06:20,NZL,40-49,471,Female,2078,03:06:20
3572,BRENT TRAYNOR,8059,03:06:35,NZL,50-59,223,Male,1494,03:06:35
3573,MARIA NICHOLAS,9356,03:06:38,NZL,60-69,78,Female,2079,03:06:38
3574,MEGAN MITCHELL,7353,03:06:41,NZL,30-39,550,Female,2080,03:06:41
3575,ANPING WANG,8158,03:06:43,AUS,30-39,410,Male,1495,03:06:43
3576,MELISSA BROWN,3354,03:06:45,NZL,30-39,551,Female,2081,03:06:45
3577,KELLY LYNCH,7134,03:06:46,AUS,40-49,472,Female,2082,03:06:46
3578,DERRITH BARTLEY,9010,03:06:57,NZL,60-69,79,Female,2083,03:06:57
3579,ELLENA BEDFORD,5905,03:06:58,NZL,20-29,620,Female,2084,03:06:58
3580,KATE MACLEAN,4545,03:06:59,NZL,20-29,621,Female,2085,03:06:59
3581,RICHARD SMITH,5282,03:07:00,NZL,50-59,224,Male,1496,03:07:00
3582,CAMERON HARDER-HUTTON,6706,03:07:00,AUS,20-29,403,Male,1497,03:07:00
3583,SANDRA WILLIS,9232,03:07:02,NZL,40-49,473,Female,2086,03:07:02
3584,NATALIE MALONE,9114,03:07:02,NZL,40-49,474,Female,2087,03:07:02
3585,DOLORES WAN,5582,03:07:08,NZL,60-69,80,Female,2088,03:07:08
3586,SARAH PENELOPE REES,9177,03:07:16,NZL,50-59,310,Female,2089,03:07:16
3587,DIVYA SHARMA,7833,03:07:25,NZL,20-29,622,Female,2090,03:07:25
3588,VINISH PRAKASH,7624,03:07:25,NZL,30-39,411,Male,1498,03:07:25
3589,MARY DAVISON,3645,03:07:28,NZL,60-69,81,Female,2091,03:07:28
3590,LOUISE BERNSTEIN,5929,03:07:34,AUS,50-59,311,Female,2092,03:07:34
3591,SHARYN GOUSMETT,4004,03:07:34,NZL,30-39,552,Female,2093,03:07:34
3592,BRIANNA CLARKE,3495,03:07:41,NZL,20-29,623,Female,2094,03:07:41
3593,COLIN PIRIE,7596,03:07:44,NZL,50-59,225,Male,1499,03:07:44
3594,WENDY PIRIE,7597,03:07:44,NZL,50-59,312,Female,2095,03:07:44
3595,JAN HIDE,9307,03:07:52,NZL,60-69,82,Female,2096,03:07:52
3596,APRIL HARTLEY,9080,03:07:54,NZL,50-59,313,Female,2097,03:07:54
3597,LOUISE MCKEE,9123,03:07:54,NZL,50-59,314,Female,2098,03:07:54
3598,JO CRANSHAW,6261,03:07:54,NZL,50-59,315,Female,2099,03:07:54
3599,MELODY STEYN,9398,03:07:54,NZL,30-39,553,Female,2100,03:07:54
3600,JANE CAMPBELL,9478,03:07:55,AUS,50-59,316,Female,2101,03:07:55
3601,NEAL CATTY,6119,03:07:59,NZL,40-49,334,Male,1500,03:07:59
3602,SHARON STEWART,7947,03:08:00,NZL,40-49,475,Female,2102,03:08:00
3603,SHAE SZORENYI,5382,03:08:04,NZL,30-39,554,Female,2103,03:08:04
3604,MELANIE FURNISS,6561,03:08:06,NZL,50-59,317,Female,2104,03:08:06
3605,SARAH VINCENT,5551,03:08:07,NZL,40-49,476,Female,2105,03:08:07
3606,BRONWYN JEEVES,4288,03:08:07,NZL,40-49,477,Female,2106,03:08:07
3607,ATHENA NICHOLAS,9355,03:08:08,NZL,50-59,318,Female,2107,03:08:08
3608,JILLIAN FREEMAN,3895,03:08:16,AUS,70+,7,Female,2108,03:08:16
3609,DOROTHY AI HUOY TEO,8012,03:08:51,NZL,30-39,555,Female,2109,03:08:51
3610,BRONWYN HARRISON,9442,03:08:54,NZL,50-59,319,Female,2110,03:08:54
3611,HEATHER POLGLASE,7602,03:09:06,NZL,40-49,478,Female,2111,03:09:06
3612,GAYE SEARANCKE,5202,03:09:08,NZL,50-59,320,Female,2112,03:09:08
3613,SUZANNE TAYLOR,9400,03:09:18,NZL,40-49,479,Female,2113,03:09:18
3614,PHIL BROSNAN,9259,03:09:18,NZL,50-59,226,Male,1501,03:09:18
3615,ROCHELLE MORGAN,9346,03:09:19,NZL,40-49,480,Female,2114,03:09:19
3616,ROSEMARIE WHITE,9501,03:09:20,NZL,60-69,83,Female,2115,03:09:20
3617,ROBERT VAN VOORTHUYSEN,9465,03:09:23,NZL,60-69,80,Male,1502,03:09:23
3618,MELISSA BLOMFIELD,9431,03:09:23,NZL,40-49,481,Female,2116,03:09:23
3619,LOUISE PATERSON,8520,03:09:27,NZL,40-49,482,Female,2117,03:09:27
3620,JESSICA BEYELER,8813,03:09:28,NZL,40-49,483,Female,2118,03:09:28
3621,STEPHANIE WESTSTRATE,5618,03:09:29,NZL,50-59,321,Female,2119,03:09:29
3622,ALEX MACKENZIE,7149,03:09:30,NZL,30-39,412,Male,1503,03:09:30
3623,TRACI CURTAIN,8676,03:09:38,AUS,50-59,322,Female,2120,03:09:38
3624,SOPHIE GREEN,9298,03:09:58,NZL,16-19,48,Female,2121,03:09:58
3625,PATRICK GREEN,9297,03:09:58,NZL,16-19,31,Male,1504,03:09:58
3626,JACLYN BARBOUR,9473,03:10:00,NZL,40-49,484,Female,2122,03:10:00
3627,KATE LILLEY,9480,03:10:01,NZL,40-49,485,Female,2123,03:10:01
3628,KARINA BENNETT,9248,03:10:06,NZL,50-59,323,Female,2124,03:10:06
3629,ROB HENNIN,4149,03:10:08,NZL,60-69,81,Male,1505,03:10:08
3630,ROSE MADSEN,8478,03:10:12,NZL,50-59,324,Female,2125,03:10:12
3631,ANDREA WILLIAMS,8606,03:10:15,ARG,50-59,325,Female,2126,03:10:15
3632,ELIZA SMITH,7878,03:10:18,AUS,16-19,49,Female,2127,03:10:18
3633,DIANA MAGLIONE,8659,03:10:18,AUS,50-59,326,Female,2128,03:10:18
3634,ELIZABETH MCHUGH,4639,03:10:18,NZL,40-49,486,Female,2129,03:10:18
3635,GENEE CROWLEY,9271,03:10:19,NZL,60-69,84,Female,2130,03:10:19
3636,ANNA TROTMAN,5482,03:10:19,NZL,30-39,556,Female,2131,03:10:19
3637,TAHLIA SIMPSON,7861,03:10:20,NZL,30-39,557,Female,2132,03:10:20
3638,KATIJA VLATKOVICH,5556,03:10:24,NZL,30-39,558,Female,2133,03:10:24
3639,CARL MADSEN,8477,03:10:26,NZL,60-69,82,Male,1506,03:10:26
3640,BRITTANY OLIVER,7500,03:10:26,NZL,20-29,624,Female,2134,03:10:26
3641,ZAC PATERSON,9158,03:10:36,NZL,20-29,404,Male,1507,03:10:36
3642,MARGARET BASSETT,3191,03:10:44,NZL,70+,8,Female,2135,03:10:44
3643,JOHN COTTRELL,6236,03:10:49,USA,70+,19,Male,1508,03:10:49
3644,PATRICIA NAYLOR,7437,03:10:49,USA,60-69,85,Female,2136,03:10:49
3645,NAISI CHEN,6148,03:10:50,NZL,20-29,625,Female,2137,03:10:50
3646,JULIA FERRIS,8400,03:10:59,NZL,20-29,626,Female,2138,03:10:59
3647,KATH GOODYEAR,6628,03:10:59,NZL,50-59,327,Female,2139,03:10:59
3648,BERNIE MCCARTHY,7224,03:11:00,NZL,50-59,328,Female,2140,03:11:00
3649,CARLA BACELLI,3153,03:11:00,CHL,30-39,559,Female,2141,03:11:00
3650,MEGAN DE JOUX,6334,03:11:06,NZL,50-59,329,Female,2142,03:11:06
3651,JUDY WALLACE,9466,03:11:18,NZL,60-69,86,Female,2143,03:11:18
3652,SARAH INGHAM,6859,03:11:25,NZL,20-29,627,Female,2144,03:11:25
3653,TARAN NANRA,7432,03:11:28,NZL,20-29,628,Female,2145,03:11:28
3654,KATE MENARY,7315,03:11:29,AUS,30-39,560,Female,2146,03:11:29
3655,MARINA WILLCOCK,5653,03:11:30,GBR,60-69,87,Female,2147,03:11:30
3656,CHARLOTTE LEGGETT,7067,03:11:31,NZL,30-39,561,Female,2148,03:11:31
3657,RACHEL ALLEN,5782,03:11:33,NZL,30-39,562,Female,2149,03:11:33
3658,DHARIA WARD,8161,03:11:33,NZL,20-29,629,Female,2150,03:11:33
3659,TRACY LITTEN,4490,03:11:37,NZL,30-39,563,Female,2151,03:11:37
3660,JO DOBSON,3702,03:11:40,NZL,50-59,330,Female,2152,03:11:40
3661,LAUREN ATKINS,5823,03:11:49,AUS,20-29,630,Female,2153,03:11:49
3662,TRACEY GOODALL,3989,03:11:50,NZL,40-49,487,Female,2154,03:11:50
3663,BILL CHARNOCK,9263,03:12:05,NZL,60-69,83,Male,1509,03:12:05
3664,ERIK LITHANDER,7102,03:12:10,NZL,40-49,335,Male,1510,03:12:10
3665,CHIN CHENG WEN,8197,03:12:17,TWN,30-39,413,Male,1511,03:12:17
3666,WAN RONG JIANG,6899,03:12:17,TWN,30-39,564,Female,2155,03:12:17
3667,MICHELLE TAIT,9211,03:12:19,NZL,50-59,331,Female,2156,03:12:19
3668,DEBORAH SIMPSON,9195,03:12:20,NZL,40-49,488,Female,2157,03:12:20
3669,LISA MCARA-YOUNG,9119,03:12:21,NZL,50-59,332,Female,2158,03:12:21
3670,KERYN SCHROEDER,9189,03:12:22,NZL,50-59,333,Female,2159,03:12:22
3671,WESTLEY WERE,8199,03:12:26,NZL,20-29,405,Male,1512,03:12:26
3672,MARICEL DONALDSON,6375,03:12:27,NZL,40-49,489,Female,2160,03:12:27
3673,SHARON MCPARLAND,9454,03:12:27,AUS,60-69,88,Female,2161,03:12:27
3674,SOREN CRABB,6256,03:12:29,NZL,30-39,414,Male,1513,03:12:29
3675,CHRISTINE NORTON,9359,03:12:32,NZL,50-59,334,Female,2162,03:12:32
3676,REBECCA KERR,6980,03:12:34,NZL,30-39,565,Female,2163,03:12:34
3677,LAURAN IVORY,9317,03:12:37,NZL,40-49,490,Female,2164,03:12:37
3678,BRENR IVORY,9316,03:12:37,NZL,40-49,336,Male,1514,03:12:37
3679,JACQUI KAUFMAN,8692,03:12:37,USA,70+,9,Female,2165,03:12:37
3680,DAVID SMIRK,9394,03:12:48,NZL,50-59,227,Male,1515,03:12:48
3681,VICTORIA MARTIN,4586,03:13:03,NZL,30-39,566,Female,2166,03:13:03
3682,ROCHELLE CARLY,6100,03:13:03,NZL,30-39,567,Female,2167,03:13:03
3683,PATRICK GIRVAN,3016,03:13:14,NZL,60-69,84,Male,1516,03:13:14
3684,NADINE BURNETT,3391,03:13:23,NZL,50-59,335,Female,2168,03:13:23
3685,JULIE CAKEBREAD,6082,03:13:26,NZL,50-59,336,Female,2169,03:13:26
3686,NICK ELLIOTT,9055,03:13:26,NZL,30-39,415,Male,1517,03:13:26
3687,NIAMH MCHUGH,7261,03:13:27,NZL,20-29,631,Female,2170,03:13:27
3688,CARLA ELLIOTT,9506,03:13:27,NZL,30-39,568,Female,2171,03:13:27
3689,SAMANTHA TOBIN,9408,03:13:29,NZL,40-49,491,Female,2172,03:13:29
3690,CAROLYN WILSON,8263,03:13:43,NZL,60-69,89,Female,2173,03:13:43
3691,LORETTA GOODHUE,9293,03:14:14,NZL,30-39,569,Female,2174,03:14:14
3692,KATE GREEN,9296,03:14:15,NZL,40-49,492,Female,2175,03:14:15
3693,DANIEL GREEN,9295,03:14:15,NZL,50-59,228,Male,1518,03:14:15
3694,MELVIN DAGUPLO,6300,03:14:31,NZL,30-39,416,Male,1519,03:14:31
3695,EVAN ERSTICH,3805,03:14:41,NZL,40-49,337,Male,1520,03:14:41
3696,VERONICA GIRVAN,3017,03:14:44,NZL,50-59,337,Female,2176,03:14:44
3697,SHANE ENRIGHT,9284,03:14:45,CAN,50-59,229,Male,1521,03:14:45
3698,SWAROOP GOWDA,6638,03:14:52,IND,30-39,417,Male,1522,03:14:52
3699,ALANA FROMONT,6554,03:14:56,NZL,30-39,570,Female,2177,03:14:56
3700,CLAIRE JONES,8454,03:14:57,NZL,40-49,493,Female,2178,03:14:57
3701,RACHAEL GEORGE,8413,03:14:57,NZL,50-59,338,Female,2179,03:14:57
3702,HANNAH SMART,7872,03:14:58,NZL,20-29,632,Female,2180,03:14:58
3703,BELINDA LE SELLARS,9386,03:15:01,NZL,50-59,339,Female,2181,03:15:01
3704,SALLY RUGG,7755,03:15:02,NZL,50-59,340,Female,2182,03:15:02
3705,ANNABELLE WEBSTER,8823,03:15:02,NZL,20-29,633,Female,2183,03:15:02
3706,ADHISA CHIRAPATTANAKORN,6153,03:15:04,THA,30-39,571,Female,2184,03:15:04
3707,EMILY FELL,3830,03:15:06,AUS,20-29,634,Female,2185,03:15:06
3708,MAX COOPER,8754,03:15:06,AUS,20-29,406,Male,1523,03:15:06
3709,JOHN WYETH,8616,03:15:08,NZL,60-69,85,Male,1524,03:15:08
3710,CHARLOTTE KERR,6981,03:15:21,NZL,20-29,635,Female,2186,03:15:21
3711,HEATHER KERR,9098,03:15:22,NZL,60-69,90,Female,2187,03:15:22
3712,FIONA RAMSAY,9370,03:15:23,NZL,60-69,91,Female,2188,03:15:23
3713,POPPY BILLINGTON,5941,03:15:29,NZL,16-19,50,Female,2189,03:15:29
3714,PRIYANKA PRAKASH,7623,03:15:29,NZL,20-29,636,Female,2190,03:15:29
3715,OLIVIA MCKEOWN,7274,03:16:02,NZL,20-29,637,Female,2191,03:16:02
3716,KIM GEAR,3936,03:16:04,NZL,50-59,341,Female,2192,03:16:04
3717,FAYE MCLENNAN,9341,03:16:13,NZL,50-59,342,Female,2193,03:16:13
3718,MIKAYLA RANGI,9371,03:16:13,NZL,20-29,638,Female,2194,03:16:13
3719,CHRISTINE PETERSEN,9364,03:16:14,NZL,50-59,343,Female,2195,03:16:14
3720,CASSANDRA KENWORTHY,6977,03:16:26,NZL,30-39,572,Female,2196,03:16:26
3721,JO HADLAND,9300,03:16:38,NZL,50-59,344,Female,2197,03:16:38
3722,DONNA HOYLE,8439,03:16:42,NZL,40-49,494,Female,2198,03:16:42
3723,TANIA DALZELL,9274,03:16:42,NZL,40-49,495,Female,2199,03:16:42
3724,AROHA SOLOMON,5294,03:16:51,NZL,40-49,496,Female,2200,03:16:51
3725,KIRI WHITEMAN,8216,03:16:57,NZL,40-49,497,Female,2201,03:16:57
3726,TRACY PASCO,7541,03:16:57,NZL,40-49,498,Female,2202,03:16:57
3727,CARLA WILSON,5679,03:16:57,NZL,30-39,573,Female,2203,03:16:57
3728,MADELINE HOBSON,6782,03:17:02,NZL,20-29,639,Female,2204,03:17:02
3729,HELEN MARIE BRADLEY,3305,03:17:02,NZL,60-69,92,Female,2205,03:17:02
3730,ANDREW DEMETRIUS KAMBERIS,4326,03:17:12,NZL,60-69,86,Male,1525,03:17:12
3731,ALEXANDRA WINLOVE,5694,03:17:13,NZL,50-59,345,Female,2206,03:17:13
3732,ARIANA BILLINGTON,5939,03:17:18,NZL,40-49,499,Female,2207,03:17:18
3733,CHLOE BILLINGTON,5940,03:17:18,NZL,16-19,51,Female,2208,03:17:18
3734,CHARLOTTE JOHNSTONE,6920,03:17:27,NZL,30-39,574,Female,2209,03:17:27
3735,ANNA MARSHALL,4573,03:17:29,NZL,50-59,346,Female,2210,03:17:29
3736,KYM STANBROOK,7917,03:17:30,AUS,50-59,347,Female,2211,03:17:30
3737,NIC PATERSON,4941,03:17:31,NZL,50-59,230,Male,1526,03:17:31
3738,RAEWYN RALFS,8531,03:17:31,NZL,50-59,348,Female,2212,03:17:31
3739,SIMONE PATERSON,4942,03:17:31,NZL,50-59,349,Female,2213,03:17:31
3740,TINA HERBERT,4156,03:17:40,NZL,50-59,350,Female,2214,03:17:40
3741,HELENA WALSH,9415,03:17:41,NZL,20-29,640,Female,2215,03:17:41
3742,CHERYL HORNER,4217,03:17:46,NZL,30-39,575,Female,2216,03:17:46
3743,DYANI NICHOLL,4829,03:17:46,NZL,30-39,576,Female,2217,03:17:46
3744,SUE MAYNARD,4602,03:17:50,NZL,40-49,500,Female,2218,03:17:50
3745,KATHERINE HOPEWELL,6817,03:17:56,AUS,30-39,577,Female,2219,03:17:56
3746,JAMIE MCMAHON,7292,03:17:56,AUS,40-49,501,Female,2220,03:17:56
3747,RAEWYN STORER,9461,03:17:57,NZL,50-59,351,Female,2221,03:17:57
3748,SHANNEN STORER,9462,03:17:58,NZL,20-29,641,Female,2222,03:17:58
3749,ABBY SANTOSO,9382,03:18:10,NZL,20-29,642,Female,2223,03:18:10
3750,AMY SANTOSO,9383,03:18:10,NZL,40-49,502,Female,2224,03:18:10
3751,PAULA ANNE WILLIAMS,9231,03:18:23,NZL,50-59,352,Female,2225,03:18:23
3752,JO ANDERSON,8332,03:18:24,NZL,50-59,353,Female,2226,03:18:24
3753,SOPHIE CALDER,3410,03:18:25,NZL,20-29,643,Female,2227,03:18:25
3754,STUART ANDERSON,9243,03:18:25,NZL,60-69,87,Male,1527,03:18:25
3755,ROSIE MCLEOD,9126,03:18:28,NZL,70+,10,Female,2228,03:18:28
3756,KATIE TOMLINSON,8050,03:18:29,NZL,40-49,503,Female,2229,03:18:29
3757,JAMIE HARRIS,6719,03:18:37,NZL,40-49,338,Male,1528,03:18:37
3758,MARY LAMBIE,9102,03:18:40,NZL,50-59,354,Female,2230,03:18:40
3759,VICKY WRIGHT,8294,03:18:40,NZL,40-49,504,Female,2231,03:18:40
3760,RACHAEL WILSON,9233,03:18:41,NZL,50-59,355,Female,2232,03:18:41
3761,ANNA SEYMOUR,9193,03:18:42,NZL,50-59,356,Female,2233,03:18:42
3762,ANNA CAMPBELL,3420,03:18:50,NZL,40-49,505,Female,2234,03:18:50
3763,BARRY MOORS,9132,03:18:51,NZL,50-59,231,Male,1529,03:18:51
3764,MARK KERR,8804,03:18:52,NZL,40-49,339,Male,1530,03:18:52
3765,TANIA ELLIS,3790,03:18:53,NZL,50-59,357,Female,2235,03:18:53
3766,DEBORAH HUTTON,4253,03:18:56,NZL,50-59,358,Female,2236,03:18:56
3767,KAREN CRAWFORD,9041,03:19:10,NZL,50-59,359,Female,2237,03:19:10
3768,FIONA WILSON,9424,03:19:30,NZL,50-59,360,Female,2238,03:19:30
3769,FREDERIQUE VANHOLSBEECK,9218,03:19:34,NZL,40-49,506,Female,2239,03:19:34
3770,ANNICK MASSELOT,9115,03:19:34,NZL,50-59,361,Female,2240,03:19:34
3771,NICOLA WALSH,9417,03:19:43,NZL,40-49,507,Female,2241,03:19:43
3772,ROCHELLE MURPHY,9351,03:19:51,NZL,50-59,362,Female,2242,03:19:51
3773,NIKKI GREGSON,6661,03:19:56,NZL,30-39,578,Female,2243,03:19:56
3774,JULIE SWINDEN,5379,03:19:59,NZL,50-59,363,Female,2244,03:19:59
3775,NICOLE PARKER,8517,03:19:59,NZL,50-59,364,Female,2245,03:19:59
3776,ALISTAIR EVES,9058,03:20:06,NZL,70+,20,Male,1531,03:20:06
3777,LYNDA EVES,9059,03:20:07,NZL,60-69,93,Female,2246,03:20:07
3778,JAMES MCLACHLAN,9452,03:20:25,NZL,70+,21,Male,1532,03:20:25
3779,HELEN JOE,6902,03:20:27,NZL,40-49,508,Female,2247,03:20:27
3780,MEGAN BURROWS,9024,03:20:30,NZL,50-59,365,Female,2248,03:20:30
3781,PHILIP BUTCHER,6069,03:20:34,NZL,50-59,232,Male,1533,03:20:34
3782,ELLENA BUTCHER,6068,03:20:35,NZL,50-59,366,Female,2249,03:20:35
3783,SIMONE RABIN,5034,03:20:44,USA,40-49,509,Female,2250,03:20:44
3784,DEBORAH DOWSON,9046,03:20:46,NZL,60-69,94,Female,2251,03:20:46
3785,GEORGE YEOMAN,9427,03:20:49,NZL,20-29,407,Male,1534,03:20:49
3786,RACHEL DRABBLE,9048,03:21:02,NZL,50-59,367,Female,2252,03:21:02
3787,RIAHN ORMSBY,7512,03:21:07,NZL,30-39,579,Female,2253,03:21:07
3788,VICTORIA VAN WORKUM,8860,03:21:08,NZL,20-29,644,Female,2254,03:21:08
3789,GABRIELLE VOLLEBREGT,8127,03:21:14,NZL,20-29,645,Female,2255,03:21:14
3790,FIONA SMITH,7879,03:21:14,NZL,20-29,646,Female,2256,03:21:14
3791,KIM HEIGHWAY,6754,03:21:16,NZL,40-49,510,Female,2257,03:21:16
3792,GABRIELLE WALL,5570,03:21:26,NZL,40-49,511,Female,2258,03:21:26
3793,SUSAN NAGY,4806,03:21:26,NZL,40-49,512,Female,2259,03:21:26
3794,LEAH NICOL,9358,03:21:36,NZL,40-49,513,Female,2260,03:21:36
3795,LISA MILLS,7341,03:21:42,NZL,50-59,368,Female,2261,03:21:42
3796,HELEN MURRAY,7423,03:21:42,NZL,50-59,369,Female,2262,03:21:42
3797,CATHY PRICE,9169,03:21:43,NZL,40-49,514,Female,2263,03:21:43
3798,TINA POWELL,9168,03:21:44,NZL,30-39,580,Female,2264,03:21:44
3799,CALLUM QUIN,7655,03:21:58,NZL,20-29,408,Male,1535,03:21:58
3800,TERRI SYMONDS,7987,03:22:10,AUS,40-49,515,Female,2265,03:22:10
3801,MEGAN PRIDEAUX,7638,03:22:10,AUS,40-49,516,Female,2266,03:22:10
3802,LANCE HADFIELD,9482,03:22:13,NZL,50-59,370,Female,2267,03:22:13
3803,TRISH HADFIELD,9479,03:22:14,NZL,50-59,233,Male,1536,03:22:14
3804,DEBORAH MACLEOD,9450,03:22:17,NZL,50-59,371,Female,2268,03:22:17
3805,BRONWYN HUGHES,9445,03:22:18,NZL,50-59,372,Female,2269,03:22:18
3806,VANESSA MCNAUGHT,9453,03:22:19,NZL,50-59,373,Female,2270,03:22:19
3807,VICKI CHAPPELL,9434,03:22:20,NZL,50-59,374,Female,2271,03:22:20
3808,DIANNE PACEY,9360,03:22:22,NZL,50-59,375,Female,2272,03:22:22
3809,FIONN TUAPOLA,9411,03:22:25,NZL,20-29,409,Male,1537,03:22:25
3810,NICHOLAS STAPLES,5319,03:22:27,NZL,30-39,418,Male,1538,03:22:27
3811,IAN ARMSTRONG,9430,03:22:27,NZL,60-69,88,Male,1539,03:22:27
3812,LAURA ARMSTRONG,5808,03:22:28,NZL,30-39,581,Female,2273,03:22:28
3813,AMANDA JONES,6922,03:22:31,NZL,40-49,517,Female,2274,03:22:31
3814,MICHELLE CASSON,6118,03:22:32,NZL,50-59,376,Female,2275,03:22:32
3815,MICHELLE THOMPSON,5433,03:22:38,NZL,50-59,377,Female,2276,03:22:38
3816,EMILEE WRIGHT,8289,03:22:42,NZL,20-29,647,Female,2277,03:22:42
3817,ROCHELLE URQUHART,9216,03:22:44,NZL,40-49,518,Female,2278,03:22:44
3818,BRYONY NAICKER,9142,03:22:45,NZL,30-39,582,Female,2279,03:22:45
3819,AIDAN JONES,9321,03:22:45,NZL,20-29,410,Male,1540,03:22:45
3820,MICHAEL PATTERSON,4948,03:22:53,NZL,50-59,234,Male,1541,03:22:53
3821,BILL HYSLOP,4254,03:23:03,NZL,60-69,89,Male,1542,03:23:03
3822,BRIAR DUMELOW,6403,03:23:09,NZL,20-29,648,Female,2280,03:23:09
3823,CARMELA HARRISON,8429,03:23:11,NZL,50-59,378,Female,2281,03:23:11
3824,PETER SPEARING,5303,03:23:12,AUS,50-59,235,Male,1543,03:23:12
3825,KIRI ANDREWS,3116,03:23:12,AUS,50-59,379,Female,2282,03:23:12
3826,MARGIE MCINALLY,7262,03:23:20,NZL,40-49,519,Female,2283,03:23:20
3827,KERRY STEVENSON,9397,03:23:25,NZL,50-59,380,Female,2284,03:23:25
3828,JOON CHOI,3484,03:23:25,NZL,60-69,90,Male,1544,03:23:25
3829,MARICAR DEBLOIS,3669,03:23:25,NZL,40-49,520,Female,2285,03:23:25
3830,WISANU UTHAYOPAS,8090,03:23:31,NZL,60-69,91,Male,1545,03:23:31
3831,DACHA KINGWONGSA,7000,03:23:32,NZL,60-69,92,Male,1546,03:23:32
3832,JACKIE JONES,8455,03:23:34,NZL,50-59,381,Female,2286,03:23:34
3833,CLAIRE BENTON,9249,03:23:38,NZL,40-49,521,Female,2287,03:23:38
3834,KATE HORSFALL,9313,03:23:39,NZL,40-49,522,Female,2288,03:23:39
3835,NIKKI WAINHOUSE,9412,03:23:40,NZL,40-49,523,Female,2289,03:23:40
3836,RACHEAL SLATEM,9393,03:23:43,NZL,50-59,382,Female,2290,03:23:43
3837,BEN SUTTON,9399,03:23:44,NZL,30-39,419,Male,1547,03:23:44
3838,TRACEY PHIPPS,9165,03:23:44,NZL,50-59,383,Female,2291,03:23:44
3839,NATASHA LECKNER,9107,03:23:44,NZL,40-49,524,Female,2292,03:23:44
3840,LOUISE GEDYE,9291,03:23:45,NZL,50-59,384,Female,2293,03:23:45
3841,JAMIE GEDYE,9290,03:23:45,NZL,20-29,649,Female,2294,03:23:45
3842,SUSAN HARRISON-PILKINTON,9304,03:23:47,NZL,60-69,95,Female,2295,03:23:47
3843,JUDY TEE,9404,03:23:47,NZL,60-69,96,Female,2296,03:23:47
3844,SHUO ZHANG,5752,03:23:56,NZL,20-29,650,Female,2297,03:23:56
3845,CLAUDINE BRADLEY,9481,03:24:09,NZL,40-49,525,Female,2298,03:24:09
3846,MONIQUE TEARE,9402,03:24:14,NZL,40-49,526,Female,2299,03:24:14
3847,MARTENA RORE,9377,03:24:15,NZL,60-69,97,Female,2300,03:24:15
3848,MICHELE HENDERSON,9443,03:24:18,NZL,50-59,385,Female,2301,03:24:18
3849,CORRINE WALLACE,8148,03:24:22,AUS,40-49,527,Female,2302,03:24:22
3850,ANTHONY BUNTING,3379,03:24:23,NZL,60-69,93,Male,1548,03:24:23
3851,PATRICIA MURPHY-DALLY,4795,03:24:57,NZL,40-49,528,Female,2303,03:24:57
3852,ELIZABETH MCLEAY,9474,03:25:00,NZL,50-59,386,Female,2304,03:25:00
3853,MATHEW POTTER,7615,03:25:02,NZL,30-39,420,Male,1549,03:25:02
3854,BEVAN RITCHIE,7710,03:25:05,NZL,50-59,236,Male,1550,03:25:05
3855,JEANETTE RIDDLE,7706,03:25:07,NZL,50-59,387,Female,2305,03:25:07
3856,TIM BISHOP,5953,03:25:08,USA,60-69,94,Male,1551,03:25:08
3857,LINDA BISHOP,5949,03:25:08,USA,50-59,388,Female,2306,03:25:08
3858,ISAAC LANGLEY,7042,03:25:10,NZL,20-29,411,Male,1552,03:25:10
3859,NICOLE SUCZYNSKI,7965,03:25:11,AUS,40-49,529,Female,2307,03:25:11
3860,LAUREN CENAC,3461,03:25:19,NZL,30-39,583,Female,2308,03:25:19
3861,ELEANOR RUSH,7760,03:25:25,AUS,50-59,389,Female,2309,03:25:25
3862,LEANNE ARNOTT,5813,03:25:25,AUS,40-49,530,Female,2310,03:25:25
3863,HUGH LINDO,4479,03:25:35,NZL,50-59,237,Male,1553,03:25:35
3864,JULIE GRANT,9069,03:25:40,AUS,50-59,390,Female,2311,03:25:40
3865,ERIN BRADLEY,3304,03:25:44,NZL,40-49,531,Female,2312,03:25:44
3866,LEONA TIAN,8036,03:26:01,NZL,30-39,584,Female,2313,03:26:01
3867,CHRISTINE MANNING,7168,03:26:04,NZL,30-39,585,Female,2314,03:26:04
3868,EVE ROBSON-CLARK,8545,03:26:05,NZL,20-29,651,Female,2315,03:26:05
3869,DIANNE ROBSON-CLARK,8544,03:26:05,NZL,50-59,391,Female,2316,03:26:05
3870,LYNEEN THOMSON,5440,03:26:06,NZL,40-49,532,Female,2317,03:26:06
3871,MEGAN JOURNEE,4320,03:26:07,NZL,20-29,652,Female,2318,03:26:07
3872,TRISH CARTER,9032,03:26:08,NZL,60-69,98,Female,2319,03:26:08
3873,MICHELLE HERLIHY,4158,03:26:08,NZL,40-49,533,Female,2320,03:26:08
3874,LIZ WILLIAMS,9230,03:26:09,NZL,40-49,534,Female,2321,03:26:09
3875,FRANK MCMANUS,4671,03:26:10,NZL,50-59,238,Male,1554,03:26:10
3876,TRACEY HOPKINS,9312,03:26:21,NZL,50-59,392,Female,2322,03:26:21
3877,ANYA STEPHENSON,5329,03:26:29,GBR,30-39,586,Female,2323,03:26:29
3878,TRACEY MACLENNAN,9332,03:26:32,NZL,50-59,393,Female,2324,03:26:32
3879,RAEWYN BOURNE,9017,03:26:35,NZL,70+,11,Female,2325,03:26:35
3880,ANGE WATKINS,9420,03:26:36,NZL,40-49,535,Female,2326,03:26:36
3881,FIONA MARTIN,9336,03:26:36,NZL,40-49,536,Female,2327,03:26:36
3882,ELLIE CHURLY,9265,03:26:37,NZL,40-49,537,Female,2328,03:26:37
3883,MEGAN MORGAN,8506,03:26:38,NZL,40-49,538,Female,2329,03:26:38
3884,ANITA VAN DER VEER,8592,03:26:39,NZL,50-59,394,Female,2330,03:26:39
3885,KATRINA MCINTOSH,7265,03:26:56,NZL,30-39,587,Female,2331,03:26:56
3886,BRIDGET RYAN,9185,03:27:09,NZL,50-59,395,Female,2332,03:27:09
3887,LEE GARNATZ,9064,03:27:12,NZL,70+,12,Female,2333,03:27:12
3888,KATHERINE HURST,6855,03:27:16,NZL,40-49,539,Female,2334,03:27:16
3889,HEIDI MCMULLAN,7295,03:27:28,NZL,30-39,588,Female,2335,03:27:28
3890,GALEN PINKNEY,4992,03:27:31,NZL,40-49,340,Male,1555,03:27:31
3891,SALLY OLDENHOF,4887,03:27:31,NZL,50-59,396,Female,2336,03:27:31
3892,STEVE MOSELEN,9135,03:27:32,NZL,50-59,239,Male,1556,03:27:32
3893,COLLEEN MURPHY,7418,03:27:34,NZL,40-49,540,Female,2337,03:27:34
3894,REBECCA TREWEEK,9464,03:27:44,NZL,50-59,397,Female,2338,03:27:44
3895,CYNTHIA FULTON,9440,03:27:44,NZL,50-59,398,Female,2339,03:27:44
3896,DEBORAH CRAIG-MACFARLANE,6259,03:27:45,NZL,50-59,399,Female,2340,03:27:45
3897,TIMOTHY WILLIAMS,5674,03:27:52,NZL,20-29,412,Male,1557,03:27:52
3898,KRISSTEEN SMITH,7883,03:27:57,NZL,60-69,99,Female,2341,03:27:57
3899,CHRISTINE FRENCH,9288,03:27:57,NZL,60-69,100,Female,2342,03:27:57
3900,VANESSA PEARSON,4954,03:28:02,NZL,40-49,541,Female,2343,03:28:02
3901,JESS DREDGE,6392,03:28:04,NZL,16-19,52,Female,2344,03:28:04
3902,CATHERINE SHARP,9387,03:28:05,AUS,50-59,400,Female,2345,03:28:05
3903,PETER MEISTER,4694,03:28:11,NZL,50-59,240,Male,1558,03:28:11
3904,BETHANY PRITCHARD,7645,03:28:26,AUS,30-39,589,Female,2346,03:28:26
3905,SARAH PRITCHARD,7646,03:28:27,AUS,30-39,590,Female,2347,03:28:27
3906,KARINA DAVIS-MARSDEN,6324,03:28:28,NZL,50-59,401,Female,2348,03:28:28
3907,MAREE CROWLEY,6282,03:28:35,NZL,50-59,402,Female,2349,03:28:35
3908,TRACEY WAYTE,9421,03:28:39,NZL,50-59,403,Female,2350,03:28:39
3909,HEATHER KAWAN,9323,03:28:41,NZL,40-49,542,Female,2351,03:28:41
3910,BRIDGET SRTOUD,9395,03:28:42,NZL,50-59,404,Female,2352,03:28:42
3911,KIRSTEN ADDIE,9242,03:28:49,NZL,50-59,405,Female,2353,03:28:49
3912,JO THOMSON,9405,03:28:49,NZL,50-59,406,Female,2354,03:28:49
3913,LIZ RYAN,9379,03:28:49,NZL,50-59,407,Female,2355,03:28:49
3914,MOIRA TINNOCK,9407,03:28:50,NZL,50-59,408,Female,2356,03:28:50
3915,GEORGIA FREEMAN,6548,03:28:57,NZL,20-29,653,Female,2357,03:28:57
3916,KATHERINE NICHELSEN,7462,03:28:57,NZL,30-39,591,Female,2358,03:28:57
3917,SAMANTHA RICHARDSON,7702,03:29:12,NZL,20-29,654,Female,2359,03:29:12
3918,LILLIAN LEATHEM,4435,03:29:13,NZL,40-49,543,Female,2360,03:29:13
3919,NATALIE THOMAS,9213,03:29:13,NZL,50-59,409,Female,2361,03:29:13
3920,LAURA ROBERTSON,5102,03:29:22,NZL,30-39,592,Female,2362,03:29:22
3921,LISA DENCH,3679,03:29:28,NZL,50-59,410,Female,2363,03:29:28
3922,CAROLE PINKNEY,4991,03:30:12,NZL,50-59,411,Female,2364,03:30:12
3923,BRENDA MOSELEN,9134,03:30:14,NZL,40-49,544,Female,2365,03:30:14
3924,CHRISTINA MURPHY,9350,03:30:21,NZL,50-59,412,Female,2366,03:30:21
3925,DONNA CLEARWATER,3500,03:30:24,NZL,50-59,413,Female,2367,03:30:24
3926,MARIANNE IRVING,9088,03:30:24,NZL,40-49,545,Female,2368,03:30:24
3927,JO MCCAUGHAN,9451,03:30:25,NZL,60-69,101,Female,2369,03:30:25
3928,TRACEY WHITE,9226,03:30:25,NZL,50-59,414,Female,2370,03:30:25
3929,FIONA PARTRIDGE,9157,03:30:26,NZL,50-59,415,Female,2371,03:30:26
3930,GLENYS ROBIESON,9459,03:30:30,NZL,50-59,416,Female,2372,03:30:30
3931,ELLYSE ROBIESON,9458,03:30:30,NZL,20-29,655,Female,2373,03:30:30
3932,ROCHELLE WISEMAN,8275,03:30:46,NZL,20-29,656,Female,2374,03:30:46
3933,AARON RAGGIO,7662,03:30:46,USA,20-29,413,Male,1559,03:30:46
3934,ALLANAH IRVINE,6863,03:30:51,NZL,40-49,546,Female,2375,03:30:51
3935,EMMA FULLER,8881,03:31:10,NZL,20-29,657,Female,2376,03:31:10
3936,HARVEY NAKASONE,7430,03:31:11,USA,60-69,95,Male,1560,03:31:11
3937,SIOBHAN SIMPSON,9391,03:31:26,NZL,40-49,547,Female,2377,03:31:26
3938,KATE COUGHLAN,9040,03:31:33,NZL,60-69,102,Female,2378,03:31:33
3939,KATHLEEN MINEUR,9129,03:31:35,NZL,50-59,417,Female,2379,03:31:35
3940,HAYLEY STEVENSON,9396,03:31:39,NZL,30-39,593,Female,2380,03:31:39
3941,ANNETTE WALKER,9413,03:31:40,NZL,50-59,418,Female,2381,03:31:40
3942,SHARON REEVES,9178,03:31:46,NZL,50-59,419,Female,2382,03:31:46
3943,CAROLE SWEENEY,9210,03:31:46,NZL,70+,13,Female,2383,03:31:46
3944,KATRINA BARHAM,5866,03:31:49,NZL,30-39,594,Female,2384,03:31:49
3945,WANAIRANGI KING,6998,03:31:49,NZL,30-39,595,Female,2385,03:31:49
3946,SHARON EVANS,9057,03:31:52,NZL,40-49,548,Female,2386,03:31:52
3947,ANNE ARMITAGE,9007,03:31:53,NZL,40-49,549,Female,2387,03:31:53
3948,CYNDI PHILIP,4979,03:31:54,NZL,30-39,596,Female,2388,03:31:54
3949,MARION MAW,9117,03:31:55,NZL,50-59,420,Female,2389,03:31:55
3950,MICHAEL SEILER,9191,03:31:56,NZL,50-59,241,Male,1561,03:31:56
3951,ASTRID SEILER-SCHUSTER,9192,03:31:56,NZL,50-59,421,Female,2390,03:31:56
3952,DONNA NEAL,9352,03:31:56,NZL,50-59,422,Female,2391,03:31:56
3953,LIONEL NEAL,9353,03:31:57,NZL,50-59,242,Male,1562,03:31:57
3954,NICKI RIORDAN,9375,03:32:21,NZL,40-49,550,Female,2392,03:32:21
3955,JOANNE TRAVERS,9410,03:32:21,NZL,50-59,423,Female,2393,03:32:21
3956,ALLISON EVANS,6470,03:32:33,NZL,50-59,424,Female,2394,03:32:33
3957,STELLA LIM,4477,03:32:36,NZL,70+,14,Female,2395,03:32:36
3958,SARAH MATTHEWS,7202,03:32:46,NZL,30-39,597,Female,2396,03:32:46
3959,JUSTIN MATTHEWS,7201,03:32:46,NZL,40-49,341,Male,1563,03:32:46
3960,MERRIL LOCKHART,4500,03:32:58,AUS,60-69,103,Female,2397,03:32:58
3961,DARYLANN SIM,5236,03:33:00,NZL,50-59,425,Female,2398,03:33:00
3962,STAFFORD SHEPHERD,9390,03:33:03,AUS,60-69,96,Male,1564,03:33:03
3963,JUDY ROSS,9378,03:33:04,AUS,60-69,104,Female,2399,03:33:04
3964,CAROLINE OFFICER,9148,03:33:51,NZL,50-59,426,Female,2400,03:33:51
3965,ROBYNNE WILLIAMS,9423,03:33:53,NZL,60-69,105,Female,2401,03:33:53
3966,BRIDEY BURNS,9433,03:34:02,NZL,30-39,598,Female,2402,03:34:02
3967,DAMIAN WILSON,5680,03:34:06,NZL,50-59,243,Male,1565,03:34:06
3968,JORDAN RYAN,5149,03:34:11,NZL,20-29,414,Male,1566,03:34:11
3969,KERI DODDS,8393,03:34:33,NZL,40-49,551,Female,2403,03:34:33
3970,LYDIA SURPLIS,7976,03:35:18,NZL,30-39,599,Female,2404,03:35:18
3971,KATHRYN WEST,8601,03:35:53,NZL,60-69,106,Female,2405,03:35:53
3972,SHONA LUTTERMAN,9330,03:35:54,NZL,50-59,427,Female,2406,03:35:54
3973,MICHELLE BROSNAN,9258,03:35:55,NZL,50-59,428,Female,2407,03:35:55
3974,ADRIENNE BEGBIE,97,03:35:56,NZL,50-59,429,Female,2408,03:35:56
3975,HUIA MANUEL,8618,03:35:56,NZL,40-49,552,Female,2409,03:35:56
3976,JULIE FREEMAN,6549,03:36:02,NZL,60-69,107,Female,2410,03:36:02
3977,MICHAELA NOLAN,7474,03:36:04,NZL,50-59,430,Female,2411,03:36:04
3978,KAREN LINDSAYLEES,8703,03:36:05,NZL,50-59,431,Female,2412,03:36:05
3979,DEBBIE WILSON,8259,03:36:06,NZL,50-59,432,Female,2413,03:36:06
3980,KATHLEEN HODGES,6785,03:36:12,USA,60-69,108,Female,2414,03:36:12
3981,LUCY DU CHATEAU,9278,03:36:42,NZL,30-39,600,Female,2415,03:36:42
3982,MICHAEL RAUKETE,9175,03:36:47,NZL,50-59,244,Male,1567,03:36:47
3983,SENE LIO,9108,03:36:48,NZL,50-59,433,Female,2416,03:36:48
3984,EMMA MILLEN,8893,03:37:03,NZL,30-39,601,Female,2417,03:37:03
3985,MARGARET THURSTON,9463,03:37:34,NZL,70+,15,Female,2418,03:37:34
3986,ALAN FERGUSON,9439,03:37:35,NZL,70+,22,Male,1568,03:37:35
3987,LISA MORRISON,9455,03:37:54,NZL,50-59,434,Female,2419,03:37:54
3988,JUSTINE BOVAIRD,9255,03:37:54,NZL,50-59,435,Female,2420,03:37:54
3989,FIONA JOHNSON,9318,03:37:54,NZL,50-59,436,Female,2421,03:37:54
3990,DONNA BRIDGMAN,9022,03:38:00,NZL,50-59,437,Female,2422,03:38:00
3991,LINDSEY RHODES,9180,03:38:01,NZL,50-59,438,Female,2423,03:38:01
3992,GARRY DUXBURY,6424,03:38:11,NZL,50-59,245,Male,1569,03:38:11
3993,LORETTA DUXBURY,6425,03:38:12,NZL,50-59,439,Female,2424,03:38:12
3994,DARRYN HINTZ,6778,03:38:13,NZL,50-59,246,Male,1570,03:38:13
3995,SANDRA HINTZ,6779,03:38:14,NZL,50-59,440,Female,2425,03:38:14
3996,SIMON STABLES,9202,03:38:52,NZL,50-59,247,Male,1571,03:38:52
3997,SUSANNE STABLES,9203,03:38:53,NZL,50-59,441,Female,2426,03:38:53
3998,ANDY BORLAND,9253,03:39:03,NZL,50-59,248,Male,1572,03:39:03
3999,GINA DELLABARCA,9276,03:39:03,NZL,50-59,442,Female,2427,03:39:03
4000,KIRSTEN WALSH,9416,03:39:09,NZL,50-59,443,Female,2428,03:39:09
4001,SANDRA LIU,7107,03:39:40,NZL,20-29,658,Female,2429,03:39:40
4002,MANDY WALSHAW,8155,03:39:49,AUS,50-59,444,Female,2430,03:39:49
4003,GEOFF WALSHAW,8154,03:39:49,AUS,50-59,249,Male,1573,03:39:49
4004,BRENDA MITCHELL,9130,03:39:52,NZL,50-59,445,Female,2431,03:39:52
4005,ROBYN STABLES,9201,03:39:52,NZL,50-59,446,Female,2432,03:39:52
4006,ASHLEY WHITE,8213,03:39:56,NZL,30-39,602,Female,2433,03:39:56
4007,FELICITY EVANS,8397,03:40:02,NZL,40-49,553,Female,2434,03:40:02
4008,KAYE WILSON,8610,03:40:03,NZL,50-59,447,Female,2435,03:40:03
4009,HAZEL MILLER,7335,03:40:12,NZL,50-59,448,Female,2436,03:40:12
4010,PENELOPE BIRCHALL,3244,03:41:05,NZL,40-49,554,Female,2437,03:41:05
4011,KATIE SO,5288,03:41:13,NZL,50-59,449,Female,2438,03:41:13
4012,JOANNE FLETT,9060,03:41:14,NZL,50-59,450,Female,2439,03:41:14
4013,SUE FLETT,9061,03:41:15,NZL,60-69,109,Female,2440,03:41:15
4014,ABBY ROBERTSON,7725,03:41:42,NZL,50-59,451,Female,2441,03:41:42
4015,CLARE NEWTON,7454,03:41:42,NZL,40-49,555,Female,2442,03:41:42
4016,PAULA WHEELER,8210,03:41:43,NZL,30-39,603,Female,2443,03:41:43
4017,REBECCA COLOMBUS,9267,03:41:44,NZL,30-39,604,Female,2444,03:41:44
4018,TONY RYAN,9187,03:42:10,NZL,70+,23,Male,1574,03:42:10
4019,ALAN PARIS,4921,03:43:06,NZL,50-59,250,Male,1575,03:43:06
4020,PIP PEDOFSKY,9162,03:43:08,NZL,60-69,110,Female,2445,03:43:08
4021,BLAIR PEDOFSKY,9161,03:43:08,NZL,60-69,97,Male,1576,03:43:08
4022,LOUISE CHRISTEY,9435,03:43:22,NZL,50-59,452,Female,2446,03:43:22
4023,KATHRYN MACKAY,9448,03:43:23,NZL,50-59,453,Female,2447,03:43:23
4024,JO GREGG,9072,03:43:23,NZL,50-59,454,Female,2448,03:43:23
4025,JANNA COWLEY,6246,03:43:33,NZL,50-59,455,Female,2449,03:43:33
4026,ELIZABETH WATERS,9419,03:43:33,AUS,30-39,605,Female,2450,03:43:33
4027,CATHERINE DONLON,9277,03:43:52,NZL,50-59,456,Female,2451,03:43:52
4028,LYNDA DWYER,9279,03:43:53,NZL,50-59,457,Female,2452,03:43:53
4029,AMBER SHAW,7838,03:44:01,NZL,30-39,606,Female,2453,03:44:01
4030,KYLIE BROWN,3352,03:44:01,NZL,30-39,607,Female,2454,03:44:01
4031,SHARLENE WRIGHT,9471,03:44:20,NZL,50-59,458,Female,2455,03:44:20
4032,KIRSTEN MAYNE,7211,03:44:40,NZL,40-49,556,Female,2456,03:44:40
4033,JESSICA KEOGH,6978,03:44:40,NZL,30-39,608,Female,2457,03:44:40
4034,RACHEL BROOKE,3335,03:44:41,NZL,40-49,557,Female,2458,03:44:41
4035,NICOLA MACKENZIE,9449,03:44:46,NZL,40-49,558,Female,2459,03:44:46
4036,AMY MILBOURN,7327,03:44:59,NZL,30-39,609,Female,2460,03:44:59
4037,ADELE GARNER,6584,03:45:00,NZL,30-39,610,Female,2461,03:45:00
4038,STEPHANIE JONES,9504,03:45:00,NZL,40-49,559,Female,2462,03:45:00
4039,SARAH RUSS,5142,03:45:02,NZL,40-49,560,Female,2463,03:45:02
4040,AMY CORRY,3575,03:45:09,NZL,30-39,611,Female,2464,03:45:09
4041,ALEXIS WALSH,8150,03:45:19,NZL,20-29,659,Female,2465,03:45:19
4042,AMY MACKAY,9331,03:45:27,NZL,20-29,660,Female,2466,03:45:27
4043,LUANA AXTENS,3152,03:45:29,NZL,50-59,459,Female,2467,03:45:29
4044,ABI CANE,3425,03:45:30,NZL,40-49,561,Female,2468,03:45:30
4045,KAREN HODGSON,9444,03:45:39,NZL,60-69,111,Female,2469,03:45:39
4046,CLEO MCNAUGHT,4677,03:46:35,NZL,30-39,612,Female,2470,03:46:35
4047,LAURA HADEN,9075,03:46:40,NZL,30-39,613,Female,2471,03:46:40
4048,CAMERON BOLTON,5981,03:47:07,AUS,40-49,342,Male,1577,03:47:07
4049,PETER WILSON,9467,03:47:13,NZL,50-59,251,Male,1578,03:47:13
4050,ALANA WILSON,9426,03:47:13,NZL,16-19,53,Female,2472,03:47:13
4051,KARYN WILSON,9468,03:47:13,NZL,40-49,562,Female,2473,03:47:13
4052,SARA LISTER,9109,03:47:15,NZL,50-59,460,Female,2474,03:47:15
4053,GABRIELLE JOHNSON,9092,03:47:19,NZL,40-49,563,Female,2475,03:47:19
4054,BRIGETTE MCKAY,9122,03:47:19,NZL,40-49,564,Female,2476,03:47:19
4055,IANTHE JONES,9095,03:47:38,NZL,40-49,565,Female,2477,03:47:38
4056,ROBIN MCCULLY,9121,03:47:57,NZL,50-59,461,Female,2478,03:47:57
4057,GILLIAN YARDLEY,8617,03:47:57,NZL,50-59,462,Female,2479,03:47:57
4058,PETE FRIZZELL,9289,03:48:00,NZL,50-59,252,Male,1579,03:48:00
4059,TOM DERY,3010,03:48:22,AUS,70+,24,Male,1580,03:48:22
4060,WILLIAM WALSKY,9418,03:48:28,USA,70+,25,Male,1581,03:48:28
4061,PETRINA SMART,5269,03:51:27,NZL,40-49,566,Female,2480,03:51:27
4062,VIV MADSEN-RIES,9333,03:51:42,NZL,50-59,463,Female,2481,03:51:42
4063,RACHEL HEENEY,9305,03:51:42,NZL,50-59,464,Female,2482,03:51:42
4064,EVELYN MCNEILL,9127,03:51:55,NZL,60-69,112,Female,2483,03:51:55
4065,LYNLEY NICHOLS,9357,03:52:10,NZL,50-59,465,Female,2484,03:52:10
4066,SARAH WILD,5648,03:52:13,NZL,50-59,466,Female,2485,03:52:13
4067,GAIL KELLY,6961,03:52:20,NZL,50-59,467,Female,2486,03:52:20
4068,NICOLA WILLIAMS,8242,03:53:42,NZL,60-69,113,Female,2487,03:53:42
4069,STEPHEN TODD,8047,03:53:59,AUS,50-59,253,Male,1582,03:53:59
4070,SARAH TODD,8048,03:53:59,AUS,50-59,468,Female,2488,03:53:59
4071,KAM HO FOK,6518,03:54:04,HKG,20-29,415,Male,1583,03:54:04
4072,WAI YAN YEUNG,8304,03:54:04,HKG,20-29,661,Female,2489,03:54:04
4073,DONNA NGATAI,7460,03:54:29,NZL,50-59,469,Female,2490,03:54:29
4074,ROBYN KEMP,9325,03:54:30,NZL,60-69,114,Female,2491,00:00:00
4075,GILES ELLIS,6458,03:55:37,NZL,50-59,254,Male,1584,03:55:37
4076,LEANNE JAGGS,9090,03:55:52,NZL,50-59,470,Female,2492,03:55:52
4077,KELLY SEARLE,9190,03:55:52,NZL,40-49,567,Female,2493,03:55:52
4078,PAULINA KOOPEN,9326,03:56:04,NZL,50-59,471,Female,2494,03:56:04
4079,MELISSA JENNER,6893,03:56:31,NZL,50-59,472,Female,2495,03:56:31
4080,PAM MAY,7207,03:56:38,NZL,50-59,473,Female,2496,03:56:38
4081,CHLOE HINDS-SENIOR,6777,03:57:30,NZL,20-29,662,Female,2497,03:57:30
4082,KAREN MURPHY,9457,03:57:32,NZL,50-59,474,Female,2498,03:57:32
4083,ROB GREIG,9299,03:57:37,NZL,70+,26,Male,1585,03:57:37
4084,JENNY MCLEOD,9125,03:57:37,NZL,70+,16,Female,2499,03:57:37
4085,GERALDINE BATEMAN,9012,03:57:50,NZL,40-49,568,Female,2500,03:57:50
4086,HAYLEY CARTER,9030,03:57:55,NZL,40-49,569,Female,2501,03:57:55
4087,SUSAN JOHNSON,9093,03:58:09,NZL,50-59,475,Female,2502,03:58:09
4088,NIC MCLEOD,9342,03:58:11,NZL,40-49,570,Female,2503,03:58:11
4089,RAELENE JOHNSON,9319,03:59:22,NZL,40-49,571,Female,2504,03:59:22
4090,NICOLA MULLINGS,4790,03:59:23,NZL,50-59,476,Female,2505,03:59:23
4091,JENDI PATERSON,4939,03:59:23,NZL,30-39,614,Female,2506,03:59:23
4092,KAREN FLEWELL-SMITH,9062,03:59:25,AUS,50-59,477,Female,2507,03:59:25
4093,ALISON SPRIGGS,9460,03:59:25,NZL,40-49,572,Female,2508,03:59:25
4094,KELLIE YATES,9239,03:59:26,AUS,50-59,478,Female,2509,03:59:26
4095,KATHRYN WALL,9221,03:59:26,NZL,50-59,479,Female,2510,03:59:26
4096,KATHY HOUTAMI,9314,03:59:36,NZL,30-39,615,Female,2511,03:59:36
4097,KATE BERRIDGE,9250,03:59:44,NZL,50-59,480,Female,2512,03:59:44
4098,KATIE GREGSON,6660,03:59:54,NZL,20-29,663,Female,2513,03:59:54
4099,TERI TEDDY,9403,04:00:05,NZL,60-69,115,Female,2514,04:00:05
4100,QIUYI JI,6898,04:01:46,CHN,20-29,664,Female,2515,04:01:46
4101,SHARON CLOSE,3511,04:02:00,NZL,50-59,481,Female,2516,04:02:00
4102,CHRIS JOHNSON,1632,04:02:03,AUS,30-39,421,Male,1586,04:02:03
4103,DIANA FORSELL,9286,04:02:58,NZL,60-69,116,Female,2517,04:02:58
4104,LOUISE MCMURTRIE,8495,04:02:59,GBR,50-59,482,Female,2518,04:02:59
4105,MINKA BODDE-PHILLIPS,3269,04:03:06,NZL,50-59,483,Female,2519,04:03:06
4106,KYLIE WILD,9227,04:03:39,NZL,30-39,616,Female,2520,04:03:39
4107,SHARON BROOKS,9257,04:04:05,NZL,50-59,484,Female,2521,04:04:05
4108,LINDA ROBERTSON,9182,04:04:12,NZL,50-59,485,Female,2522,04:04:12
4109,MITCHELL LEDDY,7060,04:04:20,NZL,20-29,416,Male,1587,04:04:20
4110,KELLIE REID,9179,04:05:20,NZL,50-59,486,Female,2523,04:05:20
4111,WENDY FINEGAN,6502,04:05:57,AUS,50-59,487,Female,2524,04:05:57
4112,PAMELA PARKER,9363,04:07:10,NZL,50-59,488,Female,2525,04:07:10
4113,PAREHUIA BUCHANAN,8632,04:09:58,NZL,20-29,665,Female,2526,04:09:58
4114,JENNY MOYNIHAN,9348,04:10:17,NZL,60-69,117,Female,2527,04:10:17
4115,KATRINA MCGILLAN,9338,04:10:17,NZL,50-59,489,Female,2528,04:10:17
4116,PADMAJA KOYA,9101,04:10:25,NZL,50-59,490,Female,2529,04:10:25
4117,SHANNON MAY,7208,04:10:36,NZL,30-39,617,Female,2530,04:10:36
4118,CHRIS BERRY,9251,04:10:45,NZL,50-59,491,Female,2531,04:10:45
4119,KAT MCINNES,9339,04:10:45,NZL,40-49,573,Female,2532,04:10:45
4120,ANDREA CRUMP,6284,04:11:14,NZL,50-59,492,Female,2533,04:11:14
4121,VENKATA RAMANA BABU PURCHURI,9171,04:11:26,NZL,50-59,255,Male,1588,04:11:26
4122,MADHUSUDAN KOYA,9100,04:11:27,NZL,50-59,256,Male,1589,04:11:27
4123,SUDHA VANI PURCHURI,9172,04:11:30,NZL,50-59,493,Female,2534,04:11:30
4124,ANGELA HUNT,9446,04:12:12,NZL,40-49,574,Female,2535,04:12:12
4125,SOPHIE ARMITAGE,9429,04:12:41,NZL,30-39,618,Female,2536,04:12:41
4126,ENGELA VAN DER LINDE,8097,04:15:04,NZL,50-59,494,Female,2537,04:15:04
4127,DIJANA BARETA,9246,04:15:33,NZL,50-59,495,Female,2538,04:15:33
4128,SHARLENE CARLYLE,6101,04:15:56,NZL,40-49,575,Female,2539,04:15:56
4129,LISA DOWNIE,9476,04:16:59,AUS,30-39,619,Female,2540,04:16:59
4130,OLIVIA ACOURT,9241,04:19:54,NZL,30-39,620,Female,2541,04:19:54
4131,FIONA MCKEE,9340,04:20:01,NZL,60-69,118,Female,2542,04:20:01
4132,NICOLA RIORDAN,9376,04:20:03,NZL,50-59,496,Female,2543,04:20:03
4133,ANNA ROBBIE,7716,04:22:02,NZL,40-49,576,Female,2544,04:22:02
4134,NATASHA MURRAY,7425,04:22:02,NZL,40-49,577,Female,2545,04:22:02
4135,KAREN WILSON,9425,04:22:02,NZL,50-59,497,Female,2546,04:22:02
4136,SOPHIA LUI-BROWN,4520,04:24:26,NZL,50-59,498,Female,2547,04:24:26
4137,MALOU SANTOS,7783,04:25:56,PHL,50-59,499,Female,2548,04:25:56
4138,FILIPA CUNNINGHAM,9272,04:26:57,NZL,30-39,621,Female,2549,04:26:57
4139,VICTORIA CUNNINGHAM,9273,04:26:57,NZL,40-49,578,Female,2550,04:26:57
4140,KRISTINE GROOBY,9073,04:30:09,NZL,30-39,622,Female,2551,04:30:09
4141,HAN CHIN HSIEH,6831,04:30:29,TWN,30-39,623,Female,2552,04:30:29
4142,RACHEL WALLACE,9223,04:54:00,NZL,40-49,579,Female,2553,04:54:00
DNS,KAREN ALLEN,3001,,NZL,30-39,,Female,,
DNS,CALLY AVERY,3002,,AUS,40-49,,Female,,
DNS,CATHERINE BENNETTO,3003,,NZL,40-49,,Female,,
DNS,RICK BERRY,3004,,AUS,60-69,,Male,,
DNS,JEN CODY,3006,,NZL,30-39,,Female,,
DNS,FRASER COWLEY,3008,,NZL,20-29,,Male,,
DNS,LINDA DOBBS,3011,,AUS,60-69,,Female,,
DNS,SHANE DRAKE,3012,,NZL,50-59,,Male,,