Position,Name,Bib,Time,Nationality,Category,Category Position,Gender,Gender Position,Net Category Pos,Net Gen Pos,Net Pos
1,DANIEL BALCHIN,7525,01:07:27,NZL,Runner 20-29 years,1,Male,1,1,1,1
2,JAMES TUNBRIDGE,5917,01:10:53,AUS,Runner 20-29 years,2,Male,2,2,2,2
3,BRETT TINGAY,4648,01:11:00,NZL,Runner 30-39 years,1,Male,3,1,3,3
4,MIKE PHILLIPS,7991,01:12:22,NZL,Runner 20-29 years,3,Male,4,3,4,4
5,CAMERON SWALES,7264,01:13:09,NZL,Runner 20-29 years,4,Male,5,4,5,5
6,CHRIS SANSON,6280,01:14:08,NZL,Runner 30-39 years,2,Male,6,2,6,6
7,KIRK MADGWICK,6765,01:14:28,NZL,Runner 20-29 years,5,Male,7,5,7,7
8,NIAM MACDONALD,5244,01:14:53,NZL,Runner 20-29 years,6,Male,8,6,8,8
9,HAYDEN ZERVOS,7393,01:14:58,NZL,Runner 16-19 years,1,Male,9,1,9,9
10,ALEX HUMPHREY,3283,01:14:58,AUS,Runner 30-39 years,3,Male,10,3,10,10
11,MIK GERYLO,7932,01:15:21,CAN,Runner 20-29 years,7,Male,11,7,11,11
12,HAYDEN MCLAREN,6016,01:16:03,NZL,Runner 30-39 years,4,Male,12,4,12,12
13,JEREMY PENROSE,6288,01:17:18,NZL,Runner 16-19 years,2,Male,13,2,13,13
14,SIMON COCHRANE,3573,01:17:21,NZL,Runner 30-39 years,5,Male,14,5,14,14
15,DAN THOUR,6918,01:17:56,USA,Runner 30-39 years,6,Male,15,6,15,15
16,JAN ZOHA,7655,01:18:30,CZE,Runner 20-29 years,8,Male,16,8,16,16
17,BEVAN JAMES EYLES,7063,01:19:18,NZL,Runner 40-49 years,1,Male,17,1,17,17
18,JOSIE WILCOX,7139,01:19:28,NZL,Runner 20-29 years,1,Female,1,1,1,18
19,FIONN CULLINANE,6937,01:19:50,NZL,Runner 20-29 years,9,Male,18,9,18,19
20,ANTHONY BROADHEAD,6079,01:20:24,NZL,Runner 50-59 years,1,Male,19,1,19,20
21,ARRON TATA,5420,01:21:37,NZL,Runner 40-49 years,2,Male,20,2,20,21
22,JAKOB MCDERMOTT,7395,01:22:19,NZL,Runner 20-29 years,10,Male,21,10,21,22
23,ANDREW O'BRIEN,8158,01:22:24,AUS,Runner 40-49 years,3,Male,22,3,23,24
24,ALEX GLADLEY,8040,01:22:23,GBR,Runner 20-29 years,11,Male,23,11,22,23
25,CHRIS HORROCKS,7951,01:22:36,NZL,Runner 30-39 years,7,Male,24,7,24,25
26,SHAUN MCWHIRTER,5894,01:22:40,NZL,Runner 30-39 years,8,Male,25,8,25,26
27,EMMA PERRON,7377,01:22:41,USA,Runner 20-29 years,2,Female,2,2,2,27
28,ANDREW LAURENSON,5825,01:22:47,NZL,Runner 40-49 years,4,Male,26,4,26,28
29,NICK KERRIGAN,5485,01:23:58,GBR,Runner 30-39 years,9,Male,27,9,27,29
30,REUBEN GRAHAM,5378,01:24:00,NZL,Runner 16-19 years,3,Male,28,3,28,30
31,FIONA CROMBIE,4647,01:24:06,NZL,Runner 30-39 years,1,Female,3,1,3,31
32,OLLIE HANSEN,7943,01:24:39,NZL,Runner 20-29 years,12,Male,29,12,29,32
33,EMERSON DEVERELL,6295,01:24:55,NZL,Runner 16-19 years,1,Female,4,1,4,33
34,ANDREW KERR,3210,01:25:24,NZL,Runner 40-49 years,5,Male,30,5,32,37
35,CHARLES HULLEY,7669,01:25:23,NZL,Runner 20-29 years,13,Male,31,14,31,36
36,KIERAN SUTHERLAND,6518,01:25:37,NZL,Runner 30-39 years,10,Male,32,10,33,38
37,ALEX BUIS,8035,01:25:18,AUS,Runner 20-29 years,14,Male,33,13,30,35
38,GERARD MORRISON,6763,01:25:45,NZL,Runner 30-39 years,11,Male,34,11,34,39
39,FLYNN STEEL,5806,01:25:50,NZL,Runner 16-19 years,4,Male,35,4,35,40
40,TRAVIS KANE,8051,01:25:58,NZL,Runner 30-39 years,12,Male,36,12,36,41
41,RICHARD ETTENFIELD,5182,01:26:18,GBR,Runner 30-39 years,13,Male,37,14,39,44
42,PETER RICHMOND,4089,01:26:17,NZL,Runner 30-39 years,14,Male,38,13,38,43
43,DANIEL THOMS,7259,01:26:20,NZL,Runner 20-29 years,15,Male,39,15,40,45
44,CRAIG BLACKBURN,4908,01:26:25,NZL,Runner 40-49 years,6,Male,40,6,42,47
45,GEOFF ANDERSON,7891,01:26:37,NZL,Runner 60-69 years,1,Male,41,1,43,48
46,FINN BILOUS,6380,01:26:02,NZL,Runner 16-19 years,5,Male,42,5,37,42
47,JAMIE SMITHERAM,7153,01:26:46,NZL,Runner 20-29 years,16,Male,43,17,44,49
48,MATT BLAKE,5255,01:26:49,NZL,Runner 20-29 years,17,Male,44,18,46,51
49,JOHANNA RUDDIMAN,6210,01:26:52,NZL,Runner 40-49 years,1,Female,5,2,6,52
50,JASON KENNEDY,8054,01:26:48,NZL,Runner 40-49 years,7,Male,45,7,45,50
51,ANDREW MCNALLY,4379,01:26:57,NZL,Runner 30-39 years,15,Male,46,15,47,53
52,DAVID ELDER,7672,01:27:01,NZL,Runner 20-29 years,18,Male,47,19,48,55
53,SAMUEL MAYHEW,6244,01:27:03,NZL,Runner 20-29 years,19,Male,48,20,49,56
54,LIZA HUNTER-GALVAN,8300,01:25:09,NZL,Runner 40-49 years,2,Female,6,1,5,34
55,NICK RHIND,6541,01:27:17,NZL,Runner 30-39 years,16,Male,49,16,51,58
56,LIZ GROLIMUND,7863,01:27:29,GBR,Runner 30-39 years,2,Female,7,2,8,60
57,CHRISTOPHER O'CONNELL,7983,01:27:29,NZL,Runner 20-29 years,20,Male,50,22,52,59
58,MATTHEW HICKEY,7590,01:27:46,NZL,Runner 20-29 years,21,Male,51,23,53,61
59,NATHAN REDDY,8302,01:27:57,,Runner 30-39 years,17,Male,52,18,55,63
60,SAM JONES,5280,01:27:49,NZL,Runner 30-39 years,18,Male,53,17,54,62
61,BRAD TREBILCOCK,4739,01:28:17,NZL,Runner 16-19 years,6,Male,54,6,56,64
62,SHAUNA PALI,7362,01:28:23,NZL,Runner 20-29 years,3,Female,8,4,9,65
63,MARK BLAKE,6737,01:28:24,AUS,Runner 50-59 years,2,Male,55,2,57,66
64,THOMAS MCLAUGHLIN,7761,01:26:22,NZL,Runner 20-29 years,22,Male,56,16,41,46
65,BEN MOORE,7864,01:28:40,NZL,Runner 20-29 years,23,Male,57,25,60,69
66,IAIN SANDILANDS,4050,01:28:39,GBR,Runner 30-39 years,19,Male,58,19,59,68
67,MARCEL GRAY,4069,01:28:45,NZL,Runner 40-49 years,8,Male,59,8,61,70
68,LUKE JOHNSTON,7319,01:28:37,NZL,Runner 20-29 years,24,Male,60,24,58,67
69,HARRY WYLIE CARRICK,6473,01:28:46,NZL,Runner 20-29 years,25,Male,61,26,62,71
70,SAM BRODIE,7902,01:29:08,NZL,Runner 30-39 years,20,Male,62,20,63,72
71,NICHOLAS JACKSON,6072,01:29:25,NZL,Runner 20-29 years,26,Male,63,28,66,75
72,FLOORTJE GRIMMETT,8043,01:29:34,,Runner 40-49 years,3,Female,9,3,10,76
73,ADAM MARSHALL,5888,01:29:22,NZL,Runner 30-39 years,21,Male,64,21,65,74
74,JONATHAN WERKMEISTER,5740,01:29:11,NZL,Runner 20-29 years,27,Male,65,27,64,73
75,JEREMY HITCHINGS,3428,01:29:37,NZL,Runner 40-49 years,9,Male,66,9,67,77
76,TRISTAN MILLEN,7212,01:29:47,GBR,Runner 40-49 years,10,Male,67,10,68,78
77,MICHAEL COSTELLO,6576,01:29:59,,Runner 20-29 years,28,Male,68,29,71,81
78,MARK ESSELINK,7451,01:29:58,NZL,Runner 50-59 years,3,Male,69,3,70,80
79,JASON EDKINS,6451,01:30:09,NZL,Runner 30-39 years,22,Male,70,23,73,83
80,DUNCAN BAXTER,7894,01:30:08,NZL,Runner 20-29 years,29,Male,71,30,72,82
81,BEN WASHINGTON,6165,01:30:15,NZL,Runner 30-39 years,23,Male,72,24,74,84
82,PETER CARR-BOYD,6315,01:30:19,AUS,Runner 30-39 years,24,Male,73,25,75,85
83,HAMISH LINDSTROM,7390,01:30:24,NZL,Runner 30-39 years,25,Male,74,26,77,87
84,GREG MOORE,7623,01:30:26,GBR,Runner 20-29 years,30,Male,75,32,78,88
85,GEORGE TAYLOR,8069,01:30:29,GBR,Runner 50-59 years,4,Male,76,4,79,89
86,HAYDON CUNNINGHAME,6522,01:30:19,NZL,Runner 20-29 years,31,Male,77,31,76,86
87,ADAM SHARMAN,6454,01:29:54,GBR,Runner 30-39 years,26,Male,78,22,69,79
88,TOM MACDONALD,6075,01:30:38,NZL,Runner 30-39 years,27,Male,79,27,81,91
89,CHRISTIAN BENNETT,3646,01:30:40,AUS,Runner 20-29 years,32,Male,80,33,82,92
90,LAURA WOOD,5943,01:30:50,NZL,Runner 20-29 years,4,Female,10,5,11,95
91,MARK COCHRANE,3584,01:30:53,NZL,Runner 50-59 years,5,Male,81,5,85,96
92,RICHARD GREER,8198,01:30:49,NZL,Runner 30-39 years,28,Male,82,29,84,94
93,MATT SEYB,5668,01:30:48,NZL,Runner 30-39 years,29,Male,83,28,83,93
94,MARTIN FEY,6942,01:30:54,NZL,Runner 50-59 years,6,Male,84,6,86,97
95,MARTIN HAMILTON,5849,01:30:59,NZL,Runner 50-59 years,7,Male,85,7,87,98
96,SCOTT MACKAY,4749,01:31:14,GBR,Runner 30-39 years,30,Male,86,30,89,101
97,MICHAEL HARRISON,5908,01:31:19,AUS,Runner 40-49 years,11,Male,87,12,90,102
98,LIAM PARSONS,7176,01:31:02,NZL,Runner 20-29 years,33,Male,88,34,88,99
99,ANDY COLLINS,6584,01:31:24,NZL,Runner 40-49 years,12,Male,89,13,92,104
100,GEOFF ALLEN,4801,01:31:29,NZL,Runner 40-49 years,13,Male,90,14,93,105
101,MIKE OPEL,7322,01:31:34,USA,Runner 40-49 years,14,Male,91,15,99,111
102,CHRISTOPHER CURRIE,6920,01:31:30,GBR,Runner 20-29 years,34,Male,92,35,95,107
103,TOM DAVIS,5114,01:31:33,NZL,Runner 30-39 years,31,Male,93,34,97,109
104,JASON RIACH,6189,01:31:30,NZL,Runner 30-39 years,32,Male,94,32,94,106
105,ELISHA NUTTALL,7600,01:31:46,NZL,Runner 20-29 years,35,Male,95,36,102,114
106,RASMUS HUSTED,6828,01:31:36,,Runner 30-39 years,33,Male,96,35,100,112
107,NATHAN RIKI,6924,01:31:38,NZL,Runner 30-39 years,34,Male,97,36,101,113
108,BRENT CLOUGH,7799,01:31:31,NZL,Runner 30-39 years,35,Male,98,33,96,108
109,NICK DE KLERK,4017,01:32:00,,Runner 20-29 years,36,Male,99,38,105,117
110,JAMES HOWARD,7151,01:31:59,NZL,Runner 20-29 years,37,Male,100,37,104,116
111,GEOFF BLAKE,6008,01:32:11,NZL,Runner 50-59 years,8,Male,101,9,106,118
112,REBECCA TOOMEY,6952,01:32:24,NZL,Runner 30-39 years,3,Female,11,4,14,120
113,SEAN BROGAN,3557,01:31:57,AUS,Runner 30-39 years,36,Male,102,37,103,115
114,LAYNE MORRESEY,7517,01:30:30,NZL,Runner 40-49 years,15,Male,103,11,80,90
115,NATHANIEL VEENSTRA,5632,01:32:36,AUS,Runner 20-29 years,38,Male,104,40,109,123
116,KATE HOWARD,7149,01:32:21,NZL,Runner 30-39 years,4,Female,12,3,13,119
117,LEWIS DONALDSON,7762,01:32:36,NZL,Runner 30-39 years,37,Male,105,38,108,122
118,JASON RUSSELL,7747,01:32:45,NZL,Runner 40-49 years,16,Male,106,16,110,125
119,COBUS BOTHA,6878,01:33:01,NZL,Runner 30-39 years,38,Male,107,40,112,127
120,YOUNES AL-OBAIDI,7255,01:32:24,GBR,Runner 20-29 years,39,Male,108,39,107,121
121,ROWAN BEAUMONT BELL,5691,01:32:54,GBR,Runner 30-39 years,39,Male,109,39,111,126
122,JAMES MUNRO,4134,01:33:12,NZL,Runner 30-39 years,40,Male,110,41,113,128
123,STU BRYCE,4062,01:33:22,NZL,Runner 30-39 years,41,Male,111,43,117,133
124,JEREMY RITCHIE,8315,01:33:42,NZL,Runner 20-29 years,40,Male,112,44,120,137
125,TIM GRAHAM,5379,01:31:33,NZL,Runner 50-59 years,9,Male,113,8,98,110
126,CHRIS SIMCOCK,5013,01:33:37,NZL,Runner 20-29 years,41,Male,114,43,119,136
127,NICOLO MARI,7812,01:33:33,NZL,Runner 20-29 years,42,Male,115,42,118,134
128,AARON MURPHY,8143,01:33:16,CAN,Runner 40-49 years,17,Male,116,17,115,131
129,MICAELA RILEY,5964,01:33:36,NZL,Runner 30-39 years,5,Female,13,5,17,135
130,HAMISH MACKAY,4390,01:34:03,NZL,Runner 40-49 years,18,Male,117,18,124,142
131,MICHAEL SWEETMAN,5292,01:34:07,NZL,Runner 40-49 years,19,Male,118,20,126,144
132,CLAIRE MARSHALL,5886,01:34:02,NZL,Runner 30-39 years,6,Female,14,6,18,141
133,TOM SIMPSON,5184,01:34:06,GBR,Runner 40-49 years,20,Male,119,19,125,143
134,LIAM HARKER,6848,01:33:56,NZL,Runner 20-29 years,43,Male,120,47,123,140
135,ELLERY TAPPIN,5424,01:34:13,NZL,Runner 40-49 years,21,Male,121,21,127,146
136,AARON PORTER,7993,01:34:28,GBR,Runner 30-39 years,42,Male,122,44,129,148
137,BENJAMIN BLACK,6657,01:34:34,NZL,Runner 30-39 years,43,Male,123,45,131,151
138,REBECCA ALLNUTT,4626,01:34:29,NZL,Runner 20-29 years,5,Female,15,8,20,149
139,JONATHAN NATTRASS,8202,01:33:49,NZL,Runner 20-29 years,44,Male,124,46,122,139
140,KATE PONTING,7772,01:34:11,AUS,Runner 20-29 years,6,Female,16,7,19,145
141,AARON WINDER,5569,01:34:39,NZL,Runner 30-39 years,44,Male,125,46,132,152
142,DUNCAN FRASER,7569,01:34:40,NZL,Runner 40-49 years,22,Male,126,22,133,153
143,NICHOLAS NEWMAN,6299,01:34:52,NZL,Runner 30-39 years,45,Male,127,47,134,155
144,NICOLE FOLEY,5659,01:34:42,AUS,Runner 40-49 years,4,Female,17,5,21,154
145,JAMES LANSDOWN,3412,01:34:55,NZL,Runner 20-29 years,45,Male,128,51,136,157
146,HAMISH PINFOLD,6411,01:35:00,NZL,Runner 40-49 years,23,Male,129,23,137,158
147,FRED MACDONALD,7337,01:35:10,NZL,Runner 20-29 years,46,Male,130,52,140,161
148,DAN EYLES,5947,01:34:54,NZL,Runner 20-29 years,47,Male,131,50,135,156
149,ROBIN SAVAGE,7453,01:35:05,NZL,Runner 50-59 years,10,Male,132,10,138,159
150,JOSH SPEIGHT,7800,01:35:17,NZL,Runner 20-29 years,48,Male,133,53,141,162
151,JACKIE HOLLEY,7949,01:33:16,NZL,Runner 40-49 years,5,Female,18,4,16,129
152,JARRYN OSBORNE,6034,01:33:16,NZL,Runner 30-39 years,46,Male,134,42,114,130
153,AMY RICE,5992,01:32:42,NZL,Runner 20-29 years,7,Female,19,6,15,124
154,MARK O'MALLEY,5144,01:35:22,NZL,Runner 20-29 years,49,Male,135,54,142,163
155,DAVID GARDNER,7930,01:35:09,NZL,Runner 60-69 years,2,Male,136,2,139,160
156,ADRIAN COCKERAM,5254,01:35:26,NZL,Runner 30-39 years,47,Male,137,48,143,164
157,MATT FISK,8079,01:35:29,NZL,Runner 20-29 years,50,Male,138,55,145,166
158,STEPHEN BETHUNE,6624,01:35:48,NZL,Runner 40-49 years,24,Male,139,24,150,171
159,RHYS VAN STIPRIAAN,5872,01:35:35,NZL,Runner 30-39 years,48,Male,140,49,147,168
160,SCOTT WALDEN,4740,01:35:41,NZL,Runner 20-29 years,51,Male,141,57,149,170
161,BRENDON HARVIE,5092,01:36:13,NZL,Runner 40-49 years,25,Male,142,27,155,176
162,MATHEW CASKIE,5867,01:35:41,NZL,Runner 16-19 years,7,Male,143,7,148,169
163,ARJUN PRADHAN,7601,01:33:44,NZL,Runner 20-29 years,52,Male,144,45,121,138
164,CAMERON COSTLEY,6540,01:35:53,NZL,Runner 30-39 years,49,Male,145,50,151,172
165,PETE SAUNDERS,7842,01:35:56,NZL,Runner 40-49 years,26,Male,146,25,152,173
166,MAXIME LABARRIERE,7963,01:35:34,FRA,Runner 20-29 years,53,Male,147,56,146,167
167,AARON SMITH,6926,01:36:22,NZL,Runner 40-49 years,27,Male,148,28,158,179
168,SAM GARRIOCK,4081,01:34:26,NZL,Runner 20-29 years,54,Male,149,48,128,147
169,ANDREW ETTENFIELD,5183,01:36:29,GBR,Runner 20-29 years,55,Male,150,58,163,184
170,AVINASH DUTT,5419,01:36:46,NZL,Runner 20-29 years,56,Male,151,61,166,190
171,WENDY GODFREY,6069,01:36:44,NZL,Runner 30-39 years,7,Female,20,8,23,188
172,JUI TING CHIANG,6660,01:36:28,,Runner 30-39 years,50,Male,152,57,162,183
173,GREG MILLER,5349,01:36:20,NZL,Runner 30-39 years,51,Male,153,53,157,178
174,LUCIE AUWERDA,4999,01:36:45,NZL,Runner 20-29 years,8,Female,21,9,24,189
175,CRAIG THOMSON,7527,01:36:26,NZL,Runner 30-39 years,52,Male,154,56,161,182
176,JAMES LESTER,4258,01:36:35,NZL,Runner 20-29 years,57,Male,155,60,165,186
177,BENJAMIN DAVIDSON,7239,01:36:56,NZL,Runner 20-29 years,58,Male,156,63,170,195
178,RICHARD LITTLE,7167,01:36:26,NZL,Runner 30-39 years,53,Male,157,55,160,181
179,KELLY MCFADZIEN,3890,01:36:42,NZL,Runner 30-39 years,8,Female,22,7,22,187
180,AMANDA HOOIJMANS,6525,01:36:47,,Runner 20-29 years,9,Female,23,10,25,191
181,FIONA SLANE,4321,01:31:07,NZL,Runner 50-59 years,1,Female,24,1,12,100
182,PATRICK HUGHES,7730,01:36:20,GBR,Runner 30-39 years,54,Male,158,52,156,177
183,GRAEME WAGHORN,7781,01:37:04,NZL,Runner 40-49 years,28,Male,159,29,172,198
184,JEFF OATES,7541,01:31:21,AUS,Runner 30-39 years,55,Male,160,31,91,103
185,TIM HORNER,7540,01:37:18,NZL,Runner 30-39 years,56,Male,161,61,177,203
186,STEPHEN PILCHER,3405,01:37:23,AUS,Runner 50-59 years,11,Male,162,12,178,204
187,THOMAS MORGAN,8292,01:36:51,NZL,Runner 20-29 years,59,Male,163,62,167,192
188,ROHIT PRASAD,7412,01:37:42,NZL,Runner 40-49 years,29,Male,164,32,182,210
189,ANDREW CALVERLEY,5766,01:35:29,NZL,Runner 50-59 years,12,Male,165,11,144,165
190,BRYCE SMITH,7154,01:37:01,NZL,Runner 20-29 years,60,Male,166,64,171,197
191,GEOFF CARDEN,6613,01:37:31,NZL,Runner 30-39 years,57,Male,167,62,180,206
192,JORDAN BUCHANAN,6953,01:37:55,NZL,Runner 30-39 years,58,Male,168,63,185,213
193,SARAH GILBERT,5963,01:37:42,USA,Runner 20-29 years,10,Female,25,12,28,209
194,WHITNEY PETERSON,6461,01:38:03,NZL,Runner 20-29 years,11,Female,26,13,30,217
195,MICHAEL MACKNIGHT,3250,01:38:01,NZL,Runner 50-59 years,13,Male,169,13,186,214
196,BEN TROLLIP,5817,01:38:08,NZL,Runner 30-39 years,59,Male,170,65,191,221
197,ANDRES CANTONE,5565,01:37:41,ARG,Runner 20-29 years,61,Male,171,67,181,208
198,BLAIR HANIFIN,5641,01:35:57,NZL,Runner 30-39 years,60,Male,172,51,153,174
199,ASHLEY AITKEN,8029,01:27:00,NZL,Runner 20-29 years,12,Female,27,3,7,54
200,JOE CRUDEN,6962,01:37:45,NZL,Runner 20-29 years,62,Male,173,68,183,211
201,CATHERINE BETHELL,3694,01:38:17,NZL,Runner 40-49 years,6,Female,28,6,31,224
202,RENATO IEIRI DE MORAES,7821,01:38:39,BRA,Runner 30-39 years,61,Male,174,68,198,232
203,RYAN SHANKS,6862,01:38:44,NZL,Runner 20-29 years,63,Male,175,73,199,234
204,HANNAH SALISBURY,3754,01:38:18,NZL,Runner 30-39 years,9,Female,29,11,32,225
205,CHARLOTTE BERRY,6938,01:38:02,GBR,Runner 30-39 years,10,Female,30,10,29,216
206,MARK SCHOLLUM,6040,01:38:35,NZL,Runner 30-39 years,62,Male,176,67,196,230
207,WILL FRANKS,8111,01:38:47,NZL,Runner 20-29 years,64,Male,177,74,203,238
208,ALISTAIR BROWN,3852,01:38:32,NZL,Runner 40-49 years,30,Male,178,33,195,229
209,JESSE DODD,4884,01:38:09,NZL,Runner 16-19 years,8,Male,179,9,192,222
210,DEVIN YOUNG,6428,01:38:05,NZL,Runner 30-39 years,63,Male,180,64,188,218
211,JEMMA LAHOOD,4843,01:39:00,NZL,Runner 30-39 years,11,Female,31,13,36,242
212,KARL EDMONDS,4302,01:38:21,NZL,Runner 30-39 years,64,Male,181,66,194,226
213,RYLAND HARRISON,6776,01:27:06,NZL,Runner 20-29 years,65,Male,182,21,50,57
214,ADAM HUMMERSTON,3265,01:38:47,AUS,Runner 40-49 years,31,Male,183,36,202,237
215,DAVE LAITHWAITE,7964,01:38:07,GBR,Runner 20-29 years,66,Male,184,70,189,219
216,DAMON STANTON,3353,01:38:45,GBR,Runner 40-49 years,32,Male,185,34,200,235
217,GERRARD FITZGERALD,7538,01:38:59,NZL,Runner 40-49 years,33,Male,186,37,206,241
218,PHOEBE BUTLER-MUNRO,5645,01:38:31,NZL,Runner 20-29 years,13,Female,32,15,34,228
219,MADDY EVANS,7441,01:38:25,NZL,Runner 20-29 years,14,Female,33,14,33,227
220,JONNY GRAHAM,5461,01:37:10,NZL,Runner 30-39 years,65,Male,187,60,176,202
221,RICHARD THOMAS,5804,01:39:12,GBR,Runner 40-49 years,34,Male,188,38,210,247
222,JOHN MANN,6071,01:36:25,GBR,Runner 30-39 years,66,Male,189,54,159,180
223,ASHLEY EYLES,4294,01:38:39,NZL,Runner 20-29 years,67,Male,190,72,197,231
224,PAUL MUNRO,7880,01:38:45,AUS,Runner 40-49 years,35,Male,191,35,201,236
225,AMANDA ROBINSON,5606,01:39:18,NZL,Runner 20-29 years,15,Female,34,16,39,251
226,FRANCIS DEL PRADO,6445,01:39:06,PHL,Runner 20-29 years,68,Male,192,75,207,244
227,MAIKEN ESPERSEN,6359,01:39:16,,Runner 30-39 years,12,Female,35,14,38,249
228,MATT ELLIS,6105,01:39:15,NZL,Runner 20-29 years,69,Male,193,77,211,248
229,ADAM MCGREGOR,5633,01:39:31,NZL,Runner 50-59 years,14,Male,194,15,215,254
230,MARTIN GIRAUD,7935,01:39:44,FRA,Runner 20-29 years,70,Male,195,81,219,261
231,BECA WILLIAMS,7180,01:39:32,GBR,Runner 20-29 years,16,Female,36,17,41,256
232,ANDREW DORREEN,3529,01:39:38,NZL,Runner 30-39 years,67,Male,196,73,216,257
233,JAKE ROOS,5285,01:39:54,NZL,Runner 30-39 years,68,Male,197,76,223,266
234,ROACHELLE INGERSON,4345,01:40:01,NZL,Runner 30-39 years,13,Female,37,18,46,271
235,JOSH HOLMES,7950,01:38:10,NZL,Runner 20-29 years,71,Male,198,71,193,223
236,DAVID HARTMANN,7258,01:39:19,NZL,Runner 20-29 years,72,Male,199,78,213,252
237,KYMM SCOTT,3320,01:39:43,NZL,Runner 40-49 years,7,Female,38,7,42,259
238,CAMERON HARCOURT,5447,01:40:14,NZL,Runner 30-39 years,69,Male,200,81,232,280
239,ANDREW SMITH,6350,01:39:50,NZL,Runner 40-49 years,36,Male,201,39,221,263
240,JACOB MACKIE,7736,01:40:13,NZL,Runner 20-29 years,73,Male,202,85,230,278
241,MAX BECKERT,6549,01:39:39,NZL,Runner 20-29 years,74,Male,203,80,217,258
242,KIRI WILLIAMS,4322,01:40:05,NZL,Runner 20-29 years,17,Female,39,18,48,274
243,ALISON BOGIE,4477,01:40:18,NZL,Runner 40-49 years,8,Female,40,9,50,282
244,HAYDEN EDWARDS,6752,01:40:23,NZL,Runner 20-29 years,75,Male,204,87,236,288
245,JON ELLIOTT,3494,01:40:30,AUS,Runner 40-49 years,37,Male,205,44,239,291
246,RACHAEL ROWBERRY,5482,01:40:19,NZL,Runner 40-49 years,9,Female,41,10,51,283
247,GREG BOLAND,7011,01:40:22,,Runner 30-39 years,70,Male,206,82,235,287
248,KYRAN BROWN,6859,01:40:02,NZL,Runner 30-39 years,71,Male,207,78,226,272
249,CHRISTOPH MEIERHOFER,7070,01:40:23,,Runner 40-49 years,38,Male,208,42,237,289
250,JEREMY EDWARDS,3615,01:40:10,NZL,Runner 30-39 years,72,Male,209,79,228,276
251,BEVAN SEDDON,6469,01:40:35,NZL,Runner 40-49 years,39,Male,210,45,241,293
252,CAMERON LANGSFORD,7966,01:40:24,NZL,Runner 40-49 years,40,Male,211,43,238,290
253,PAUL KELLY,8053,01:40:20,NZL,Runner 40-49 years,41,Male,212,41,233,284
254,TERRI HALL,7942,01:40:15,NZL,Runner 20-29 years,18,Female,42,19,49,281
255,MISH MOURITS,8061,01:38:40,NZL,Runner 30-39 years,14,Female,43,12,35,233
256,RACHEL SMALLEY,7027,01:39:52,NZL,Runner 40-49 years,10,Female,44,8,43,265
257,YUE ZHANG,6101,01:40:56,CHN,Runner 40-49 years,42,Male,213,46,249,303
258,CAWTE WHITING,3260,01:40:45,NZL,Runner 30-39 years,73,Male,214,84,246,298
259,JASON NUTBROWN,4421,01:40:40,GBR,Runner 20-29 years,76,Male,215,91,245,297
260,TROY STYLES,3243,01:40:37,NZL,Runner 20-29 years,77,Male,216,90,243,295
261,WENDY MACCULLOCH,5253,01:40:48,AUS,Runner 50-59 years,2,Female,45,2,53,299
262,JESSE WOJTALA,6615,01:40:14,AUS,Runner 30-39 years,74,Male,217,80,231,279
263,ANDREW SMITH,7225,01:40:40,GBR,Runner 30-39 years,75,Male,218,83,244,296
264,TIM NORMAN,3451,01:40:35,NZL,Runner 20-29 years,78,Male,219,89,242,294
265,RACHEL HINKS,6090,01:41:09,GBR,Runner 20-29 years,19,Female,46,22,56,307
266,ROBERT MITCHELL,7008,01:38:08,AUS,Runner 50-59 years,15,Male,220,14,190,220
267,SIMON VUN,5318,01:38:49,AUS,Runner 30-39 years,76,Male,221,69,204,239
268,OLIVIA SHIRLEY,5122,01:41:09,NZL,Runner 30-39 years,15,Female,47,20,57,308
269,NICK GORDON,5741,01:39:10,NZL,Runner 30-39 years,77,Male,222,71,209,246
270,HARRY PANKHURST,4980,01:41:07,NZL,Runner 20-29 years,79,Male,223,94,251,306
271,ELIZAEBTH REID,5614,01:39:04,NZL,Runner 16-19 years,2,Female,48,2,37,243
272,REBECCA STONE,3477,01:41:22,NZL,Runner 40-49 years,11,Female,49,12,60,314
273,RYAN MCCONNELL,4977,01:39:48,AUS,Runner 30-39 years,78,Male,224,75,220,262
274,SHAUN CARTER,7704,01:41:32,NZL,Runner 40-49 years,43,Male,225,49,256,318
275,MATTHEW BLACKBOURN,7854,01:41:43,NZL,Runner 30-39 years,79,Male,226,88,262,324
276,CHRISTOPHER WHITE,3853,01:41:38,NZL,Runner 40-49 years,44,Male,227,50,259,321
277,MATTHEW BARCLAY,7723,01:39:51,NZL,Runner 20-29 years,80,Male,228,82,222,264
278,LEE STRAKER,8011,01:39:59,NZL,Runner 40-49 years,45,Male,229,40,225,270
279,BRIAN CAULFIELD,6437,01:41:53,,Runner 30-39 years,80,Male,230,89,266,330
280,SIMON VAN ROSSEN,7455,01:41:50,NZL,Runner 20-29 years,81,Male,231,98,264,328
281,SHARNE QUICKENDEN,7534,01:41:50,NZL,Runner 20-29 years,20,Female,50,24,64,327
282,NICHOLAS CLARIDGE,4927,01:41:37,NZL,Runner 20-29 years,82,Male,232,96,258,320
283,ROBIN DOYLE,4508,01:41:50,NZL,Runner 40-49 years,46,Male,233,52,265,329
284,CALLUM SYMONDS,6240,01:39:29,GBR,Runner 20-29 years,83,Male,234,79,214,253
285,JOSHUA AIRD,4263,01:41:40,NZL,Runner 20-29 years,84,Male,235,97,261,323
286,ODETTE SHAW,4885,01:41:46,NZL,Runner 30-39 years,16,Female,51,22,63,325
287,BRIGID CREASEY,5055,01:39:32,AUS,Runner 30-39 years,17,Female,52,15,40,255
288,JUDITH CAMPBELL,6659,01:40:21,,Runner 40-49 years,12,Female,53,11,52,286
289,BRETT GAMBLE,7876,01:41:48,NZL,Runner 40-49 years,47,Male,236,51,263,326
290,MARK FLETT,7777,01:39:56,GBR,Runner 30-39 years,81,Male,237,77,224,267
291,REBECCA WILSON,8027,01:42:13,NZL,Runner 20-29 years,21,Female,54,26,66,344
292,DYLAN WARWICK,6279,01:42:11,NZL,Runner 30-39 years,82,Male,238,94,275,340
293,ZACHARY MAYALL,6089,01:41:39,NZL,Runner 16-19 years,9,Male,239,10,260,322
294,REGAN HOULT,4202,01:41:55,NZL,Runner 40-49 years,48,Male,240,54,268,332
295,DEAN BATEMAN,3912,01:42:25,NZL,Runner 30-39 years,83,Male,241,96,281,347
296,JESSE WILSON,7770,01:40:06,NZL,Runner 20-29 years,85,Male,242,83,227,275
297,TANE COE,7790,01:42:13,NZL,Runner 40-49 years,49,Male,243,55,277,342
298,RIKKI MINCHINGTON,5798,01:40:21,NZL,Runner 20-29 years,86,Male,244,86,234,285
299,GREG BISSET,3167,01:42:33,AUS,Runner 50-59 years,16,Male,245,16,286,352
300,BRENDON FEARY,3895,01:41:55,NZL,Runner 40-49 years,50,Male,246,53,267,331
301,ELIAS RAMIREZ SAPIN,7677,01:42:20,ESP,Runner 30-39 years,84,Male,247,95,279,345
302,MICHAEL RAYNER,7693,01:42:43,AUS,Runner 30-39 years,85,Male,248,100,289,356
303,DYMPNA WALSH,7013,01:36:57,,Runner 30-39 years,18,Female,55,9,26,196
304,SOPHIE ROLLESTON-SMITH,7630,01:40:51,NZL,Runner 20-29 years,22,Female,56,20,54,300
305,NICHOLAS HARRIS,5489,01:42:46,NZL,Runner 20-29 years,87,Male,249,104,290,357
306,JAKOB CHAKERA,4909,01:43:06,AUS,Runner 30-39 years,86,Male,250,102,301,369
307,GEORGIA MITCHELL,6587,01:41:19,NZL,Runner 16-19 years,3,Female,57,3,59,311
308,JONATHAN GRAY,8080,01:41:10,NZL,Runner 40-49 years,51,Male,251,47,252,309
309,ROB MCGEE,8123,01:42:40,NZL,Runner 40-49 years,52,Male,252,58,288,355
310,LIZ SOMERSET,6566,01:41:24,NZL,Runner 20-29 years,23,Female,58,23,61,315
311,REGAN BAXTER,6166,01:40:52,NZL,Runner 30-39 years,87,Male,253,85,248,302
312,DARREN SANDFORD,5826,01:42:52,NZL,Runner 40-49 years,53,Male,254,59,294,361
313,NICK HARRIS,3161,01:37:26,NZL,Runner 40-49 years,54,Male,255,31,179,205
314,CATHERINE CALVERLEY,5756,01:41:18,NZL,Runner 30-39 years,19,Female,59,21,58,310
315,DARREN GRIMMETT,8044,01:43:34,NZL,Runner 40-49 years,55,Male,256,63,314,387
316,JONATHAN ELIAS,6922,01:41:36,AUS,Runner 30-39 years,88,Male,257,87,257,319
317,NICOLAS ROGERS,5222,01:43:18,NZL,Runner 40-49 years,56,Male,258,61,308,380
318,ROY LEE,6810,01:43:14,NZL,Runner 20-29 years,88,Male,259,114,306,375
319,LIAM BUCHANAN,7683,01:43:04,NZL,Runner 20-29 years,89,Male,260,109,299,366
320,EMILY ACLAND,4340,01:43:15,NZL,Runner 30-39 years,20,Female,60,24,71,377
321,WILLIAM HAMILTON,6327,01:42:57,NZL,Runner 20-29 years,90,Male,261,108,296,363
322,BYRON DODGE,3640,01:42:50,NZL,Runner 20-29 years,91,Male,262,106,292,359
323,DAVID WESCON,7489,01:43:48,AUS,Runner 30-39 years,89,Male,263,113,325,402
324,JADE MORGAN,3435,01:36:54,NZL,Runner 30-39 years,90,Male,264,59,169,194
325,ADAM GEEKIE,3176,01:43:23,NZL,Runner 30-39 years,91,Male,265,104,309,381
326,TIM AULD,7284,01:41:56,NZL,Runner 20-29 years,92,Male,266,99,270,334
327,DAN SPRAGG,5573,01:43:46,NZL,Runner 30-39 years,92,Male,267,111,322,398
328,JONATHAN MAULE,5577,01:43:39,NZL,Runner 40-49 years,57,Male,268,65,320,395
329,ROHAN MAHON,3760,01:43:50,NZL,Runner 20-29 years,93,Male,269,117,327,404
330,MARK COSTER,7364,01:41:59,NZL,Runner 30-39 years,93,Male,270,92,272,336
331,THOMAS OLORENSHAW,7607,01:43:12,NZL,Runner 20-29 years,94,Male,271,112,303,371
332,WILL TILLER,5704,01:41:21,NZL,Runner 20-29 years,95,Male,272,95,253,312
333,WAYNE TROUT,3920,01:43:48,NZL,Runner 30-39 years,94,Male,273,112,324,401
334,MATTHEW BECK,3972,01:42:09,NZL,Runner 20-29 years,96,Male,274,100,274,339
335,JAYDEN WYKE,6107,01:41:06,NZL,Runner 20-29 years,97,Male,275,93,250,305
336,TOM WILD,8024,01:43:23,GBR,Runner 30-39 years,95,Male,276,105,310,382
337,TOM WOODWARD,4079,01:44:06,GBR,Runner 20-29 years,98,Male,277,122,336,414
338,JAMIE COLES,5931,01:42:25,NZL,Runner 30-39 years,96,Male,278,97,282,348
339,THOMAS COX,6049,01:43:38,GBR,Runner 20-29 years,99,Male,279,115,317,390
340,RICHARD MEARS,5543,01:44:27,NZL,Runner 40-49 years,58,Male,280,70,350,429
341,ROB BUCHANAN,4115,01:44:07,NZL,Runner 30-39 years,97,Male,281,118,337,415
342,STEPHEN KIELY,6063,01:33:19,,Runner 20-29 years,100,Male,282,41,116,132
343,MICHAEL RYAN,7695,01:42:29,NZL,Runner 40-49 years,59,Male,283,57,285,351
344,STEPHEN OCONNOR,5904,01:44:18,AUS,Runner 40-49 years,60,Male,284,69,343,422
345,DAVID HOLT,4818,01:44:37,NZL,Runner 30-39 years,98,Male,285,122,355,437
346,BRENDAN BROWN,4212,01:44:05,NZL,Runner 40-49 years,61,Male,286,66,335,413
347,JOHN SEELY,7721,01:43:41,AUS,Runner 30-39 years,99,Male,287,110,321,396
348,SANJAY KANJI,3507,01:44:33,IND,Runner 20-29 years,101,Male,288,128,353,433
349,NICOLA WHALLEY,7633,01:42:37,NZL,Runner 40-49 years,13,Female,61,14,67,353
350,DAVE BRANNIGAN,3429,01:44:14,NZL,Runner 40-49 years,62,Male,289,68,341,420
351,CHARLOTTE ROSE,4300,01:44:11,NZL,Runner 20-29 years,24,Female,62,31,79,417
352,NICHOLAS WHITE,3834,01:43:49,NZL,Runner 30-39 years,100,Male,290,114,326,403
353,ELLIOT RILEY,7586,01:42:13,NZL,Runner 20-29 years,102,Male,291,102,278,343
354,BEN MILLINGTON,6285,01:42:26,NZL,Runner 20-29 years,103,Male,292,103,283,349
355,MIGUEL HERNANDEZ,8102,01:44:48,NZL,Runner 30-39 years,101,Male,293,124,360,442
356,STEVE SHARP,6542,01:42:58,NZL,Runner 30-39 years,102,Male,294,101,297,364
357,GRAEME SHAW,6563,01:44:15,GBR,Runner 20-29 years,104,Male,295,123,342,421
358,DENISE CESCA,4429,01:44:55,BRA,Runner 30-39 years,21,Female,63,28,84,447
359,LACHIE MCGREGOR,7974,01:44:26,NZL,Runner 20-29 years,105,Male,296,127,349,428
360,ASHLEIGH O'GRADY,3474,01:44:48,NZL,Runner 20-29 years,25,Female,64,32,83,443
361,BENJAMIN JOHNSTON,6554,01:44:20,NZL,Runner 20-29 years,106,Male,297,125,345,424
362,BEN TAYLOR,5631,01:44:39,AUS,Runner 40-49 years,63,Male,298,71,357,439
363,GARETH SAMUELS,4396,01:44:29,NZL,Runner 30-39 years,103,Male,299,121,352,431
364,HARRY WHEELANS,7841,01:43:12,NZL,Runner 20-29 years,107,Male,300,113,304,372
365,ETHAN HOURIGAN,7829,01:43:13,NZL,Runner 16-19 years,10,Male,301,11,305,373
366,CHRIS JEPHCOTT,4291,01:44:36,GBR,Runner 50-59 years,17,Male,302,20,354,436
367,HAMISH GRAY,3597,01:45:11,NZL,Runner 40-49 years,64,Male,303,75,373,457
368,LOUISE MCGHIE,3844,01:43:16,,Runner 40-49 years,14,Female,65,15,72,378
369,RENEE RAY,3113,01:44:33,NZL,Runner 30-39 years,22,Female,66,26,80,432
370,RONALD ADDIDLE,4387,01:44:22,GBR,Runner 50-59 years,18,Male,304,18,347,426
371,KELVYN SHAW,3294,01:42:56,NZL,Runner 60-69 years,3,Male,305,3,295,362
372,MARK ROCKET,6690,01:44:56,NZL,Runner 40-49 years,65,Male,306,73,364,448
373,DEAN RABBIDGE,3042,01:44:43,NZL,Runner 30-39 years,104,Male,307,123,358,440
374,NATHAN MACLENNAN,6925,01:45:06,NZL,Runner 30-39 years,105,Male,308,127,369,453
375,ANDY CLAYTON,5480,01:44:50,GBR,Runner 40-49 years,66,Male,309,72,362,445
376,LIAM GRANT,8041,01:45:07,NZL,Runner 20-29 years,108,Male,310,134,371,455
377,JULIET CASEY,4038,01:43:30,NZL,Runner 40-49 years,15,Female,67,16,73,385
378,STEPHANIE RUMBLE,5153,01:45:23,NZL,Runner 40-49 years,16,Female,68,18,88,470
379,NIAMH BUCKLEY,7904,01:45:26,AUS,Runner 20-29 years,26,Female,69,35,91,476
380,NICK GILBERT,3080,01:45:14,NZL,Runner 30-39 years,106,Male,311,128,374,459
381,JAMES MCKINNEY,7113,01:43:06,,Runner 20-29 years,109,Male,312,110,300,368
382,VANESSA MARIE,4239,01:45:37,NZL,Runner 30-39 years,23,Female,70,30,93,480
383,PETE RITCHIE,6220,01:45:20,NZL,Runner 40-49 years,67,Male,313,78,381,468
384,TRISTAN FRANKLIN,5439,01:45:20,NZL,Runner 40-49 years,68,Male,314,77,380,467
385,CHELSEA FULTON,7097,01:45:38,NZL,Runner 20-29 years,27,Female,71,36,94,481
386,ALESSANDRO MARTINI,7714,01:43:48,NZL,Runner 20-29 years,110,Male,315,116,323,400
387,CAMERON ANDERSON,3725,01:45:28,NZL,Runner 30-39 years,107,Male,316,130,386,477
388,RICHARD EDGERTON,5242,01:45:22,NZL,Runner 40-49 years,69,Male,317,79,382,469
389,EMILY LUSH,6928,01:45:26,NZL,Runner 20-29 years,28,Female,72,34,90,475
390,GAVIN WARREN GILES,5797,01:46:02,NZL,Runner 60-69 years,4,Male,318,4,398,499
391,DANIEL CAMPBELL,7908,01:34:33,NZL,Runner 20-29 years,111,Male,319,49,130,150
392,TUI SUMMERS,4886,01:45:31,NZL,Runner 40-49 years,17,Female,73,19,92,478
393,STEPHAN MOHR,3742,01:45:26,,Runner 40-49 years,70,Male,320,82,385,474
394,RICHARD COOKE,5791,01:39:09,NZL,Runner 20-29 years,112,Male,321,76,208,245
395,SIMON WHEELER,5334,01:45:09,NZL,Runner 40-49 years,71,Male,322,74,372,456
396,HAIDEE PARRY,4157,01:45:44,NZL,Runner 40-49 years,18,Female,74,21,97,486
397,MATHEW COLEMAN,5417,01:46:05,AUS,Runner 40-49 years,72,Male,323,85,402,503
398,DAVID BLUCK,5976,01:43:38,NZL,Runner 40-49 years,73,Male,324,64,318,392
399,ERIN WELLINGTON,3775,01:39:56,NZL,Runner 30-39 years,24,Female,75,16,44,268
400,AMELIA STEEL,3199,01:45:38,NZL,Runner 40-49 years,19,Female,76,20,95,482
401,KIM MCBEATH,5845,01:45:59,NZL,Runner 40-49 years,74,Male,325,84,397,497
402,HAYDEN STOCKDALE,3237,01:45:24,NZL,Runner 40-49 years,75,Male,326,80,383,472
403,ANDY GIESECKE,5830,01:45:51,CHL,Runner 30-39 years,108,Male,327,134,392,491
404,SALLY CURRIE,3835,01:39:56,NZL,Runner 30-39 years,25,Female,77,17,45,269
405,JOSIE ASKIN,6306,01:40:02,NZL,Runner 30-39 years,26,Female,78,19,47,273
406,ANGELA VANCE,3447,01:45:56,NZL,Runner 30-39 years,27,Female,79,32,100,495
407,ANTHONY WILKINSON,4712,01:44:10,NZL,Runner 40-49 years,76,Male,328,67,338,416
408,DANIEL VETTORI,4793,01:46:03,NZL,Runner 30-39 years,109,Male,329,137,399,500
409,JAKE DUIVENVOORDEN,3528,01:43:51,AUS,Runner 20-29 years,113,Male,330,119,329,406
410,TOM DUDLEY,7285,01:44:25,NZL,Runner 20-29 years,114,Male,331,126,348,427
411,TONY BRORENS,5158,01:44:28,NZL,Runner 50-59 years,19,Male,332,19,351,430
412,ANTHONY EMMS,5350,01:43:30,NZL,Runner 40-49 years,77,Male,333,62,312,384
413,RYAN EGERTON,4010,01:45:50,NZL,Runner 20-29 years,115,Male,334,139,390,489
414,JEFF HILL,8048,01:45:50,NZL,Runner 30-39 years,110,Male,335,133,391,490
415,CLAUDIA HERRON,7288,01:46:00,NZL,Runner 20-29 years,29,Female,80,38,101,498
416,JOHN BECKINGSALE,8032,01:46:34,NZL,Runner 60-69 years,5,Male,336,5,413,520
417,SAI VEA,4354,01:44:04,,Runner 30-39 years,111,Male,337,117,334,412
418,JODIE TRIM,6830,01:43:46,AUS,Runner 20-29 years,30,Female,81,30,77,399
419,DIANE LIVINGSTON,6556,01:45:49,NZL,Runner 50-59 years,3,Female,82,6,99,488
420,SIMON GLASS,6066,01:46:06,NZL,Runner 30-39 years,112,Male,338,138,403,505
421,JIM EDWARDS,6628,01:46:07,NZL,Runner 40-49 years,78,Male,339,86,404,506
422,HAMISH BENNETT,3120,01:45:54,NZL,Runner 40-49 years,79,Male,340,83,394,493
423,MIKE FAIRHURST,4469,01:44:38,NZL,Runner 20-29 years,116,Male,341,129,356,438
424,MARY VETTORI,4570,01:46:37,NZL,Runner 40-49 years,20,Female,83,24,110,524
425,IAN ROSE,5474,01:46:36,NZL,Runner 50-59 years,20,Male,342,23,414,523
426,HAMISH BAKER,4935,01:46:32,NZL,Runner 30-39 years,113,Male,343,141,412,519
427,ANDREW WILSON,7271,01:44:48,NZL,Runner 20-29 years,117,Male,344,130,359,441
428,SAM WOHLERS,5452,01:46:26,NZL,Runner 20-29 years,118,Male,345,144,410,515
429,THERESA BIDWELL,3520,01:45:11,NZL,Runner 40-49 years,21,Female,84,17,85,458
430,HELENA BARNES,6992,01:46:52,NZL,Runner 20-29 years,31,Female,85,44,115,534
431,BECKY WILSON,7813,01:47:07,GBR,Runner 30-39 years,28,Female,86,36,120,544
432,DAVE BASCAND,5309,01:47:05,NZL,Runner 30-39 years,114,Male,346,143,424,541
433,MENZELI MAPHUMULO,6796,01:47:14,,Runner 20-29 years,119,Male,347,150,426,549
434,JOANNA BLANC,4777,01:46:40,FRA,Runner 20-29 years,32,Female,87,43,112,527
435,MARK SHIRLEY,5123,01:47:17,NZL,Runner 30-39 years,115,Male,348,146,429,553
436,SCOTT PEARSON,3561,01:44:58,NZL,Runner 50-59 years,21,Male,349,22,366,450
437,COLIN GREALY,3087,01:47:03,,Runner 40-49 years,80,Male,350,90,423,540
438,MATTHEW DOBBS,3436,01:45:25,NZL,Runner 40-49 years,81,Male,351,81,384,473
439,SANDRA POLAND,5981,01:47:06,NZL,Runner 40-49 years,22,Female,88,27,118,542
440,CATHERINE EVANS,3917,01:45:23,GBR,Runner 30-39 years,29,Female,89,29,89,471
441,MADDY SMART,6264,01:44:34,NZL,Runner 16-19 years,4,Female,90,4,81,434
442,LAUREN SHEPHERD,7054,01:46:35,GBR,Runner 20-29 years,33,Female,91,41,109,522
443,NATHAN O'NEILL,4827,01:46:42,NZL,Runner 40-49 years,82,Male,352,89,416,529
444,TAYLOR QUIRK,7486,01:46:54,NZL,Runner 20-29 years,120,Male,353,148,421,537
445,HAMISH MCKENZIE,5763,01:45:20,NZL,Runner 30-39 years,116,Male,354,129,379,466
446,EMMA BEEBY,4287,01:47:12,NZL,Runner 20-29 years,34,Female,92,46,122,547
447,TOM WILLIAMS,5979,01:46:53,NZL,Runner 20-29 years,121,Male,355,147,420,536
448,ALAN FAULCONBRIDGE,7287,01:47:23,NZL,Runner 50-59 years,22,Male,356,27,432,557
449,MATTHEW GREENSLADE,8194,01:45:42,NZL,Runner 20-29 years,122,Male,357,138,389,485
450,STEVE AITKEN,6475,01:47:17,NZL,Runner 50-59 years,23,Male,358,26,430,554
451,ANDREW WILKES,7231,01:45:19,NZL,Runner 20-29 years,123,Male,359,137,378,464
452,CHRIS LAMBERT,7389,01:36:29,,Runner 20-29 years,124,Male,360,59,164,185
453,ALICE BARACH,5497,01:47:43,NZL,Runner 30-39 years,30,Female,93,42,129,571
454,EMILY DICK,3598,01:47:38,NZL,Runner 30-39 years,31,Female,94,41,128,567
455,TONY GRAY,5941,01:47:31,NZL,Runner 40-49 years,83,Male,361,94,436,562
456,ANDREW O'REGAN,6343,01:47:11,NZL,Runner 30-39 years,117,Male,362,144,425,546
457,KANE WRIGHT,5178,01:47:38,NZL,Runner 30-39 years,118,Male,363,149,440,568
458,VAITE BOUNHOURE,3471,01:45:46,FRA,Runner 30-39 years,32,Female,95,31,98,487
459,STEPH CRANFIELD,3792,01:47:13,NZL,Runner 40-49 years,23,Female,96,29,123,548
460,HUGH MACMURRAY,9541,01:45:41,NZL,Runner 30-39 years,119,Male,364,132,388,484
461,TOM JARROLD,4649,01:47:26,NZL,Runner 20-29 years,125,Male,365,152,434,559
462,BRETT WOODWISS,5751,01:47:44,AUS,Runner 40-49 years,84,Male,366,95,443,572
463,CALLUM KNOX,5286,01:46:04,NZL,Runner 20-29 years,126,Male,367,142,401,502
464,ALAN BRANNIGAN,3776,01:48:04,NZL,Runner 40-49 years,85,Male,368,97,450,588
465,MATT MCKAY,7146,01:45:04,NZL,Runner 20-29 years,127,Male,369,132,368,452
466,KAY NELSON,6399,01:46:09,NZL,Runner 40-49 years,24,Female,97,22,104,508
467,MATTHEW GREGG,3217,01:45:57,NZL,Runner 30-39 years,120,Male,370,136,396,496
468,KELLY SMITH,3239,01:47:22,NZL,Runner 40-49 years,86,Male,371,92,431,556
469,JEREMY LIGHTFOOT,5358,01:41:30,GBR,Runner 40-49 years,25,Female,98,13,62,317
470,LEIA SILBY,3590,01:47:48,NZL,Runner 30-39 years,33,Female,99,43,130,574
471,KATHLEEN MUNSON,8062,01:48:01,USA,Runner 30-39 years,34,Female,100,45,136,584
472,OLIVIA GRAY,3877,01:48:13,NZL,Runner 20-29 years,35,Female,101,51,140,592
473,JONATHON TWYMAN,3355,01:47:43,NZL,Runner 30-39 years,121,Male,372,150,442,570
474,WAYNE CASKIE,5866,01:47:45,NZL,Runner 40-49 years,87,Male,373,96,444,573
475,NEIL SMITH,6912,01:46:10,GBR,Runner 30-39 years,122,Male,374,139,405,509
476,ADAM BOYD,6188,01:36:53,NZL,Runner 30-39 years,123,Male,375,58,168,193
477,BEN LILLEY,5978,01:47:53,NZL,Runner 20-29 years,128,Male,376,155,447,578
478,BILLY H K CHEUNG,6889,01:47:36,HKG,Runner 30-39 years,124,Male,377,148,438,564
479,KATE ROWLANDS,4860,01:47:26,NZL,Runner 30-39 years,35,Female,102,39,126,560
480,BRIAN O'KEEFFE,6699,01:47:34,,Runner 30-39 years,125,Male,378,147,437,563
481,SHIVAM NARANDAS,5416,01:47:50,NZL,Runner 20-29 years,129,Male,379,154,446,576
482,MATTHEW BOOTE,7359,01:46:30,NZL,Runner 20-29 years,130,Male,380,145,411,517
483,CARA TRENBERTH,8019,01:46:31,NZL,Runner 40-49 years,26,Female,103,23,107,518
484,SARAH MORRIS,7196,01:46:27,AUS,Runner 30-39 years,36,Female,104,34,106,516
485,VICKY LEWIS,4213,01:46:34,NZL,Runner 50-59 years,4,Female,105,7,108,521
486,FRANCES FULTON,8168,01:46:20,NZL,Runner 20-29 years,36,Female,106,40,105,512
487,DAVID BRODERICK,5359,01:48:19,NZL,Runner 30-39 years,126,Male,381,157,459,599
488,BRIAN DUNBAR,5785,01:48:30,NZL,Runner 30-39 years,127,Male,382,160,467,610
489,JULIE BROWN,5263,01:47:59,,Runner 40-49 years,27,Female,107,30,133,580
490,DALE RHODES,7996,01:46:14,NZL,Runner 40-49 years,88,Male,383,87,406,510
491,ALICIA ROSEVEAR,4621,01:45:39,NZL,Runner 20-29 years,37,Female,108,37,96,483
492,HANNES PACHLER,7986,01:38:02,AUT,Runner 16-19 years,11,Male,384,8,187,215
493,AUSTIN SMITHERS,6569,01:37:36,USA,Runner 20-29 years,38,Female,109,11,27,207
494,JAI PANCHA,6382,01:48:04,NZL,Runner 20-29 years,39,Female,110,50,138,587
495,JESSEE MAYHEW,6167,01:47:59,NZL,Runner 20-29 years,40,Female,111,48,132,579
496,CHRIS LEECH,6227,01:42:21,NZL,Runner 40-49 years,89,Male,385,56,280,346
497,KATE BRADLEY,9571,01:47:52,,Runner 20-29 years,41,Female,112,47,131,577
498,JOHNNY MITCHELL,7783,01:46:52,NZL,Runner 30-39 years,128,Male,386,142,418,532
499,BENJAMIN ROTTO,6151,01:37:09,NZL,Runner 20-29 years,131,Male,387,65,174,200
500,CLAIRE THORNTON,5037,01:48:09,NZL,Runner 40-49 years,28,Female,113,31,139,590
501,MEGAN MANSELL,6559,01:46:07,AUS,Runner 30-39 years,37,Female,114,33,103,507
502,JAMES CATTY,7562,01:48:17,NZL,Runner 30-39 years,129,Male,388,156,456,596
503,IAN MOSHEIM,5977,01:48:03,NZL,Runner 50-59 years,24,Male,389,28,449,586
504,PRUE BUCKINGHAM,4751,01:48:40,NZL,Runner 16-19 years,5,Female,115,6,147,617
505,NICOLE BUNYON,7209,01:48:21,AUS,Runner 40-49 years,29,Female,116,32,141,600
506,HAMISH COOKE,6367,01:42:12,NZL,Runner 20-29 years,132,Male,390,101,276,341
507,RACHEL SORENSON,5342,01:46:52,NZL,Runner 40-49 years,30,Female,117,26,116,535
508,LAURENCE ELLIOTT,6467,01:48:24,NZL,Runner 20-29 years,133,Male,391,159,463,606
509,GERHARD OOSTHUIZEN,6993,01:46:56,NZL,Runner 20-29 years,134,Male,392,149,422,539
510,CHELSEA DAWSON,7129,01:46:54,NZL,Runner 20-29 years,42,Female,118,45,117,538
511,EMILY MOLLOY,5913,01:47:06,NZL,Runner 16-19 years,6,Female,119,5,119,543
512,LEO RYAN,7879,01:47:16,NZL,Runner 30-39 years,130,Male,393,145,428,551
513,JAMES WOODCOCK,6023,01:46:21,GBR,Runner 30-39 years,131,Male,394,140,408,513
514,MORGAN AHU,7626,01:49:16,NZL,Runner 20-29 years,43,Female,120,56,156,641
515,MICHAEL DIGNAN,3777,01:48:50,AUS,Runner 50-59 years,25,Male,395,29,475,624
516,CAROLINE PATERSON,5418,01:47:20,NZL,Runner 30-39 years,38,Female,121,38,125,555
517,TODD HOUSTON,5001,01:49:25,NZL,Runner 20-29 years,135,Male,396,171,489,646
518,CHRIS BENNETT,7240,01:43:31,NZL,Runner 30-39 years,132,Male,397,107,313,386
519,ROVENA JACKSON,6595,01:47:37,NZL,Runner 30-39 years,39,Female,122,40,127,566
520,DANIEL MCKERCHAR,4285,01:38:54,NZL,Runner 30-39 years,133,Male,398,70,205,240
521,HAMISH MARTIN,5306,01:49:00,NZL,Runner 30-39 years,134,Male,399,164,478,630
522,KELLY RANSOME,5300,01:48:41,AUS,Runner 30-39 years,40,Female,123,47,148,618
523,REBECCA BLAKE,6896,01:49:29,NZL,Runner 20-29 years,44,Female,124,58,158,649
524,VICTORIA BIDDICK,3249,01:49:10,NZL,Runner 40-49 years,31,Female,125,37,155,640
525,GILL GRAY,6583,01:43:15,NZL,Runner 50-59 years,5,Female,126,3,70,376
526,SOPHIE AUWERDA,4846,01:49:01,NZL,Runner 20-29 years,45,Female,127,55,153,635
527,ROSS GATENBY,7286,01:49:35,NZL,Runner 60-69 years,6,Male,400,7,495,655
528,JANE MARSHALL,6832,01:43:44,NZL,Runner 20-29 years,46,Female,128,29,76,397
529,JOHN MORTIMER,4305,01:48:58,NZL,Runner 20-29 years,136,Male,401,168,477,628
530,BILL RICHARDS,5319,01:47:50,AUS,Runner 60-69 years,7,Male,402,6,445,575
531,LIAM GRAY,7938,01:43:39,NZL,Runner 16-19 years,12,Male,403,12,319,394
532,MARTIN MORENO,6519,01:49:29,ARG,Runner 30-39 years,135,Male,404,170,491,648
533,CALEB SKENE,3416,01:49:44,NZL,Runner 20-29 years,137,Male,405,174,504,666
534,MARCUS MANNERING,6578,01:48:10,NZL,Runner 30-39 years,136,Male,406,153,452,591
535,HAYLEY SCHILLINGS,5317,01:49:17,CAN,Runner 20-29 years,47,Female,129,57,157,642
536,P LEMON,3731,01:39:43,NZL,Runner 30-39 years,137,Male,407,74,218,260
537,MARGO MCKENDRY,3631,01:49:40,NZL,Runner 40-49 years,32,Female,130,39,162,663
538,ROBERT GALLAGHER,6414,01:48:13,,Runner 20-29 years,138,Male,408,156,453,593
539,JORDAN LINEHAM,6249,01:48:18,NZL,Runner 20-29 years,139,Male,409,157,458,598
540,GRACE BUCKINGHAM,5700,01:49:49,NZL,Runner 20-29 years,48,Female,131,61,165,670
541,DAVID HAYDON,7523,01:49:40,AUS,Runner 40-49 years,90,Male,410,105,501,662
542,MATT OBRIEN,5080,01:49:33,NZL,Runner 40-49 years,91,Male,411,102,494,653
543,RICHIE O'MEARA,7068,01:43:59,NZL,Runner 30-39 years,138,Male,412,116,331,409
544,ERIKA HARRIS,6956,01:48:02,NZL,Runner 30-39 years,41,Female,132,46,137,585
545,LUCY TOWNEND,5445,01:43:38,NZL,Runner 20-29 years,49,Female,133,28,75,393
546,HARTLEY HARE,7049,01:39:17,NZL,Runner 30-39 years,139,Male,413,72,212,250
547,STEPHEN GILL,7463,01:47:15,NZL,Runner 40-49 years,92,Male,414,91,427,550
548,JORDAN STEBBINGS,7306,01:44:02,GBR,Runner 20-29 years,140,Male,415,120,332,410
549,VICTOR LI,7834,01:49:36,NZL,Runner 20-29 years,141,Male,416,172,497,657
550,BETH VANDERHAVEN,7782,01:50:15,NZL,Runner 20-29 years,50,Female,134,64,175,687
551,NATHAN BAYLE,6744,01:49:40,GBR,Runner 20-29 years,142,Male,417,173,500,661
552,SRINAND ARUNKUMAR,5839,01:48:25,IND,Runner 20-29 years,143,Male,418,161,465,608
553,GAVIN WHITBURN,7124,01:49:50,AUS,Runner 40-49 years,93,Male,419,106,506,671
554,DAN BATCHELOR,5809,01:48:06,NZL,Runner 30-39 years,140,Male,420,152,451,589
555,PAUL NICHOLS,8186,01:48:46,,Runner 30-39 years,141,Male,421,163,473,622
556,RICHARD WELLS,3919,01:50:19,NZL,Runner 40-49 years,94,Male,422,110,517,692
557,PRUE BEAMS,6767,01:48:38,NZL,Runner 40-49 years,33,Female,135,34,146,615
558,GRETCHEN LOW,4170,01:50:00,NZL,Runner 30-39 years,42,Female,136,53,168,677
559,LEANNE BERKAHN,7061,01:48:31,NZL,Runner 50-59 years,6,Female,137,8,144,611
560,CAITLIN CORBIN,4133,01:50:22,NZL,Runner 20-29 years,51,Female,138,65,176,694
561,ANNA ROBB,3109,01:49:59,NZL,Runner 30-39 years,43,Female,139,52,167,676
562,MIKE WILSON,6933,01:40:11,NZL,Runner 20-29 years,144,Male,423,84,229,277
563,SARAH WATTS,4518,01:48:46,NZL,Runner 40-49 years,34,Female,140,35,149,621
564,MATT BALLARD,6477,01:50:26,NZL,Runner 40-49 years,95,Male,424,112,522,700
565,ASHER STRANGE,7033,01:44:02,NZL,Runner 20-29 years,145,Male,425,121,333,411
566,INGRID COOPER,6574,01:48:23,NZL,Runner 20-29 years,52,Female,141,52,143,605
567,MARK HORROCKS,3957,01:50:44,NZL,Runner 40-49 years,96,Male,426,115,529,712
568,CHRISTINE JONES,5331,01:50:02,NZL,Runner 60-69 years,1,Female,142,1,170,681
569,MATTHEW IRELAND,6135,01:49:57,GBR,Runner 40-49 years,97,Male,427,108,509,675
570,JEMMA MORLAND,3558,01:44:35,NZL,Runner 30-39 years,44,Female,143,27,82,435
571,LAURA MCRODDEN,7560,01:49:57,NZL,Runner 30-39 years,45,Female,144,51,166,674
572,JULES COONEY,7522,01:35:59,NZL,Runner 40-49 years,98,Male,428,26,154,175
573,CHRIS MCILWRICK,6844,01:50:54,NZL,Runner 30-39 years,142,Male,429,180,538,722
574,KEITH WALKER,7253,01:48:15,GBR,Runner 30-39 years,143,Male,430,154,454,594
575,JIM NOBLE,7164,01:49:07,NZL,Runner 20-29 years,146,Male,431,169,483,636
576,KELLY FRASER,4567,01:49:07,NZL,Runner 30-39 years,46,Female,145,49,154,637
577,BRADLEY FREEMAN,3472,01:49:09,NZL,Runner 30-39 years,144,Male,432,167,485,639
578,NATHAN LEWIS,6345,01:44:57,GBR,Runner 20-29 years,147,Male,433,131,365,449
579,TAKASHI MIYAKE,7627,01:50:53,JPN,Runner 40-49 years,99,Male,434,118,537,721
580,GEOFFREY MILLER,5151,01:50:43,NZL,Runner 60-69 years,8,Male,435,9,528,711
581,MATTHEW GRANT,4117,01:49:07,NZL,Runner 40-49 years,100,Male,436,100,484,638
582,ATLAS MULTISPORTS,7679,01:51:23,AUS,Runner 30-39 years,145,Male,437,189,554,752
583,LISA CROWTHER,7602,01:51:23,AUS,Runner 30-39 years,47,Female,146,62,198,751
584,MARK BLOOD,5363,01:49:01,GBR,Runner 50-59 years,26,Male,438,30,481,633
585,PAULA GROOBY,4378,01:50:27,NZL,Runner 50-59 years,7,Female,147,9,179,702
586,NICK MAGILL,8328,01:51:16,NZL,Runner 30-39 years,146,Male,439,186,550,744
587,DAMIEN O'KANE,7071,01:50:47,NZL,Runner 30-39 years,147,Male,440,179,531,715
588,SARAH RYAN,6215,01:50:59,NZL,Runner 20-29 years,53,Female,148,69,185,725
589,NICHOLAS VERNON,7147,01:51:05,NZL,Runner 30-39 years,148,Male,441,183,543,731
590,PETE ROLLINSON,3860,01:49:01,NZL,Runner 30-39 years,149,Male,442,166,482,634
591,GARETH LEAK,4684,01:48:55,NZL,Runner 20-29 years,148,Male,443,167,476,626
592,SAM MCCAULEY,3438,01:49:25,NZL,Runner 40-49 years,101,Male,444,101,490,647
593,MARC WALKER,6700,01:50:45,GBR,Runner 20-29 years,149,Male,445,180,530,714
594,JOHN BREEN,7824,01:49:29,AUS,Runner 50-59 years,27,Male,446,31,492,651
595,GLENN WHEELER,4007,01:45:17,NZL,Runner 40-49 years,102,Male,447,76,377,462
596,PAUL PETTIT,3526,01:51:10,NZL,Runner 40-49 years,103,Male,448,120,547,739
597,WAYNE NICHOLL,5465,01:49:00,NZL,Runner 40-49 years,104,Male,449,99,479,631
598,MILES ANDREWS,4639,01:48:38,NZL,Runner 30-39 years,150,Male,450,161,470,616
599,GABRIEL ROSSI ZANINI,6994,01:51:00,BRA,Runner 20-29 years,150,Male,451,183,541,727
600,MICHAEL HOWARD,4100,01:49:17,NZL,Runner 30-39 years,151,Male,452,168,486,643
601,JOSHUA LECKIE,7391,01:49:55,NZL,Runner 30-39 years,152,Male,453,174,507,672
602,REBECCA CONNELL,5998,01:51:24,NZL,Runner 30-39 years,48,Female,149,63,199,755
603,JP WOLFENDEN,4783,01:49:39,NZL,Runner 40-49 years,105,Male,454,104,498,659
604,MIKE MORRISON,4350,01:49:39,NZL,Runner 30-39 years,153,Male,455,172,499,660
605,DARREN COYNE,6483,01:51:46,NZL,Runner 20-29 years,151,Male,456,192,568,780
606,MISCHA BONGERS,3538,01:49:29,AUS,Runner 20-29 years,54,Female,150,59,159,650
607,REIGH AGUINALDO,6731,01:51:10,NZL,Runner 20-29 years,152,Male,457,186,548,740
608,LOGAN WEIR,6582,01:51:12,NZL,Runner 30-39 years,154,Male,458,185,549,741
609,MATT HUTCHINGS,7177,01:37:10,NZL,Runner 20-29 years,153,Male,459,66,175,201
610,ERIC KOOG,6669,01:51:23,USA,Runner 40-49 years,106,Male,460,121,556,754
611,JARED CRAWFORD,7661,01:50:00,NZL,Runner 30-39 years,155,Male,461,175,510,679
612,MARINA REID WILSON,5726,01:51:30,AUS,Runner 40-49 years,35,Female,151,49,205,762
613,DOMINIQUE THARANDT,6509,01:51:06,,Runner 40-49 years,36,Female,152,47,192,735
614,SARA ROBERTSON,6084,01:51:29,CAN,Runner 20-29 years,55,Female,153,73,202,759
615,WILLIAM PRIOR,5224,01:51:17,GBR,Runner 20-29 years,154,Male,462,187,551,746
616,DAVID OWEN,5724,01:49:44,GBR,Runner 50-59 years,28,Male,463,32,503,665
617,EMILY CARR-BOYD,6314,01:50:13,AUS,Runner 30-39 years,49,Female,154,55,173,684
618,ANDREW WOODS,7290,01:50:16,NZL,Runner 50-59 years,29,Male,464,33,515,690
619,KRISTIE SIMPSON,3639,01:51:32,NZL,Runner 30-39 years,50,Female,155,65,206,765
620,DARREN PETTERSSON,4027,01:51:46,NZL,Runner 30-39 years,156,Male,465,193,569,781
621,SARAH BROOKSHAW,3978,01:49:37,GBR,Runner 30-39 years,51,Female,156,50,161,658
622,MICHELLE SHIRKEY,3847,01:51:49,NZL,Runner 30-39 years,52,Female,157,67,213,783
623,BEN SHIRKEY,3848,01:51:50,NZL,Runner 30-39 years,157,Male,466,194,571,784
624,AMIN OSAMA,3980,01:50:24,NZL,Runner 20-29 years,155,Male,467,177,520,697
625,JENNA STEVENS,3647,01:51:35,NZL,Runner 30-39 years,53,Female,158,66,207,766
626,MATT POW,7184,01:50:16,AUS,Runner 30-39 years,158,Male,468,177,514,689
627,MARTA LAPINI,5257,01:46:06,NZL,Runner 20-29 years,56,Female,159,39,102,504
628,ISOBEL BARRY,7017,01:51:37,GBR,Runner 40-49 years,37,Female,160,50,208,767
629,TANYA HART,5067,01:50:14,NZL,Runner 40-49 years,38,Female,161,40,174,685
630,KERRY DARBYSHIRE,4427,01:50:35,AUS,Runner 40-49 years,39,Female,162,42,181,706
631,OLIVIA CARLETON,4519,01:46:38,NZL,Runner 20-29 years,57,Female,163,42,111,525
632,TIM COWAN,7918,01:52:32,NZL,Runner 40-49 years,107,Male,469,127,586,816
633,RORY CROSBIE,5353,01:49:56,,Runner 40-49 years,108,Male,470,107,508,673
634,LUCY MACKISACK,6455,01:50:37,NZL,Runner 20-29 years,58,Female,164,68,183,708
635,JOELLE BRITTAIN,8086,01:51:01,AUS,Runner 40-49 years,40,Female,165,44,187,728
636,ALICE WALSH,4398,01:52:43,NZL,Runner 30-39 years,54,Female,166,70,232,820
637,PAULA WILSON,3165,01:51:00,NZL,Runner 40-49 years,41,Female,167,43,186,726
638,SCOTT HANRAHAN,4152,01:50:50,AUS,Runner 40-49 years,109,Male,471,117,533,717
639,AMY GRUNDY,7939,01:51:14,NZL,Runner 30-39 years,55,Female,168,59,193,742
640,HAMISH LEWIS,5754,01:52:31,NZL,Runner 30-39 years,159,Male,472,198,585,815
641,PHOEBE DI TOMMASO,6173,01:52:46,AUS,Runner 20-29 years,59,Female,169,83,234,822
642,ABBY DAWSON,3805,01:51:06,NZL,Runner 20-29 years,60,Female,170,70,189,732
643,JULIE EADDY,7564,01:51:06,NZL,Runner 40-49 years,42,Female,171,46,191,734
644,SAM HARE,7944,01:37:46,GBR,Runner 20-29 years,156,Male,473,69,184,212
645,TONY BALFOUR,4114,01:51:23,NZL,Runner 50-59 years,30,Male,474,35,555,753
646,ANNA MELLSOP,3413,01:47:16,NZL,Runner 30-39 years,56,Female,172,37,124,552
647,MARK IGGO,3510,01:51:26,NZL,Runner 40-49 years,110,Male,475,122,557,756
648,DAYNA STUART,3207,01:37:09,NZL,Runner 40-49 years,111,Male,476,30,173,199
649,GREG STEVENSON,3570,01:50:56,NZL,Runner 30-39 years,160,Male,477,181,539,723
650,JASMINE KUBALA,4747,01:51:28,NZL,Runner 20-29 years,61,Female,173,72,201,758
651,MEGAN REILLY,3977,01:46:46,NZL,Runner 30-39 years,57,Female,174,35,114,531
652,KATE GILMORE,7934,01:52:53,AUS,Runner 20-29 years,62,Female,175,86,239,827
653,CATRIONA COVERSON,7492,01:53:06,NZL,Runner 20-29 years,63,Female,176,90,243,834
654,COURTNEY BRIGGS,7369,01:52:46,NZL,Runner 30-39 years,58,Female,177,71,233,821
655,SUZANNE REID,6391,01:52:30,NZL,Runner 50-59 years,8,Female,178,13,230,814
656,PABLO SILVA,5258,01:42:27,ARG,Runner 30-39 years,161,Male,478,98,284,350
657,ALLANNAH MCRAE,4544,01:50:44,NZL,Runner 30-39 years,59,Female,179,57,184,713
658,ED MITCHELL,6274,01:52:38,NZL,Runner 60-69 years,9,Male,479,11,588,819
659,KIRSTI MURAHIDY,4599,01:52:51,NZL,Runner 30-39 years,60,Female,180,72,237,825
660,CHRIS LINWOOD,8147,01:51:32,NZL,Runner 30-39 years,162,Male,480,190,559,764
661,OLIVER JONES,7766,01:47:24,NZL,Runner 20-29 years,157,Male,481,151,433,558
662,AMANDA OORSCHOT,3927,01:43:05,NZL,Runner 30-39 years,61,Female,181,23,68,367
663,COLE ASKEW,4365,01:53:32,NZL,Runner 20-29 years,158,Male,482,207,606,859
664,SCOTT TAYLOR,3701,01:53:13,NZL,Runner 30-39 years,163,Male,483,201,593,842
665,SCOTT MAUD,8149,01:53:13,NZL,Runner 30-39 years,164,Male,484,202,594,843
666,SATHYAMOORTHY JAYACHANDRAN,4951,01:53:28,IND,Runner 20-29 years,159,Male,485,205,602,854
667,ANDREW MCCORMICK,5354,01:50:50,NZL,Runner 40-49 years,112,Male,486,116,532,716
668,NICK DRURY,6302,01:53:07,NZL,Runner 40-49 years,113,Male,487,129,592,835
669,TINEKE HOOFT,7703,01:52:52,,Runner 50-59 years,9,Female,182,14,238,826
670,MARK PARRY,4158,01:50:57,NZL,Runner 40-49 years,114,Male,488,119,540,724
671,JULIE MCKAY,4022,01:51:17,NZL,Runner 40-49 years,43,Female,183,48,195,745
672,NAOMI PHILLIPS,4370,01:52:47,NZL,Runner 20-29 years,64,Female,184,85,236,824
673,MATTHEW WEST,6620,01:53:31,USA,Runner 50-59 years,31,Male,489,38,605,858
674,KARINA WENKER,6571,01:51:57,,Runner 30-39 years,62,Female,185,68,217,791
675,PATRICK BROWNE,6883,01:42:49,NZL,Runner 20-29 years,160,Male,490,105,291,358
676,MARTIN PEARCE,7989,01:42:05,GBR,Runner 30-39 years,165,Male,491,93,273,338
677,MALCOLM DURLING,4560,01:53:59,NZL,Runner 20-29 years,161,Male,492,212,622,881
678,LAUREN JAMES,8293,01:53:08,NZL,Runner 30-39 years,63,Female,186,75,246,838
679,JOHN MILLS,3800,01:43:36,NZL,Runner 30-39 years,166,Male,493,108,315,388
680,CHRISTOPHER WILSON,3885,01:53:44,AUS,Runner 60-69 years,10,Male,494,14,617,872
681,NICHOLAS LOUBSER,7042,01:51:50,NZL,Runner 20-29 years,162,Male,495,194,572,785
682,KENZIE WHYTE,6811,01:51:59,NZL,Runner 20-29 years,65,Female,187,78,219,794
683,TIM COLTMAN,6980,01:51:51,NZL,Runner 20-29 years,163,Male,496,195,573,786
684,MARIEKE MAHONEY,5971,01:53:47,,Runner 30-39 years,64,Female,188,79,256,873
685,SHARAD SINGH,7423,01:51:51,IND,Runner 50-59 years,32,Male,497,36,574,788
686,PABLO CARRILLO,7912,01:53:35,MEX,Runner 30-39 years,167,Male,498,208,609,862
687,REUBEN NEWHOUSE,7283,01:52:01,NZL,Runner 30-39 years,168,Male,499,196,577,797
688,PAUL RIETHMAIER,3732,01:53:30,NZL,Runner 30-39 years,169,Male,500,206,603,856
689,RYAN SPILLANE,5229,01:48:15,NZL,Runner 30-39 years,170,Male,501,155,455,595
690,MICHELLE HAMILL,6214,01:51:17,NZL,Runner 30-39 years,65,Female,189,60,196,747
691,JOHN PEMBERTON,4409,01:53:19,NZL,Runner 50-59 years,33,Male,502,37,596,846
692,PADDY MC GOWAN,7133,01:53:25,,Runner 30-39 years,171,Male,503,203,599,849
693,STEVE MANGELS,7484,01:52:12,NZL,Runner 40-49 years,115,Male,504,126,581,803
694,MICHAEL BOWMAN,3585,01:51:09,NZL,Runner 30-39 years,172,Male,505,184,546,738
695,STEPHANIE STURM,5409,01:53:55,NZL,Runner 40-49 years,44,Female,190,64,258,877
696,ANGELA A'COURT,6614,01:52:27,NZL,Runner 40-49 years,45,Female,191,56,227,811
697,ALEXANDER ADRIAENS,6113,01:52:09,NZL,Runner 20-29 years,164,Male,506,199,580,802
698,SOPHIE TREMBATH,5197,01:51:29,GBR,Runner 30-39 years,66,Female,192,64,203,760
699,SHERYN MACQUET,8131,01:53:50,AUS,Runner 40-49 years,46,Female,193,63,257,875
700,CHRIS WHITE,8157,01:48:21,NZL,Runner 20-29 years,165,Male,507,158,460,601
701,MICHAEL PARKIN,6335,01:48:23,NZL,Runner 30-39 years,173,Male,508,158,461,603
702,KIM PARRY,6360,01:53:37,NZL,Runner 40-49 years,47,Female,194,62,254,863
703,NILAY CHAUHAN,6666,01:48:24,NZL,Runner 20-29 years,166,Male,509,160,464,607
704,ALISTAIR MADILL,6633,01:53:39,NZL,Runner 60-69 years,11,Male,510,13,613,867
705,KIRSTEN HODGSON,5163,01:52:28,NZL,Runner 40-49 years,48,Female,195,57,228,812
706,CHIN FUNG BONG,7493,01:43:51,,Runner 20-29 years,167,Male,511,118,328,405
707,RICHARD MASON,7699,01:52:33,NZL,Runner 30-39 years,174,Male,512,199,587,817
708,JOSEF KRAL,7961,01:48:33,CZE,Runner 20-29 years,168,Male,513,163,468,613
709,CHRISTIAN MUIRHEAD,5857,01:51:39,NZL,Runner 40-49 years,116,Male,514,123,562,770
710,PALE TAUTI,7297,01:51:58,NZL,Runner 30-39 years,175,Male,515,195,575,792
711,TESSA AUKJE DEKKER,6530,01:54:15,,Runner 20-29 years,66,Female,196,97,263,889
712,SAM LOWREY,4962,01:43:54,NZL,Runner 30-39 years,176,Male,516,115,330,407
713,KIT HORSLEY,6845,01:53:58,NZL,Runner 20-29 years,169,Male,517,211,621,880
714,FRASER WOOD,3758,01:44:20,NZL,Runner 30-39 years,177,Male,518,120,346,425
715,ELEANOR MOE,4723,01:51:58,NZL,Runner 30-39 years,67,Female,197,69,218,793
716,AARON DIXON,5390,01:48:43,NZL,Runner 30-39 years,178,Male,519,162,472,620
717,CHAD HUBSHER,7952,01:52:54,USA,Runner 30-39 years,179,Male,520,200,589,828
718,CATHERINE FALLON,3541,01:54:15,NZL,Runner 30-39 years,68,Female,198,80,262,888
719,HARRY LEGGET,7355,01:48:49,NZL,Runner 20-29 years,170,Male,521,166,474,623
720,ROCHELLE COOPER,8166,01:48:22,NZL,Runner 40-49 years,49,Female,199,33,142,602
721,JENNIFER JOHNSTON,4531,01:52:14,NZL,Runner 40-49 years,50,Female,200,53,223,805
722,ELLIOTT DUNN,7554,01:52:02,NZL,Runner 20-29 years,171,Male,522,197,578,798
723,JAKUB MASARYK,7399,01:43:16,CZE,Runner 30-39 years,180,Male,523,103,307,379
724,JOSHUA DONN,7406,01:54:47,NZL,Runner 20-29 years,172,Male,524,215,641,923
725,STACEY CUNNINGHAM,7450,01:54:40,NZL,Runner 30-39 years,69,Female,201,83,277,915
726,MATTHEW SPOONER,3889,01:54:29,NZL,Runner 30-39 years,181,Male,525,216,635,906
727,ERIKA ANDERSON,3057,01:53:07,USA,Runner 30-39 years,70,Female,202,74,245,837
728,ERIN HUBSHER,7953,01:53:05,USA,Runner 20-29 years,67,Female,203,89,242,833
729,SARAH BEABLE,3686,01:43:59,NZL,Runner 30-39 years,71,Female,204,25,78,408
730,CYRIL MARNIQUET,6900,01:54:31,FRA,Runner 40-49 years,117,Male,526,138,636,907
731,ANTHONY BETROS,5723,01:55:01,AUS,Runner 40-49 years,118,Male,527,143,650,943
732,EMMA CRUTCHLEY,5558,01:54:49,NZL,Runner 30-39 years,72,Female,205,85,286,931
733,LYNDA LEES,3335,01:52:15,AUS,Runner 40-49 years,51,Female,206,54,224,806
734,NICKY HOLLAND,4889,01:53:10,NZL,Runner 40-49 years,52,Female,207,60,248,840
735,BABAN LASTIMOSA,7134,01:53:24,PHL,Runner 20-29 years,173,Male,528,204,598,848
736,ANGELA CHRISTIE,7421,01:54:39,NZL,Runner 40-49 years,53,Female,208,70,276,914
737,JULIA EVANS,7571,01:53:14,NZL,Runner 20-29 years,68,Female,209,91,250,844
738,JOEY BLATCH,7652,01:48:28,NZL,Runner 20-29 years,174,Male,529,162,466,609
739,RYAN MORTON,7121,01:45:06,NZL,Runner 20-29 years,175,Male,530,133,370,454
740,JANIK SCHARF,6995,01:53:00,,Runner 20-29 years,176,Male,531,202,590,830
741,ALLAN HOOPER,7797,01:54:49,NZL,Runner 50-59 years,34,Male,532,41,645,930
742,GUTO HARRIES,6794,01:40:32,GBR,Runner 20-29 years,177,Male,533,88,240,292
743,CATHERINE HENDERSON - HUGHES,6517,01:54:38,NZL,Runner 40-49 years,54,Female,210,69,275,913
744,ASHLEY PADAYACHEE,4721,01:55:18,NZL,Runner 40-49 years,119,Male,534,145,660,962
745,TRISTRAM JOHNSTON,6231,01:49:32,NZL,Runner 30-39 years,182,Male,535,171,493,652
746,HEIDI BAKER,3904,01:54:59,AUS,Runner 40-49 years,55,Female,211,75,292,941
747,RYAN NICOLLE,4004,01:53:39,NZL,Runner 30-39 years,183,Male,536,210,612,866
748,JAMIE ORR-TOBIN,7465,01:53:10,USA,Runner 30-39 years,73,Female,212,76,247,839
749,MORETTA EXCELL,6247,01:55:10,NZL,Runner 40-49 years,56,Female,213,77,298,953
750,KELLIE MCLAUGHLAN,4997,01:55:19,NZL,Runner 30-39 years,74,Female,214,90,304,964
751,JOEL BAUR,5248,01:54:58,FRA,Runner 40-49 years,120,Male,537,142,648,937
752,LAURA EADE,5533,01:53:04,NZL,Runner 20-29 years,69,Female,215,88,241,832
753,NATHAN MCLACHLAN,4706,01:53:33,NZL,Runner 30-39 years,184,Male,538,207,608,861
754,ALANNAH HAMILTON,6898,01:49:46,NZL,Runner 16-19 years,7,Female,216,7,163,667
755,JO DWYER,5860,01:55:21,NZL,Runner 40-49 years,57,Female,217,80,305,966
756,DAVE BULLING,6067,01:55:12,NZL,Runner 30-39 years,185,Male,539,221,657,956
757,MACIEJ WOJTKOWIAK,7769,01:53:17,NZL,Runner 40-49 years,121,Male,540,130,595,845
758,ANA SANTOS,6941,01:45:19,NZL,Runner 50-59 years,10,Female,218,5,86,463
759,CHARLOTTE FARRELL,6524,01:41:06,GBR,Runner 20-29 years,70,Female,219,21,55,304
760,EVE SKOGSTAD,8118,01:53:28,NZL,Runner 20-29 years,71,Female,220,92,251,852
761,BLAIR KNIGHT,3815,01:53:01,NZL,Runner 40-49 years,122,Male,541,128,591,831
762,WILL MCBETH,6723,01:49:23,NZL,Runner 30-39 years,186,Male,542,169,488,645
763,MICHELLE KING,4709,01:55:17,NZL,Runner 30-39 years,75,Female,221,89,302,961
764,CHRISTIE FORSYTHE,5534,01:50:00,NZL,Runner 20-29 years,72,Female,222,62,169,678
765,ANNA BERGIN,6504,01:45:19,NZL,Runner 20-29 years,73,Female,223,33,87,465
766,WARREN BENT,5175,01:53:47,NZL,Runner 40-49 years,123,Male,543,131,618,874
767,ALAN GOULDING,7478,01:50:19,NZL,Runner 60-69 years,12,Male,544,8,518,693
768,INE JONGENEEL,5040,01:54:16,,Runner 40-49 years,58,Female,224,65,264,892
769,LISA CAMPBELL,5142,01:54:23,NZL,Runner 40-49 years,59,Female,225,68,268,898
770,ANDREW LECKIE,6734,01:54:20,NZL,Runner 40-49 years,124,Male,545,135,629,894
771,DANNIELLE JONES,7195,01:54:12,NZL,Runner 20-29 years,74,Female,226,96,261,887
772,KIEL MCPHEE,3712,01:56:16,NZL,Runner 30-39 years,187,Male,546,230,684,1012
773,GRANT WOOLFORD,5377,01:54:28,NZL,Runner 40-49 years,125,Male,547,137,634,905
774,DEAN COOPER,4617,01:50:15,NZL,Runner 40-49 years,126,Male,548,109,513,688
775,DON ELDER,7742,01:50:38,NZL,Runner 50-59 years,35,Male,549,34,527,710
776,DARREN LESLIE,4612,01:54:24,NZL,Runner 40-49 years,127,Male,550,136,631,902
777,MELISSA BROWN,5715,01:55:57,AUS,Runner 40-49 years,60,Female,227,85,321,995
778,JAN FIC,6768,01:56:01,SLO,Runner 30-39 years,188,Male,551,227,677,1001
779,DANIEL CRUICKSHANK,7919,01:55:43,NZL,Runner 30-39 years,189,Male,552,225,669,981
780,JASON DUFF,6771,01:53:26,NZL,Runner 30-39 years,190,Male,553,204,600,850
781,DEAN COLLINS,8200,01:56:38,NZL,Runner 30-39 years,191,Male,554,233,693,1037
782,JOHN ASHLEY,7434,01:54:45,NZL,Runner 50-59 years,36,Male,555,40,640,922
783,ROBIN HORNE,1595,01:44:51,NZL,Runner 50-59 years,37,Male,556,21,363,446
784,FIONA CUMMINGS,6632,01:54:44,GBR,Runner 20-29 years,75,Female,228,102,282,921
785,TOM CASEY,9515,01:53:43,NZL,Runner 30-39 years,192,Male,557,211,615,870
786,CHARLES SALMON,7516,01:56:10,NZL,Runner 20-29 years,178,Male,558,225,682,1008
787,SAM POULSEN,7024,01:53:32,NZL,Runner 16-19 years,13,Male,559,15,607,860
788,IRENE BESSEY,3238,01:55:50,NZL,Runner 40-49 years,61,Female,229,83,315,989
789,SAM LIM,4605,01:44:58,NZL,Runner 30-39 years,193,Male,560,126,367,451
790,DAVID MELSE,4503,01:41:25,CAN,Runner 30-39 years,194,Male,561,86,255,316
791,GREG LOWCOCK,3506,01:54:16,AUS,Runner 50-59 years,38,Male,562,39,628,891
792,MARK RUDDIMAN,6211,01:54:31,NZL,Walker 40-49 years,1,Male,563,1,637,908
793,ELIZABETH COONERTY,7431,01:53:40,AUS,Runner 30-39 years,76,Female,230,78,255,868
794,BARRY SUTTON,4128,01:54:22,AUS,Runner 30-39 years,195,Male,564,214,630,897
795,LYNLEY WEBB,5265,01:54:49,NZL,Runner 40-49 years,62,Female,231,74,285,928
796,ANNALIESE COOPER,3517,01:54:23,NZL,Runner 20-29 years,76,Female,232,100,271,901
797,SINEAD TYRO,6137,01:55:58,NZL,Runner 30-39 years,77,Female,233,93,323,997
798,MATTHEW WILLIAMS,3232,01:54:49,NZL,Runner 40-49 years,128,Male,565,140,644,929
799,KATRINA PINNINGTON,3079,01:56:26,NZL,Runner 20-29 years,77,Female,234,124,337,1023
800,REGAN DICKISON,6728,01:41:22,NZL,Runner 40-49 years,129,Male,566,48,254,313
801,MATT TICEHURST,8017,01:55:59,GBR,Runner 50-59 years,39,Male,567,49,675,999
802,ANNE-SOPHIE BRUMELOT,4108,01:56:10,FRA,Runner 20-29 years,78,Female,235,118,327,1009
803,MICHELLE SUMMERS,4855,01:56:18,NZL,Runner 40-49 years,63,Female,236,86,330,1014
804,STELLA TORVELAINEN,6458,01:42:01,NZL,Runner 20-29 years,79,Female,237,25,65,337
805,RANDALL STURM,5411,01:56:33,NZL,Runner 40-49 years,130,Male,568,151,689,1028
806,LAUREN TEITZEL,6468,01:56:17,AUS,Runner 20-29 years,80,Female,238,120,329,1013
807,KELSEY MARADY,5944,01:56:18,AUS,Runner 20-29 years,81,Female,239,121,332,1016
808,ALEXANDER KINLOCH,4462,01:45:36,GBR,Runner 30-39 years,196,Male,569,131,387,479
809,JESSICA VAN ROSSUM,5639,01:55:04,NZL,Runner 20-29 years,82,Female,240,108,295,950
810,CHRIS AVERILL,6741,01:56:41,NZL,Runner 50-59 years,40,Male,570,51,694,1040
811,OWEN MCKAY,8197,01:57:03,AUS,Runner 30-39 years,197,Male,571,239,706,1062
812,SAM HARRISON,3960,01:40:51,NZL,Runner 20-29 years,179,Male,572,92,247,301
813,KAREN JENKINS,5674,01:56:35,AUS,Runner 40-49 years,64,Female,241,88,341,1032
814,MELISSA JENKINS,6357,01:50:35,NZL,Runner 30-39 years,78,Female,242,56,180,705
815,CALLUM WOOD,5805,01:55:02,NZL,Runner 50-59 years,41,Male,573,43,652,945
816,SOPHIE MOORE,7868,01:46:40,AUS,Runner 40-49 years,65,Female,243,25,113,528
817,TARRYN MCKENZIE,3458,01:54:56,NZL,Runner 20-29 years,83,Female,244,104,289,936
818,ADRIAN BOLTON,4043,01:55:14,AUS,Runner 50-59 years,42,Male,574,46,659,960
819,ZOE GOODWIN,5016,01:57:12,NZL,Runner 20-29 years,84,Female,245,135,363,1073
820,HILARY NYBERG,7015,01:55:21,NZL,Runner 40-49 years,66,Female,246,81,306,967
821,CELINE SAYE,6085,01:51:02,FRA,Runner 40-49 years,67,Female,247,45,188,729
822,DYLAN HOLMAN,8161,01:41:56,GBR,Runner 30-39 years,198,Male,575,90,269,333
823,JOHN HOGDEN,8162,01:41:56,AUS,Runner 30-39 years,199,Male,576,91,271,335
824,MICHAEL ENGLAND,4473,01:54:26,NZL,Runner 20-29 years,180,Male,577,214,632,903
825,SAMANTHA FORD,3491,01:51:16,GBR,Runner 20-29 years,85,Female,248,71,194,743
826,SAMUEL SHARLAND,7171,01:51:08,AUS,Runner 20-29 years,181,Male,578,184,544,736
827,LISETTE VAN DUN,8070,01:55:21,,Runner 30-39 years,79,Female,249,91,307,968
828,DAN CORRIN,8036,01:46:04,NZL,Runner 20-29 years,182,Male,579,141,400,501
829,CHRIS ROBB,3771,01:56:36,NZL,Runner 40-49 years,131,Male,580,152,692,1034
830,DENISE DOHERTY,3949,01:51:28,NZL,Runner 50-59 years,11,Female,250,10,200,757
831,PHILLIP GRAYSON,3901,01:56:34,NZL,Runner 30-39 years,200,Male,581,232,691,1030
832,LEAH JAY,8095,01:55:22,AUS,Runner 50-59 years,12,Female,251,16,308,970
833,HELENA CHESWORTH,6044,01:55:41,NZL,Runner 20-29 years,86,Female,252,113,312,980
834,LETITIA REILLY,7614,01:56:58,NZL,Runner 30-39 years,80,Female,253,102,353,1058
835,JAKE LANGDON,8128,01:51:43,AUS,Runner 20-29 years,183,Male,582,191,566,778
836,DAVE ADAMS,6999,01:56:47,AUS,Runner 30-39 years,201,Male,583,237,699,1047
837,ABDUL AZIZ AHMAD,5752,01:57:17,,Runner 30-39 years,202,Male,584,244,714,1081
838,PAUL REEVE,3201,01:55:21,NZL,Runner 50-59 years,43,Male,585,47,661,965
839,ANNA KRYKUNIVSKY,8318,01:55:27,GBR,Runner 20-29 years,87,Female,254,111,310,973
840,SOPHIE MUSGROVE,6208,01:51:17,NZL,Runner 30-39 years,81,Female,255,61,197,748
841,LAWRENCE ELLIOTT,6636,01:55:02,NZL,Runner 20-29 years,184,Male,586,218,654,947
842,DON MACKENZIE,3115,01:57:29,NZL,Runner 40-49 years,132,Male,587,156,722,1092
843,ANDY MURRAY,7501,01:54:43,GBR,Runner 40-49 years,133,Male,588,139,639,919
844,NICOLE KENNEDY,3998,01:54:53,AUS,Runner 30-39 years,82,Female,256,86,287,932
845,CAROL DOWELL,5942,01:51:42,AUS,Runner 50-59 years,13,Female,257,12,212,776
846,HAYDEN GODINET-HOWARD,7737,01:55:34,NZL,Runner 20-29 years,185,Male,589,221,667,977
847,RA PARKER,6757,01:45:52,NZL,Runner 30-39 years,203,Male,590,135,393,492
848,SAM CONNELL,6762,01:51:31,NZL,Runner 20-29 years,186,Male,591,188,558,763
849,JAKUB KONRAD,7050,01:51:18,CZE,Runner 30-39 years,204,Male,592,187,552,749
850,MATS TREFFERS,7282,01:51:39,,Runner 20-29 years,187,Male,593,190,563,772
851,SHARON DUCKER,7924,01:55:50,NZL,Runner 50-59 years,14,Female,258,17,317,991
852,DIANNE PEMBROKE,6876,01:57:36,AUS,Runner 50-59 years,15,Female,259,21,380,1106
853,AMANDA BOWMAN,3577,01:54:37,NZL,Runner 30-39 years,83,Female,260,82,274,912
854,SCOTT FERGUSON,7803,01:51:40,NZL,Runner 40-49 years,134,Male,594,124,564,774
855,REBEKAH GATES,5864,01:56:52,USA,Runner 30-39 years,84,Female,261,100,349,1048
856,CAROL JAMIESON,4401,01:55:53,NZL,Runner 60-69 years,2,Female,262,3,318,992
857,JEFF SATTERTHWAITE,7294,01:51:43,NZL,Runner 30-39 years,205,Male,595,192,565,777
858,SARAH PRIDDLE,4417,01:57:32,NZL,Runner 30-39 years,85,Female,263,111,376,1098
859,TIM BENNETT,5385,01:55:36,NZL,Runner 40-49 years,135,Male,596,146,668,978
860,MURRAY SPARKS,8009,01:43:00,NZL,Runner 40-49 years,136,Male,597,60,298,365
861,WARREN EADE,6284,01:55:45,NZL,Runner 50-59 years,44,Male,598,48,671,983
862,STEPH SHENNAN,5267,01:55:53,NZL,Runner 40-49 years,68,Female,264,84,319,993
863,SAM MCSTAY,6379,01:57:37,NZL,Runner 40-49 years,137,Male,599,158,728,1108
864,MAGGIE BURNS,4301,01:51:53,NZL,Runner 20-29 years,88,Female,265,77,215,789
865,HAMISH PRESBURY,7508,01:55:22,NZL,Runner 20-29 years,188,Male,600,219,662,969
866,TAMARA GRANT,4687,01:56:59,NZL,Runner 30-39 years,86,Female,266,103,354,1059
867,JULIE DILLON HODGE,6447,01:55:04,AUS,Runner 40-49 years,69,Female,267,76,294,948
868,SAM LEWIS,5634,01:46:18,NZL,Runner 20-29 years,189,Male,601,143,407,511
869,TONY DUNNE,5696,01:43:11,,Runner 20-29 years,190,Male,602,111,302,370
870,DEAN HAMILTON,5892,01:46:39,NZL,Runner 50-59 years,45,Male,603,24,415,526
871,AMY DOLDEN,5638,01:57:52,NZL,Runner 20-29 years,89,Female,268,145,394,1129
872,JOHN ROSS,6120,01:56:02,NZL,Runner 50-59 years,46,Male,604,50,678,1002
873,DONNA EDWARDS,3609,01:57:45,NZL,Runner 30-39 years,87,Female,269,117,388,1122
874,JOLENE WRIGHT,3638,01:57:28,NZL,Runner 30-39 years,88,Female,270,109,370,1089
875,BOUGAS TEVA,6312,01:56:07,FRA,Runner 30-39 years,206,Male,605,228,680,1005
876,JOHN BLAIR,7473,01:57:43,NZL,Runner 30-39 years,207,Male,606,253,733,1120
877,KELLY HAY,5637,01:51:51,NZL,Runner 20-29 years,90,Female,271,76,214,787
878,LEE TREADAWAY,4414,01:55:56,NZL,Runner 50-59 years,16,Female,272,18,320,994
879,DAVE EATON,7642,01:56:23,NZL,Runner 60-69 years,13,Male,607,16,686,1018
880,KIRK TAYLOR,4870,01:57:35,NZL,Runner 30-39 years,208,Male,608,250,726,1104
881,NICHOLAS BURDEN,4681,01:57:35,AUS,Runner 30-39 years,89,Female,273,113,379,1105
882,STUART BAYLISS,6012,01:57:39,NZL,Runner 30-39 years,209,Male,609,251,730,1112
883,MARTIN SKINNER,5093,01:51:45,NZL,Runner 40-49 years,138,Male,610,125,567,779
884,HUDSON VOWELL,3492,01:55:45,NZL,Runner 60-69 years,14,Male,611,15,672,984
885,KYLA THORNLEY,7342,01:57:39,GBR,Runner 30-39 years,90,Female,274,114,382,1110
886,DEAN MCGUIGAN,7178,01:56:15,NZL,Runner 40-49 years,139,Male,612,148,683,1011
887,JULIET MOORE,5665,01:57:49,NZL,Runner 40-49 years,70,Female,275,98,393,1127
888,DAN VALLANCE,7638,01:42:38,NZL,Runner 30-39 years,210,Male,613,99,287,354
889,PHIL RIDING,5968,01:52:14,GBR,Runner 20-29 years,191,Male,614,200,582,804
890,KELLIE MOODY,7110,01:52:37,AUS,Runner 40-49 years,71,Female,276,59,231,818
891,KIM OPEL,7321,01:58:13,USA,Runner 40-49 years,72,Female,277,99,402,1148
892,CHARLOTTE BEAUMONT BELL,5607,01:56:08,GBR,Runner 20-29 years,91,Female,278,117,326,1006
893,KELSEY WIEBE,8023,01:43:13,USA,Runner 20-29 years,92,Female,279,27,69,374
894,SCOTT BOLTEN,4320,01:55:44,NZL,Runner 40-49 years,140,Male,615,147,670,982
895,MARGARET ANDERSON,6911,01:48:00,NZL,Runner 20-29 years,93,Female,280,49,135,583
896,JOANNA MARTIN,7973,01:43:38,NZL,Runner 50-59 years,17,Female,281,4,74,391
897,CHOLO TIPACE,8169,01:57:41,NZL,Runner 40-49 years,141,Male,616,159,732,1117
898,TEREZA ZIKMUNDOVSKA,8074,01:57:40,CZE,Runner 30-39 years,91,Female,282,115,385,1115
899,DONALD MCCONACHIE,6353,01:58:26,AUS,Runner 40-49 years,142,Male,617,164,750,1159
900,RICHARD ADAMS,4466,01:56:43,AUS,Runner 60-69 years,15,Male,618,17,698,1044
901,MAXINE HURTADO RIVERA,4183,01:52:05,NZL,Runner 20-29 years,94,Female,283,80,221,799
902,NICHOLAS EYRE,5085,01:56:41,NZL,Runner 30-39 years,211,Male,619,234,695,1041
903,AARON QUEREE,3899,01:57:40,NZL,Runner 30-39 years,212,Male,620,252,731,1116
904,DAVID NYE,3586,01:43:37,AUS,Runner 30-39 years,213,Male,621,109,316,389
905,OLLIE BRAGG,7232,01:56:56,NZL,Runner 20-29 years,192,Male,622,227,702,1053
906,KAT WEBBER,7279,01:55:59,NZL,Runner 30-39 years,92,Female,284,94,324,998
907,AIMEE SCOTT,3215,01:52:25,NZL,Runner 40-49 years,73,Female,285,55,225,807
908,JARROD CRESP,7844,01:56:42,AUS,Runner 30-39 years,214,Male,623,235,696,1042
909,SUNARA MCKEOWN,4442,01:55:50,AUS,Runner 40-49 years,74,Female,286,82,314,988
910,RICHARD AGNEW,5166,01:58:00,NZL,Runner 60-69 years,16,Male,624,19,741,1140
911,EDMUND LAWLER,5333,01:58:00,NZL,Runner 50-59 years,47,Male,625,55,742,1141
912,ZAIMON SANSOM,6149,01:42:50,NZL,Runner 20-29 years,193,Male,626,107,293,360
913,ASHLEIGH KORTEGAST,7836,01:56:23,NZL,Runner 20-29 years,95,Female,287,123,334,1020
914,KIRSTY BAILLIE,4689,01:58:39,NZL,Runner 50-59 years,18,Female,288,24,418,1175
915,DUNCAN TAIT,5340,01:56:56,NZL,Runner 30-39 years,215,Male,627,238,701,1052
916,KATE PUNTURIERO,7654,01:57:04,NZL,Runner 40-49 years,75,Female,289,92,357,1063
917,NICK DONALDSON,7596,01:58:11,NZL,Runner 40-49 years,143,Male,628,161,745,1146
918,NADINE PECK,4382,01:56:44,NZL,Runner 30-39 years,93,Female,290,99,347,1045
919,INGRID SAXTON,4805,01:58:44,NZL,Runner 30-39 years,94,Female,291,129,422,1179
920,TIMOTHY RAY,4332,01:57:14,NZL,Runner 40-49 years,144,Male,629,154,711,1077
921,MATT LITTLE,7657,01:58:38,NZL,Runner 30-39 years,216,Male,630,257,756,1172
922,MICHAEL SCOTT,7681,01:58:29,NZL,Runner 20-29 years,194,Male,631,237,751,1162
923,KHALID MOHSSEN,7613,01:52:27,NZL,Runner 20-29 years,195,Male,632,201,583,809
924,RUSSELL MIDDLETON,7444,01:56:54,AUS,Runner 60-69 years,17,Male,633,18,700,1049
925,STEVE SCANLAN,7222,01:43:24,AUS,Runner 30-39 years,217,Male,634,106,311,383
926,LANCE MCGREGOR,6777,01:57:22,NZL,Runner 20-29 years,196,Male,635,230,717,1084
927,MEGAN BATHGATE,8189,01:57:14,NZL,Runner 20-29 years,96,Female,292,136,366,1076
928,DEAN FENNER,4641,01:56:27,GBR,Runner 40-49 years,145,Male,636,150,687,1024
929,BELINDA WILSON,6132,01:47:59,AUS,Runner 30-39 years,95,Female,293,44,134,582
930,MATT WILSON,6133,01:47:59,AUS,Runner 30-39 years,218,Male,637,151,448,581
931,AENGUS PORT,7383,01:53:23,NZL,Runner 20-29 years,197,Male,638,203,597,847
932,RACHEL STEWART,7447,01:57:10,NZL,Runner 20-29 years,97,Female,294,134,361,1069
933,ANDREW MIRFIN,4367,01:57:22,NZL,Runner 50-59 years,48,Male,639,54,718,1085
934,EMILY FLEMMING,4419,01:52:47,CAN,Runner 20-29 years,98,Female,295,84,235,823
935,REBECCA BISSET,5502,01:58:30,NZL,Runner 30-39 years,96,Female,296,125,412,1163
936,TERRY PREDDY,3788,01:57:21,NZL,Runner 70+ years,1,Male,640,1,716,1083
937,MARCUS BRADLEY,3747,01:59:20,NZL,Runner 30-39 years,219,Male,641,262,777,1216
938,KATE MCILWRICK,6790,01:59:23,NZL,Runner 30-39 years,97,Female,297,133,440,1217
939,HEIDI HOCKAM,5983,01:57:00,AUS,Runner 40-49 years,76,Female,298,91,355,1060
940,FIONA FOX,7087,01:57:31,NZL,Runner 50-59 years,19,Female,299,20,375,1097
941,JOSHUA FIDDES,5552,01:53:41,NZL,Runner 20-29 years,198,Male,642,208,614,869
942,SARAH CURTIS,8103,01:56:26,AUS,Runner 30-39 years,98,Female,300,97,336,1022
943,LISA LINDGREN,8057,01:57:30,SWE,Runner 20-29 years,99,Female,301,139,372,1094
944,KYLENE JONES,5351,01:57:28,NZL,Runner 20-29 years,100,Female,302,138,369,1088
945,BELINDA FARRELLY,3756,01:53:28,AUS,Runner 40-49 years,77,Female,303,61,252,853
946,GREGORY WILLIAMS,7083,01:53:39,AUS,Runner 60-69 years,18,Male,643,12,611,865
947,GABRIELLE SIMPSON,6664,01:58:41,NZL,Runner 30-39 years,99,Female,304,127,420,1177
948,JASON PEGLEY,3300,01:59:04,NZL,Runner 40-49 years,146,Male,644,171,765,1192
949,SHANNON ROBERTSON,5526,01:57:34,NZL,Runner 30-39 years,220,Male,645,248,724,1102
950,FEDERICO EZEQUIEL CASTAÐO,5564,01:48:43,ARG,Runner 20-29 years,199,Male,646,165,471,619
951,KAYLA DOBBIE,6252,01:48:57,NZL,Runner 30-39 years,100,Female,305,48,151,627
952,DANIEL LASTUKHIN,5056,01:56:32,USA,Runner 20-29 years,200,Male,647,226,688,1026
953,MAGGIE LASTUKHIN,5057,01:56:33,USA,Runner 20-29 years,101,Female,306,125,339,1027
954,PROMPT PROMPT,7994,01:49:01,CAN,Runner 30-39 years,221,Male,648,165,480,632
955,LIZANNE SMORENBURG,3641,01:57:11,AUS,Runner 40-49 years,78,Female,307,93,362,1072
956,RICKY BAKKER,5108,01:53:27,NZL,Runner 30-39 years,222,Male,649,205,601,851
957,CORRIE WILKINSON,5033,01:57:12,NZL,Runner 30-39 years,101,Female,308,107,365,1075
958,JAYDE MCNEILL,7085,01:59:47,AUS,Runner 20-29 years,102,Female,309,165,456,1239
959,JANINE FISHER,6162,01:57:32,NZL,Runner 40-49 years,79,Female,310,95,377,1100
960,STEPHANIE DE MEDICI,3687,01:57:01,AUS,Runner 30-39 years,102,Female,311,104,356,1061
961,STACEY GIBB,4728,01:56:39,NZL,Runner 30-39 years,103,Female,312,98,345,1038
962,REBECCA THOMAS,6989,01:59:10,NZL,Runner 40-49 years,80,Female,313,106,430,1202
963,KATIE BELL,7118,01:53:29,NZL,Runner 20-29 years,103,Female,314,93,253,855
964,DIANA HOOD,7386,01:59:10,NZL,Runner 30-39 years,104,Female,315,130,431,1203
965,OLIVIA MONZARI,7370,01:57:39,NZL,Runner 20-29 years,104,Female,316,141,383,1113
966,NICOLE WALKINSHAW,8119,01:59:10,NZL,Runner 40-49 years,81,Female,317,107,432,1204
967,ETHAN COOKE,4054,01:57:56,NZL,Runner 16-19 years,14,Male,650,17,738,1134
968,EMILY MARKBY,8098,01:57:56,NZL,Runner 20-29 years,105,Female,318,147,397,1135
969,CALEB JORDAN,5551,01:54:03,NZL,Runner 20-29 years,201,Male,651,213,624,883
970,CALISTA HEA,4930,01:57:10,NZL,Runner 30-39 years,105,Female,319,105,360,1068
971,MATTHEW GIBSON,4931,01:57:10,NZL,Runner 40-49 years,147,Male,652,153,710,1071
972,LAURA PIDCOCK,7065,01:56:56,NZL,Runner 20-29 years,106,Female,320,131,351,1051
973,BABS SUTHERLAND,7526,01:59:27,NZL,Runner 30-39 years,106,Female,321,134,442,1219
974,MASANORI KATO,5203,01:59:37,JPN,Runner 40-49 years,148,Male,653,176,779,1227
975,HARUKA OISHI,7658,01:57:38,JPN,Runner 20-29 years,107,Female,322,140,381,1109
976,NICK SOLLITT,3408,01:57:04,NZL,Runner 30-39 years,223,Male,654,240,707,1064
977,ALEXANDRA MCLEAN,4422,01:57:56,NZL,Runner 20-29 years,108,Female,323,146,396,1132
978,PADRAIG HANLEY,8046,01:48:23,,Runner 30-39 years,224,Male,655,159,462,604
979,ROB BREESE,6565,01:59:06,AUS,Runner 40-49 years,149,Male,656,173,767,1194
980,HANNAH PATERSON,7553,01:57:08,NZL,Runner 20-29 years,109,Female,324,133,359,1066
981,CAROLYN SPACKMAN,5002,01:57:12,NZL,Runner 30-39 years,107,Female,325,106,364,1074
982,CHARLES COLLINS,5527,01:45:16,NZL,Runner 20-29 years,202,Male,657,136,376,461
983,RENÚE TSANG,7221,01:58:00,CAN,Runner 30-39 years,108,Female,326,119,399,1139
984,ANDREW SHEARER-SMITH,8003,01:49:36,AUS,Runner 40-49 years,150,Male,658,103,496,656
985,KEMBLE HUGHES,5052,01:57:59,NZL,Runner 40-49 years,151,Male,659,160,740,1138
986,SPIDA HUNTER,7955,01:54:00,NZL,Runner 30-39 years,225,Male,660,212,623,882
987,KEVIN COONEY,4377,01:44:12,NZL,Runner 50-59 years,49,Male,661,17,339,418
988,QUINTON SMITH,3622,01:54:15,NZL,Runner 30-39 years,226,Male,662,213,627,890
989,LAURA RUTKOVSKA,6725,01:57:41,LAT,Runner 30-39 years,109,Female,327,116,386,1118
990,CAROLINE RAYNES,4963,01:58:14,NZL,Runner 30-39 years,110,Female,328,121,403,1149
991,SAM SIMPKINS,3749,01:58:20,NZL,Runner 30-39 years,111,Female,329,123,406,1155
992,TORSTEN HAUSER,7496,01:53:58,,Runner 40-49 years,152,Male,663,132,620,878
993,JAMES DIPROSE,6334,01:44:19,NZL,Runner 20-29 years,203,Male,664,124,344,423
994,TRUDI TAIG,4848,01:59:49,AUS,Runner 40-49 years,82,Female,330,112,458,1241
995,KATIE MOYLAN,5647,01:54:36,NZL,Runner 30-39 years,112,Female,331,81,273,911
996,TRACEY HAMILTON,5487,01:58:19,NZL,Runner 30-39 years,113,Female,332,122,405,1154
997,MATT WALLACE,8021,01:58:38,NZL,Runner 20-29 years,204,Male,665,239,754,1168
998,LINDA ALEXANDER,4613,01:49:33,NZL,Runner 40-49 years,83,Female,333,38,160,654
999,YOUXIAO XU,6825,01:58:38,CHN,Runner 40-49 years,153,Male,666,166,755,1171
1000,DEANNA BARWICK,6262,01:54:40,NZL,Runner 20-29 years,110,Female,334,101,278,916
1001,BRIDGET DEVERELL,6693,01:58:38,NZL,Runner 50-59 years,20,Female,335,23,416,1170
1002,GINETTE ANDERSON,3726,02:00:16,NZL,Runner 30-39 years,114,Female,336,148,473,1267
1003,ASHLEIGH DEVERELL,6695,01:58:38,NZL,Runner 20-29 years,111,Female,337,154,415,1169
1004,JONATHAN TANNER,5540,01:58:09,NZL,Runner 20-29 years,205,Male,667,236,744,1145
1005,SERENA PATEL,6156,01:58:49,NZL,Runner 20-29 years,112,Female,338,158,424,1183
1006,NICOLA MCNALLY,3600,01:58:41,NZL,Runner 30-39 years,115,Female,339,128,421,1178
1007,LEE TE MOMO,6053,01:57:55,NZL,Runner 30-39 years,227,Male,668,254,736,1131
1008,GREG HOLDAWAY,6824,01:44:48,NZL,Runner 30-39 years,228,Male,669,125,361,444
1009,REBECCA MANSON,6567,01:57:42,GBR,Runner 20-29 years,113,Female,340,143,387,1119
1010,DON FOLEY,3707,01:58:48,NZL,Runner 40-49 years,154,Male,670,168,759,1182
1011,SCOTT REILLY,7631,02:00:11,NZL,Runner 40-49 years,155,Male,671,179,791,1261
1012,KIRSTY COWAN,3678,02:00:17,NZL,Runner 30-39 years,116,Female,341,149,474,1268
1013,BREE BARTLETT,6328,01:58:14,NZL,Runner 20-29 years,114,Female,342,150,404,1151
1014,APRIL DUGGAN,7077,01:54:22,NZL,Runner 40-49 years,84,Female,343,67,267,896
1015,EMMA CAIRNEY,5373,01:54:58,GBR,Runner 20-29 years,115,Female,344,105,290,938
1016,ALEX PERROTT,5374,01:54:59,GBR,Runner 20-29 years,206,Male,672,217,649,939
1017,MEE-EUN FELL,6784,01:54:40,AUS,Runner 30-39 years,117,Female,345,84,279,917
1018,SAM NORMAN,6139,01:44:13,NZL,Runner 30-39 years,229,Male,673,119,340,419
1019,CAMERON HENDERSON,5853,01:58:17,NZL,Runner 30-39 years,230,Male,674,256,748,1152
1020,STEVE BROWN,7758,02:00:00,NZL,Runner 40-49 years,156,Male,675,178,788,1249
1021,WAYNE EADE,5819,01:50:23,NZL,Runner 40-49 years,157,Male,676,111,519,695
1022,SCOTT OSBORNE,8063,01:49:49,NZL,Runner 20-29 years,207,Male,677,175,505,669
1023,LAURA WILLIAMSON,6600,01:58:40,NZL,Runner 20-29 years,116,Female,346,156,419,1176
1024,GREG POWER,7848,01:49:43,GBR,Runner 30-39 years,231,Male,678,173,502,664
1025,HANA HEJLOVA,7945,01:58:03,CZE,Runner 30-39 years,118,Female,347,120,400,1143
1026,STEPH BESLEY,6058,01:58:39,NZL,Runner 20-29 years,117,Female,348,155,417,1174
1027,SARAH BATES,8199,01:58:23,,Runner 20-29 years,118,Female,349,151,407,1156
1028,FERGUS WILLIAMSON,7360,01:58:39,NZL,Runner 16-19 years,15,Male,679,18,757,1173
1029,MICHAEL MCKEEN,4731,02:00:46,AUS,Runner 70+ years,2,Male,680,2,804,1291
1030,OLIVIA PARKER,6061,01:58:06,NZL,Runner 20-29 years,119,Female,350,149,401,1144
1031,DEAN DOLAN,5598,01:58:56,NZL,Runner 40-49 years,158,Male,681,169,761,1186
1032,EMILY STOTTER,5176,01:50:36,NZL,Runner 20-29 years,120,Female,351,67,182,707
1033,TESSA GEDDES,5675,01:54:23,NZL,Runner 20-29 years,121,Female,352,99,270,900
1034,JO HUNT,4243,01:54:48,NZL,Runner 40-49 years,85,Female,353,73,283,926
1035,HUATONG ZHANG,4868,02:00:50,CHN,Runner 50-59 years,50,Male,682,68,805,1294
1036,WAYNE JORGENSEN,4020,01:59:11,AUS,Runner 50-59 years,51,Male,683,60,773,1205
1037,PAUL ROBERTS,4306,01:58:59,NZL,Runner 40-49 years,159,Male,684,170,763,1188
1038,DAVID SMITH,5909,01:50:38,NZL,Runner 40-49 years,160,Male,685,114,526,709
1039,KATYA WHITTINGTON,7557,01:58:46,NZL,Runner 20-29 years,122,Female,354,157,423,1180
1040,ANTONIA WOOD,7636,01:54:44,NZL,Runner 40-49 years,86,Female,355,72,281,920
1041,WARREN THOMAS,6213,01:59:09,NZL,Runner 50-59 years,52,Male,686,59,771,1200
1042,MEGAN ASH,5575,01:58:26,NZL,Runner 20-29 years,123,Female,356,152,409,1158
1043,CLAIRE MATHESON,3242,01:55:07,NZL,Runner 30-39 years,119,Female,357,87,296,951
1044,SCOTT NORRIS,4037,01:59:08,NZL,Runner 40-49 years,161,Male,687,174,769,1198
1045,LEWIS SULLIVAN-HILL,6879,01:45:56,NZL,Runner 20-29 years,208,Male,688,140,395,494
1046,TRISTAN MITCHELL,7978,01:59:10,NZL,Runner 20-29 years,209,Male,689,241,772,1201
1047,TYLER BUTLER,5772,01:51:08,USA,Runner 20-29 years,210,Male,690,185,545,737
1048,MELODY TRUEMAN,3743,02:00:30,NZL,Runner 40-49 years,87,Female,358,119,482,1281
1049,TAMILMANI THIRUVENGADAM,7545,02:01:10,IND,Runner 20-29 years,211,Male,691,248,815,1316
1050,MICHAEL JOWITT,7650,01:58:33,AUS,Runner 40-49 years,162,Male,692,165,752,1165
1051,ALLAN BERGE,7547,02:01:05,NZL,Runner 70+ years,3,Male,693,3,811,1311
1052,STEPHEN BERGE,7725,02:01:05,NZL,Runner 40-49 years,163,Male,694,184,812,1312
1053,VIVIENNE BURROWES,5994,01:55:14,NZL,Runner 40-49 years,88,Female,359,79,301,959
1054,KATE RATTRIE,4299,01:54:48,NZL,Runner 20-29 years,124,Female,360,103,284,927
1055,STEPHEN O'DONNELL,5029,01:58:34,NZL,Runner 20-29 years,212,Male,695,238,753,1166
1056,MEL HOOPER,7795,02:01:03,NZL,Runner 40-49 years,89,Female,361,123,499,1309
1057,ANALIESE RAY,3862,02:00:55,NZL,Runner 30-39 years,120,Female,362,157,493,1301
1058,ELIZABETH HALL,7328,01:50:10,GBR,Runner 20-29 years,125,Female,363,63,171,682
1059,JESS WOLFENDEN,4787,01:59:27,NZL,Runner 40-49 years,90,Female,364,109,441,1218
1060,CRAIG GUY,5732,01:55:02,NZL,Runner 40-49 years,164,Male,696,144,653,946
1061,DAVID COOKE,6642,01:55:01,NZL,Runner 50-59 years,53,Male,697,42,651,944
1062,ALISTAIR WILLIAMSON,7086,01:46:23,NZL,Runner 40-49 years,165,Male,698,88,409,514
1063,LUCY BROUGHTON,7374,01:55:27,NZL,Runner 30-39 years,121,Female,365,92,309,972
1064,KATE BOSWELL,4166,01:50:12,NZL,Runner 30-39 years,122,Female,366,54,172,683
1065,SANDRA SOWERBY,8067,01:59:59,NZL,Runner 40-49 years,91,Female,367,113,461,1248
1066,SOPHIE SANDERS,6885,01:56:06,NZL,Runner 20-29 years,126,Female,368,116,325,1004
1067,CHRIS ROOK,6570,01:45:14,GBR,Runner 20-29 years,213,Male,699,135,375,460
1068,DIANE AH-CHAN,4530,01:59:19,NZL,Runner 40-49 years,92,Female,369,108,438,1214
1069,FIONA ELLIS-JONES,5295,01:59:42,AUS,Runner 30-39 years,123,Female,370,139,454,1233
1070,FIONA NANKIVELL,5245,02:01:25,NZL,Runner 50-59 years,21,Female,371,30,509,1330
1071,KEEVA IRVING,5000,01:55:57,,Runner 20-29 years,127,Female,372,115,322,996
1072,LAURE DEMONTEILMARNIQUET,3126,02:00:08,FRA,Runner 40-49 years,93,Female,373,114,467,1256
1073,MAURO BALZARINI,8031,02:01:19,ITA,Runner 50-59 years,54,Male,700,73,821,1326
1074,CHELSEY JOHNSTON,4162,01:59:44,NZL,Runner 30-39 years,124,Female,374,140,455,1236
1075,MICHAEL STURGE,5640,01:59:14,NZL,Runner 30-39 years,232,Male,701,260,774,1209
1076,LOUISE MICHAEL,7869,01:51:41,AUS,Runner 50-59 years,22,Female,375,11,211,775
1077,REBEKAH SCOTT,7326,01:59:38,NZL,Runner 20-29 years,128,Female,376,164,450,1229
1078,JAMES BECKWITH,6176,01:56:03,NZL,Runner 20-29 years,214,Male,702,224,679,1003
1079,LUKE MCCARTHY,7442,01:59:17,NZL,Runner 30-39 years,233,Male,703,261,775,1211
1080,NICOLA SMITH,4725,01:59:18,GBR,Runner 30-39 years,125,Female,377,132,437,1212
1081,CSABA NEHEZ,4697,02:02:01,NZL,Runner 40-49 years,166,Male,704,188,831,1359
1082,HOLLY CAUGHLEY,4878,01:55:38,NZL,Runner 20-29 years,129,Female,378,112,311,979
1083,LI YING MORONEY,3395,01:59:31,NZL,Runner 40-49 years,94,Female,379,110,445,1222
1084,NIMESH PATEL,6395,01:46:52,IND,Runner 20-29 years,215,Male,705,146,419,533
1085,ROSS FARQUHAR,3768,02:01:52,NZL,Runner 50-59 years,55,Male,706,75,826,1350
1086,ROBYN NESBITT,4042,01:59:58,NZL,Runner 30-39 years,126,Female,380,143,460,1247
1087,LEANNE FERGUSON,7396,01:56:34,GBR,Runner 20-29 years,130,Female,381,126,340,1031
1088,KARA CHUDLEIGH,7914,01:51:54,AUS,Runner 40-49 years,95,Female,382,52,216,790
1089,JADE TAWHITI,5677,02:00:18,NZL,Runner 30-39 years,234,Male,707,268,795,1269
1090,SHAUN NEW,6121,02:00:28,NZL,Runner 50-59 years,56,Male,708,66,798,1279
1091,NEIL SEDGWICK,7850,01:59:53,GBR,Runner 50-59 years,57,Male,709,62,786,1245
1092,MARK FLEMING,3652,01:56:22,NZL,Runner 40-49 years,167,Male,710,149,685,1017
1093,BILL TAINE,6564,01:50:51,NZL,Runner 60-69 years,19,Male,711,10,536,720
1094,LISA ORCHARD,6616,01:56:23,NZL,Runner 20-29 years,131,Female,383,122,333,1019
1095,AIMEE TAYLOR,3699,02:00:33,NZL,Runner 30-39 years,127,Female,384,151,484,1284
1096,TONI SOLE,8136,02:00:02,NZL,Runner 20-29 years,132,Female,385,166,462,1250
1097,ROSE DICKISON,6724,01:47:10,NZL,Runner 40-49 years,96,Female,386,28,121,545
1098,ANDY WILLIAMS,8026,01:46:44,AUS,Runner 50-59 years,58,Male,712,25,417,530
1099,NICKY THOMAS,8015,01:52:30,NZL,Runner 40-49 years,97,Female,387,58,229,813
1100,NATHAN LINDSAY,7047,02:01:58,NZL,Runner 30-39 years,235,Male,713,274,828,1354
1101,BRENDAN MCKAY,4023,02:00:39,NZL,Runner 40-49 years,168,Male,714,181,803,1288
1102,TIM BROOKER,6732,01:52:00,NZL,Runner 20-29 years,216,Male,715,196,576,796
1103,IONA KELLY,6572,01:52:26,NZL,Runner 20-29 years,133,Female,388,82,226,808
1104,SERIN COOPER MAIDLOW,4058,01:56:46,GBR,Runner 20-29 years,134,Female,389,130,348,1046
1105,CLIVE MACKAY,5369,02:00:54,NZL,Runner 40-49 years,169,Male,716,182,808,1299
1106,DOUGLAS JUKES,7515,01:56:43,NZL,Runner 30-39 years,236,Male,717,236,697,1043
1107,SARAH DORREEN,3539,02:00:55,NZL,Runner 30-39 years,128,Female,390,158,494,1302
1108,BRADLEY CROSS,6891,02:02:34,NZL,Runner 20-29 years,217,Male,718,258,850,1398
1109,CELINE BABER,5838,02:00:08,NZL,Runner 30-39 years,129,Female,391,146,468,1257
1110,SIMON PLIMMER,7156,01:47:29,NZL,Runner 40-49 years,170,Male,719,93,435,561
1111,JULIANNE LEEMBRUGGEN,7567,02:02:43,AUS,Runner 40-49 years,98,Female,392,135,554,1407
1112,LEE VAESSEN,4863,02:00:14,AUS,Runner 40-49 years,99,Female,393,115,471,1264
1113,MARKUS OBERNDORFER,6203,02:00:11,AUT,Runner 50-59 years,59,Male,720,64,790,1260
1114,DALE HEDGCOCK,6440,02:00:12,NZL,Runner 40-49 years,171,Male,721,180,792,1262
1115,LUCAS DICKISON,6730,01:47:41,NZL,Runner 16-19 years,16,Male,722,13,441,569
1116,RANIN ASMARO,4695,01:52:54,NZL,Runner 20-29 years,135,Female,394,87,240,829
1117,SAM SERISIER,8001,01:57:29,AUS,Runner 40-49 years,172,Male,723,155,721,1091
1118,VICKY PETTERSON,8064,01:56:37,AUS,Runner 40-49 years,100,Female,395,89,344,1036
1119,CLARE MANCH,7972,01:51:39,NZL,Runner 20-29 years,136,Female,396,75,209,771
1120,HUGH MOORE,6074,02:00:14,NZL,Runner 50-59 years,60,Male,724,65,794,1265
1121,SOPHIE ELLIOTT,6047,02:00:21,NZL,Runner 20-29 years,137,Female,397,170,478,1273
1122,KIRSTY WING,7173,01:56:56,NZL,Runner 30-39 years,130,Female,398,101,352,1054
1123,GRACE DUNNE,7925,02:03:22,NZL,Runner 20-29 years,138,Female,399,202,568,1435
1124,BEN HINDS,6856,01:51:38,AUS,Runner 30-39 years,237,Male,725,191,561,769
1125,SAM FLANNERY,6944,01:48:35,NZL,Runner 20-29 years,218,Male,726,164,469,614
1126,CHRIS BOWIE,3107,01:57:20,NZL,Runner 30-39 years,238,Male,727,245,715,1082
1127,TOM GARDINER,3464,01:52:27,GBR,Runner 30-39 years,239,Male,728,197,584,810
1128,HUGH MUNRO,6347,02:03:12,AUS,Runner 30-39 years,240,Male,729,283,862,1428
1129,ABBY SHARLAND,4708,01:57:16,NZL,Runner 20-29 years,139,Female,400,137,367,1079
1130,ANGELA BARNETT,4538,01:57:45,NZL,Runner 40-49 years,101,Female,401,96,389,1123
1131,ROBERT JAMES,7885,01:56:58,AUS,Runner 50-59 years,61,Male,730,52,704,1056
1132,PATRICK SMITH,8156,01:56:58,AUS,Runner 50-59 years,62,Male,731,53,705,1057
1133,KEITH ROBINSON,7999,01:57:28,,Runner 30-39 years,241,Male,732,247,720,1090
1134,TOBY GRANWAL,5745,02:01:00,NZL,Runner 40-49 years,173,Male,733,183,810,1307
1135,RICHARD WINCHESTER,7467,02:03:05,AUS,Runner 60-69 years,20,Male,734,23,859,1423
1136,ANDREW MEAKIN,7174,02:03:05,NZL,Runner 30-39 years,242,Male,735,282,860,1424
1137,RUNE RASMUSSEN,5536,01:57:45,,Runner 20-29 years,219,Male,736,233,734,1121
1138,MAYA STOREY,6419,02:01:41,NZL,Runner 20-29 years,140,Female,402,184,518,1341
1139,DARLENE RICHARDSON,4683,02:02:50,NZL,Runner 40-49 years,102,Female,403,137,558,1413
1140,ANNA BRIGHT,7901,02:01:27,NZL,Runner 20-29 years,141,Female,404,182,511,1333
1141,WILLIAM PERRY,5952,01:57:59,NZL,Runner 30-39 years,243,Male,737,255,739,1137
1142,TRACY ADAMS,3633,01:48:58,NZL,Runner 40-49 years,103,Female,405,36,152,629
1143,MEAGAN BROWN,5311,01:57:39,AUS,Runner 20-29 years,142,Female,406,142,384,1114
1144,LAUREN MCILROY,3657,02:01:32,NZL,Runner 30-39 years,131,Female,407,163,512,1334
1145,SHANE MICKELL,6904,01:57:36,NZL,Runner 40-49 years,174,Male,738,157,727,1107
1146,LINDA SPOVE,8010,01:57:46,NZL,Runner 30-39 years,132,Female,408,118,391,1125
1147,SARAH LENNON,4439,01:53:12,,Runner 30-39 years,133,Female,409,77,249,841
1148,CLAUDIA GRAVE,6846,01:48:33,NZL,Runner 20-29 years,143,Female,410,53,145,612
1149,MARK SHEARER,6843,01:57:56,NZL,Runner 20-29 years,220,Male,739,234,737,1133
1150,FU ZHOU,4082,02:01:50,CHN,Runner 30-39 years,134,Female,411,167,523,1347
1151,WILLIAM CLARKE,6006,02:00:53,NZL,Runner 30-39 years,244,Male,740,271,807,1298
1152,SAMANTHA WALMSLEY-BARTLETT,8140,01:48:54,NZL,Runner 20-29 years,144,Female,412,54,150,625
1153,COLLEEN BROWN,6129,02:02:03,USA,Runner 30-39 years,135,Female,413,170,529,1360
1154,NEIL FLETCHER,5848,02:03:15,AUS,Runner 60-69 years,21,Male,741,24,864,1431
1155,MICHAEL SEILER,3262,02:03:20,,Runner 50-59 years,63,Male,742,80,867,1434
1156,STEWART DODSON,8116,02:01:26,NZL,Runner 20-29 years,221,Male,743,249,822,1332
1157,TAYLA ROA,5498,02:01:15,NZL,Runner 20-29 years,145,Female,414,179,504,1322
1158,LEE RICHARDSON,7265,01:47:36,NZL,Runner 20-29 years,222,Male,744,153,439,565
1159,HAMISH MCLEAN,3706,02:02:12,NZL,Runner 20-29 years,223,Male,745,250,834,1368
1160,MARINA PHILLIPS,3786,02:04:03,NZL,Runner 40-49 years,104,Female,415,148,597,1475
1161,SAMANTHA HOUWERS,4179,02:01:48,NZL,Runner 20-29 years,146,Female,416,187,522,1346
1162,RACHEL OVENS,5768,02:03:57,NZL,Runner 20-29 years,147,Female,417,211,593,1469
1163,DAVID DUFFY,7491,02:02:05,NZL,Runner 40-49 years,175,Male,746,189,832,1362
1164,CAMILLE GOBBO OLIVEIRA,4169,02:02:30,BRA,Runner 20-29 years,148,Female,418,196,546,1395
1165,ADRIAN DIXON,6946,01:48:18,AUS,Runner 40-49 years,176,Male,747,98,457,597
1166,LISA ISON,4186,01:53:07,NZL,Runner 30-39 years,136,Female,419,73,244,836
1167,ANNE HARRIS,7801,02:02:30,NZL,Runner 40-49 years,105,Female,420,131,547,1396
1168,NICOLE COLWELL,7106,02:03:43,AUS,Runner 40-49 years,106,Female,421,142,577,1447
1169,ALANNA EADES,6631,02:01:25,AUS,Runner 30-39 years,137,Female,422,162,508,1329
1170,ALICE DIMOND,6425,02:01:47,NZL,Runner 20-29 years,149,Female,423,185,520,1344
1171,ALICE WINTER,7375,01:57:46,NZL,Runner 20-29 years,150,Female,424,144,390,1124
1172,DEREK MILLER,4304,02:02:22,NZL,Runner 40-49 years,177,Male,748,191,840,1382
1173,HEATH KEWENE,7331,01:57:51,NZL,Runner 16-19 years,17,Male,749,16,735,1128
1174,DANIEL SIEBECK,7811,02:03:50,,Runner 30-39 years,245,Male,750,287,873,1457
1175,ANA LOW,4175,02:03:53,NZL,Runner 30-39 years,138,Female,425,186,590,1466
1176,BLAKE HOARE,7175,01:53:30,NZL,Runner 20-29 years,224,Male,751,206,604,857
1177,BRIDGET HANSEN,5736,02:03:51,NZL,Runner 30-39 years,139,Female,426,183,586,1461
1178,SOPHIE BALCHIN,5709,02:01:51,NZL,Runner 16-19 years,8,Female,427,11,524,1349
1179,JONNY RABONE,7084,02:02:27,GBR,Runner 20-29 years,225,Male,752,255,845,1390
1180,ANNA REID,5214,02:02:42,NZL,Runner 40-49 years,107,Female,428,134,553,1406
1181,ANDREW CARTER,6212,02:04:18,NZL,Runner 30-39 years,246,Male,753,291,883,1491
1182,FIONA MCCAULEY,3439,02:02:24,NZL,Runner 40-49 years,108,Female,429,129,544,1386
1183,CECI ARCAGNI,7676,02:03:55,ARG,Runner 30-39 years,140,Female,430,187,591,1467
1184,SARAHJANE WEIR,4210,02:02:41,NZL,Runner 40-49 years,109,Female,431,133,551,1404
1185,JAMES MEHRTENS,7304,02:02:13,NZL,Runner 20-29 years,226,Male,754,251,836,1370
1186,REGAN ALARD,5332,02:04:19,AUS,Runner 30-39 years,141,Female,432,196,609,1492
1187,CRAIG SMITH,6042,01:49:21,NZL,Runner 20-29 years,227,Male,755,170,487,644
1188,REBECCA HOLDEN,5104,02:04:12,NZL,Runner 30-39 years,142,Female,433,192,604,1484
1189,ANDREW PRICE,5973,02:01:59,NZL,Runner 30-39 years,247,Male,756,275,829,1356
1190,SARAH BLAIKIE,4131,01:58:28,NZL,Runner 40-49 years,110,Female,434,100,411,1161
1191,OLIVIA KENNEDY,4704,01:58:28,NZL,Runner 20-29 years,151,Female,435,153,410,1160
1192,JESSIE HUNT,6849,02:04:05,NZL,Runner 30-39 years,143,Female,436,190,599,1478
1193,ELLEN PEDLER,4297,02:02:16,AUS,Runner 20-29 years,152,Female,437,192,537,1374
1194,NICOLA SAINSBURY,8191,02:02:22,,Runner 40-49 years,111,Female,438,128,541,1380
1195,JYE COX,5697,02:02:41,AUS,Runner 16-19 years,18,Male,757,20,853,1403
1196,LYNDALL DUGGAN,3006,01:58:59,AUS,Runner 40-49 years,112,Female,439,104,427,1190
1197,NICOLA HOWES,6532,02:02:42,NZL,Runner 30-39 years,144,Female,440,176,552,1405
1198,PHIL BUCKMAN,6344,01:58:13,NZL,Runner 50-59 years,64,Male,758,56,746,1147
1199,BECKY PATERSON,6500,01:54:20,NZL,Runner 16-19 years,9,Female,441,8,266,895
1200,CLAIRE DE MEDICI JONES,3999,02:02:26,AUS,Runner 40-49 years,113,Female,442,130,545,1389
1201,STEPHANIE BARCLAY,3424,02:02:45,NZL,Runner 40-49 years,114,Female,443,136,555,1409
1202,CLAUDIA DYET,6627,01:49:46,NZL,Runner 20-29 years,153,Female,444,60,164,668
1203,REBECCA GROSS,5893,01:50:23,NZL,Runner 40-49 years,115,Female,445,41,177,696
1204,ALICE BROOMFIELD,3085,02:02:15,NZL,Runner 20-29 years,154,Female,446,191,536,1372
1205,STEVE COWIE,7408,01:58:57,NZL,Runner 50-59 years,65,Male,759,58,762,1187
1206,NATHAN CRUICKSHANK,3422,01:54:10,NZL,Runner 40-49 years,178,Male,760,133,625,885
1207,SHAY MCDONALD,3043,02:05:02,NZL,Runner 20-29 years,155,Female,447,223,633,1529
1208,PAUL DAVEY,7856,02:03:04,AUS,Runner 60-69 years,22,Male,761,22,858,1422
1209,JEFF MOORE,7309,01:59:08,GBR,Runner 30-39 years,248,Male,762,259,770,1199
1210,THERESE ARSENEAU,7743,01:59:34,NZL,Runner 50-59 years,23,Female,448,27,447,1224
1211,THEO MORLANG,3468,01:54:26,,Runner 30-39 years,249,Male,763,215,633,904
1212,CHRIS CONNELL,7354,02:03:22,NZL,Runner 20-29 years,228,Male,764,262,868,1436
1213,SHELLEY GIRVAN,7870,01:59:39,NZL,Runner 50-59 years,24,Female,449,28,452,1231
1214,MICHAEL GOTLEY,7708,01:54:54,AUS,Runner 40-49 years,179,Male,765,141,646,933
1215,MATTHEW SHEAT,5516,01:50:25,NZL,Runner 20-29 years,229,Male,766,178,521,698
1216,HANNAH HAMPTON,6397,01:50:26,NZL,Runner 20-29 years,156,Female,450,66,178,699
1217,JO LITTLE,4416,01:54:56,NZL,Runner 50-59 years,25,Female,451,15,288,934
1218,DANIEL HAYES,7548,01:50:02,NZL,Runner 30-39 years,250,Male,767,176,511,680
1219,REBECCA STRATFORD,3563,02:03:09,AUS,Runner 40-49 years,116,Female,452,138,566,1427
1220,CAITLIN WILLIAMS,6332,02:03:00,AUS,Runner 20-29 years,157,Female,453,200,563,1420
1221,THOMAS TENNENT,5727,01:50:50,NZL,Runner 20-29 years,230,Male,768,181,534,718
1222,JAMES YEOMAN,8150,01:50:51,NZL,Runner 20-29 years,231,Male,769,182,535,719
1223,GLENDA THETFORD,6647,01:59:07,NZL,Runner 50-59 years,26,Female,454,25,429,1197
1224,ANNA WILLS,6363,01:54:16,NZL,Runner 40-49 years,117,Female,455,66,265,893
1225,SARA CRAWFORD,7660,02:03:51,NZL,Runner 30-39 years,145,Female,456,184,587,1462
1226,EMMA POWELL,8132,02:00:03,NZL,Runner 30-39 years,146,Female,457,144,464,1252
1227,NICKI PATERSON,6499,01:59:14,NZL,Runner 50-59 years,27,Female,458,26,435,1208
1228,RUBY COERS,7365,01:55:18,NZL,Runner 20-29 years,158,Female,459,110,303,963
1229,KIM ROBERTS,4896,02:03:51,NZL,Runner 40-49 years,118,Female,460,145,588,1464
1230,PAIGE CLARKE,5876,01:54:23,NZL,Runner 20-29 years,159,Female,461,98,269,899
1231,KIERAN BYRNE,7698,01:54:36,NZL,Runner 30-39 years,251,Male,770,217,638,910
1232,LISA WILLIAMS,5236,02:04:02,NZL,Runner 40-49 years,119,Female,462,147,596,1474
1233,JOSH STARKEY,5337,01:50:14,NZL,Runner 20-29 years,232,Male,771,176,512,686
1234,MARTIN DUGGAN,3166,01:59:44,AUS,Runner 40-49 years,180,Male,772,177,782,1237
1235,ZOU ZOU,6960,02:03:46,FRA,Runner 30-39 years,147,Female,463,182,579,1449
1236,NADJA VENETZ,7291,01:59:47,,Runner 30-39 years,148,Female,464,141,457,1240
1237,TIM LOGAN,6510,01:50:27,NZL,Runner 20-29 years,233,Male,773,179,524,703
1238,BRONTE LINKHORN,7182,01:55:09,NZL,Runner 20-29 years,160,Female,465,109,297,952
1239,JAMES CIDER,6453,01:50:30,GBR,Runner 16-19 years,19,Male,774,14,525,704
1240,JESSICA BERGS,6472,02:04:14,NZL,Runner 30-39 years,149,Female,466,193,605,1485
1241,CHRIS TILLING,6948,01:50:27,AUS,Runner 40-49 years,181,Male,775,113,523,701
1242,PAM PELDAN,6242,02:05:19,AUS,Runner 50-59 years,28,Female,467,38,645,1548
1243,MICHAEL PELDAN,6243,02:05:19,AUS,Runner 50-59 years,66,Male,776,87,903,1547
1244,LESLEY GARRETT,5997,01:55:46,GBR,Runner 60-69 years,3,Female,468,2,313,985
1245,GIANA THOMAS,4929,02:00:15,NZL,Runner 16-19 years,10,Female,469,10,472,1266
1246,SCOTT MCLAREN,3102,02:03:58,NZL,Runner 40-49 years,182,Male,777,195,877,1470
1247,KIRSTIN WALKER,6678,02:03:23,GBR,Runner 20-29 years,161,Female,470,203,570,1438
1248,IAN MCKIE,3553,01:59:44,NZL,Runner 50-59 years,67,Male,778,61,780,1234
1249,COLM GALVIN,6726,01:54:48,,Runner 30-39 years,252,Male,779,218,642,924
1250,FABIO SANCHES,6448,01:51:03,BRA,Runner 30-39 years,253,Male,780,182,542,730
1251,KYLEE GALBRAITH,6610,02:00:36,NZL,Runner 30-39 years,150,Female,471,152,485,1285
1252,SIMON RELLA,3922,02:00:28,NZL,Runner 30-39 years,254,Male,781,269,799,1280
1253,IAN LYONS,7172,01:55:04,AUS,Runner 50-59 years,68,Male,782,44,655,949
1254,GREG HALL,5793,01:55:30,NZL,Runner 20-29 years,234,Male,783,220,664,974
1255,VICTORIA SMITH,5101,02:04:10,NZL,Runner 20-29 years,162,Female,472,214,603,1483
1256,MELISSA CROWE,6702,01:51:06,NZL,Runner 30-39 years,151,Female,473,58,190,733
1257,RICHARD SIBBALD,7243,01:55:32,NZL,Runner 30-39 years,255,Male,784,224,666,976
1258,TIM NAYLOR,6293,02:05:54,NZL,Runner 30-39 years,256,Male,785,294,915,1584
1259,CHARL MOLLER,7689,01:59:53,,Runner 30-39 years,257,Male,786,265,785,1244
1260,ANNEMARI DE KORTE,4334,02:00:31,AUS,Runner 40-49 years,120,Female,474,120,483,1283
1261,MICK OÆCONNOR,7507,02:05:55,NZL,Runner 30-39 years,258,Male,787,295,916,1586
1262,SARAH BOTHAMLEY,4525,02:04:39,NZL,Runner 20-29 years,163,Female,475,220,622,1512
1263,LARA BLOMFIELD,5228,02:04:43,NZL,Runner 40-49 years,121,Female,476,156,626,1517
1264,DAMIAN CUNNINGHAM,3859,02:06:03,NZL,Runner 50-59 years,69,Male,788,90,920,1596
1265,SUE STOREY,6421,02:04:38,NZL,Runner 50-59 years,29,Female,477,34,621,1511
1266,BRUCE MURRAY,5770,02:04:15,NZL,Runner 50-59 years,70,Male,789,83,881,1486
1267,JANE VERMUNT,5954,02:00:57,NZL,Runner 20-29 years,164,Female,478,175,495,1303
1268,ALEXANDER RUPP,8113,01:51:18,,Runner 30-39 years,259,Male,790,188,553,750
1269,FIONA PERELINI,3733,02:04:09,NZL,Runner 30-39 years,152,Female,479,191,602,1482
1270,SAM BRAME,7899,01:51:47,NZL,Runner 20-29 years,235,Male,791,193,570,782
1271,CHARLOTTE COUCH,3730,02:04:29,NZL,Runner 30-39 years,153,Female,480,197,616,1503
1272,JUANITA THORNTON,6278,02:00:47,NZL,Runner 40-49 years,122,Female,481,121,489,1293
1273,ANDREA WRIGHT,3888,02:03:53,NZL,Runner 30-39 years,154,Female,482,185,589,1465
1274,AMELIA SHORTEN,7031,02:03:59,,Runner 30-39 years,155,Female,483,188,594,1471
1275,JILL RADBURND,3246,02:04:51,NZL,Runner 50-59 years,30,Female,484,37,629,1521
1276,KATE RADBURND,3168,02:04:52,NZL,Runner 20-29 years,165,Female,485,221,631,1525
1277,ZACHARY CULPAN,5507,01:51:38,NZL,Runner 20-29 years,236,Male,792,189,560,768
1278,FIONA WILSON,8085,02:00:19,NZL,Runner 40-49 years,123,Female,486,116,475,1270
1279,ANDREW NAIRN,5246,01:55:31,NZL,Runner 30-39 years,260,Male,793,223,665,975
1280,JANE COLEMAN,7860,02:01:02,GBR,Runner 50-59 years,31,Female,487,29,498,1308
1281,MICHEGRO CHISHOLM,3086,02:04:40,NZL,Runner 30-39 years,156,Female,488,199,624,1515
1282,EMMA GOUGH,7376,02:00:50,NZL,Runner 20-29 years,166,Female,489,174,490,1295
1283,HARRISON POWELL,6342,01:52:06,NZL,Runner 20-29 years,237,Male,794,198,579,800
1284,FRITHA POWELL,5739,01:52:06,NZL,Runner 20-29 years,167,Female,490,81,222,801
1285,LISA DYER,7400,01:56:36,NZL,Runner 20-29 years,168,Female,491,128,343,1035
1286,RACHEL BERKETT,5464,02:04:28,NZL,Runner 40-49 years,124,Female,492,152,614,1501
1287,TIM WILLIS,6422,02:01:14,NZL,Runner 40-49 years,183,Male,795,186,818,1321
1288,LILY CUNLIFFE,3175,01:51:59,NZL,Runner 20-29 years,169,Female,493,79,220,795
1289,ANDREW RICHMOND,6512,02:01:05,NZL,Runner 20-29 years,238,Male,796,247,813,1313
1290,ANNA LETTON,3876,02:04:17,NZL,Runner 30-39 years,157,Female,494,195,608,1489
1291,KATIE MACDIARMID,4551,02:07:22,NZL,Runner 40-49 years,125,Female,495,186,731,1683
1292,KRISTIE DAVIES,3152,02:07:23,NZL,Runner 20-29 years,170,Female,496,254,732,1684
1293,OLIVIA CAPIL,3150,02:07:25,NZL,Runner 20-29 years,171,Female,497,256,735,1688
1294,ANNA STRACHAN,7873,01:56:55,AUS,Runner 40-49 years,126,Female,498,90,350,1050
1295,HEATHER KIKEL,3846,01:51:39,USA,Runner 40-49 years,127,Female,499,51,210,773
1296,JESSY ERCEG,7759,01:51:30,NZL,Runner 20-29 years,172,Female,500,74,204,761
1297,JO-ANNE KINGSBURY,5450,02:04:32,NZL,Runner 40-49 years,128,Female,501,154,617,1505
1298,LUCY BOWERMAN,3231,02:05:17,NZL,Runner 40-49 years,129,Female,502,161,644,1546
1299,JACQUELYNE HAWTIN,3009,02:05:15,NZL,Runner 20-29 years,173,Female,503,226,641,1540
1300,BELINDA SLOAN,3145,02:01:20,NZL,Runner 30-39 years,158,Female,504,160,506,1327
1301,JULIE LASHAM,7826,02:05:10,GBR,Runner 40-49 years,130,Female,505,159,638,1537
1302,KEVIN FAULKNER,4839,02:01:18,NZL,Runner 50-59 years,71,Male,797,72,820,1325
1303,HENRY HERBERT,4875,02:01:10,NZL,Runner 50-59 years,72,Male,798,70,814,1315
1304,GUAN JHIH CHEN,3192,02:05:15,,Runner 40-49 years,131,Female,506,160,640,1539
1305,KUO AN LEE,3193,02:05:15,,Runner 60-69 years,23,Male,799,25,900,1542
1306,MEL MCKENZIE,6043,01:57:31,NZL,Runner 30-39 years,159,Female,507,110,374,1096
1307,RICHARD BRAMLEY,6436,02:04:46,NZL,Runner 20-29 years,239,Male,800,268,892,1518
1308,MARY ENGEL,8188,02:05:51,NZL,Runner 20-29 years,174,Female,508,238,668,1580
1309,GRACE DIMOND,6639,02:05:12,NZL,Runner 20-29 years,175,Female,509,225,639,1538
1310,MARIA VON DER BECKE,8020,02:07:07,ARG,Runner 30-39 years,160,Female,510,225,718,1660
1311,TOM MILLIKEN,6974,02:01:50,NZL,Runner 60-69 years,24,Male,801,20,825,1348
1312,ANNA WELFARE,3274,02:01:33,AUS,Runner 50-59 years,32,Female,511,32,514,1336
1313,MICHAEL KING,4344,02:02:08,AUS,Runner 50-59 years,73,Male,802,77,833,1365
1314,JANICE WALLACE,4776,02:05:08,GBR,Runner 60-69 years,4,Female,512,5,636,1534
1315,LOUISE BARRY,3430,02:06:08,NZL,Runner 30-39 years,161,Female,513,214,681,1603
1316,BEN BAILEY,6418,02:07:56,NZL,Runner 20-29 years,240,Male,803,285,963,1721
1317,TEJADA ROBINSON,6307,02:02:11,NZL,Runner 40-49 years,132,Female,514,126,534,1367
1318,JESSICA WIGLEY,6108,02:05:48,NZL,Runner 20-29 years,176,Female,515,237,665,1575
1319,CHRISTINE LINTON,3142,02:05:31,AUS,Runner 40-49 years,133,Female,516,164,658,1564
1320,BRETT FRANCIS,6851,02:06:03,AUS,Runner 40-49 years,184,Male,804,207,919,1595
1321,REBECCA CHALMERS,7637,01:57:47,NZL,Runner 40-49 years,134,Female,517,97,392,1126
1322,JEMMA LINE,5421,02:01:48,GBR,Runner 20-29 years,177,Female,518,186,521,1345
1323,HOLLY MCINTOSH,7142,02:02:15,NZL,Runner 20-29 years,178,Female,519,190,535,1371
1324,GLEN GRIEVE,6909,02:05:58,NZL,Runner 50-59 years,74,Male,805,89,917,1588
1325,KELSEY BREWER,7572,02:02:17,AUS,Runner 20-29 years,179,Female,520,193,538,1375
1326,SOPHIA ISAAC,3750,02:01:58,NZL,Runner 30-39 years,162,Female,521,168,526,1353
1327,ANDREW ROBERTSON,7887,02:05:08,AUS,Runner 40-49 years,185,Male,806,200,898,1533
1328,SHAUN TRUEMAN,5205,02:05:46,NZL,Runner 20-29 years,241,Male,807,272,910,1573
1329,DEANNA HILLS,5204,02:05:47,NZL,Runner 20-29 years,180,Female,522,236,664,1574
1330,TOM TURNER,7137,02:02:23,NZL,Runner 60-69 years,25,Male,808,21,841,1384
1331,ANTHONY MACLEAN,3203,02:05:52,NZL,Runner 50-59 years,75,Male,809,88,913,1581
1332,ZAC THOMAS,7707,02:02:21,NZL,Runner 20-29 years,242,Male,810,252,839,1379
1333,PETER JONES,5009,02:02:19,AUS,Runner 40-49 years,186,Male,811,190,838,1377
1334,ROBERT CHIN,7414,02:06:06,CAN,Runner 20-29 years,243,Male,812,274,922,1601
1335,KAITLIN KINGSTONE,6091,01:56:36,NZL,Runner 20-29 years,181,Female,523,127,342,1033
1336,JAMES WHIBLEY,6605,02:02:12,NZL,Runner 30-39 years,261,Male,813,276,835,1369
1337,LIN CHEN,8092,02:02:06,CHN,Runner 30-39 years,163,Female,524,172,532,1364
1338,ANDREW HILL,7313,02:05:16,GBR,Runner 40-49 years,187,Male,814,201,901,1543
1339,BRUCE WARD,7010,02:01:46,NZL,Runner 50-59 years,76,Male,815,74,824,1343
1340,CHRISTINE MAK,5855,02:06:11,NZL,Runner 20-29 years,182,Female,525,240,684,1606
1341,NGAIRE MCLACHLAN,3208,02:07:34,NZL,Runner 60-69 years,5,Female,526,7,743,1696
1342,RACHELLE BINNY,4136,01:56:39,GBR,Runner 20-29 years,183,Female,527,129,346,1039
1343,SARAH YOUNG,3164,02:05:43,GBR,Runner 30-39 years,164,Female,528,207,662,1571
1344,REBECCA HART,4899,02:06:02,NZL,Runner 30-39 years,165,Female,529,211,675,1593
1345,JANE MCVEIGH,4561,01:57:53,AFG,Runner 50-59 years,33,Female,530,22,395,1130
1346,LISA HARRIS,7518,02:06:05,NZL,Runner 30-39 years,166,Female,531,213,677,1597
1347,NIALL QUINN,6754,01:57:39,,Runner 20-29 years,244,Male,816,232,729,1111
1348,NINA VEAL,5146,02:06:26,NZL,Runner 40-49 years,135,Female,532,171,691,1616
1349,KELLY CASSIE,5512,02:06:11,NZL,Runner 30-39 years,167,Female,533,216,683,1605
1350,JUDY O'DONAHOO,4143,02:05:39,AUS,Runner 60-69 years,6,Female,534,6,659,1568
1351,MORNA NIELSEN,6320,02:05:44,NZL,Runner 20-29 years,184,Female,535,235,663,1572
1352,HANNA AFIFI,7213,02:02:11,NZL,Runner 30-39 years,168,Female,536,173,533,1366
1353,KARYN DE LEEUW,6261,02:06:22,NZL,Runner 30-39 years,169,Female,537,220,689,1612
1354,RACHEL WALDEGRAVE,6260,02:06:22,NZL,Runner 40-49 years,136,Female,538,170,690,1613
1355,DAMIEN TAYLOR,4406,02:07:59,NZL,Runner 30-39 years,262,Male,817,309,965,1724
1356,MISS NEEDHAM,3713,02:02:22,NZL,Runner 30-39 years,170,Female,539,174,542,1381
1357,BRITTANY THOMAS,6493,02:08:01,NZL,Runner 20-29 years,185,Female,540,266,761,1726
1358,YOUNGSIK JIN,6292,01:53:38,JPN,Runner 30-39 years,263,Male,818,209,610,864
1359,STEPHEN ENGLAND HALL,8175,02:08:06,NZL,Runner 40-49 years,188,Male,819,223,966,1732
1360,CRAIG SCOTT,7459,02:06:29,NZL,Runner 50-59 years,77,Male,820,91,927,1619
1361,ALISON SPURWAY,3673,02:02:06,AUS,Runner 40-49 years,137,Female,541,125,531,1363
1362,TRISTAN ENGLART,4240,02:06:41,AUS,Runner 30-39 years,264,Male,821,300,931,1629
1363,PAULA WATT,6253,02:06:28,NZL,Runner 40-49 years,138,Female,542,172,692,1618
1364,BRIDGET GUNDY,7427,02:05:51,NZL,Runner 40-49 years,139,Female,543,166,667,1579
1365,ROD COLWELL,7101,02:07:59,AUS,Runner 50-59 years,78,Male,822,94,964,1722
1366,CAM MCLEAN,5200,02:01:57,NZL,Runner 30-39 years,265,Male,823,273,827,1351
1367,EILIS MCLEAN,5199,02:01:57,NZL,Runner 20-29 years,186,Female,544,188,525,1352
1368,JAMES RITCHIE,7998,01:53:52,USA,Runner 20-29 years,245,Male,824,210,619,876
1369,MARIA CLARKSON,6408,02:05:59,NZL,Runner 40-49 years,140,Female,545,167,672,1589
1370,ALISON ANDERSEN,4126,02:06:46,NZL,Runner 30-39 years,171,Female,546,223,699,1631
1371,DONNA TARNOW-MORDI,6369,02:06:06,AUS,Runner 50-59 years,34,Female,547,40,679,1600
1372,ANNIE AIREY,7122,01:53:58,GBR,Runner 20-29 years,187,Female,548,94,259,879
1373,NADINE PAULEY,5837,01:57:05,NZL,Runner 20-29 years,188,Female,549,132,358,1065
1374,KAYA JONES,7958,01:54:04,USA,Runner 20-29 years,189,Female,550,95,260,884
1375,JAKUB ÈEMBERA,7680,01:50:18,NZL,Runner 30-39 years,266,Male,825,178,516,691
1376,CATHERINE PEGLEY,3449,02:06:52,NZL,Runner 40-49 years,141,Female,551,178,705,1639
1377,OWEN ROSE,4145,02:06:54,NZL,Runner 50-59 years,79,Male,826,92,936,1642
1378,SOPHIE MITCHELL,7387,02:07:09,NZL,Runner 20-29 years,190,Female,552,251,721,1666
1379,NATHAN SANDERSON,3764,02:02:37,NZL,Runner 20-29 years,246,Male,827,259,852,1400
1380,LISA FALK,6496,02:06:31,NZL,Runner 30-39 years,172,Female,553,221,694,1622
1381,STEPHANIE THATCHER,7659,02:02:57,GBR,Runner 20-29 years,191,Female,554,199,560,1416
1382,KELSI RIDDEN,4888,02:09:05,NZL,Runner 20-29 years,192,Female,555,278,812,1797
1383,PIPPY WISEMAN,3689,02:03:04,GBR,Runner 20-29 years,193,Female,556,201,564,1421
1384,STEVE HENDERSON,5966,02:08:34,NZL,Runner 30-39 years,267,Male,828,312,973,1759
1385,SHERIDAN WILSON,3159,02:02:17,NZL,Runner 40-49 years,142,Female,557,127,539,1376
1386,HELEN BORG,5656,01:57:34,NZL,Runner 30-39 years,173,Female,558,112,378,1101
1387,ASHLEY WATSON,6742,02:06:15,AUS,Runner 20-29 years,194,Female,559,241,687,1609
1388,BRIDIE WALSH,7573,02:03:28,AUS,Runner 20-29 years,195,Female,560,205,572,1440
1389,KA PO CHENG,7734,02:08:43,HKG,Runner 20-29 years,247,Male,829,288,978,1771
1390,MARK BAKER,5441,02:08:39,NZL,Runner 40-49 years,189,Male,830,225,975,1765
1391,SIMON HADFIELD,3861,02:06:40,NZL,Runner 40-49 years,190,Male,831,211,930,1628
1392,CATHERINE POULTER,5446,02:02:51,NZL,Runner 30-39 years,174,Female,561,178,559,1414
1393,KENDRA BOW,6850,02:07:28,AUS,Runner 30-39 years,175,Female,562,230,739,1692
1394,DONNA LAWSON,5324,02:07:19,AUS,Runner 40-49 years,143,Female,563,185,728,1680
1395,ZINAIDA PLJAKIC,6488,02:06:40,NZL,Runner 40-49 years,144,Female,564,174,698,1627
1396,KATE PALISI,7091,02:03:23,AUS,Runner 40-49 years,145,Female,565,140,569,1437
1397,CASSIE STARKIE,8165,02:07:16,GBR,Runner 40-49 years,146,Female,566,184,724,1674
1398,TEGAN HARRISON,5149,02:07:17,NZL,Runner 20-29 years,196,Female,567,253,727,1679
1399,RAUNAK CHATTERJEE,6770,02:06:52,USA,Runner 40-49 years,191,Male,832,214,935,1640
1400,GEORGINA MUNRO,6371,02:09:12,NZL,Runner 20-29 years,197,Female,568,280,816,1802
1401,ZOE PATERSON,6722,02:09:12,NZL,Runner 20-29 years,198,Female,569,281,817,1803
1402,LYNNE SMITH,3579,02:07:00,GBR,Runner 20-29 years,199,Female,570,247,710,1647
1403,DAWN MURPHY,5443,02:02:58,NZL,Runner 50-59 years,35,Female,571,33,561,1417
1404,KARLA DAVIDSON-BROWN,6656,02:06:58,NZL,Runner 30-39 years,176,Female,572,224,708,1645
1405,AARON REDMAN,3993,01:58:14,NZL,Runner 40-49 years,192,Male,833,162,747,1150
1406,ANNA BRANKIN,6429,02:07:03,NZL,Runner 20-29 years,200,Female,573,249,712,1654
1407,KATHERINE FREEMAN-GREENE,4044,01:58:36,NZL,Runner 40-49 years,147,Female,574,101,414,1167
1408,DAVE HAZLEHURST,4710,02:07:36,NZL,Runner 40-49 years,193,Male,834,222,955,1699
1409,CHANTÚ CRASBORN,5548,02:07:33,NZL,Runner 20-29 years,201,Female,575,258,741,1694
1410,CLAUDIA DE CARLI,7744,02:07:26,AUS,Runner 20-29 years,202,Female,576,257,737,1690
1411,BEN SCOTT,4969,01:54:56,NZL,Runner 20-29 years,248,Male,835,216,647,935
1412,DANIEL BOSHER,6014,02:03:35,NZL,Runner 30-39 years,268,Male,836,285,869,1445
1413,MARK SCOGNAMIGLIO,3158,02:03:15,AUS,Runner 30-39 years,269,Male,837,284,863,1430
1414,JONATHAN WILLIAMS,6971,01:59:06,NZL,Runner 30-39 years,270,Male,838,258,768,1195
1415,DARREN BURDEN,7520,01:59:05,GBR,Runner 40-49 years,194,Male,839,172,766,1193
1416,MARGUERITE PATERSON,7552,02:07:00,NZL,Runner 20-29 years,203,Female,577,248,711,1648
1417,DON MOORE,5960,02:09:17,NZL,Runner 30-39 years,271,Male,840,318,989,1808
1418,STEPHANIE THOMPSON,5098,01:59:41,AUS,Runner 30-39 years,177,Female,578,138,453,1232
1419,STUART WILKINSON,4129,02:06:48,GBR,Runner 30-39 years,272,Male,841,301,933,1635
1420,GEOFF DYKES,6608,02:07:16,NZL,Runner 60-69 years,26,Male,842,29,951,1677
1421,SOPHIE GUALTER,6511,02:03:26,NZL,Runner 20-29 years,204,Female,579,204,571,1439
1422,TIM MORRISON,6019,02:07:15,NZL,Runner 40-49 years,195,Male,843,220,948,1671
1423,KATE BROWN,4646,02:07:04,NZL,Runner 40-49 years,148,Female,580,180,713,1655
1424,SIMON PLOWMAN,3717,01:55:12,NZL,Runner 30-39 years,273,Male,844,220,656,954
1425,ANGELA PLOWMAN,3716,01:55:12,NZL,Runner 30-39 years,178,Female,581,88,299,955
1426,WILLIAM STROWGER,5903,01:55:12,NZL,Runner 50-59 years,80,Male,845,45,658,957
1427,PHILIPPE LIMSOWTIN,3634,01:54:12,NZL,Runner 40-49 years,196,Male,846,134,626,886
1428,MILLIE ANDERSON,7890,01:54:35,NZL,Runner 16-19 years,11,Female,582,9,272,909
1429,KARYN MCLEAN,4341,01:55:13,NZL,Runner 40-49 years,149,Female,583,78,300,958
1430,EMMA SCAHILL,6986,02:07:05,GBR,Runner 20-29 years,205,Female,584,250,715,1657
1431,LAURA LAGAN,8153,01:59:19,NZL,Runner 20-29 years,206,Female,585,161,439,1215
1432,JACQUALINE LIPPLESGOES,4338,02:08:03,AUS,Runner 60-69 years,7,Female,586,8,763,1728
1433,SAM HAMMOND,3782,02:03:50,NZL,Runner 20-29 years,249,Male,847,263,874,1458
1434,TROY KENNEDY,8192,02:03:51,NZL,Runner 30-39 years,274,Male,848,288,876,1463
1435,DANIEL WILLCOCK,8025,01:53:43,GBR,Runner 20-29 years,250,Male,849,209,616,871
1436,KELLY HUTTON,4658,02:03:56,NZL,Runner 40-49 years,150,Female,587,146,592,1468
1437,MEGAN BURKE,4282,02:10:28,NZL,Runner 30-39 years,179,Female,588,272,867,1876
1438,KATE DOBBIN,4814,02:07:22,NZL,Runner 50-59 years,36,Female,589,45,730,1682
1439,HAYDN ROSE,5060,01:59:44,NZL,Runner 16-19 years,20,Male,850,19,781,1235
1440,PETE COPELAND,7521,01:54:48,NZL,Runner 30-39 years,275,Male,851,219,643,925
1441,RENEE HOLLAND,7948,01:59:37,NZL,Runner 30-39 years,180,Female,590,137,449,1228
1442,KIMBERLEY SHEA,7095,01:59:16,NZL,Runner 20-29 years,207,Female,591,160,436,1210
1443,STACEY RICHARDS,5008,02:04:23,AUS,Runner 40-49 years,151,Female,592,150,611,1495
1444,MIA DOBBS,3437,02:08:20,GBR,Runner 40-49 years,152,Female,593,196,772,1739
1445,SEAN DUGGAN,3658,02:04:22,NZL,Runner 40-49 years,197,Male,852,196,884,1494
1446,ANA ROBINSON,4799,02:07:54,NZL,Runner 40-49 years,153,Female,594,193,757,1719
1447,CORINNE FOWLER,6661,02:08:29,NZL,Runner 40-49 years,154,Female,595,197,776,1746
1448,SAMANTHA HENDERSON,7606,02:07:48,GBR,Runner 30-39 years,181,Female,596,232,751,1711
1449,HEATHER DODS,7603,02:08:34,GBR,Runner 20-29 years,208,Female,597,273,786,1756
1450,JAMES RUSSELL,6183,02:07:41,,Runner 20-29 years,251,Male,853,281,957,1704
1451,GREG HILL,7947,02:04:36,AUS,Runner 20-29 years,252,Male,854,266,890,1510
1452,BRIAN SUTHERLAND,3219,02:04:02,NZL,Runner 50-59 years,81,Male,855,82,878,1473
1453,MARIEL JIMENA GUTIERREZ,7482,02:00:07,ARG,Runner 20-29 years,209,Female,598,168,466,1255
1454,JENNY JOBLIN,5990,02:08:31,NZL,Runner 30-39 years,182,Female,599,244,781,1751
1455,HELENE TAINSH,6230,02:04:32,NZL,Runner 20-29 years,210,Female,600,218,619,1507
1456,S P CHUA,5476,02:04:05,,Runner 40-49 years,155,Female,601,149,598,1476
1457,CAMRYN BROWN,4795,02:04:05,NZL,Runner 30-39 years,276,Male,856,289,879,1477
1458,NICOLA FAIR,4527,02:04:51,NZL,Runner 40-49 years,156,Female,602,157,630,1522
1459,LINDA SCULLION,4968,02:08:00,AUS,Runner 40-49 years,157,Female,603,194,760,1725
1460,TODD FINDLATER,4154,02:04:24,NZL,Runner 30-39 years,277,Male,857,292,885,1496
1461,QUINTIN PROCTOR,4074,02:08:21,NZL,Runner 40-49 years,198,Male,858,224,968,1740
1462,HAYLEY ROACH,6013,02:09:51,GBR,Runner 40-49 years,158,Female,604,212,840,1835
1463,AARON MATTHIAS,5775,02:04:17,NZL,Runner 20-29 years,253,Male,859,264,882,1490
1464,ANNA ROBINSON,7325,02:08:38,NZL,Runner 20-29 years,211,Female,605,274,790,1764
1465,MARGARET FIRTH,3655,02:04:48,AUS,Runner 50-59 years,37,Female,606,36,627,1519
1466,EMMA KELLY,4099,02:00:27,NZL,Runner 20-29 years,212,Female,607,172,481,1278
1467,DIANNE KELLY,6978,02:09:01,AUS,Runner 40-49 years,159,Female,608,206,808,1791
1468,SAMUEL LAM,7079,02:08:38,NZL,Runner 20-29 years,254,Male,860,287,974,1763
1469,ALIESHA LOUISE,6929,02:00:11,NZL,Runner 20-29 years,213,Female,609,169,470,1259
1470,ANNA MCASLAN,5673,01:54:59,NZL,Runner 20-29 years,214,Female,610,106,291,940
1471,SARA SMITH,6935,01:54:59,NZL,Runner 20-29 years,215,Female,611,107,293,942
1472,CLAIRE WILLIAMS,4309,02:00:47,NZL,Runner 30-39 years,183,Female,612,154,488,1292
1473,SUE PORTER,6218,02:04:43,NZL,Runner 40-49 years,160,Female,613,155,625,1516
1474,ALYSSA JUKES,7514,02:04:50,NZL,Runner 30-39 years,184,Female,614,200,628,1520
1475,HAYLEY LEE,6687,02:05:15,NZL,Runner 20-29 years,216,Female,615,227,642,1541
1476,HAYDEN KIRK,5425,02:04:39,NZL,Runner 20-29 years,255,Male,861,267,891,1513
1477,TRUDIE MARSH,7059,02:04:29,NZL,Runner 40-49 years,161,Female,616,153,615,1502
1478,ERIC EMMETT,3054,02:09:13,AUS,Runner 50-59 years,82,Male,862,97,987,1804
1479,CRAIG DONALDSON,6095,02:00:12,NZL,Runner 30-39 years,278,Male,863,267,793,1263
1480,CAROL SMITH,5549,02:04:40,GBR,Runner 50-59 years,38,Female,617,35,623,1514
1481,ANGELA MARTIN,7030,02:00:23,AUS,Runner 30-39 years,185,Female,618,150,479,1274
1482,RACHEL HUMPHRIES,5692,01:59:50,NZL,Runner 30-39 years,186,Female,619,142,459,1242
1483,NICOLA BROWN,5456,01:59:34,NZL,Runner 30-39 years,187,Female,620,135,446,1223
1484,JO POWELL,5537,01:56:18,GBR,Runner 30-39 years,188,Female,621,95,331,1015
1485,HAELEIGH TURNER,4275,02:08:07,NZL,Runner 30-39 years,189,Female,622,239,767,1733
1486,KATE BRYCE,7140,02:08:51,NZL,Runner 30-39 years,190,Female,623,254,799,1780
1487,GERALD PECOVER,3380,02:00:59,GBR,Runner 50-59 years,83,Male,864,69,809,1306
1488,ANNE MCWHINNIE,6088,02:08:51,NZL,Runner 40-49 years,162,Female,624,202,800,1781
1489,BRITTANY THOMPSON,6603,01:56:25,NZL,Runner 30-39 years,191,Female,625,96,335,1021
1490,VICTORIA HILL,6990,02:05:25,NZL,Runner 20-29 years,217,Female,626,230,651,1556
1491,JENNY HOGAN,4505,01:56:11,,Runner 20-29 years,218,Female,627,119,328,1010
1492,YANTAO HOU,7640,02:09:04,CHN,Runner 40-49 years,199,Male,865,229,985,1795
1493,SUSAN DYSON,7315,01:54:43,NZL,Runner 40-49 years,163,Female,628,71,280,918
1494,STEVIE-LEIGH MAFI,4696,02:01:04,NZL,Runner 20-29 years,219,Female,629,177,500,1310
1495,JENNY BEVITT,5284,02:05:06,NZL,Runner 40-49 years,164,Female,630,158,634,1531
1496,VANESSA THWAITES,6818,02:00:59,NZL,Runner 40-49 years,165,Female,631,122,497,1305
1497,LUCY WALKER,5427,01:55:50,NZL,Runner 20-29 years,220,Female,632,114,316,990
1498,NEIL PHILLIPS,3312,02:00:05,NZL,Runner 50-59 years,84,Male,866,63,789,1253
1499,MONICA JOHNSON,5789,02:08:52,USA,Runner 50-59 years,39,Female,633,49,801,1782
1500,YASMIN MCDONALD,3970,02:08:30,GBR,Runner 30-39 years,192,Female,634,242,778,1748
1501,KERRYN LITTLE,7204,02:09:21,NZL,Runner 20-29 years,221,Female,635,283,821,1811
1502,HAYDEN FERRIMAN,4915,02:09:36,NZL,Runner 30-39 years,279,Male,867,320,992,1819
1503,CATHY DUNN,4782,02:00:54,NZL,Runner 30-39 years,193,Female,636,156,492,1300
1504,JONATHON REID,6736,01:56:01,NZL,Runner 20-29 years,256,Male,868,223,676,1000
1505,MICHAEL MANNING,4564,02:05:32,NZL,Runner 60-69 years,27,Male,869,27,907,1565
1506,STEPHANIE PYOTT,7080,02:09:09,NZL,Runner 40-49 years,166,Female,637,207,813,1799
1507,CHERIE METHVEN,7074,02:09:09,NZL,Runner 40-49 years,167,Female,638,208,815,1801
1508,MICHAEL PAINE,4479,02:05:25,NZL,Runner 40-49 years,200,Male,870,203,905,1555
1509,SIMON SCARLETT,8185,01:55:48,NZL,Runner 30-39 years,280,Male,871,226,674,987
1510,BRADEN BARNES,6011,01:56:09,NZL,Runner 30-39 years,281,Male,872,229,681,1007
1511,KATIE TURNER,7825,02:09:33,NZL,Runner 20-29 years,222,Female,639,286,826,1817
1512,ANDREW LEE,7289,02:01:18,NZL,Runner 50-59 years,85,Male,873,71,819,1324
1513,KENDRA MCCARTHY,4975,02:05:26,NZL,Runner 30-39 years,194,Female,640,204,652,1557
1514,JOSHUA LUCAS,6709,02:09:15,NZL,Runner 30-39 years,282,Male,874,317,988,1806
1515,MICHAEL PARKER,3299,02:05:48,NZL,Runner 60-69 years,28,Male,875,28,911,1576
1516,ALICE MANCH,7971,02:00:03,NZL,Runner 20-29 years,223,Female,641,167,463,1251
1517,SARAH MACKAY,6908,02:09:36,NZL,Runner 50-59 years,40,Female,642,50,827,1818
1518,KISHOR DAHYA,6755,02:05:28,NZL,Runner 60-69 years,29,Male,876,26,906,1562
1519,DAYNA PATERSON,4553,02:09:05,NZL,Runner 30-39 years,195,Female,643,256,811,1796
1520,ANNIE PHILLIPSON,4078,02:05:21,NZL,Runner 20-29 years,224,Female,644,228,647,1551
1521,BEN CHAMBERLAIN,3224,01:55:26,NZL,Runner 30-39 years,283,Male,877,222,663,971
1522,JANE PHILLIPSON,4077,02:05:22,NZL,Runner 50-59 years,41,Female,645,39,649,1553
1523,MELISSA BOWLES,5896,02:05:21,AUS,Runner 30-39 years,196,Female,646,203,646,1550
1524,EMMA HANLEY,7594,02:09:39,NZL,Runner 30-39 years,197,Female,647,259,829,1821
1525,LUCHIA HERMENS,7433,02:01:11,NZL,Runner 30-39 years,198,Female,648,159,502,1317
1526,CHARLENE JEMMETT,4667,02:06:02,NZL,Runner 30-39 years,199,Female,649,212,676,1594
1527,KIRSTAN SWEETMAN,5651,02:00:20,NZL,Runner 40-49 years,168,Female,650,118,477,1272
1528,JOANNA O'BRIEN,4200,02:00:09,NZL,Runner 30-39 years,200,Female,651,147,469,1258
1529,YAJIE ZHANG,6336,02:11:36,CHN,Runner 30-39 years,201,Female,652,285,911,1930
1530,JOHN EDMONDS,8145,02:01:12,NZL,Runner 40-49 years,201,Male,878,185,816,1318
1531,DAVID LOWES,7227,02:09:59,GBR,Runner 20-29 years,257,Male,879,292,1001,1844
1532,ALLANNAH MCKAY,4113,01:56:31,NZL,Runner 40-49 years,169,Female,653,87,338,1025
1533,STEPHANIE MADDOX,4948,02:09:09,USA,Runner 20-29 years,225,Female,654,279,814,1800
1534,DANIAL BENSON,7432,02:05:17,AUS,Runner 40-49 years,202,Male,880,202,902,1544
1535,KAYLA HEYER,5835,02:00:57,USA,Runner 20-29 years,226,Female,655,176,496,1304
1536,BENJAMIN SEXTON,8184,02:10:04,NZL,Runner 20-29 years,258,Male,881,293,1002,1846
1537,DOUG CLARK,3543,02:09:53,NZL,Runner 50-59 years,86,Male,882,99,996,1838
1538,LUKE CLARK,3925,02:09:54,NZL,Runner 20-29 years,259,Male,883,291,997,1839
1539,MATTHEW DOBSON,7923,01:55:47,NZL,Runner 20-29 years,260,Male,884,222,673,986
1540,TIFFANY SCHOENBERGER,3038,02:06:01,USA,Runner 30-39 years,202,Female,656,209,673,1590
1541,STEVEN PERMAN,4404,02:06:01,USA,Runner 30-39 years,284,Male,885,296,918,1592
1542,ELIZABETH CURTIS,5396,02:11:44,NZL,Runner 30-39 years,203,Female,657,286,914,1935
1543,KAREN MOORE,3177,02:05:26,NZL,Runner 30-39 years,204,Female,658,205,654,1559
1544,JILLIAN SIMPSON,4496,02:10:06,AUS,Runner 60-69 years,8,Female,659,10,846,1848
1545,ALEXANDRA MANSON,6098,01:57:25,NZL,Runner 30-39 years,205,Female,660,108,368,1087
1546,BONNIE FOLEY,3990,02:10:23,NZL,Runner 50-59 years,42,Female,661,53,859,1866
1547,ALICE PERRY,4838,02:10:39,NZL,Runner 20-29 years,227,Female,662,301,878,1887
1548,LAURA CLARIDGE,6673,02:09:51,NZL,Runner 30-39 years,206,Female,663,261,841,1836
1549,JANE PRIDDY,4566,02:06:07,NZL,Runner 40-49 years,170,Female,664,169,680,1602
1550,ZOE MCINTOSH,4960,02:06:17,NZL,Runner 30-39 years,207,Female,665,219,688,1610
1551,NICOLA WYLIE,7119,01:57:10,NZL,Runner 30-39 years,285,Male,886,242,709,1070
1552,KAMALA HAYMAN,7199,01:57:30,NZL,Runner 50-59 years,43,Female,666,19,371,1093
1553,ERIN SUNDSTROM,8084,02:05:54,AUS,Runner 16-19 years,12,Female,667,13,669,1583
1554,MITCH MCCANN,5006,02:10:27,NZL,Runner 20-29 years,261,Male,887,297,1009,1872
1555,SANDRA CLOSE,3950,02:01:33,NZL,Runner 50-59 years,44,Female,668,31,513,1335
1556,ANNEKA MARTIN,5690,02:01:16,NZL,Runner 20-29 years,228,Female,669,180,505,1323
1557,MATIAS PIRROCCO,8307,01:56:57,NZL,Runner 20-29 years,262,Male,888,228,703,1055
1558,ALEX FRASER,4452,02:09:48,NZL,Runner 16-19 years,13,Female,670,15,838,1832
1559,HENRY WHYTE,3629,01:56:34,NZL,Runner 30-39 years,286,Male,889,231,690,1029
1560,MICHAEL DOBB,5765,02:10:20,NZL,Runner 20-29 years,263,Male,890,296,1007,1864
1561,REBECCA BORLAND,6880,02:06:50,NZL,Runner 20-29 years,229,Female,671,244,703,1637
1562,ADELLE DYMOCK,6223,02:10:25,NZL,Runner 30-39 years,208,Female,672,270,862,1870
1563,OLLIE DUNN,3981,02:06:55,NZL,Runner 20-29 years,264,Male,891,276,937,1643
1564,FEDERICO FABBRO,7780,01:57:09,NZL,Runner 30-39 years,287,Male,892,241,708,1067
1565,LEANNE BICANIC,4112,02:10:28,AUS,Runner 50-59 years,45,Female,673,54,868,1877
1566,SHARON DENLAY,4118,02:10:31,AUS,Runner 40-49 years,171,Female,674,221,871,1880
1567,GENE SHAW,5713,02:10:14,NZL,Runner 20-29 years,265,Male,893,295,1005,1857
1568,SHERIE WHELAN,3291,02:10:28,NZL,Runner 40-49 years,172,Female,675,218,864,1873
1569,ANDREA REIDY,4380,02:06:31,NZL,Runner 40-49 years,173,Female,676,173,693,1621
1570,PILAR FERNANDEZ,5139,01:57:30,NZL,Runner 40-49 years,174,Female,677,94,373,1095
1571,MICHELLE HARRISON,5014,02:10:13,GBR,Runner 40-49 years,175,Female,678,215,852,1856
1572,EMMA BOYD,8172,02:10:03,GBR,Runner 20-29 years,230,Female,679,294,844,1845
1573,TAMARA FLINDERS,6683,02:10:11,AUS,Runner 40-49 years,176,Female,680,214,850,1854
1574,KATE SLEE,5003,02:10:08,NZL,Runner 30-39 years,209,Female,681,265,848,1852
1575,HAYDEN SLEE,5005,02:10:08,NZL,Runner 40-49 years,203,Male,894,230,1004,1851
1576,GUY BLAIKIE,4130,02:06:42,NZL,Runner 40-49 years,204,Male,895,212,932,1630
1577,JARROD STEWART,5296,02:02:29,NZL,Runner 30-39 years,288,Male,896,278,848,1393
1578,DAVID MCPHERSON,3909,02:06:18,NZL,Runner 40-49 years,205,Male,897,208,923,1611
1579,JOANNA MCKENZIE,4910,02:02:49,NZL,Runner 30-39 years,210,Female,682,177,557,1412
1580,DAYNA TURNBULL,7487,02:12:34,NZL,Runner 20-29 years,231,Female,683,321,944,1979
1581,JOSEPH STAINTON-HERBERT,4958,02:09:58,NZL,Runner 30-39 years,289,Male,898,323,1000,1843
1582,JADE FRANCIS,4182,02:06:36,NZL,Runner 30-39 years,211,Female,684,222,696,1624
1583,CARL FEINERMAN,3149,02:11:18,NZL,Runner 60-69 years,30,Male,899,32,1016,1917
1584,SALLY FEINERMAN,3134,02:11:18,NZL,Runner 40-49 years,177,Female,685,225,902,1918
1585,AIMEE PATERSON,6688,02:10:21,NZL,Runner 16-19 years,14,Female,686,16,858,1865
1586,SUE WEAVER,6374,02:06:56,NZL,Runner 50-59 years,46,Female,687,41,707,1644
1587,ANDREW SHAW,5615,02:02:27,NZL,Runner 50-59 years,87,Male,900,78,846,1391
1588,MICHELLE CARLIN,6668,02:07:16,USA,Runner 30-39 years,212,Female,688,228,726,1676
1589,MICHAEL HARDING,6225,02:07:15,NZL,Runner 30-39 years,290,Male,901,305,950,1673
1590,ROWENA SOSICH,4877,02:11:04,NZL,Runner 50-59 years,47,Female,689,58,893,1907
1591,HOLLY BLAKELY,4879,02:11:04,NZL,Runner 16-19 years,15,Female,690,17,894,1908
1592,CHRISTOPHER HENDRIKS,4475,02:07:08,NZL,Runner 50-59 years,88,Male,902,93,945,1665
1593,DAVID WYATT,6902,02:11:26,NZL,Runner 50-59 years,89,Male,903,103,1017,1920
1594,KIRA JAMES,4588,02:07:28,AUS,Runner 30-39 years,213,Female,691,229,738,1691
1595,PETER HORNBY,6716,02:07:01,GBR,Runner 40-49 years,206,Male,904,215,938,1649
1596,FRANKIE LEWIS-STEVENSON,6950,02:10:42,NZL,Runner 20-29 years,232,Female,692,302,879,1889
1597,SAM ANSELL,6951,02:10:43,NZL,Runner 20-29 years,266,Male,905,299,1011,1890
1598,ANNE GARLAND,6021,02:06:48,NZL,Runner 40-49 years,178,Female,693,177,702,1634
1599,MARTIN GARLAND,6020,02:06:48,NZL,Runner 40-49 years,207,Male,906,213,934,1636
1600,TARA RYAN,5128,02:10:15,AUS,Runner 20-29 years,233,Female,694,295,856,1861
1601,KEEGAN DILLON,7726,02:03:06,NZL,Runner 20-29 years,267,Male,907,261,861,1425
1602,TERESA GREEN,3357,02:02:39,NZL,Runner 30-39 years,214,Female,695,175,549,1401
1603,GERARD O MAHONY,7397,01:57:24,,Runner 30-39 years,291,Male,908,246,719,1086
1604,CLAIRE HARGEST,5484,02:12:44,NZL,Runner 30-39 years,215,Female,696,298,949,1984
1605,RACHEL WALLEN,6838,02:11:02,NZL,Runner 20-29 years,234,Female,697,307,892,1906
1606,COLIN MCKEAN,5662,01:57:16,GBR,Runner 30-39 years,292,Male,909,243,712,1078
1607,PETA ROBINSON,6630,02:07:42,AUS,Runner 20-29 years,235,Female,698,262,748,1705
1608,DENI CURTIS,6629,02:07:42,AUS,Runner 30-39 years,293,Male,910,307,958,1706
1609,CHRIS WILLIAMS,7257,02:07:03,NZL,Runner 40-49 years,208,Male,911,218,941,1652
1610,MATT WILLIAMS,5081,02:07:03,NZL,Runner 40-49 years,209,Male,912,219,942,1653
1611,VICTORIA MANNING,4565,02:07:33,NZL,Runner 20-29 years,236,Female,699,259,742,1695
1612,ALLAN AYALA DIAZ,6432,02:02:59,MEX,Runner 30-39 years,294,Male,913,281,857,1419
1613,JAMES MARCH,7382,02:07:15,AUS,Runner 40-49 years,210,Male,914,221,949,1672
1614,DEVON MARSHALL,6975,02:02:59,NZL,Runner 16-19 years,16,Female,700,12,562,1418
1615,GINNY KAO,5330,02:07:41,USA,Runner 40-49 years,179,Female,701,190,747,1703
1616,KATE MCMILLAN,4455,02:07:08,NZL,Runner 30-39 years,216,Female,702,226,720,1664
1617,BRUCE PETERS,7446,02:07:07,NZL,Runner 30-39 years,295,Male,915,303,944,1663
1618,DANIEL PHILLIPS,3306,02:02:26,NZL,Runner 20-29 years,268,Male,916,254,844,1388
1619,SCOTT BROOKES,6515,01:57:35,NZL,Runner 30-39 years,296,Male,917,249,725,1103
1620,HANNA PEARD,5381,01:57:58,AUS,Runner 20-29 years,237,Female,703,148,398,1136
1621,TONI ROA,5499,02:10:50,NZL,Runner 50-59 years,48,Female,704,57,885,1897
1622,CRAIG FAIRBAIRN,7598,01:58:55,NZL,Runner 50-59 years,90,Male,918,57,760,1185
1623,MARTIN DOUGLAS,6403,02:11:35,NZL,Runner 30-39 years,297,Male,919,325,1019,1927
1624,HANNAH HUNSCHE,7073,02:07:40,NZL,Runner 20-29 years,238,Female,705,261,746,1702
1625,DAISHI SONE,8008,02:07:51,JPN,Runner 20-29 years,269,Male,920,284,961,1715
1626,MIMI GRIFFITHS,3599,01:58:55,NZL,Runner 40-49 years,180,Female,706,102,425,1184
1627,CHRIS FOWLER,4153,01:58:46,NZL,Runner 40-49 years,211,Male,921,167,758,1181
1628,HAMISH KHO,7205,01:57:17,,Runner 20-29 years,270,Male,922,229,713,1080
1629,CINDY SEAMAN,4954,02:11:55,NZL,Runner 40-49 years,181,Female,707,232,923,1945
1630,KATE SCOTT,3072,01:58:59,,Runner 40-49 years,182,Female,708,103,426,1189
1631,WILLIAM STANSFIELD,8296,02:07:24,NZL,Runner 20-29 years,271,Male,923,279,953,1686
1632,BROOKE PETERSON,8297,02:07:24,NZL,Runner 20-29 years,239,Female,709,255,734,1687
1633,CRAIG O'NEILL,5513,02:11:40,NZL,Runner 40-49 years,212,Male,924,235,1021,1934
1634,RICHARD MADDERS,6308,02:03:16,GBR,Runner 40-49 years,213,Male,925,193,865,1432
1635,SALLY FITZGERALD,5136,01:58:33,NZL,Runner 30-39 years,217,Female,710,126,413,1164
1636,JESSICA RIORDAN,4813,02:03:47,NZL,Runner 20-29 years,240,Female,711,207,580,1450
1637,NIKKI CROSBIE,5315,02:13:26,NZL,Runner 50-59 years,49,Female,712,66,980,2022
1638,ANNA RILEY,3872,02:11:02,NZL,Runner 40-49 years,183,Female,713,223,891,1905
1639,HAYDEN EDGLEY,7927,01:58:02,NZL,Runner 20-29 years,272,Male,926,235,743,1142
1640,EMILY STEEL,3618,02:11:28,NZL,Runner 30-39 years,218,Female,714,283,905,1922
1641,MONICA SHEPHERD,8088,02:12:00,NZL,Runner 30-39 years,219,Female,715,290,924,1947
1642,ANTONIA JOHNSTON,4802,02:11:44,NZL,Runner 40-49 years,184,Female,716,228,915,1936
1643,WENDY BOTHA,4191,02:11:35,AUS,Runner 40-49 years,185,Female,717,226,908,1926
1644,PAULA BAIN,3562,02:11:36,NZL,Runner 40-49 years,186,Female,718,227,912,1931
1645,TOM FROOD,5131,02:07:47,NZL,Runner 20-29 years,273,Male,927,282,959,1708
1646,BARRY FINNERTY,5967,02:02:26,NZL,Runner 40-49 years,214,Male,928,192,843,1387
1647,JONATHAN BONG,7170,01:57:32,,Runner 20-29 years,274,Male,929,231,723,1099
1648,RUBY HAZARD-WILLIAMS,5780,02:07:40,NZL,Runner 20-29 years,241,Female,719,260,745,1700
1649,MICHELLE STAPLETON,4780,02:07:50,NZL,Runner 40-49 years,187,Female,720,191,753,1713
1650,KIM BOTHERWAY,5762,02:03:48,NZL,Runner 20-29 years,242,Female,721,208,581,1451
1651,ASHLEA MARIE,6192,02:03:48,NZL,Runner 20-29 years,243,Female,722,209,582,1453
1652,SALLY HURFORD,4781,02:07:51,GBR,Runner 40-49 years,188,Female,723,192,754,1714
1653,SELINA ROBB,3770,02:13:26,NZL,Runner 20-29 years,244,Female,724,336,981,2023
1654,OLIVIA DEAN,6158,02:08:31,NZL,Runner 30-39 years,220,Female,725,243,780,1750
1655,MAXINE CUNNINGHAM,3858,02:12:20,NZL,Runner 40-49 years,189,Female,726,235,936,1965
1656,BEVAN HADDRELL,7625,01:59:18,NZL,Runner 40-49 years,215,Male,930,175,776,1213
1657,SHARON DAY,5873,02:08:10,AUS,Runner 50-59 years,50,Female,727,47,769,1735
1658,BRETT NEALE,5874,02:08:10,AUS,Runner 50-59 years,91,Male,931,95,967,1736
1659,LESA DODSWORTH,3227,02:12:13,NZL,Runner 30-39 years,221,Female,728,292,931,1956
1660,PHILIP SMITH,7457,01:59:00,NZL,Runner 20-29 years,275,Male,932,240,764,1191
1661,FERNANDA STEWART,5949,02:08:38,NZL,Runner 30-39 years,222,Female,729,248,789,1762
1662,JAANA ARAMOWICZ,5138,01:59:06,NZL,Runner 40-49 years,190,Female,730,105,428,1196
1663,SOPHIE DAVIS,4713,02:11:32,NZL,Runner 20-29 years,245,Female,731,312,906,1923
1664,MEGAN TRUEBRIDGE,4471,02:07:52,NZL,Runner 50-59 years,51,Female,732,46,755,1716
1665,COURTNEY RYAN,8000,02:12:39,NZL,Runner 20-29 years,246,Female,733,322,946,1981
1666,TESSA SHAMY,6833,02:08:28,NZL,Runner 20-29 years,247,Female,734,270,775,1744
1667,JAKE BRAITHWAITE,7003,02:14:11,GBR,Runner 30-39 years,298,Male,933,334,1055,2067
1668,NIGEL ELDER,4989,01:58:18,NZL,Runner 40-49 years,216,Male,934,163,749,1153
1669,SOPHIE AUBREY,6401,01:58:25,NZL,Runner 30-39 years,223,Female,735,124,408,1157
1670,ANNA GARDEN,6837,01:59:14,NZL,Runner 30-39 years,224,Female,736,131,434,1207
1671,SARAH SEW HOY,4448,02:08:49,NZL,Runner 40-49 years,191,Female,737,201,798,1779
1672,ANNETTE FRANKLIN,5925,02:04:01,NZL,Runner 30-39 years,225,Female,738,189,595,1472
1673,JULIA MCLEOD,5827,02:12:15,NZL,Runner 20-29 years,248,Female,739,316,933,1958
1674,SARAH MOULD,5449,02:12:16,NZL,Runner 20-29 years,249,Female,740,317,934,1962
1675,MEGAN TOPPING,6562,01:59:29,AUS,Runner 20-29 years,250,Female,741,162,443,1220
1676,DEANE BEARMAN,6692,02:11:47,NZL,Runner 30-39 years,226,Female,742,287,920,1941
1677,CHRIS BEATTIE,4665,02:08:58,NZL,Runner 40-49 years,217,Male,935,228,983,1788
1678,MONIQUE BISHOP,6746,02:09:00,NZL,Runner 30-39 years,227,Female,743,255,807,1790
1679,CHRISTINE SEWELL,5660,02:03:31,NZL,Runner 60-69 years,9,Female,744,4,574,1442
1680,NAOMI MCFALL,3358,02:03:31,NZL,Runner 30-39 years,228,Female,745,180,575,1443
1681,ZARA WINN,7775,02:13:00,GBR,Runner 20-29 years,251,Female,746,327,958,1993
1682,ADRIAN BULLOCK,8319,02:08:44,NZL,Runner 30-39 years,299,Male,936,313,979,1772
1683,PAULA SMITH,4423,02:12:26,NZL,Runner 50-59 years,52,Female,747,63,940,1972
1684,LIZ LUMBUS,3400,02:12:08,NZL,Runner 50-59 years,53,Female,748,61,926,1949
1685,RACHAEL PAUL,6405,02:12:46,NZL,Runner 30-39 years,229,Female,749,299,950,1985
1686,WAYNE TAGGART,7437,02:12:25,NZL,Runner 50-59 years,92,Male,937,106,1032,1970
1687,LISA MILLIKEN,6977,02:09:01,NZL,Runner 16-19 years,17,Female,750,14,809,1793
1688,ANTHONY FRANC,3555,02:04:30,NZL,Runner 50-59 years,93,Male,938,85,888,1504
1689,EMMA MILLIKEN,7851,02:09:01,NZL,Runner 20-29 years,252,Female,751,277,810,1794
1690,WILLIAM NORMAN,4607,01:59:36,NZL,Runner 30-39 years,300,Male,939,263,778,1225
1691,JOANNE MCGREGOR,4276,02:13:13,NZL,Runner 40-49 years,192,Female,752,240,969,2007
1692,NICOL MILLER,3119,02:08:28,NZL,Runner 60-69 years,31,Male,940,30,969,1743
1693,STACEY ELSTOB,7335,01:59:13,NZL,Runner 20-29 years,253,Female,753,159,433,1206
1694,MICHAEL DECEGLIE,6619,02:08:34,USA,Runner 30-39 years,301,Male,941,311,972,1758
1695,RICHARD SUTER,4790,02:15:09,NZL,Runner 30-39 years,302,Male,942,336,1070,2113
1696,KRISTIN CARDEN,7749,01:59:39,NZL,Runner 40-49 years,193,Female,754,111,451,1230
1697,JARRED CLODE,3967,01:59:45,NZL,Runner 30-39 years,303,Male,943,264,783,1238
1698,PAMELA MALONE,6202,02:08:33,AUS,Runner 50-59 years,54,Female,755,48,784,1754
1699,CHELSEA NORMAN,5167,02:09:20,NZL,Runner 30-39 years,230,Female,756,257,820,1809
1700,REBECCA WILLIS,3446,02:05:10,AUS,Runner 30-39 years,231,Female,757,201,637,1536
1701,JACK QUINN,6758,01:59:51,AUS,Runner 20-29 years,276,Male,944,242,784,1243
1702,BATO HATCHI,6170,02:09:01,AUS,Runner 30-39 years,304,Male,945,316,984,1792
1703,CAROLINE ALLAN,3918,02:03:50,GBR,Runner 20-29 years,254,Female,758,210,585,1459
1704,GORDON ALLAN,3596,02:03:50,GBR,Runner 50-59 years,94,Male,946,81,875,1460
1705,RODRIGO UBIETA,6060,02:00:30,ARG,Runner 20-29 years,277,Male,947,245,800,1282
1706,LAURA DENNIS,5885,02:15:17,NZL,Runner 16-19 years,18,Female,759,21,1048,2120
1707,GREG TITHER,7202,02:15:07,NZL,Runner 50-59 years,95,Male,948,117,1069,2112
1708,CALUM BRASH,6957,02:04:52,NZL,Runner 20-29 years,278,Male,949,269,893,1523
1709,MELANIE PATTERSON,4753,02:00:20,NZL,Runner 40-49 years,194,Female,760,117,476,1271
1710,BRYAN PEARSON,8190,02:13:24,NZL,Runner 50-59 years,96,Male,950,110,1041,2019
1711,STEVE HOLDOWAY,3559,02:13:20,NZL,Runner 50-59 years,97,Male,951,109,1039,2014
1712,JESSICA SUTER,4789,02:15:42,NZL,Runner 30-39 years,232,Female,761,331,1064,2141
1713,KAREN CLAYTON,5479,02:13:06,GBR,Runner 40-49 years,195,Female,762,239,963,2000
1714,KATRINA BERESFORD,3258,02:13:51,GBR,Runner 30-39 years,233,Female,763,311,1001,2047
1715,SINA STAHN,7838,02:04:32,,Runner 30-39 years,234,Female,764,198,618,1506
1716,ANNA LINDSAY,7130,02:13:20,NZL,Runner 40-49 years,196,Female,765,242,975,2013
1717,LYNNE HARRISON,5654,02:15:23,AUS,Runner 40-49 years,197,Female,766,254,1052,2124
1718,KENDALL SPECK,5269,02:13:58,NZL,Runner 20-29 years,255,Female,767,343,1008,2057
1719,IRENE WHYTE,3567,01:59:37,NZL,Runner 30-39 years,235,Female,768,136,448,1226
1720,CARYS OVERTON,4990,02:05:28,NZL,Runner 30-39 years,236,Female,769,206,656,1561
1721,INGEBORG BAHLE,5394,02:13:10,,Runner 50-59 years,55,Female,770,64,965,2002
1722,SOPHIE CALDER,6696,02:00:50,NZL,Runner 30-39 years,237,Female,771,155,491,1296
1723,DURGA ANVESH ACHANTA,6548,02:00:25,IND,Runner 20-29 years,279,Male,952,244,797,1277
1724,JAYSHREE BHANA,7348,01:59:29,NZL,Runner 20-29 years,256,Female,772,163,444,1221
1725,BRIANNE LINDSAY,5776,02:13:11,NZL,Runner 20-29 years,257,Female,773,331,967,2005
1726,BENJAMIN AULAKH,3050,02:15:02,GBR,Runner 30-39 years,305,Male,953,335,1067,2106
1727,CATHERINE MCMULLAN,6617,02:05:01,,Runner 20-29 years,258,Female,774,222,632,1528
1728,JO BRADLEY,3367,02:13:16,NZL,Runner 40-49 years,198,Female,775,241,971,2009
1729,ANNA MEULI,8159,02:04:16,NZL,Runner 30-39 years,238,Female,776,194,607,1488
1730,LUKE SPENCER,3419,02:00:37,NZL,Runner 20-29 years,280,Male,954,246,801,1286
1731,LYNDA GOODISSON,4745,02:10:09,NZL,Runner 50-59 years,56,Female,777,52,849,1853
1732,LUCY THOMSON,3139,02:13:18,NZL,Runner 20-29 years,259,Female,778,333,973,2011
1733,EMMA MABIN,3141,02:13:18,NZL,Runner 20-29 years,260,Female,779,332,972,2010
1734,WILLOW DUFFY,5915,02:14:06,NZL,Runner 20-29 years,261,Female,780,345,1011,2065
1735,COLLEEN COLUMBUS,5635,02:15:48,NZL,Runner 20-29 years,262,Female,781,363,1070,2149
1736,SIMON WALLACE,5914,02:14:06,NZL,Runner 20-29 years,281,Male,955,307,1054,2064
1737,T MELLSOP,7692,02:10:16,NZL,Runner 40-49 years,218,Male,956,231,1006,1862
1738,REBEKKAH AMENDE,7114,02:14:13,NZL,Runner 20-29 years,263,Female,782,347,1013,2068
1739,ABIGAIL ROWLANDS,7662,02:13:38,NZL,Runner 20-29 years,264,Female,783,339,989,2033
1740,NORRELL ROBINSON,6959,02:01:26,GBR,Runner 20-29 years,265,Female,784,181,510,1331
1741,HAMISH MCLEAN,4425,02:14:16,NZL,Runner 20-29 years,282,Male,957,308,1056,2070
1742,CLAIRE DAVIE,7366,02:04:34,NZL,Runner 20-29 years,266,Female,785,219,620,1509
1743,PAUL HUNTER,6997,01:59:54,NZL,Runner 30-39 years,306,Male,958,266,787,1246
1744,JULIET AVIA,3244,02:05:22,NZL,Runner 40-49 years,199,Female,786,162,648,1552
1745,SAM ANGELO,7238,02:00:25,NZL,Runner 20-29 years,283,Male,959,243,796,1275
1746,IMOGEN LING,3637,02:00:25,NZL,Runner 20-29 years,267,Female,787,171,480,1276
1747,ALLISON O'NEILL,3063,02:13:52,NZL,Runner 30-39 years,239,Female,788,313,1003,2049
1748,ROSA OLIVER,4815,02:13:41,GBR,Runner 16-19 years,19,Female,789,18,991,2035
1749,MICHAEL HERAUD,5688,02:00:39,NZL,Runner 50-59 years,98,Male,960,67,802,1287
1750,LUCY ANDERSON,4535,02:13:42,NZL,Runner 16-19 years,20,Female,790,19,994,2039
1751,MAXINE OSBORN,7263,02:09:44,NZL,Runner 20-29 years,268,Female,791,289,832,1824
1752,KELSEY GIBSON,4397,02:06:09,NZL,Runner 30-39 years,240,Female,792,215,682,1604
1753,JACINTA MIDDLETON,7977,02:13:28,AUS,Runner 30-39 years,241,Female,793,307,982,2024
1754,PAULINE CLYNE,3344,02:09:58,,Runner 40-49 years,200,Female,794,213,843,1841
1755,RACHEL BLAIR,5076,02:06:13,NZL,Runner 30-39 years,242,Female,795,218,686,1608
1756,KELLY MOORE,7018,02:10:24,AUS,Runner 30-39 years,243,Female,796,269,861,1869
1757,KARIN GEORGE,6217,02:06:06,AUS,Runner 40-49 years,201,Female,797,168,678,1599
1758,ALEX NOBLE,5361,02:14:03,NZL,Runner 20-29 years,269,Female,798,344,1010,2060
1759,FELICITY COHEN,6426,02:16:21,AUS,Runner 50-59 years,57,Female,799,84,1092,2178
1760,PETER ROWLANDS,7656,02:14:05,NZL,Runner 50-59 years,99,Male,961,112,1052,2062
1761,MARTIN DUNNING,5262,02:13:52,NZL,Runner 60-69 years,32,Male,962,35,1047,2050
1762,JULIA BOOTHROYD,7034,02:10:56,NZL,Runner 20-29 years,270,Female,800,306,888,1900
1763,ELLA BOLIVER,6076,02:00:06,USA,Runner 30-39 years,244,Female,801,145,465,1254
1764,HAYLEY NICOL,4190,02:10:51,NZL,Runner 20-29 years,271,Female,802,305,887,1899
1765,MICHAEL PLANT,5496,02:10:59,AUS,Runner 50-59 years,100,Male,963,101,1013,1902
1766,KATIE CHARLES,5832,02:01:58,GBR,Runner 30-39 years,245,Female,803,169,527,1355
1767,JACOB RICHARDSON,7872,02:00:51,CAN,Runner 30-39 years,307,Male,964,270,806,1297
1768,SARAH BOWEN,6480,02:10:12,NZL,Runner 30-39 years,246,Female,804,266,851,1855
1769,KATE CAMPBELL,7768,02:16:10,NZL,Runner 30-39 years,247,Female,805,337,1083,2169
1770,TONI MONK,8060,02:16:11,NZL,Runner 40-49 years,202,Female,806,259,1084,2170
1771,KATERINA SUTHERLAND,4955,02:14:52,NZL,Runner 30-39 years,248,Female,807,317,1033,2099
1772,MAREE HEALEY,6985,02:10:08,AUS,Runner 30-39 years,249,Female,808,264,847,1850
1773,CATHERINE BURKE,4039,02:01:24,NZL,Runner 30-39 years,250,Female,809,161,507,1328
1774,FABIOLA MORLANG-GONZALEZ,3469,02:05:55,,Runner 30-39 years,251,Female,810,208,670,1585
1775,LUCINDA ROLTON,6711,02:01:45,NZL,Runner 30-39 years,252,Female,811,166,519,1342
1776,MICHAEL HINCHCLIFFE,8049,02:05:48,GBR,Runner 20-29 years,284,Male,965,273,912,1577
1777,KIRI MARTIN,3261,02:10:14,NZL,Runner 40-49 years,203,Female,812,216,854,1859
1778,COURTNEY JOHNSON,6865,02:06:31,NZL,Runner 20-29 years,272,Female,813,242,695,1623
1779,SAM BROOKING,4315,02:05:20,NZL,Runner 20-29 years,285,Male,966,271,904,1549
1780,CAMERON JACK,6966,02:05:53,NZL,Runner 40-49 years,219,Male,967,206,914,1582
1781,LIZZIE HOLMES,4241,02:05:43,NZL,Runner 20-29 years,273,Female,814,234,661,1570
1782,VICTORIA FORREST,3415,02:10:49,NZL,Runner 30-39 years,253,Female,815,276,884,1896
1783,DOLENE ROSSI,3509,02:14:32,AUS,Runner 50-59 years,58,Female,816,75,1023,2080
1784,MINDY MARSHALL,7247,02:06:01,NZL,Runner 30-39 years,254,Female,817,210,674,1591
1785,JULIA BATCHELOR-SMITH,4443,02:10:14,NZL,Runner 30-39 years,255,Female,818,267,853,1858
1786,EMMA HODGE,5410,02:01:35,NZL,Runner 30-39 years,256,Female,819,164,515,1337
1787,KERRY WELLMAN,5075,02:10:38,NZL,Runner 50-59 years,59,Female,820,55,877,1886
1788,MINAMI INOUE,3505,02:16:29,NZL,Runner 20-29 years,274,Female,821,371,1094,2182
1789,LOUISE SANTOS,7422,02:10:45,AUS,Runner 40-49 years,204,Female,822,222,881,1893
1790,SCOTT WILLSWILLSY,3518,02:05:36,NZL,Runner 40-49 years,220,Male,968,205,909,1567
1791,SALLI SMITH,4755,02:14:14,NZL,Runner 20-29 years,275,Female,823,348,1014,2069
1792,KELLY TWEED,4643,02:00:45,NZL,Runner 20-29 years,276,Female,824,173,487,1290
1793,TANIA SHIRES,7314,02:01:07,NZL,Runner 40-49 years,205,Female,825,124,501,1314
1794,CHRIS GENET,7807,02:15:04,NZL,Runner 20-29 years,286,Male,969,311,1068,2110
1795,SHAYNE WALKER,7426,02:10:23,NZL,Runner 40-49 years,221,Male,970,232,1008,1868
1796,ALANA HANNING,6035,02:16:19,NZL,Runner 20-29 years,277,Female,826,370,1089,2175
1797,EMMA TROTTER,5127,02:05:56,NZL,Runner 20-29 years,278,Female,827,239,671,1587
1798,NATALIE KELLY,4476,02:05:29,AUS,Runner 40-49 years,206,Female,828,163,657,1563
1799,TANIA METCALF,5786,02:15:17,NZL,Runner 30-39 years,257,Female,829,323,1049,2121
1800,MEGAN BAIRD,4666,02:15:17,NZL,Runner 30-39 years,258,Female,830,324,1050,2122
1801,LIDA WHITMORE,6987,02:11:16,CZE,Runner 20-29 years,279,Female,831,311,901,1916
1802,FRASER PRENDERGAST,7647,02:02:23,NZL,Runner 20-29 years,287,Male,971,253,842,1385
1803,ELLEN KING,7648,02:02:23,NZL,Runner 20-29 years,280,Female,832,195,543,1383
1804,ALICIA BUNGE,4978,02:06:38,,Runner 20-29 years,281,Female,833,243,697,1625
1805,ANNA SPRINKLE,5774,02:15:31,USA,Runner 50-59 years,60,Female,834,81,1057,2129
1806,BIN WANG,6868,02:17:15,CHN,Runner 30-39 years,259,Female,835,344,1121,2216
1807,TAYLA HAZARD-WILLIAMS,6773,02:10:47,NZL,Runner 20-29 years,282,Female,836,304,883,1895
1808,NGAHINE RODGERS,5190,02:00:43,NZL,Runner 30-39 years,260,Female,837,153,486,1289
1809,CATHERINE BATEMAN,6025,02:10:30,NZL,Runner 40-49 years,207,Female,838,220,870,1879
1810,RACHEL FAHEY,8196,02:05:50,NZL,Runner 40-49 years,208,Female,839,165,666,1578
1811,FLAVIA RICK,7475,02:01:14,AUS,Runner 20-29 years,283,Female,840,178,503,1319
1812,DANIEL CAMERON,7476,02:01:14,AUS,Runner 30-39 years,308,Male,972,272,817,1320
1813,HENG DING,7711,02:15:17,CHN,Runner 20-29 years,284,Female,841,357,1046,2118
1814,YING-RU CHEN-KEONG,7616,02:11:07,CAN,Runner 40-49 years,209,Female,842,224,896,1911
1815,CAROL STEPHENS,4509,02:07:05,AUS,Runner 50-59 years,61,Female,843,43,716,1658
1816,SALLY WADE,4407,02:07:04,AUS,Runner 50-59 years,62,Female,844,42,714,1656
1817,SAM LOGAN,5681,02:15:36,NZL,Runner 30-39 years,309,Male,973,337,1074,2132
1818,KELLY BROWN,5043,02:07:09,NZL,Runner 30-39 years,261,Female,845,227,723,1668
1819,LYDIA MAXWELL,3915,02:02:40,NZL,Runner 20-29 years,285,Female,846,197,550,1402
1820,PETAR CURIN,7843,02:07:11,NZL,Runner 20-29 years,288,Male,974,277,946,1669
1821,CHANTAL GENEVOIS,5644,02:11:45,FRA,Runner 40-49 years,210,Female,847,230,917,1938
1822,MARK DEVINE,5329,02:11:58,AUS,Runner 50-59 years,101,Male,975,104,1023,1946
1823,CHARLOTTE BAKEN,7388,02:15:57,NZL,Runner 16-19 years,21,Female,848,22,1073,2154
1824,ROSARIA BORG,8148,02:02:01,NZL,Runner 20-29 years,286,Female,849,189,528,1357
1825,LYSH PETERSEN,5821,02:15:24,NZL,Runner 20-29 years,287,Female,850,359,1053,2125
1826,KEITH PROCTER,6808,02:11:37,NZL,Runner 60-69 years,33,Male,976,33,1020,1932
1827,ANNALISE CASPER,3670,02:17:22,NZL,Runner 20-29 years,288,Female,851,383,1125,2222
1828,NIA WYN DAVIES,4733,02:11:50,GBR,Runner 30-39 years,262,Female,852,288,921,1942
1829,SIMON TAYLOR,3378,02:06:05,NZL,Runner 30-39 years,310,Male,977,297,921,1598
1830,RENATA DAVIS,7338,02:02:28,NZL,Runner 20-29 years,289,Male,978,256,847,1392
1831,ANNIKA MCCULLOCH,7466,02:15:40,NZL,Runner 30-39 years,263,Female,853,328,1060,2137
1832,BRIGITTE BIALY,4330,02:02:31,NZL,Runner 40-49 years,211,Female,854,132,548,1397
1833,ROB DINSDALE,3720,02:02:01,NZL,Runner 50-59 years,102,Male,979,76,830,1358
1834,JOLENE FERGUSON,7510,02:15:17,NZL,Runner 30-39 years,264,Female,855,322,1047,2119
1835,JANE FLICK,6598,02:17:40,AUS,Runner 30-39 years,265,Female,856,346,1133,2235
1836,KAREN GILES,7933,02:12:12,AUS,Runner 50-59 years,63,Female,857,62,930,1955
1837,KIMBERLEY TIMMINS,3195,02:07:34,NZL,Runner 30-39 years,266,Female,858,231,744,1697
1838,DUNCAN TIMMINS,3196,02:07:34,NZL,Runner 30-39 years,311,Male,980,306,954,1698
1839,TANIA TILSLEY,3030,02:07:06,NZL,Runner 40-49 years,212,Female,859,181,717,1659
1840,RACHEL SILVA,6646,02:12:14,NZL,Runner 40-49 years,213,Female,860,234,932,1957
1841,HEATHER GORDON,7936,02:07:07,USA,Runner 40-49 years,214,Female,861,182,719,1662
1842,RYAN CARR,4714,02:07:07,NZL,Runner 30-39 years,312,Male,981,302,943,1661
1843,ALEXANDRA CARLSTR÷M,7911,02:01:36,NZL,Runner 20-29 years,289,Female,862,183,516,1338
1844,LYN SCOTT,5820,02:12:08,NZL,Runner 60-69 years,10,Female,863,11,927,1950
1845,EZRA MURRAY,5448,02:01:40,NZL,Runner 30-39 years,267,Female,864,165,517,1339
1846,DAVE MURRAY,7469,02:01:40,NZL,Runner 40-49 years,222,Male,982,187,823,1340
1847,HAMISH MITCHELL,5239,02:12:15,NZL,Runner 40-49 years,223,Male,983,236,1026,1959
1848,YOSHIAKI ISHII,7753,02:07:40,JPN,Runner 20-29 years,290,Male,984,280,956,1701
1849,ANGELA BOTHERWAY,6009,02:16:00,NZL,Runner 30-39 years,268,Female,865,335,1074,2156
1850,LYNSEY MCQUINN,7700,02:12:27,NZL,Runner 30-39 years,269,Female,866,295,941,1973
1851,KYLIE HANLIN,3475,02:12:25,NZL,Runner 30-39 years,270,Female,867,294,939,1971
1852,LUCY WATSON,6568,02:12:27,NZL,Runner 30-39 years,271,Female,868,296,942,1974
1853,ALANA STANDISH,7615,02:12:15,NZL,Runner 30-39 years,313,Male,985,328,1027,1960
1854,GINA COLVIN,4994,02:02:20,NZL,Runner 20-29 years,290,Female,869,194,540,1378
1855,JO SHAW,6080,02:07:55,NZL,Runner 30-39 years,272,Female,870,234,758,1720
1856,KIM HEUS,4772,02:12:39,NZL,Runner 30-39 years,273,Female,871,297,945,1980
1857,TOM CLENDON,6112,02:02:15,NZL,Runner 30-39 years,314,Male,986,277,837,1373
1858,GEMMA CUNLIFFE,5784,02:03:08,NZL,Runner 30-39 years,274,Female,872,179,565,1426
1859,ADAM WILLINGTON,3288,02:07:53,GBR,Runner 30-39 years,315,Male,987,308,962,1717
1860,GRACIE SOUTER,5180,02:07:53,NZL,Runner 20-29 years,291,Female,873,265,756,1718
1861,RACHEL MCCOUBREY,5965,02:06:47,GBR,Runner 40-49 years,215,Female,874,175,700,1632
1862,KATEY JENKS,5622,02:06:48,NZL,Runner 40-49 years,216,Female,875,176,701,1633
1863,SCOTT BEADLE,8180,02:11:53,,Runner 30-39 years,316,Male,988,326,1022,1943
1864,THERESE STYLES,6991,02:12:43,NZL,Runner 20-29 years,292,Female,876,324,948,1983
1865,SHANE EDMONDS,6443,02:02:48,NZL,Runner 50-59 years,103,Male,989,79,855,1411
1866,SAM DITTON,6816,02:02:30,GBR,Runner 20-29 years,291,Male,990,257,849,1394
1867,LAUREN SHEA,4961,02:07:48,NZL,Runner 30-39 years,275,Female,877,233,752,1712
1868,EMMA HUGHSON,7954,02:02:48,NZL,Runner 20-29 years,293,Female,878,198,556,1410
1869,KRISTAL-LEE RICHARDS,5939,02:16:10,NZL,Runner 20-29 years,294,Female,879,368,1082,2168
1870,LEAH TOTTEY,3667,02:15:28,NZL,Runner 30-39 years,276,Female,880,326,1055,2127
1871,SUZANNE PUDNEY,6081,02:12:09,GBR,Runner 30-39 years,277,Female,881,291,928,1951
1872,HAYLEY FISHER,5194,02:08:05,NZL,Runner 30-39 years,278,Female,882,238,766,1731
1873,ADAM KENNEDY,6486,02:07:12,AUS,Runner 30-39 years,317,Male,991,304,947,1670
1874,SARA GREGG,6670,02:15:41,NZL,Runner 50-59 years,64,Female,883,82,1061,2138
1875,MONIQUE KERR,3058,02:12:28,NZL,Runner 20-29 years,295,Female,884,320,943,1975
1876,GEMMA REGAN,4619,02:15:41,NZL,Runner 30-39 years,279,Female,885,329,1062,2139
1877,JOSH SAVILLE,7495,02:16:07,NZL,Runner 20-29 years,292,Male,992,317,1085,2163
1878,JANETTE COLLINS,7691,02:16:26,NZL,Runner 30-39 years,280,Female,886,341,1093,2180
1879,CHARLOTTE WEST,5220,02:03:43,GBR,Runner 30-39 years,281,Female,887,181,578,1448
1880,JACQUI HENDERSON,6186,02:08:10,NZL,Runner 20-29 years,296,Female,888,267,770,1737
1881,FIONA ROBERTSON,7344,02:02:05,NZL,Runner 30-39 years,282,Female,889,171,530,1361
1882,MEGAN SWNEY,3757,02:07:16,NZL,Runner 20-29 years,297,Female,890,252,725,1675
1883,KATE WATKINSON,6130,02:03:28,NZL,Runner 40-49 years,217,Female,891,141,573,1441
1884,KATIE JAMES,5088,02:07:23,NZL,Runner 40-49 years,218,Female,892,187,733,1685
1885,LAUREN GRIFFITHS,5380,02:03:34,GBR,Runner 20-29 years,298,Female,893,206,576,1444
1886,IAN MCPHERSON,3270,02:13:06,NZL,Walker 60-69 years,1,Male,993,1,1037,1999
1887,ASHLEIGH VIVIER,3759,02:08:35,NZL,Runner 30-39 years,283,Female,894,246,787,1760
1888,LIZZIE FORBES,6267,02:12:11,GBR,Runner 20-29 years,299,Female,895,315,929,1953
1889,PAMELA HILL,3135,02:16:06,GBR,Runner 40-49 years,219,Female,896,257,1078,2162
1890,SARAH SMART,8106,02:08:42,NZL,Runner 30-39 years,284,Female,897,249,792,1768
1891,WENDY GABY,4375,02:16:52,NZL,Runner 50-59 years,65,Female,898,86,1103,2195
1892,OLIVER CRAWFORD,6229,02:13:23,NZL,Runner 20-29 years,293,Male,994,304,1040,2018
1893,KATE FISKEN,3387,02:08:47,NZL,Runner 30-39 years,285,Female,899,253,797,1778
1894,AARON COOPER,6131,02:12:29,NZL,Runner 40-49 years,224,Male,995,237,1034,1977
1895,TOBIAS WIESNER,7673,02:02:37,,Runner 30-39 years,318,Male,996,279,851,1399
1896,KATIE HAMILTON,5938,02:08:26,AUS,Runner 20-29 years,300,Female,900,269,774,1742
1897,ANNA JOHNSTONE,6198,02:03:12,NZL,Runner 40-49 years,220,Female,901,139,567,1429
1898,THOMAS BELWORTHY,4804,02:02:45,NZL,Runner 20-29 years,294,Male,997,260,854,1408
1899,HELEN FULCHER,8093,02:03:48,NZL,Runner 40-49 years,221,Female,902,143,583,1454
1900,DAVID RUSSELL,3962,02:04:26,AUS,Runner 50-59 years,104,Male,998,84,887,1500
1901,MARK FULCHER,8091,02:03:48,NZL,Runner 40-49 years,225,Male,999,194,872,1455
1902,DAVID MOLINE,4040,02:09:08,AUS,Runner 50-59 years,105,Male,1000,96,986,1798
1903,GWENDA REECE,8114,02:08:45,NZL,Runner 40-49 years,222,Female,903,200,794,1773
1904,ALISTAIR MCGUFFIE,3273,02:04:25,NZL,Runner 40-49 years,226,Male,1001,197,886,1498
1905,NATALIE MCGUFFIE,3255,02:04:26,GBR,Runner 40-49 years,223,Female,904,151,613,1499
1906,CLAIRE ASH,6663,02:13:08,GBR,Runner 20-29 years,301,Female,905,329,964,2001
1907,KATE STOKES,3454,02:16:56,NZL,Runner 40-49 years,224,Female,906,267,1108,2200
1908,KATE KEMPTHORNE,7272,02:12:49,NZL,Runner 20-29 years,302,Female,907,325,951,1986
1909,RICHARD BOND,5706,02:04:08,NZL,Runner 30-39 years,319,Male,1002,290,880,1481
1910,GLENDON HAY,7019,02:02:54,NZL,Runner 30-39 years,320,Male,1003,280,856,1415
1911,JEREMY DRUMMOND,7499,02:08:34,NZL,Runner 20-29 years,295,Male,1004,286,971,1757
1912,LANCE THOMSON,3766,02:13:36,NZL,Runner 30-39 years,321,Male,1005,331,1043,2028
1913,REBECCA MCAULEY,3606,02:13:36,NZL,Runner 30-39 years,286,Female,908,308,986,2029
1914,KELLY SMITH,3607,02:13:36,NZL,Runner 30-39 years,287,Female,909,309,987,2030
1915,BELINDA CHARTERIS,6062,02:12:54,NZL,Runner 40-49 years,225,Female,910,236,956,1991
1916,CHRISTINA FRAGIAS,4001,02:16:55,AUS,Runner 40-49 years,226,Female,911,266,1107,2199
1917,GRACE RUDDENKLAU,6082,02:04:07,NZL,Runner 20-29 years,303,Female,912,213,601,1480
1918,LEANNE MARAIS,6979,02:17:23,,Runner 20-29 years,304,Female,913,384,1126,2223
1919,MIKE MARSH,3431,02:04:34,GBR,Runner 20-29 years,296,Male,1006,265,889,1508
1920,MORGAN JONES,6913,02:03:17,NZL,Runner 16-19 years,21,Male,1007,21,866,1433
1921,SUSAN POHLEN,5711,02:13:29,NZL,Runner 40-49 years,227,Female,914,243,983,2025
1922,LOUISE BROOMFIELD,4472,02:16:48,NZL,Runner 20-29 years,305,Female,915,374,1100,2192
1923,NICOLA SKELTON,5109,02:03:50,NZL,Runner 40-49 years,228,Female,916,144,584,1456
1924,BOB POVEY,3685,02:19:01,AUS,Runner 60-69 years,34,Male,1008,41,1122,2304
1925,AMY POLLOK,7992,02:04:19,NZL,Runner 20-29 years,306,Female,917,216,610,1493
1926,MATTHEW CANTELE,7910,02:08:47,USA,Runner 30-39 years,322,Male,1009,314,980,1775
1927,KATHERINE CANTELE,7909,02:08:47,USA,Runner 30-39 years,288,Female,918,252,796,1777
1928,ROWIE O'DRISCOLL,5116,02:13:48,NZL,Runner 20-29 years,307,Female,919,341,999,2045
1929,NATALIE GANLEY,7929,02:08:56,NZL,Runner 40-49 years,229,Female,920,205,805,1786
1930,KATIE NOLAN,7609,02:18:04,,Runner 20-29 years,308,Female,921,395,1146,2255
1931,DAVID MCKEOWN,4717,02:04:52,NZL,Runner 50-59 years,106,Male,1010,86,894,1524
1932,JUSTINE ARMSTRONG,5720,02:16:58,AUS,Runner 40-49 years,230,Female,922,268,1109,2201
1933,LOUISA TILLIG,3501,02:16:58,AUS,Runner 40-49 years,231,Female,923,269,1110,2202
1934,SASHA CALDWELL,5562,02:13:48,AUS,Runner 16-19 years,22,Female,924,20,998,2044
1935,SALLY DAVIDSON,4569,02:09:43,AUS,Runner 20-29 years,309,Female,925,288,831,1823
1936,TREVOR SPANNER,5155,02:17:30,GBR,Runner 50-59 years,107,Male,1011,119,1100,2226
1937,AIMEE BAIRD,4734,02:05:17,NZL,Runner 30-39 years,289,Female,926,202,643,1545
1938,MISSY TONGIA,6045,02:17:42,NZL,Runner 40-49 years,232,Female,927,277,1134,2237
1939,LAUREN LUDLOW,4393,02:09:48,GBR,Runner 20-29 years,310,Female,928,292,836,1830
1940,SANG CHO,5962,02:05:05,NZL,Runner 30-39 years,323,Male,1012,293,897,1530
1941,SEAMUS LEAHY,6945,02:03:48,NZL,Runner 16-19 years,22,Male,1013,22,871,1452
1942,MALCOLM HARRINGTON,5940,02:04:59,NZL,Runner 40-49 years,227,Male,1014,199,896,1527
1943,BRIAN JONES,3691,02:09:58,AUS,Runner 50-59 years,108,Male,1015,100,999,1842
1944,LORI BULGER,5171,02:09:25,NZL,Runner 30-39 years,290,Female,929,258,823,1814
1945,RICHARD LYNE,8075,02:17:37,NZL,Runner 40-49 years,228,Male,1016,251,1102,2232
1946,MICHAEL FENNESSY,5370,02:14:05,NZL,Runner 40-49 years,229,Male,1017,239,1051,2061
1947,NORIKO OKAMOTO,6329,02:14:10,JPN,Runner 20-29 years,311,Female,930,346,1012,2066
1948,LANA BUKVIC,6200,02:08:36,NZL,Runner 30-39 years,291,Female,931,247,788,1761
1949,SEAN MILNES,3172,02:13:38,NZL,Runner 30-39 years,324,Male,1018,332,1044,2032
1950,ALICE O'BRIEN,5648,02:04:25,NZL,Runner 20-29 years,312,Female,932,217,612,1497
1951,KIRI JEAN,7462,02:09:53,NZL,Runner 30-39 years,292,Female,933,262,842,1837
1952,NIALL ODONOHUE,7984,02:03:41,,Runner 30-39 years,325,Male,1019,286,870,1446
1953,BROOKE SWAIN,7804,02:09:16,NZL,Runner 20-29 years,313,Female,934,282,819,1807
1954,RAYMOND TE HUNA,3958,02:09:46,NZL,Runner 30-39 years,326,Male,1020,321,994,1828
1955,VIDIT SINGH,7262,02:18:06,NZL,Runner 20-29 years,297,Male,1021,321,1110,2257
1956,BANU PASHUTANIZADEH,7987,02:05:26,NZL,Runner 20-29 years,314,Female,935,231,653,1558
1957,BRAD CHIN,6682,02:10:06,NZL,Runner 20-29 years,298,Male,1022,294,1003,1849
1958,TONY HILL,4076,02:08:41,NZL,Runner 40-49 years,230,Male,1023,226,976,1767
1959,LISA VONG,7185,02:13:42,AUS,Runner 30-39 years,293,Female,936,310,993,2038
1960,LILY QUIN,4650,02:17:39,NZL,Runner 20-29 years,315,Female,937,387,1132,2234
1961,GARETH MILNE,4552,02:17:54,NZL,Runner 30-39 years,327,Male,1024,348,1106,2247
1962,OLIVER MOUNSEY,7980,02:17:21,NZL,Runner 20-29 years,299,Male,1025,320,1096,2219
1963,THOMAS IBBOTSON,7041,02:20:04,NZL,Runner 20-29 years,300,Male,1026,326,1130,2348
1964,CAMILLA MOUNSEY,7456,02:17:22,NZL,Runner 20-29 years,316,Female,938,382,1124,2220
1965,KATE EGGLESTON,4556,02:14:33,NZL,Runner 20-29 years,317,Female,939,353,1024,2081
1966,SHAUN HENDY,4513,02:14:37,NZL,Runner 40-49 years,231,Male,1027,242,1060,2085
1967,JANE GRACE,3316,02:13:47,NZL,Runner 50-59 years,66,Female,940,70,996,2041
1968,VALERIE DIGNAN,3455,02:14:37,NZL,Runner 50-59 years,67,Female,941,76,1025,2084
1969,SIOBHAN MILLS,4329,02:05:27,NZL,Runner 20-29 years,318,Female,942,232,655,1560
1970,DENISE PILCHER,4794,02:13:43,NZL,Runner 50-59 years,68,Female,943,69,995,2040
1971,NEESON HOLYOAK,3286,02:14:00,AUS,Runner 40-49 years,232,Male,1028,238,1050,2059
1972,KIMBERLEY WAKE,7109,02:05:43,NZL,Runner 20-29 years,319,Female,944,233,660,1569
1973,TYLER DICKISON,6729,02:05:08,NZL,Runner 20-29 years,301,Male,1029,270,899,1535
1974,ERICA HENDERSON,3677,02:14:17,NZL,Runner 50-59 years,69,Female,945,73,1019,2075
1975,ALAN MURPHY,5814,02:14:51,AUS,Runner 40-49 years,233,Male,1030,243,1066,2096
1976,JULIE STEWART,7261,02:17:46,NZL,Runner 40-49 years,233,Female,946,279,1137,2241
1977,LEE RICHARDSON,3298,02:04:06,NZL,Runner 20-29 years,320,Female,947,212,600,1479
1978,PHILIPPA TODD,6704,02:05:24,NZL,Runner 20-29 years,321,Female,948,229,650,1554
1979,JO LITTLE,7251,02:18:37,NZL,Runner 50-59 years,70,Female,949,93,1171,2287
1980,KAREN SHEPHERD,7312,02:18:27,NZL,Runner 40-49 years,234,Female,950,280,1161,2276
1981,ROISIN ELLIS,6116,02:04:15,,Runner 20-29 years,322,Female,951,215,606,1487
1982,NATALIE CARLTON,6356,02:09:29,AUS,Runner 40-49 years,235,Female,952,210,824,1815
1983,SARAH CALNON,6441,02:18:05,NZL,Runner 30-39 years,294,Female,953,348,1147,2256
1984,ANN RICHARDS,5326,02:17:59,AUS,Runner 50-59 years,71,Female,954,88,1143,2251
1985,JENNY HUNT,4214,02:14:17,NZL,Runner 50-59 years,72,Female,955,74,1020,2076
1986,MICHAEL AMYES,4703,02:09:20,NZL,Runner 20-29 years,302,Male,1031,289,990,1810
1987,MEGAN ELEY,5473,02:18:33,NZL,Runner 30-39 years,295,Female,956,354,1167,2283
1988,CAROLINE HARMSWORTH,3668,02:14:16,NZL,Runner 20-29 years,323,Female,957,349,1015,2071
1989,MEREDITH BLAMPIED,3736,02:09:50,NZL,Runner 30-39 years,296,Female,958,260,839,1833
1990,SIMON VERNON,4946,02:14:47,NZL,Runner 20-29 years,303,Male,1032,310,1063,2093
1991,ROBBIE ERMITA,3594,02:20:05,PHL,Runner 40-49 years,234,Male,1033,260,1131,2349
1992,TIM HUGHES,4966,02:04:58,AUS,Runner 40-49 years,235,Male,1034,198,895,1526
1993,AMANDA HAYNES,7739,02:14:53,USA,Runner 20-29 years,324,Female,959,355,1034,2100
1994,DENIS CHAMBERS,7763,02:18:46,NZL,Runner 60-69 years,35,Male,1035,40,1119,2293
1995,AMANDA OREILLY,4702,02:14:40,AUS,Runner 50-59 years,73,Female,960,77,1027,2088
1996,LEE SACCUZZO,4698,02:14:40,NZL,Runner 50-59 years,74,Female,961,78,1028,2089
1997,KYLE JOHNSTON,7148,02:15:10,AUS,Runner 20-29 years,304,Male,1036,312,1071,2114
1998,CINDY PLANT,4000,02:15:10,AUS,Runner 40-49 years,236,Female,962,252,1044,2115
1999,JANINE EDMUNDS,4290,02:14:59,AUS,Runner 50-59 years,75,Female,963,80,1037,2103
2000,MIKE SAKALAS,7694,02:14:18,USA,Runner 40-49 years,236,Male,1037,241,1057,2077
2001,CARL HEALES,5842,02:18:38,AUS,Runner 40-49 years,237,Male,1038,256,1118,2289
2002,ROBERT BLAIR,7490,02:14:39,NZL,Runner 60-69 years,36,Male,1039,36,1061,2086
2003,VICKY RHIND,6947,02:10:29,NZL,Runner 40-49 years,237,Female,964,219,869,1878
2004,SARAH ANDREWS,6521,02:10:44,NZL,Runner 20-29 years,325,Female,965,303,880,1891
2005,BEVAN CLARKE,4226,02:05:35,NZL,Runner 40-49 years,238,Male,1040,204,908,1566
2006,MICHAEL ROSE,8066,02:09:46,NZL,Runner 20-29 years,305,Male,1041,290,993,1826
2007,RACHAEL CRIDGE,4411,02:14:52,NZL,Runner 30-39 years,297,Female,966,315,1031,2097
2008,KATE MCNEILL,6637,02:18:35,NZL,Runner 20-29 years,326,Female,967,404,1170,2286
2009,EMILY JOSHUA,8124,02:19:10,NZL,Runner 20-29 years,327,Female,968,411,1188,2310
2010,ALICE GRUBB,6255,02:18:24,NZL,Runner 20-29 years,328,Female,969,401,1157,2272
2011,STEFAN BOERSEMA,7082,02:18:12,,Runner 30-39 years,328,Male,1042,349,1114,2266
2012,LUCY COLUMBUS,6216,02:20:50,NZL,Runner 20-29 years,329,Female,970,421,1236,2374
2013,RUPINDER JIT SAPRA,4833,02:18:30,NZL,Runner 30-39 years,298,Female,971,352,1163,2279
2014,JULIE HAGUE,7628,02:18:30,NZL,Runner 40-49 years,238,Female,972,281,1164,2280
2015,MIKE GRIFFITHS,6651,02:11:05,GBR,Runner 50-59 years,109,Male,1043,102,1015,1909
2016,AIMEE CLARK,6055,02:18:58,NZL,Runner 20-29 years,330,Female,973,408,1177,2298
2017,MARY DEPARTOUT,5695,02:11:07,USA,Runner 20-29 years,331,Female,974,308,895,1910
2018,AINSLEY CLARK,6027,02:19:00,NZL,Runner 50-59 years,76,Female,975,94,1182,2303
2019,JULIETTE HUNTER,4310,02:11:09,NZL,Runner 30-39 years,299,Female,976,280,900,1915
2020,MARINA BOTES,7081,02:18:24,,Runner 50-59 years,77,Female,977,90,1156,2271
2021,MARCO CONSTANZO,7917,02:06:29,CHL,Runner 40-49 years,239,Male,1044,210,928,1620
2022,GARETH WILLIAMS,7035,02:15:38,NZL,Runner 20-29 years,306,Male,1045,313,1075,2134
2023,JAMES DAVIES,7385,02:14:34,NZL,Runner 20-29 years,307,Male,1046,309,1059,2083
2024,CHLOE STOPFORTH,6589,02:19:04,NZL,Runner 20-29 years,332,Female,978,410,1185,2307
2025,GREGOR RAMSAY,5722,02:18:56,GBR,Runner 30-39 years,329,Male,1047,351,1120,2296
2026,ANDREA HENDERSON,5589,02:14:52,NZL,Runner 30-39 years,300,Female,979,316,1032,2098
2027,LAURA ZACHARUK,6622,02:05:07,CAN,Runner 20-29 years,333,Female,980,224,635,1532
2028,HELEN SHADBOLT,5481,02:18:45,NZL,Runner 20-29 years,334,Female,981,406,1174,2292
2029,MELISSA COLLIER,3620,02:18:59,NZL,Runner 30-39 years,301,Female,982,357,1178,2299
2030,MIRANDA GASS-DONNELLY,6774,02:19:22,CAN,Runner 30-39 years,302,Female,983,359,1193,2315
2031,PHILIPPA ROBERTS,4811,02:18:46,NZL,Runner 40-49 years,239,Female,984,282,1175,2294
2032,JANE SHARMAN,6456,02:11:24,NZL,Runner 30-39 years,303,Female,985,281,903,1919
2033,KRISTY MCKENZIE,5918,02:11:28,NZL,Runner 30-39 years,304,Female,986,282,904,1921
2034,ROBBIE KIMBER,3752,02:15:47,NZL,Runner 30-39 years,330,Male,1048,338,1079,2148
2035,PAUL WALTERS,3626,02:18:56,GBR,Runner 50-59 years,110,Male,1049,122,1121,2297
2036,LILY ZHANG,6221,02:10:35,CHN,Runner 20-29 years,335,Female,987,300,875,1884
2037,YOU KEONG YEE,8028,02:19:33,,Runner 20-29 years,308,Male,1050,324,1125,2324
2038,KATE RYDER,4465,02:19:11,NZL,Runner 20-29 years,336,Female,988,412,1190,2312
2039,LIU CHEN,6256,02:06:25,CHN,Runner 20-29 years,309,Male,1051,275,924,1614
2040,SIMON BARRETT,7407,02:06:25,NZL,Runner 30-39 years,331,Male,1052,298,925,1615
2041,BRUCE JOHNSTON,6028,02:11:01,NZL,Runner 40-49 years,240,Male,1053,233,1014,1903
2042,TRACEY HAWKINS,5264,02:19:44,NZL,Runner 20-29 years,337,Female,989,414,1202,2328
2043,LEIGH SONNTAG,5764,02:19:47,NZL,Runner 50-59 years,78,Female,990,99,1203,2329
2044,LORNA GARDINER,3463,02:10:57,GBR,Runner 30-39 years,305,Female,991,278,889,1901
2045,GINA SPICER,6842,02:19:07,NZL,Runner 40-49 years,240,Female,992,287,1186,2308
2046,ZACH TAPPENDEN,4841,02:16:10,AUS,Runner 30-39 years,332,Male,1054,340,1086,2167
2047,ALANA INGLIS,4887,02:11:35,NZL,Runner 20-29 years,338,Female,993,314,910,1929
2048,NICKY BOLD,7859,02:11:47,NZL,Runner 40-49 years,241,Female,994,231,918,1939
2049,YVONNE MANSELL,5576,02:11:47,NZL,Runner 50-59 years,79,Female,995,60,919,1940
2050,JULIA EADE,5818,02:11:55,NZL,Runner 30-39 years,306,Female,996,289,922,1944
2051,THERESE DE CASTRO,4281,02:06:12,,Runner 30-39 years,307,Female,997,217,685,1607
2052,JANA LEHMANN,4732,02:16:01,,Runner 30-39 years,308,Female,998,336,1076,2159
2053,TOBIAS STADTBAEUMER,5953,02:16:01,,Runner 30-39 years,333,Male,1055,339,1084,2160
2054,LIZ WEATHERBY,6169,02:07:20,NZL,Runner 50-59 years,80,Female,999,44,729,1681
2055,TIMOTHY OORSCHOT,7985,02:07:17,NZL,Runner 20-29 years,310,Male,1056,278,952,1678
2056,LAURA GARDYNE,7820,02:10:28,NZL,Runner 20-29 years,339,Female,1000,298,866,1875
2057,ANDREW HAIG,4388,02:11:34,NZL,Runner 40-49 years,241,Male,1057,234,1018,1925
2058,PETER LAWS,4504,02:16:29,AUS,Runner 60-69 years,37,Male,1058,38,1089,2183
2059,EMMA COSTELLOE,6117,02:15:30,,Runner 30-39 years,309,Female,1001,327,1056,2128
2060,RENEE COGHLAN,3744,02:15:41,AUS,Runner 30-39 years,310,Female,1002,330,1063,2140
2061,PENNY HUMMERSTON,8107,02:19:48,AUS,Runner 40-49 years,242,Female,1003,291,1205,2331
2062,SAMUEL DAECHE,4629,02:15:55,NZL,Runner 16-19 years,23,Male,1059,23,1080,2151
2063,HEATHER CARTER,7002,02:16:33,NZL,Runner 50-59 years,81,Female,1004,85,1095,2184
2064,HANNAH SOPER,3065,02:11:34,NZL,Runner 30-39 years,311,Female,1005,284,907,1924
2065,NICHOLUS AH KUOI,3153,02:22:23,NZL,Runner 30-39 years,334,Male,1060,361,1163,2457
2066,GAVIN SHEPPARD,3070,02:16:27,NZL,Runner 40-49 years,242,Male,1061,247,1088,2181
2067,JIA LI,4272,02:16:36,CHN,Runner 20-29 years,340,Female,1006,372,1096,2185
2068,MATTHEW KERR,8174,02:20:09,NZL,Runner 20-29 years,311,Male,1062,327,1132,2351
2069,RENEE SCOTT,6491,02:06:51,AUS,Runner 20-29 years,341,Female,1007,245,704,1638
2070,SIMON PELHAM,7990,02:12:10,NZL,Runner 20-29 years,312,Male,1063,300,1024,1952
2071,ANDREW SMYTH,6932,02:06:28,AUS,Runner 40-49 years,243,Male,1064,209,926,1617
2072,RACHEL WHELAN,4218,02:15:44,AUS,Runner 20-29 years,342,Female,1008,362,1065,2143
2073,CAROLINE PAYNTER,6936,02:16:21,NZL,Runner 30-39 years,312,Female,1009,339,1090,2176
2074,CHRIS TODD,3522,02:15:56,NZL,Runner 40-49 years,244,Male,1065,246,1081,2153
2075,ALEX WARD,7350,02:16:46,NZL,Runner 20-29 years,343,Female,1010,373,1098,2190
2076,TRACEY ROWDEN,6003,02:12:06,NZL,Runner 40-49 years,243,Female,1011,233,925,1948
2077,AARON BURGESS,3868,02:16:45,NZL,Runner 30-39 years,335,Male,1066,342,1091,2188
2078,KASEY URQUHART,5243,02:16:02,NZL,Runner 20-29 years,344,Female,1012,366,1077,2161
2079,FRAN MCMEEKIN,3064,02:16:53,NZL,Runner 40-49 years,244,Female,1013,264,1105,2197
2080,CARMEN O'BRIEN,5221,02:20:57,NZL,Runner 30-39 years,313,Female,1014,373,1242,2382
2081,KIRSTY THWAITES,8016,02:07:47,NZL,Runner 20-29 years,345,Female,1015,264,750,1710
2082,JANE HERSCHELL,5453,02:07:09,NZL,Runner 40-49 years,245,Female,1016,183,722,1667
2083,GILLYS MILLER,5345,02:07:32,NZL,Runner 40-49 years,246,Female,1017,189,740,1693
2084,JOANNA CLARKE,4227,02:07:26,NZL,Runner 40-49 years,247,Female,1018,188,736,1689
2085,ISLA MAPLES,6973,02:07:00,NZL,Runner 20-29 years,346,Female,1019,246,709,1646
2086,RHIANNON BROWNING,7903,02:08:09,GBR,Runner 30-39 years,314,Female,1020,240,768,1734
2087,AMY MORRISON,4900,02:17:04,NZL,Runner 20-29 years,347,Female,1021,377,1113,2205
2088,LEAH NEVILL,7982,02:06:53,NZL,Runner 40-49 years,248,Female,1022,179,706,1641
2089,SAM MAYELL,4574,02:21:18,NZL,Runner 20-29 years,313,Male,1067,332,1147,2397
2090,JENNY FOWLER,4155,02:08:01,NZL,Runner 40-49 years,249,Female,1023,195,762,1727
2091,VANESSA MAY,5096,02:20:15,NZL,Runner 40-49 years,250,Female,1024,299,1223,2355
2092,SAMUEL HAINEY,6268,02:06:39,GBR,Runner 30-39 years,336,Male,1068,299,929,1626
2093,BRONWYN MCCARTY,4642,02:13:02,NZL,Runner 40-49 years,251,Female,1025,238,960,1995
2094,BRENT ADLER,3829,02:21:19,NZL,Runner 30-39 years,337,Male,1069,358,1149,2399
2095,HISAKO OSAWA,6814,02:22:55,JPN,Runner 30-39 years,315,Female,1026,394,1317,2487
2096,MICHAEL JENSEN,6087,02:12:28,AUS,Runner 20-29 years,314,Male,1070,303,1033,1976
2097,JAY TEMPLER,5371,02:17:08,NZL,Runner 30-39 years,338,Male,1071,343,1093,2208
2098,AIDAN DILLON,4998,02:16:26,NZL,Runner 30-39 years,339,Male,1072,341,1087,2179
2099,JANE HAMILTON,7579,02:07:59,NZL,Runner 30-39 years,316,Female,1027,235,759,1723
2100,AMIE HURST,6854,02:12:52,NZL,Runner 30-39 years,317,Female,1028,301,954,1989
2101,ANIKA HUNT,4278,02:21:29,NZL,Runner 50-59 years,82,Female,1029,107,1257,2408
2102,LAURIE CAIN,5366,02:21:20,NZL,Runner 40-49 years,245,Male,1073,262,1150,2400
2103,KAR YAN SOH,3734,02:13:19,,Runner 20-29 years,348,Female,1030,334,974,2012
2104,KATHERINE LOWE,4009,02:08:32,AUS,Runner 40-49 years,252,Female,1031,198,782,1752
2105,CHRISTINE HILDER,6476,02:08:33,AUS,Runner 30-39 years,318,Female,1032,245,783,1753
2106,ANTHONY GEORGE,6708,02:17:09,NZL,Runner 40-49 years,246,Male,1074,248,1094,2210
2107,NICOLE GEORGE,6707,02:17:11,NZL,Runner 40-49 years,253,Female,1033,272,1118,2213
2108,DOMINIQUE HITE,6655,02:20:55,NZL,Runner 30-39 years,319,Female,1034,372,1239,2379
2109,MARK BRACEWELL,5742,02:08:42,NZL,Runner 60-69 years,38,Male,1075,31,977,1769
2110,LISA MCCULLOCH,5738,02:08:42,NZL,Runner 30-39 years,320,Female,1035,250,793,1770
2111,PETER HIRST,5810,02:13:10,NZL,Runner 60-69 years,39,Male,1076,34,1038,2004
2112,REBECCA STARKEY,5338,02:07:46,NZL,Runner 20-29 years,349,Female,1036,263,749,1707
2113,HELENA RAKITZO,6988,02:08:24,,Runner 30-39 years,321,Female,1037,241,773,1741
2114,CRAIG DONALDSON,6867,02:07:03,NZL,Runner 40-49 years,247,Male,1077,217,940,1651
2115,DAVID MCKENZIE,6906,02:07:03,NZL,Runner 40-49 years,248,Male,1078,216,939,1650
2116,ANNE-MARIE BUTTON,5769,02:13:01,NZL,Runner 40-49 years,254,Female,1038,237,959,1994
2117,JONATHAN PHILPOT,4206,02:20:54,NZL,Runner 20-29 years,315,Male,1079,329,1140,2378
2118,REBECCA ADAM,7293,02:21:30,AUS,Runner 20-29 years,350,Female,1039,426,1258,2409
2119,DANIEL LOWE,7968,02:13:24,NZL,Runner 30-39 years,340,Male,1080,330,1042,2020
2120,RISHI PATEL,6157,02:21:51,NZL,Runner 20-29 years,316,Male,1081,336,1156,2425
2121,ELIZABETH WOODWARD,3014,02:08:52,NZL,Runner 40-49 years,255,Female,1040,203,802,1783
2122,JILL GOLDFINCH,6337,02:20:42,NZL,Runner 40-49 years,256,Female,1041,303,1234,2370
2123,MARY BROWNE,5150,02:12:42,NZL,Runner 20-29 years,351,Female,1042,323,947,1982
2124,LUKE TRENBERTH,7810,02:21:50,NZL,Runner 16-19 years,24,Male,1082,25,1155,2424
2125,SIMON PRIDDY,4554,02:08:57,NZL,Runner 40-49 years,249,Male,1083,227,982,1787
2126,NICOLA CAREY,6303,02:08:58,NZL,Runner 60-69 years,11,Female,1043,9,806,1789
2127,MICHAEL QUIRKE,4238,02:12:11,NZL,Runner 30-39 years,341,Male,1084,327,1025,1954
2128,JUSTIN STEVENSON,7235,02:17:57,NZL,Runner 40-49 years,250,Male,1085,252,1108,2250
2129,PAULA BOYLE,4595,02:21:51,,Runner 40-49 years,257,Female,1044,312,1270,2426
2130,SAM LEE,6855,02:17:26,AUS,Runner 30-39 years,342,Male,1086,344,1098,2224
2131,SIMONE MULLAN,6427,02:17:38,NZL,Runner 40-49 years,258,Female,1045,276,1131,2233
2132,JADE MICHELLE,4048,02:08:04,NZL,Runner 30-39 years,322,Female,1046,236,764,1729
2133,HARWIN RETALLICK-BROWN,7244,02:07:47,NZL,Runner 20-29 years,317,Male,1087,283,960,1709
2134,AIMEE DYKE,7324,02:12:24,NZL,Runner 30-39 years,323,Female,1047,293,938,1969
2135,LIZ WILSON,6861,02:17:35,AUS,Runner 40-49 years,259,Female,1048,274,1127,2228
2136,BEN THOMSON,7237,02:22:08,NZL,Runner 20-29 years,318,Male,1088,338,1160,2445
2137,DEAN GRAY,6858,02:17:35,AUS,Runner 40-49 years,251,Male,1089,250,1101,2227
2138,KATHARINA HOOCK,6552,02:08:05,,Runner 30-39 years,324,Female,1049,237,765,1730
2139,CHARMAINE LE ROUX,7107,02:13:26,,Runner 30-39 years,325,Female,1050,306,979,2021
2140,MARISSA LE COMTE,5906,02:12:49,NZL,Runner 30-39 years,326,Female,1051,300,952,1987
2141,ROBIN ADAMS,3459,02:23:10,GBR,Runner 20-29 years,319,Male,1090,340,1173,2499
2142,ADAM FERGUSON,7511,02:17:47,NZL,Runner 30-39 years,343,Male,1091,347,1105,2242
2143,JO DEMPSEY,3681,02:13:55,AUS,Runner 40-49 years,260,Female,1052,246,1004,2052
2144,JICINTA MCBAIN,7582,02:22:18,NZL,Runner 40-49 years,261,Female,1053,322,1292,2453
2145,MICHAEL HEIGHWAY,5996,02:21:15,NZL,Runner 40-49 years,252,Male,1092,261,1143,2392
2146,KIM HEIGHWAY,5217,02:21:15,NZL,Runner 40-49 years,262,Female,1054,308,1249,2391
2147,RAEWYN JONES,8050,02:17:36,NZL,Runner 40-49 years,263,Female,1055,275,1128,2229
2148,HETTY GOODWIN,5437,02:13:48,NZL,Runner 20-29 years,352,Female,1056,340,997,2043
2149,HARRY LEISHMAN,5438,02:13:48,NZL,Runner 20-29 years,320,Male,1093,305,1046,2042
2150,MARION COBURN,5930,02:22:08,NZL,Runner 60-69 years,12,Female,1057,16,1286,2446
2151,MATT DINNISS,3884,02:18:13,NZL,Runner 40-49 years,253,Male,1094,255,1115,2267
2152,KAYNE DAVIS,4498,02:08:47,NZL,Runner 30-39 years,344,Male,1095,315,981,1776
2153,ANITA RAE,6389,02:21:48,AUS,Runner 30-39 years,327,Female,1058,379,1266,2420
2154,CHRISTINE MUNRO,4798,02:13:12,NZL,Runner 60-69 years,13,Female,1059,13,968,2006
2155,DAWNEA KYLE,7665,02:17:56,NZL,Runner 20-29 years,353,Female,1060,392,1142,2249
2156,RACHEL PRICE,6205,02:21:28,NZL,Runner 20-29 years,354,Female,1061,425,1255,2406
2157,KIMBERLEY GOODWIN,7155,02:08:12,NZL,Runner 20-29 years,355,Female,1062,268,771,1738
2158,MARIA LAMB,7965,02:08:56,NZL,Runner 40-49 years,264,Female,1063,204,804,1785
2159,SARAH BROOKS,3426,02:13:21,NZL,Runner 20-29 years,356,Female,1064,335,976,2015
2160,ANN FENNER,4640,02:21:52,GBR,Runner 40-49 years,265,Female,1065,313,1271,2427
2161,KATIE ECCLES,4996,02:21:32,GBR,Runner 20-29 years,357,Female,1066,427,1259,2410
2162,SKY HORTON,7269,02:18:26,GBR,Runner 20-29 years,358,Female,1067,402,1158,2273
2163,NATASHA LEIGHTON,7701,02:21:44,NZL,Runner 20-29 years,359,Female,1068,429,1263,2416
2164,SOPHIE LOWERY,6168,02:17:51,NZL,Runner 20-29 years,360,Female,1069,390,1140,2245
2165,RACHAEL CLARKE,6417,02:17:51,NZL,Runner 20-29 years,361,Female,1070,391,1141,2246
2166,CHARLIE BORG,5661,02:13:06,AUS,Runner 50-59 years,111,Male,1096,108,1036,1998
2167,MEGAN WALLACE,7230,02:18:00,GBR,Runner 20-29 years,362,Female,1071,393,1144,2252
2168,DENICE BOS,5508,02:08:55,NZL,Runner 20-29 years,363,Female,1072,276,803,1784
2169,SARAH PALMER,8187,02:18:42,NZL,Runner 30-39 years,328,Female,1073,356,1173,2291
2170,JENNIFER MARR,6537,02:14:16,NZL,Runner 20-29 years,364,Female,1074,350,1016,2072
2171,CIARA O' LEARY,5719,02:18:52,,Runner 20-29 years,365,Female,1075,407,1176,2295
2172,ANNA MARELICH,6538,02:14:16,NZL,Runner 20-29 years,366,Female,1076,351,1017,2073
2173,PENELOPE KEAN,4926,02:08:41,NZL,Runner 20-29 years,367,Female,1077,275,791,1766
2174,SAVANNAH COOMBS,5627,02:08:30,NZL,Runner 20-29 years,368,Female,1078,271,777,1747
2175,DANIELLE SUTHERLAND,5623,02:08:30,NZL,Runner 20-29 years,369,Female,1079,272,779,1749
2176,PAUL HASWELL,8047,02:08:29,GBR,Runner 30-39 years,345,Male,1097,310,970,1745
2177,ROGER MARIU,6466,02:09:50,NZL,Runner 50-59 years,112,Male,1098,98,995,1834
2178,AUDREY WILLIAMS,4095,02:22:52,,Runner 40-49 years,266,Female,1080,327,1314,2482
2179,LUCY BROWN,6949,02:18:40,NZL,Runner 20-29 years,370,Female,1081,405,1172,2290
2180,CHERIE PETUELI,3881,02:19:00,NZL,Runner 40-49 years,267,Female,1082,285,1181,2302
2181,HAYLEY ROSSITER,5223,02:10:05,NZL,Runner 30-39 years,329,Female,1083,263,845,1847
2182,GAYE MUNNERLEY,5032,02:09:47,NZL,Runner 50-59 years,83,Female,1084,51,835,1829
2183,DENISE HARE,5999,02:13:57,NZL,Runner 60-69 years,14,Female,1085,14,1006,2055
2184,PATRICK ANELAY,7417,02:13:53,NZL,Runner 50-59 years,113,Male,1099,111,1048,2051
2185,CARA PLATTS,4207,02:09:39,NZL,Runner 20-29 years,371,Female,1086,287,830,1822
2186,MICHELLE ARNOLD,4950,02:13:21,AUS,Runner 30-39 years,330,Female,1087,305,977,2016
2187,JULIANNE MURRAY,5553,02:13:21,AUS,Runner 50-59 years,84,Female,1088,65,978,2017
2188,JOANNA MEIKLEHAM,3751,02:09:13,NZL,Runner 40-49 years,268,Female,1089,209,818,1805
2189,SHARON FRENCH,5616,02:19:00,NZL,Runner 40-49 years,269,Female,1090,284,1180,2301
2190,MURRAY HENDERSON,7504,02:18:38,NZL,Runner 50-59 years,114,Male,1100,121,1117,2288
2191,RACHEL BOWEN,5588,02:18:26,AUS,Runner 30-39 years,331,Female,1091,350,1159,2274
2192,SARA ROSE LAMB,7267,02:08:47,NZL,Runner 30-39 years,332,Female,1092,251,795,1774
2193,LIESA MOORE,7103,02:22:07,NZL,Runner 40-49 years,270,Female,1093,318,1285,2444
2194,SHARON LAGAN,5303,02:14:16,NZL,Runner 50-59 years,85,Female,1094,72,1018,2074
2195,ELLA BARRETT,5062,02:09:24,NZL,Runner 20-29 years,372,Female,1095,284,822,1812
2196,SUSANNE SMITH,6789,02:22:04,NZL,Runner 50-59 years,86,Female,1096,111,1283,2442
2197,KERYN MCCUTCHEON,3398,02:08:33,NZL,Runner 40-49 years,271,Female,1097,199,785,1755
2198,MCKENZIE EDGAR,7778,02:09:46,NZL,Runner 20-29 years,373,Female,1098,291,834,1827
2199,TIM GIBSON,4907,02:22:34,NZL,Runner 40-49 years,254,Male,1101,266,1166,2466
2200,JO VINCENT,4982,02:19:04,NZL,Runner 40-49 years,272,Female,1099,286,1184,2306
2201,GEORGIA MCDONALD,4904,02:25:10,NZL,Runner 20-29 years,374,Female,1100,455,1375,2559
2202,JUANITA WESTBURY,7822,02:14:45,AUS,Runner 50-59 years,87,Female,1101,79,1030,2091
2203,KATIE JONES,5531,02:23:09,NZL,Runner 30-39 years,333,Female,1102,396,1325,2497
2204,JILL SMYTH,8007,02:22:46,NZL,Runner 30-39 years,334,Female,1103,391,1310,2478
2205,BEC PRENDERGAST,5470,02:10:19,NZL,Runner 20-29 years,375,Female,1104,296,857,1863
2206,LIZ MCNICHOLL,5718,02:19:10,NZL,Runner 40-49 years,273,Female,1105,288,1187,2309
2207,TIM MICHAEL,7976,02:14:46,AUS,Runner 50-59 years,115,Male,1102,114,1062,2092
2208,SARAH LEWIS,5611,02:15:01,NZL,Runner 40-49 years,274,Female,1106,249,1038,2104
2209,ANNA HELPS,4372,02:15:06,NZL,Runner 30-39 years,335,Female,1107,321,1043,2111
2210,KRISTEN MCBRIDE,7454,02:15:03,NZL,Runner 40-49 years,275,Female,1108,251,1042,2109
2211,KAREN SANDFORD,7347,02:15:02,NZL,Runner 40-49 years,276,Female,1109,250,1040,2107
2212,CRAIG CURNOW,3581,02:09:24,NZL,Runner 30-39 years,346,Male,1103,319,991,1813
2213,LISA CHENEY,4972,02:14:39,NZL,Runner 30-39 years,336,Female,1110,314,1026,2087
2214,MELANIE ENGLAND,3683,02:22:29,NZL,Runner 20-29 years,376,Female,1111,433,1297,2461
2215,JENNY BEDFORD,4979,02:10:35,NZL,Runner 30-39 years,337,Female,1112,274,874,1883
2216,KELLY MARSHALL,3932,02:10:35,NZL,Runner 30-39 years,338,Female,1113,273,873,1882
2217,ESTRELLA SUPAS-MILNE,8303,02:23:15,PHL,Runner 40-49 years,277,Female,1114,333,1328,2501
2218,ANGELA BUTTERFIELD,4067,02:19:29,NZL,Runner 30-39 years,339,Female,1115,362,1198,2321
2219,SARAH MCKENZIE,5753,02:09:48,NZL,Runner 20-29 years,377,Female,1116,293,837,1831
2220,MARTIN MCGREGOR,6534,02:10:44,NZL,Runner 30-39 years,347,Male,1104,324,1012,1892
2221,TOR SYMES,6190,02:22:30,NZL,Runner 16-19 years,23,Female,1117,26,1299,2463
2222,KAYOKO IEMURA,5212,02:13:50,JPN,Runner 40-49 years,278,Female,1118,245,1000,2046
2223,CAROL COLLINS,3549,02:22:46,GBR,Runner 30-39 years,340,Female,1119,392,1311,2479
2224,JOANNE PLOSZCZYNIEC,6271,02:19:27,AUS,Runner 30-39 years,341,Female,1120,361,1196,2319
2225,EBONY PAGE KITCHING,3930,02:23:43,NZL,Runner 20-29 years,378,Female,1121,445,1341,2515
2226,LOIS HILL,3934,02:14:53,GBR,Runner 30-39 years,342,Female,1122,318,1035,2101
2227,WENDY SCHICK,3377,02:23:04,NZL,Runner 40-49 years,279,Female,1123,332,1323,2494
2228,LUCY HUNTER,4705,02:19:24,NZL,Runner 20-29 years,379,Female,1124,413,1194,2316
2229,AMY PARISH,6612,02:09:44,NZL,Runner 20-29 years,380,Female,1125,290,833,1825
2230,AMY CHU,3013,02:10:28,NZL,Runner 20-29 years,381,Female,1126,297,865,1874
2231,CHRISTINE FLOWERS,4729,02:11:08,GBR,Runner 20-29 years,382,Female,1127,310,898,1913
2232,JADE COLLIN,6580,02:11:08,GBR,Walker 20-29 years,1,Female,1128,1,899,1914
2233,HELEN EVANS,4269,02:19:41,NZL,Runner 50-59 years,88,Female,1129,98,1201,2327
2234,SALLY WILLIAMS,5356,02:19:51,NZL,Runner 30-39 years,343,Female,1130,365,1213,2340
2235,OLIVIA SHAMY,6835,02:19:49,NZL,Runner 20-29 years,383,Female,1131,416,1208,2334
2236,SARAH BILKEY,7871,02:10:50,NZL,Runner 30-39 years,344,Female,1132,277,886,1898
2237,TANIA MOIR,3729,02:10:23,NZL,Runner 40-49 years,280,Female,1133,217,860,1867
2238,ABI CANE,5134,02:23:27,NZL,Runner 40-49 years,281,Female,1134,339,1335,2508
2239,CAITLIN HOLLOWAY,7169,02:19:47,NZL,Runner 20-29 years,384,Female,1135,415,1204,2330
2240,ELIZABETH EDWARDS,4083,02:15:47,NZL,Runner 30-39 years,345,Female,1136,333,1068,2146
2241,ROSIE CUTHBERT,4088,02:15:47,NZL,Runner 30-39 years,346,Female,1137,334,1069,2147
2242,JENNY THOMSON,7098,02:15:22,GBR,Runner 20-29 years,385,Female,1138,358,1051,2123
2243,ANNA VASSILIOU,6439,02:09:32,,Runner 20-29 years,386,Female,1139,285,825,1816
2244,REBECCA KNIGHT,6005,02:23:47,NZL,Runner 40-49 years,282,Female,1140,341,1342,2516
2245,SONIA FORMOSO CONDE,5528,02:10:47,ESP,Runner 50-59 years,89,Female,1141,56,882,1894
2246,DOMINIQUE LE MAITRE,8109,02:23:56,AUS,Runner 40-49 years,283,Female,1142,342,1344,2519
2247,KIRSTIN FLOCKTON,6159,02:10:25,NZL,Runner 30-39 years,347,Female,1143,271,863,1871
2248,WILLIAM MCEACHEN,8110,02:23:57,NZL,Runner 50-59 years,116,Male,1105,128,1176,2520
2249,SEAN COURNANE,7215,02:09:56,NZL,Runner 30-39 years,348,Male,1106,322,998,1840
2250,MONICA SHARPE,4532,02:15:14,NZL,Runner 40-49 years,284,Female,1144,253,1045,2117
2251,SOPHIA SHAMY,6834,02:20:03,NZL,Runner 20-29 years,387,Female,1145,418,1217,2346
2252,RACHEL STOKES,4066,02:09:39,NZL,Runner 40-49 years,285,Female,1146,211,828,1820
2253,SHARON GRAY,5869,02:15:44,NZL,Runner 30-39 years,348,Female,1147,332,1066,2144
2254,CHRIS MILLAR,7136,02:14:49,NZL,Runner 50-59 years,117,Male,1107,116,1065,2095
2255,REBECCA ABBOTT,7402,02:10:33,NZL,Runner 20-29 years,388,Female,1148,299,872,1881
2256,HILMAR KJARTANSSON,7104,02:15:43,NZL,Runner 40-49 years,255,Male,1108,245,1078,2142
2257,KATHRYN SMITH,5875,02:24:17,NZL,Runner 50-59 years,90,Female,1149,118,1352,2534
2258,LAURA CHRISTIAN,6927,02:10:15,NZL,Runner 30-39 years,349,Female,1150,268,855,1860
2259,ARUNTHA MOORTHY,6618,02:20:36,NZL,Runner 50-59 years,91,Female,1151,103,1232,2368
2260,JULIA-ROSE GRENON-DORAN,6698,02:20:00,NZL,Runner 30-39 years,350,Female,1152,366,1215,2344
2261,DINNY GRAHAM,6103,02:20:30,AUS,Runner 50-59 years,92,Female,1153,102,1229,2365
2262,TRACEY BARR,5568,02:20:15,NZL,Runner 40-49 years,286,Female,1154,298,1222,2354
2263,CHRISTINA DUNN,3911,02:24:31,NZL,Runner 20-29 years,389,Female,1155,451,1360,2542
2264,J·LIA PßSZTOR,6972,02:11:35,USA,Runner 20-29 years,390,Female,1156,313,909,1928
2265,CATHY BERGLUND,3482,02:24:02,NZL,Runner 50-59 years,93,Female,1157,116,1347,2524
2266,NADIA STANTON,5426,02:20:35,NZL,Runner 20-29 years,391,Female,1158,420,1231,2367
2267,DANICA RICHARDS,6606,02:24:09,NZL,Runner 20-29 years,392,Female,1159,448,1348,2529
2268,LYNLEY DALY,3907,02:19:49,NZL,Runner 40-49 years,287,Female,1160,292,1207,2333
2269,SUE HORO,4125,02:20:30,NZL,Runner 40-49 years,288,Female,1161,302,1230,2366
2270,KAITLIN MITCHELL,5646,02:11:07,CAN,Runner 20-29 years,393,Female,1162,309,897,1912
2271,MELISSA BULGER,6809,02:16:07,NZL,Runner 40-49 years,289,Female,1163,258,1080,2165
2272,OLIVIA ROULSTON,7210,02:11:01,NZL,Runner 30-39 years,351,Female,1164,279,890,1904
2273,KAREN WOLFAARDT,5102,02:20:03,AUS,Runner 40-49 years,290,Female,1165,295,1218,2347
2274,QUENTIN BENNETT,7480,02:20:47,NZL,Runner 50-59 years,118,Male,1109,124,1138,2373
2275,HUI YU,6840,02:25:02,CHN,Runner 30-39 years,352,Female,1166,403,1371,2554
2276,SHUYAN SONG,6874,02:25:02,CHN,Runner 40-49 years,291,Female,1167,347,1370,2553
2277,DOUG TAUSILI,3551,02:24:08,NZL,Runner 30-39 years,349,Male,1110,366,1181,2528
2278,SHELBY HEAP,4924,02:20:52,NZL,Runner 20-29 years,394,Female,1168,422,1238,2376
2279,CHERYL MACKINNON,7099,02:11:40,NZL,Runner 50-59 years,94,Female,1169,59,913,1933
2280,ALICE ASHBEY,4348,02:24:30,NZL,Runner 20-29 years,395,Female,1170,450,1359,2541
2281,CAROLINE BARR,4197,02:16:47,NZL,Runner 40-49 years,292,Female,1171,262,1099,2191
2282,GILLIAN SAXTON,3388,02:20:09,NZL,Runner 40-49 years,293,Female,1172,297,1221,2353
2283,MATHEW BOSHER,5975,02:20:52,NZL,Runner 30-39 years,350,Male,1111,355,1139,2377
2284,MILLIE SETTLE,6330,02:21:03,,Runner 20-29 years,396,Female,1173,424,1245,2387
2285,JILL HALL,4679,02:16:07,NZL,Runner 50-59 years,95,Female,1174,83,1079,2164
2286,MARK DOUGLAS,6793,02:24:04,NZL,Runner 60-69 years,40,Male,1112,43,1179,2526
2287,FLEUR KNOWLES,5343,02:11:44,NZL,Runner 40-49 years,294,Female,1175,229,916,1937
2288,CHRISTINE SHEEHY,4248,02:25:20,NZL,Runner 40-49 years,295,Female,1176,349,1379,2564
2289,KIM BARKER,7420,02:10:38,NZL,Runner 30-39 years,353,Female,1177,275,876,1885
2290,DE JUN JIANG,7957,02:12:23,AUS,Runner 50-59 years,119,Male,1113,105,1031,1968
2291,ANNIE DOUWES,3702,02:21:25,AUS,Runner 50-59 years,96,Female,1178,105,1253,2403
2292,KIERAN O'KEEFE,8138,02:10:42,,Runner 20-29 years,321,Male,1114,298,1010,1888
2293,ROSE KENNELLY,4883,02:20:56,NZL,Runner 16-19 years,24,Female,1179,24,1241,2381
2294,JAYNE FARRIMOND,4976,02:20:56,AUS,Runner 40-49 years,296,Female,1180,305,1240,2380
2295,YVONNE HOLLAND,6086,02:24:25,NZL,Runner 50-59 years,97,Female,1181,120,1358,2540
2296,SARAH COTTER,4092,02:20:51,NZL,Runner 40-49 years,297,Female,1182,304,1237,2375
2297,SARA HILL,7539,02:15:56,NZL,Runner 40-49 years,298,Female,1183,256,1072,2152
2298,ROSEMARY IRVING,7566,02:17:11,NZL,Runner 20-29 years,397,Female,1184,380,1119,2214
2299,LINDA FORBES,6185,02:16:53,NZL,Runner 40-49 years,299,Female,1185,265,1106,2198
2300,SARAH CRUNDWELL,3280,02:17:13,AUS,Runner 40-49 years,300,Female,1186,273,1120,2215
2301,SHANE HAZELDEN,7512,02:21:02,NZL,Runner 20-29 years,322,Male,1115,330,1141,2385
2302,NICK GRANT,7513,02:21:02,NZL,Runner 30-39 years,351,Male,1116,356,1142,2386
2303,ELISEU AUGUSTO MONTEIRO ORTEGA,8087,02:25:35,BRA,Runner 20-29 years,323,Male,1117,344,1189,2577
2304,SAFRA BACCHUS,4821,02:16:19,NZL,Runner 40-49 years,301,Female,1187,261,1088,2174
2305,SARAH LAPSLIE,6430,02:21:56,NZL,Runner 30-39 years,354,Female,1188,381,1276,2434
2306,JASON HALLIFAX,7877,02:17:27,GBR,Runner 40-49 years,256,Male,1118,249,1099,2225
2307,DAVID WHITE,4716,02:17:42,AUS,Runner 30-39 years,352,Male,1119,345,1103,2236
2308,GRAHAM MACGREGOR,5011,02:25:25,AUS,Runner 40-49 years,257,Male,1120,272,1186,2568
2309,SUZANNA TURNER,6675,02:21:22,NZL,Runner 30-39 years,355,Female,1189,376,1251,2401
2310,TOM PEARD,7226,02:12:15,AUS,Runner 20-29 years,324,Male,1121,301,1028,1961
2311,JULIA ZHOU,7884,02:13:10,NZL,Runner 20-29 years,398,Female,1190,330,966,2003
2312,ANTHONY COUNIHAN,3799,02:22:03,AUS,Runner 30-39 years,353,Male,1122,360,1159,2440
2313,ANGELA CLUNE,3798,02:22:01,AUS,Runner 30-39 years,356,Female,1191,383,1280,2438
2314,JULIE MCMAHON,6057,02:12:33,USA,Runner 50-59 years,120,Male,1123,107,1035,1978
2315,JANE HUMPHRIES,6064,02:16:38,AUS,Runner 30-39 years,357,Female,1192,342,1097,2186
2316,CATRIONA MCCORMACK,3948,02:22:21,NZL,Runner 20-29 years,399,Female,1193,432,1294,2455
2317,NICOLE SHARPE,4701,02:22:11,NZL,Runner 30-39 years,358,Female,1194,385,1288,2449
2318,SARAH HEWTON-MALINS,5172,02:17:20,NZL,Runner 30-39 years,359,Female,1195,345,1123,2218
2319,JOSHUA DIAS,6193,02:12:17,NZL,Runner 20-29 years,325,Male,1124,302,1029,1963
2320,ANNA AFFLECK,6787,02:22:11,NZL,Runner 30-39 years,360,Female,1196,386,1289,2450
2321,NICOLA THOMSON,5021,02:22:16,NZL,Runner 40-49 years,302,Female,1197,321,1291,2452
2322,LEANNE KNIGHT,3088,02:21:57,CAN,Runner 50-59 years,98,Female,1198,109,1277,2435
2323,DAVID HOLYOAKE,6590,02:21:45,NZL,Runner 16-19 years,25,Male,1125,24,1154,2417
2324,AVERIL KINGSBURY,5792,02:22:39,NZL,Runner 20-29 years,400,Female,1199,434,1304,2470
2325,EMILY READ,6277,02:22:40,NZL,Runner 20-29 years,401,Female,1200,435,1305,2471
2326,CHRIS READ,6413,02:22:41,NZL,Runner 20-29 years,326,Male,1126,339,1167,2472
2327,KRISTIN EVERETT,3484,02:26:01,NZL,Runner 20-29 years,402,Female,1201,462,1397,2589
2328,CASEY BOSTON,3411,02:17:44,AUS,Runner 30-39 years,354,Male,1127,346,1104,2239
2329,LAURA BOSTON,3896,02:17:44,AUS,Runner 30-39 years,361,Female,1202,347,1135,2238
2330,OLIVIA MISHRIKI,3765,02:12:58,NZL,Runner 30-39 years,362,Female,1203,302,957,1992
2331,NICKI MCGUIGAN,7179,02:21:56,NZL,Runner 40-49 years,303,Female,1204,316,1275,2433
2332,MEGAN EYLES,4295,02:17:37,NZL,Runner 20-29 years,403,Female,1205,386,1130,2231
2333,DONG GAO,4021,02:26:31,CHN,Runner 50-59 years,99,Female,1206,127,1413,2607
2334,CORINNE DIX,6561,02:22:55,NZL,Runner 40-49 years,304,Female,1207,328,1318,2488
2335,KELLIE FORSTER,3497,02:22:56,AUS,Runner 40-49 years,305,Female,1208,330,1320,2490
2336,LISA MURPHY,3293,02:22:55,NZL,Runner 40-49 years,306,Female,1209,329,1319,2489
2337,MARK NOBLE,4151,02:12:22,NZL,Runner 30-39 years,355,Male,1128,329,1030,1966
2338,CLAIRE LILLY,5084,02:13:05,GBR,Runner 20-29 years,404,Female,1210,328,961,1996
2339,REBECCA LILLY,5106,02:13:05,GBR,Runner 30-39 years,363,Female,1211,303,962,1997
2340,LISA OBERG,4555,02:12:22,NZL,Runner 20-29 years,405,Female,1212,319,937,1967
2341,HANNAH STUART,7464,02:12:18,NZL,Runner 20-29 years,406,Female,1213,318,935,1964
2342,NIKKI HOLYOAK,3285,02:22:14,AUS,Runner 40-49 years,307,Female,1214,320,1290,2451
2343,HAYLEY DUTHIE,6910,02:26:20,NZL,Runner 20-29 years,407,Female,1215,463,1402,2596
2344,MIEK DEUNINCK,6122,02:13:14,NZL,Runner 30-39 years,364,Female,1216,304,970,2008
2345,JONATHON AYRES,5783,02:22:59,NZL,Runner 30-39 years,356,Male,1129,364,1171,2491
2346,DAMIAN CACERES,7906,02:22:22,ARG,Runner 40-49 years,258,Male,1130,265,1162,2456
2347,XING IRWAN,5079,02:22:41,NZL,Runner 30-39 years,357,Male,1131,362,1168,2474
2348,LEANNE COLEMAN,7094,02:13:42,AUS,Runner 50-59 years,100,Female,1217,68,992,2036
2349,MEGHAN BAKER,6575,02:27:01,NZL,Runner 20-29 years,408,Female,1218,475,1430,2628
2350,HELEN MARKHAM,5782,02:12:50,NZL,Runner 60-69 years,15,Female,1219,12,953,1988
2351,BEN HISCOCK,7299,02:26:53,GBR,Runner 30-39 years,358,Male,1132,369,1198,2623
2352,TESSA ASH,3611,02:23:01,NZL,Runner 30-39 years,365,Female,1220,395,1321,2492
2353,MATTHEW ANDERSON-STEWART,4625,02:13:42,NZL,Runner 30-39 years,359,Male,1133,333,1045,2037
2354,JODIE ADAMS,5007,02:22:42,GBR,Runner 30-39 years,366,Female,1221,390,1307,2475
2355,NICOLE VICKERS,6385,02:22:30,AUS,Runner 30-39 years,367,Female,1222,388,1298,2462
2356,JO CREQUER,3066,02:26:25,NZL,Runner 40-49 years,308,Female,1223,354,1406,2600
2357,KARLA MCPHEE,3433,02:26:29,NZL,Runner 30-39 years,368,Female,1224,419,1411,2605
2358,CHLOE LOVELL,3236,02:26:22,NZL,Runner 20-29 years,409,Female,1225,465,1405,2599
2359,JANE FENTON,7060,02:18:22,NZL,Runner 16-19 years,25,Female,1226,23,1155,2270
2360,NIKKI RAISBECK,7865,02:13:57,AUS,Runner 50-59 years,101,Female,1227,71,1007,2056
2361,ASHLEIGH THOMSON,4873,02:26:30,NZL,Runner 20-29 years,410,Female,1228,466,1412,2606
2362,MIKE YEATES,4819,02:27:04,NZL,Runner 40-49 years,259,Male,1134,279,1199,2629
2363,LUCY COLE,6111,02:12:53,GBR,Runner 20-29 years,411,Female,1229,326,955,1990
2364,SHELLY PEEBLES,7528,02:23:28,NZL,Runner 50-59 years,102,Female,1230,115,1337,2510
2365,MOHD AZRAN MOHAMED ARRIFF,5729,02:29:18,,Runner 30-39 years,360,Male,1135,370,1216,2713
2366,BLAIR MACDONALD,4700,02:22:53,NZL,Runner 40-49 years,260,Male,1136,267,1169,2484
2367,BRONWEN HUGHES,4634,02:23:08,NZL,Runner 20-29 years,412,Female,1231,439,1324,2496
2368,RACHEL HILL,4075,02:14:30,NZL,Runner 40-49 years,309,Female,1232,248,1022,2079
2369,BEVERLEY HARRIS,7519,02:27:21,NZL,Runner 50-59 years,103,Female,1233,130,1437,2637
2370,DAVID JENKINS,4730,02:18:06,NZL,Runner 40-49 years,261,Male,1137,254,1111,2258
2371,MARIA HICKEY,4620,02:23:33,NZL,Runner 40-49 years,310,Female,1234,340,1338,2512
2372,TONI CUMMINGS,4624,02:23:33,NZL,Runner 30-39 years,369,Female,1235,397,1339,2513
2373,PAULINE DINSDALE,3690,02:13:39,NZL,Runner 50-59 years,104,Female,1236,67,990,2034
2374,MEI NGAN BUK,6297,02:18:09,HKG,Runner 20-29 years,413,Female,1237,397,1149,2260
2375,PHILIPPA CRICK,5344,02:23:19,NZL,Runner 40-49 years,311,Female,1238,336,1332,2505
2376,KIU KWONG LAM,6296,02:18:09,HKG,Runner 20-29 years,327,Male,1138,322,1112,2261
2377,GEORGIA HUNT,4266,02:23:13,NZL,Runner 20-29 years,414,Female,1239,441,1327,2500
2378,ANNA GRAHAM,5341,02:27:46,NZL,Runner 30-39 years,370,Female,1240,428,1454,2658
2379,MARK JOHNSTONE,7096,02:14:34,NZL,Runner 50-59 years,121,Male,1139,113,1058,2082
2380,JACQUELINE CORONA,6740,02:27:20,USA,Runner 20-29 years,415,Female,1241,478,1435,2635
2381,LULU MONKS,6772,02:27:20,USA,Runner 50-59 years,105,Female,1242,129,1436,2636
2382,GLENN SMITH,6494,02:14:05,NZL,Runner 40-49 years,262,Male,1140,240,1053,2063
2383,KIM LAURENSON,5788,02:19:25,NZL,Runner 30-39 years,371,Female,1243,360,1195,2318
2384,ELAINE JECENTHO,7709,02:15:01,NZL,Runner 30-39 years,372,Female,1244,320,1039,2105
2385,RHONA MOORE,7622,02:19:27,GBR,Runner 50-59 years,106,Female,1245,97,1197,2320
2386,JING YOU,8089,02:13:35,CHN,Runner 20-29 years,416,Female,1246,337,985,2027
2387,HARRIET MAY DEAKIN,6689,02:14:45,GBR,Runner 20-29 years,417,Female,1247,354,1029,2090
2388,TONY KRAMERS,3374,02:18:29,NZL,Runner 30-39 years,361,Male,1141,350,1116,2277
2389,AMANDA-JANE WATSON,6319,02:15:03,NZL,Runner 20-29 years,418,Female,1248,356,1041,2108
2390,SAMANTHA RAILTON,7735,02:13:37,NZL,Runner 20-29 years,419,Female,1249,338,988,2031
2391,DEB HILL,6187,02:14:57,NZL,Runner 30-39 years,373,Female,1250,319,1036,2102
2392,DEBBIE EDGAR,3664,02:18:30,NZL,Runner 50-59 years,107,Female,1251,91,1162,2278
2393,SARAH HUGGARD,4394,02:19:51,GBR,Runner 20-29 years,420,Female,1252,417,1212,2339
2394,GARETH OLIVER,3882,02:24:07,AUS,Runner 40-49 years,263,Male,1142,270,1180,2527
2395,MELANIE WATSON,3837,02:19:51,NZL,Runner 30-39 years,374,Female,1253,364,1209,2336
2396,OLGA WHYTE,4611,02:13:32,GBR,Runner 40-49 years,312,Female,1254,244,984,2026
2397,ART GREEN,4557,02:13:56,NZL,Runner 20-29 years,328,Male,1143,306,1049,2054
2398,MATILDA RICE,4549,02:13:55,NZL,Runner 20-29 years,421,Female,1255,342,1005,2053
2399,JULIA LYONS,4091,02:18:33,NZL,Runner 30-39 years,375,Female,1256,353,1166,2282
2400,ANTHONY BUNTING,6248,02:15:11,NZL,Runner 50-59 years,122,Male,1144,118,1072,2116
2401,JOSH MORGAN,3399,02:19:57,NZL,Runner 30-39 years,362,Male,1145,353,1128,2342
2402,MARGARET FITZGERALD,7188,02:27:41,NZL,Runner 60-69 years,16,Female,1257,18,1450,2653
2403,ALAN KITTELTY,5218,02:15:33,NZL,Runner 40-49 years,264,Male,1146,244,1073,2130
2404,ANDREW NIXON,7524,02:23:32,NZL,Runner 40-49 years,265,Male,1147,268,1174,2511
2405,JANA MAKAR,6201,02:13:52,CAN,Runner 30-39 years,376,Female,1258,312,1002,2048
2406,KIM JAMES,4229,02:14:00,NZL,Runner 40-49 years,313,Female,1259,247,1009,2058
2407,ANGELA BRAND,8034,02:27:26,AUS,Runner 40-49 years,314,Female,1260,361,1444,2644
2408,ALEC MARSHALL,6592,02:20:20,NZL,Runner 50-59 years,123,Male,1148,123,1134,2357
2409,ANNA O'REILLY,5308,02:28:17,NZL,Runner 30-39 years,377,Female,1261,435,1475,2684
2410,TONY CARTER,7056,02:15:38,NZL,Runner 60-69 years,41,Male,1149,37,1076,2135
2411,EMILY WELCH,7214,02:27:45,NZL,Runner 20-29 years,422,Female,1262,482,1452,2656
2412,KATIE SO,7409,02:27:39,NZL,Runner 40-49 years,315,Female,1263,363,1448,2651
2413,HANNAH LAMBIE,7218,02:14:28,NZL,Runner 20-29 years,423,Female,1264,352,1021,2078
2414,LAURIE WINTER,7438,02:27:47,NZL,Runner 30-39 years,378,Female,1265,430,1456,2660
2415,DAVID STOKES,4491,02:23:59,NZL,Runner 20-29 years,329,Male,1150,341,1177,2522
2416,HEIDI NOLAN,4216,02:27:46,AUS,Runner 30-39 years,379,Female,1266,427,1453,2657
2417,YASMIN BELL,4215,02:27:47,AUS,Runner 30-39 years,380,Female,1267,429,1455,2659
2418,WENDY AUSTIN,4897,02:19:51,NZL,Runner 40-49 years,316,Female,1268,293,1210,2337
2419,JACKIE BUNTING,5004,02:19:51,NZL,Runner 40-49 years,317,Female,1269,294,1211,2338
2420,MICHAEL REDWOOD,3095,02:24:35,NZL,Runner 50-59 years,124,Male,1151,130,1183,2544
2421,DONG HAN,6869,02:30:44,CHN,Runner 20-29 years,330,Male,1152,353,1231,2768
2422,HEIDI WILLIAMS,5044,02:20:07,NZL,Runner 40-49 years,318,Female,1270,296,1219,2350
2423,REBEKAH GREER,4788,02:19:21,NZL,Runner 30-39 years,381,Female,1271,358,1192,2314
2424,DARRYN HARRIS,4775,02:19:50,NZL,Runner 40-49 years,266,Male,1153,259,1127,2335
2425,JODY MACDONALD,3019,02:20:43,NZL,Runner 30-39 years,382,Female,1272,371,1235,2371
2426,KIM WATSON,6140,02:29:06,NZL,Runner 30-39 years,383,Female,1273,441,1494,2707
2427,MICHAEL BENNETT,5602,02:24:10,NZL,Runner 20-29 years,331,Male,1154,342,1182,2530
2428,LI LIU,6756,02:28:37,CHN,Runner 20-29 years,424,Female,1274,492,1482,2692
2429,SHAOGANG WU,6914,02:28:38,CHN,Runner 20-29 years,332,Male,1155,348,1212,2695
2430,ANDREA READ,7546,02:24:25,NZL,Runner 40-49 years,319,Female,1275,345,1357,2539
2431,JOANN NESBITT,4059,02:15:36,NZL,Runner 20-29 years,425,Female,1276,360,1058,2131
2432,NICOLA SMITH,4682,02:28:03,NZL,Runner 30-39 years,384,Female,1277,432,1468,2675
2433,KAREN DIXON,7062,02:24:44,AUS,Runner 30-39 years,385,Female,1278,402,1364,2547
2434,TONI BETHWAITE,8206,02:24:13,,Runner 20-29 years,426,Female,1279,449,1349,2531
2435,CHEREE TAYLOR,5919,02:24:13,,Runner 30-39 years,386,Female,1280,399,1350,2532
2436,LYNETTE ONG,6384,02:28:08,,Runner 50-59 years,108,Female,1281,133,1470,2677
2437,THOMAS MARTIN,7888,02:28:37,NZL,Runner 20-29 years,333,Male,1156,347,1211,2694
2438,LINDEN BRACKSTONE,6109,02:20:26,NZL,Runner 20-29 years,334,Male,1157,328,1136,2361
2439,ANNELISE BOTHA,4678,02:24:40,,Runner 30-39 years,387,Female,1282,401,1362,2545
2440,MEGAN THOMSON,4176,02:25:08,NZL,Runner 30-39 years,388,Female,1283,404,1373,2557
2441,ALLAN BECK,4435,02:25:06,NZL,Runner 40-49 years,267,Male,1158,271,1184,2556
2442,HEATHER MCGILL,7123,02:25:26,NZL,Runner 30-39 years,389,Female,1284,408,1383,2569
2443,ANNA MAXEY,5844,02:25:05,NZL,Runner 40-49 years,320,Female,1285,348,1372,2555
2444,KAZ MUDDELL,3628,02:19:54,AUS,Runner 50-59 years,109,Female,1286,100,1214,2341
2445,JOÙL GUILLOUX,6100,02:25:40,FRA,Runner 50-59 years,125,Male,1159,131,1190,2578
2446,DANIEL JOLLY,7092,02:15:58,GBR,Runner 20-29 years,335,Male,1160,315,1082,2155
2447,DANIEL DALTON,7722,02:21:16,NZL,Runner 30-39 years,363,Male,1161,357,1145,2395
2448,SARAH JAGGS,3855,02:25:11,NZL,Runner 30-39 years,390,Female,1287,405,1376,2560
2449,JULIET SPAGNOLO,6318,02:24:49,AUS,Runner 50-59 years,110,Female,1288,121,1366,2549
2450,SAMUEL BORG,3533,02:29:09,AUS,Runner 20-29 years,336,Male,1162,349,1214,2709
2451,LI ZHANG,7485,02:16:46,CHN,Walker 20-29 years,1,Male,1163,1,1092,2189
2452,PETER BEZANILLA,7897,02:15:39,CHL,Runner 20-29 years,337,Male,1164,314,1077,2136
2453,VIV GRAY,4244,02:24:53,NZL,Runner 50-59 years,111,Female,1289,122,1368,2551
2454,NIKAYLA TAWHITI,5678,02:25:19,NZL,Runner 30-39 years,391,Female,1290,406,1378,2563
2455,SHELLEY DUNPHY,6596,02:28:39,NZL,Runner 30-39 years,392,Female,1291,438,1484,2696
2456,KATE WHOLOHAN,3867,02:25:47,AUS,Runner 30-39 years,393,Female,1292,412,1394,2584
2457,DIANA SELBIE,4671,02:25:34,NZL,Runner 30-39 years,394,Female,1293,409,1388,2576
2458,MICHELLE DIXON,5192,02:16:21,NZL,Runner 30-39 years,395,Female,1294,340,1091,2177
2459,HAYLEY ANDERSON,7892,02:21:25,NZL,Runner 50-59 years,112,Female,1295,106,1254,2404
2460,BETH JAGUSCH,7111,02:15:48,NZL,Runner 20-29 years,427,Female,1296,364,1071,2150
2461,KATIE BROWNLESS,4381,02:16:12,GBR,Runner 30-39 years,396,Female,1297,338,1085,2171
2462,KATHRYN REDPATH,7165,02:29:31,NZL,Runner 20-29 years,428,Female,1298,498,1505,2723
2463,ANNA DRINKWATER,3041,02:16:19,NZL,Runner 40-49 years,321,Female,1299,260,1087,2173
2464,ADELAIDE HEALEY,5521,02:29:16,NZL,Runner 40-49 years,322,Female,1300,374,1497,2711
2465,HARRIETTE CULLING,5181,02:28:46,NZL,Runner 20-29 years,429,Female,1301,494,1486,2698
2466,MICHELLE GOLDSTONE,5878,02:16:51,AUS,Runner 40-49 years,323,Female,1302,263,1102,2194
2467,CARINA FRASER,6940,02:16:52,AUS,Runner 50-59 years,113,Female,1303,87,1104,2196
2468,LORRAINE HEGGIE,7051,02:25:31,GBR,Runner 20-29 years,430,Female,1304,458,1387,2574
2469,KIRSTINA MOORE,5679,02:15:45,NZL,Runner 40-49 years,324,Female,1305,255,1067,2145
2470,LORRAINE MC DERMOTT,5657,02:17:09,,Runner 20-29 years,431,Female,1306,379,1117,2211
2471,SEAN BAGNALL,5728,02:17:10,,Runner 20-29 years,338,Male,1165,319,1095,2212
2472,MICHAEL SAVAGE,5402,02:26:05,NZL,Runner 40-49 years,268,Male,1166,276,1193,2590
2473,ALEXANDRA HOPKIRK,3523,02:16:08,NZL,Runner 20-29 years,432,Female,1307,367,1081,2166
2474,MEL CLARK,6872,02:29:03,AUS,Runner 30-39 years,397,Female,1308,439,1492,2705
2475,MEGAN ROOTS,4916,02:25:24,AUS,Runner 40-49 years,325,Female,1309,350,1382,2567
2476,JING QU,6827,02:30:12,CHN,Runner 40-49 years,326,Female,1310,379,1522,2746
2477,TINA MCCORMACK,4501,02:25:27,NZL,Runner 40-49 years,327,Female,1311,351,1384,2570
2478,KHARMA MAINS,3324,02:16:13,NZL,Runner 20-29 years,433,Female,1312,369,1086,2172
2479,ANNALISE OLSEN,7776,02:29:29,NZL,Runner 30-39 years,398,Female,1313,443,1503,2721
2480,PIP MATHIS,7779,02:30:06,NZL,Runner 40-49 years,328,Female,1314,378,1521,2745
2481,VALERIE BOWDEN,4661,02:25:17,NZL,Runner 50-59 years,114,Female,1315,123,1377,2562
2482,RACHAEL WONG,7273,02:15:25,NZL,Runner 30-39 years,399,Female,1316,325,1054,2126
2483,BEN BREADING,7900,02:29:45,NZL,Runner 20-29 years,339,Male,1167,350,1219,2730
2484,JESSICA KELLEHER,6396,02:29:45,NZL,Runner 30-39 years,400,Female,1317,448,1511,2729
2485,JENNA STONE,4864,02:32:06,NZL,Runner 30-39 years,401,Female,1318,461,1560,2802
2486,SOFIA REID,7371,02:16:00,NZL,Runner 20-29 years,434,Female,1319,365,1075,2157
2487,TERRENCE REID,7372,02:16:00,NZL,Runner 20-29 years,340,Male,1168,316,1083,2158
2488,MAY DOWNING,3991,02:26:27,NZL,Runner 30-39 years,402,Female,1320,417,1409,2603
2489,CHRISTIANA BARKER,5680,02:20:41,NZL,Runner 30-39 years,403,Female,1321,370,1233,2369
2490,LUCY ANDERSON,8077,02:15:37,NZL,Runner 20-29 years,435,Female,1322,361,1059,2133
2491,MIKI YAMAGATA,4164,02:29:20,JPN,Runner 40-49 years,329,Female,1323,375,1499,2716
2492,BEVAN CHO,7449,02:21:53,NZL,Runner 40-49 years,269,Male,1169,263,1157,2429
2493,BRAD SAXTON,3389,02:25:30,NZL,Runner 40-49 years,270,Male,1170,273,1187,2573
2494,SHELLEY MOORE,5159,02:21:03,NZL,Runner 40-49 years,330,Female,1324,306,1246,2388
2495,ANNA DOWLING,5847,02:17:04,NZL,Runner 40-49 years,331,Female,1325,270,1114,2206
2496,ROSA PATTERSON,5572,02:17:01,NZL,Runner 20-29 years,436,Female,1326,376,1112,2204
2497,KELLY TRAVERS,4337,02:17:37,NZL,Runner 20-29 years,437,Female,1327,385,1129,2230
2498,CHRIS LUCKMAN,7292,02:17:22,AUS,Runner 60-69 years,42,Male,1171,39,1097,2221
2499,JO STOKKER,6652,02:22:02,NZL,Runner 50-59 years,115,Female,1328,110,1281,2439
2500,NICOLA OUSBY,4107,02:16:49,AUS,Runner 30-39 years,404,Female,1329,343,1101,2193
2501,MARY MITCHELL,6046,02:20:59,NZL,Runner 30-39 years,405,Female,1330,374,1244,2384
2502,GLEN COOKE,7436,02:25:52,NZL,Runner 40-49 years,271,Male,1172,274,1191,2586
2503,JULIE HODGSON,3671,02:21:23,GBR,Runner 60-69 years,17,Female,1331,15,1252,2402
2504,SVAVA KRISTINSDOTTIR,7105,02:22:05,NZL,Runner 40-49 years,332,Female,1332,317,1284,2443
2505,MEGHAN BLAIR,5778,02:22:19,NZL,Runner 30-39 years,406,Female,1333,387,1293,2454
2506,JULIE COOKE,4116,02:26:00,GBR,Runner 40-49 years,333,Female,1334,352,1396,2588
2507,THERESE OLSSON,5413,02:21:29,AUS,Runner 30-39 years,407,Female,1335,377,1256,2407
2508,KATHRYN ANDERSON,5301,02:26:48,NZL,Runner 30-39 years,408,Female,1336,422,1424,2620
2509,DAN MACFARLANE,3959,02:16:40,NZL,Runner 20-29 years,341,Male,1173,318,1090,2187
2510,DANIELLE O'BRIEN,4148,02:17:17,NZL,Runner 20-29 years,438,Female,1337,381,1122,2217
2511,BRITTANY GRAHAM,7305,02:26:59,NZL,Runner 20-29 years,439,Female,1338,474,1427,2625
2512,BRENDA THOMPSON,5466,02:17:07,NZL,Runner 40-49 years,334,Female,1339,271,1115,2207
2513,CHUNMING CHEUNG,6798,02:21:18,HKG,Runner 20-29 years,342,Male,1174,331,1146,2396
2514,PENG XIAO,6799,02:21:18,CHN,Runner 20-29 years,343,Male,1175,333,1148,2398
2515,RICK WILLIAMSON,4540,02:17:55,NZL,Runner 50-59 years,126,Male,1176,120,1107,2248
2516,LUKE DENNINGTON,7310,02:21:53,GBR,Runner 20-29 years,344,Male,1177,337,1158,2430
2517,TOBY SHARPE,4533,02:22:09,NZL,Runner 40-49 years,272,Male,1178,264,1161,2447
2518,HAYLEY METCALF,7281,02:26:33,GBR,Runner 20-29 years,440,Female,1340,468,1416,2611
2519,JESS NOONE,4786,02:22:52,NZL,Runner 20-29 years,441,Female,1341,437,1315,2483
2520,CORA EZEQUIELIAN,7007,02:18:11,ARG,Runner 20-29 years,442,Female,1342,399,1151,2263
2521,SARAH CROFTS,5433,02:27:01,NZL,Runner 40-49 years,335,Female,1343,358,1429,2627
2522,KERRI MORGAN,3434,02:26:22,NZL,Runner 30-39 years,409,Female,1344,415,1403,2597
2523,ERICA NASH,7981,02:26:42,NZL,Runner 30-39 years,410,Female,1345,421,1418,2614
2524,ROBIN CLARKSON,4333,02:30:39,NZL,Runner 40-49 years,336,Female,1346,382,1534,2762
2525,EMMA HAIG,4415,02:22:37,NZL,Runner 40-49 years,337,Female,1347,324,1302,2468
2526,JANINE COPELAND,6671,02:18:14,NZL,Runner 50-59 years,116,Female,1348,89,1153,2268
2527,RACHEL PUZEY,3452,02:30:16,AUS,Runner 40-49 years,338,Female,1349,381,1527,2752
2528,DARRYL PUZEY,3453,02:30:17,AUS,Runner 50-59 years,127,Male,1179,138,1226,2753
2529,LAURA MCKENZIE,7236,02:16:58,NZL,Runner 20-29 years,443,Female,1350,375,1111,2203
2530,ROBYN KOUW,3944,02:22:47,AUS,Runner 50-59 years,117,Female,1351,114,1312,2480
2531,SARAH KOUW,3945,02:22:47,AUS,Runner 30-39 years,411,Female,1352,393,1313,2481
2532,ANNABEL LUSH,7296,02:30:20,NZL,Runner 50-59 years,118,Female,1353,140,1529,2755
2533,ANNA COOPER,3635,02:22:03,GBR,Runner 30-39 years,412,Female,1354,384,1282,2441
2534,LEISA LEE,6102,02:18:18,NZL,Runner 30-39 years,413,Female,1355,349,1154,2269
2535,ALEISHA PARSONS,3531,02:26:33,AUS,Runner 30-39 years,414,Female,1356,420,1415,2610
2536,TESSA SPROSEN,3105,02:31:30,NZL,Runner 20-29 years,444,Female,1357,510,1550,2789
2537,ROB HENNIN,6410,02:22:33,NZL,Runner 50-59 years,128,Male,1180,127,1165,2464
2538,AMY HEINRICH,5781,02:17:08,NZL,Runner 20-29 years,445,Female,1358,378,1116,2209
2539,BRIAN RIKI,7248,02:14:47,NZL,Runner 50-59 years,129,Male,1181,115,1064,2094
2540,REBECCA ELGAR,5859,02:31:17,NZL,Runner 30-39 years,415,Female,1359,456,1547,2783
2541,FIONA BALDWIN,3311,02:26:46,NZL,Runner 40-49 years,339,Female,1360,357,1421,2617
2542,SEAN HARVEY,6573,02:30:41,NZL,Runner 30-39 years,364,Male,1182,372,1229,2765
2543,KATHLEEN FAFEITA,3714,02:18:26,USA,Runner 30-39 years,416,Female,1361,351,1160,2275
2544,CHARLOTTE IBBOTSON,6739,02:17:49,NZL,Runner 20-29 years,446,Female,1362,388,1138,2243
2545,RACHAEL WALSH,6482,02:18:03,GBR,Runner 20-29 years,447,Female,1363,394,1145,2254
2546,JOANNA NORRIS,4036,02:27:30,NZL,Runner 40-49 years,340,Female,1364,362,1446,2646
2547,LEANNE MURPHY,4485,02:27:12,AUS,Runner 40-49 years,341,Female,1365,359,1432,2632
2548,KAREN OKEEFFE,6597,02:27:45,AUS,Runner 40-49 years,342,Female,1366,365,1451,2655
2549,OLIVIA SANDELIN,7556,02:22:25,NZL,Walker 20-29 years,2,Female,1367,2,1296,2460
2550,JOSHUA MULVIHILL,8096,02:18:11,GBR,Runner 20-29 years,345,Male,1183,323,1113,2265
2551,MONICA DE MAGALHAES,5591,02:30:51,NZL,Runner 40-49 years,343,Female,1368,383,1540,2771
2552,LUCY DICKIE,5325,02:23:28,NZL,Runner 20-29 years,448,Female,1369,443,1336,2509
2553,JENNIE MORGAN,7078,02:18:35,NZL,Runner 50-59 years,119,Female,1370,92,1168,2284
2554,INDIA ALEXANDER,6505,02:18:31,NZL,Runner 20-29 years,449,Female,1371,403,1165,2281
2555,PEI HUA YU,6127,02:27:54,,Runner 20-29 years,450,Female,1372,488,1462,2669
2556,SHANNON WALSH,3704,02:18:01,NZL,Runner 40-49 years,273,Male,1184,253,1109,2253
2557,PETER CURRIE,3545,02:27:50,NZL,Runner 40-49 years,274,Male,1185,282,1207,2668
2558,ANNA RUSSELL,6604,02:19:00,NZL,Runner 40-49 years,344,Female,1373,283,1179,2300
2559,LAUREN SMITH,4005,02:28:01,GBR,Runner 20-29 years,451,Female,1374,489,1466,2673
2560,DIANE COCHRANE,3575,02:22:43,NZL,Runner 50-59 years,120,Female,1375,113,1308,2476
2561,ELIZABETH GRANT,4824,02:31:46,NZL,Runner 20-29 years,452,Female,1376,513,1555,2796
2562,JULIE DE GROOT,5020,02:31:49,NZL,Runner 50-59 years,121,Female,1377,144,1556,2797
2563,JAYA BHANA,7410,02:17:50,NZL,Runner 20-29 years,453,Female,1378,389,1139,2244
2564,ANNA DOWNIE,6650,02:27:28,AUS,Runner 30-39 years,417,Female,1379,426,1445,2645
2565,RUTH NEWSOME-WHITE,5117,02:19:11,NZL,Runner 50-59 years,122,Female,1380,95,1189,2311
2566,GARY WHIBLEY,7363,02:28:09,NZL,Runner 60-69 years,43,Male,1186,47,1208,2678
2567,RHONDA BRAGG,6362,02:17:44,NZL,Runner 40-49 years,345,Female,1381,278,1136,2240
2568,GLENYS TRAVERS,4342,02:19:20,NZL,Runner 50-59 years,123,Female,1382,96,1191,2313
2569,JANINE MORRIS,5152,02:23:20,NZL,Runner 40-49 years,346,Female,1383,337,1333,2506
2570,CHRISTINE WILLIMENT,4993,02:22:45,NZL,Runner 40-49 years,347,Female,1384,326,1309,2477
2571,DIENEKE ERRAZO,3850,02:33:30,NZL,Runner 30-39 years,418,Female,1385,469,1593,2846
2572,RICHARD PARKER,3180,02:28:11,NZL,Runner 40-49 years,275,Male,1187,283,1209,2681
2573,PRINITA SMYTH,7014,02:23:37,NZL,Runner 20-29 years,454,Female,1386,444,1340,2514
2574,EMLYN MOORE,3908,02:24:24,NZL,Runner 40-49 years,348,Female,1387,344,1356,2538
2575,FIONA EMSLIE,7194,02:18:08,GBR,Runner 20-29 years,455,Female,1388,396,1148,2259
2576,JENNIFER ALKER,6222,02:19:39,AUS,Runner 40-49 years,349,Female,1389,290,1200,2326
2577,TAMERA JONES,4279,02:24:23,AUS,Runner 50-59 years,124,Female,1390,119,1355,2537
2578,BRIDGET PADDON,8125,02:18:11,NZL,Runner 20-29 years,456,Female,1391,400,1152,2264
2579,SARAH LINDLEY,7181,02:18:11,NZL,Runner 20-29 years,457,Female,1392,398,1150,2262
2580,JENNIFER PRESTON,3784,02:18:35,NZL,Runner 30-39 years,419,Female,1393,355,1169,2285
2581,THERESA MARKHAM,5405,02:28:11,NZL,Runner 50-59 years,125,Female,1394,134,1472,2680
2582,NANCY SU,6481,02:32:26,CHN,Runner 30-39 years,420,Female,1395,464,1567,2812
2583,ROBYN BELL,7144,02:32:07,AUS,Runner 60-69 years,18,Female,1396,21,1562,2804
2584,XINYUE GUO,5750,02:28:40,CHN,Runner 20-29 years,458,Female,1397,493,1485,2697
2585,KATHRYN DALEY,6871,02:20:00,GBR,Runner 50-59 years,126,Female,1398,101,1216,2345
2586,KIM MAHONEY,3648,02:28:57,AUS,Runner 50-59 years,127,Female,1399,137,1490,2702
2587,BLAIR ALLEN,5595,02:19:24,NZL,Runner 30-39 years,365,Male,1188,352,1123,2317
2588,DEMI MITCHELL,6498,02:19:02,NZL,Runner 20-29 years,459,Female,1400,409,1183,2305
2589,ALEXANDRA GRELLET,6059,02:25:09,FRA,Runner 20-29 years,460,Female,1401,454,1374,2558
2590,MURRAY STUART,6235,02:20:22,NZL,Runner 60-69 years,44,Male,1189,42,1135,2359
2591,ANDY CROZIER,7858,02:23:56,NZL,Runner 40-49 years,276,Male,1190,269,1175,2518
2592,SCOTT BORREN,5468,02:25:14,NZL,Runner 20-29 years,346,Male,1191,343,1185,2561
2593,ROSEMAY FOOT,5911,02:28:56,NZL,Runner 60-69 years,19,Female,1402,19,1489,2701
2594,LAURA SAVILLE,5260,02:33:21,NZL,Runner 20-29 years,461,Female,1403,523,1586,2839
2595,BAILEY SAVILLE,5261,02:33:22,NZL,Runner 20-29 years,462,Female,1404,524,1587,2840
2596,HANNAH COOPER,3272,02:29:29,AUS,Runner 30-39 years,421,Female,1405,444,1504,2722
2597,ROB PRITCHARD,4959,02:33:13,NZL,Runner 50-59 years,130,Male,1192,144,1253,2836
2598,JENNIE HENTON,6037,02:32:43,NZL,Runner 60-69 years,20,Female,1406,22,1573,2819
2599,MARILYN JOYCE,5585,02:32:44,NZL,Runner 60-69 years,21,Female,1407,23,1574,2820
2600,MARINA MATAYOSHI,6839,02:29:44,JPN,Runner 20-29 years,463,Female,1408,499,1510,2728
2601,ALICIA HAWTHORNE,6727,02:29:15,NZL,Runner 30-39 years,422,Female,1409,442,1496,2710
2602,DIANA DECKERT,7921,02:19:33,,Runner 40-49 years,350,Female,1410,289,1199,2322
2603,CLEMENS HACKER,7941,02:19:33,,Runner 40-49 years,277,Male,1193,257,1124,2323
2604,CHELSEA COSGROVE,6625,02:29:27,NZL,Runner 16-19 years,26,Female,1411,28,1502,2720
2605,ERIN BATCHELOR,5281,02:29:57,NZL,Runner 20-29 years,464,Female,1412,501,1518,2740
2606,PAIGE ALLAN,4438,02:29:57,NZL,Runner 20-29 years,465,Female,1413,500,1517,2739
2607,NARELLE JANJIS,3857,02:24:20,AUS,Runner 40-49 years,351,Female,1414,343,1353,2535
2608,MABLE LAM,6890,02:19:49,CHN,Runner 30-39 years,423,Female,1415,363,1206,2332
2609,CAROLINE HALL,3222,02:33:07,NZL,Runner 40-49 years,352,Female,1416,391,1581,2830
2610,COURTENAY TENNENT,5529,02:20:58,NZL,Runner 20-29 years,466,Female,1417,423,1243,2383
2611,GRANT FINDLATER,6553,02:19:37,NZL,Runner 40-49 years,278,Male,1194,258,1126,2325
2612,SAMANTHA BOLTON,4250,02:20:25,AUS,Runner 30-39 years,424,Female,1418,367,1225,2360
2613,JUDY ROSS,5235,02:24:34,NZL,Runner 40-49 years,353,Female,1419,346,1361,2543
2614,LACHLAN EVANS,8120,02:20:18,AUS,Walker 30-39 years,1,Male,1195,1,1133,2356
2615,IAN ARMSTRONG,3267,02:29:46,NZL,Runner 60-69 years,45,Male,1196,50,1221,2732
2616,ANNA SHEALY,8171,02:20:09,,Runner 20-29 years,467,Female,1420,419,1220,2352
2617,COLIN PRICE,3062,02:30:02,NZL,Runner 50-59 years,131,Male,1197,137,1224,2744
2618,JACQUELINE LETFORD,4964,02:20:20,NZL,Runner 40-49 years,354,Female,1421,300,1224,2358
2619,AMANDA COLLINS,5932,02:33:32,NZL,Runner 30-39 years,425,Female,1422,470,1594,2847
2620,KRISTIN NOLAN,7352,02:33:36,NZL,Runner 50-59 years,128,Female,1423,146,1596,2849
2621,ROB KOFOED,3741,02:21:15,NZL,Runner 50-59 years,132,Male,1198,125,1144,2393
2622,GERRY KOFOED,3740,02:21:15,NZL,Runner 50-59 years,129,Female,1424,104,1250,2394
2623,BRADLEY STUART,8013,02:21:26,NZL,Runner 20-29 years,347,Male,1199,334,1151,2405
2624,RACHEL SIM,5599,02:21:04,NZL,Runner 40-49 years,355,Female,1425,307,1247,2389
2625,VIVIENNE VINCENT,3315,02:33:37,NZL,Runner 50-59 years,130,Female,1426,147,1597,2850
2626,BRIAN HEGARTY,7585,02:29:46,NZL,Runner 50-59 years,133,Male,1200,135,1220,2731
2627,ROWENA SWIFT,4597,02:30:16,NZL,Runner 20-29 years,468,Female,1427,504,1526,2751
2628,JENNY TOWNSEND,4609,02:21:12,NZL,Runner 30-39 years,426,Female,1428,375,1248,2390
2629,MEGAN MORRISON,4894,02:30:39,NZL,Runner 20-29 years,469,Female,1429,507,1536,2764
2630,EDITH PAULSEN,7477,02:30:42,,Runner 30-39 years,427,Female,1430,454,1537,2766
2631,AMIE BINGHAM,3603,02:26:27,NZL,Runner 30-39 years,428,Female,1431,418,1410,2604
2632,AMANDA BARKER,7893,02:26:26,NZL,Runner 30-39 years,429,Female,1432,416,1407,2601
2633,LISA COTTINGHAM,4657,02:26:27,AUS,Runner 40-49 years,356,Female,1433,355,1408,2602
2634,CHANTELLE SUTHERLAND,5807,02:26:22,NZL,Runner 20-29 years,470,Female,1434,464,1404,2598
2635,MAYU SAKITA,5850,02:30:39,JPN,Runner 20-29 years,471,Female,1435,506,1533,2761
2636,KIRSTEN SINCLAIR,6423,02:26:09,AUS,Runner 40-49 years,357,Female,1436,353,1398,2591
2637,JULIANA OSORIO JARAMILLO,4280,02:25:01,NZL,Walker 30-39 years,1,Female,1437,1,1369,2552
2638,GRAHAM MORAN,3489,02:26:00,AUS,Runner 40-49 years,279,Male,1201,275,1192,2587
2639,GARY MARSHALL,7635,02:29:57,NZL,Runner 50-59 years,134,Male,1202,136,1222,2738
2640,HANNAH BOOTH,7102,02:21:52,NZL,Runner 30-39 years,430,Female,1438,380,1272,2428
2641,MELISSA ROBERTS,6686,02:26:19,NZL,Runner 30-39 years,431,Female,1439,414,1401,2595
2642,DEANNE BEDGGOOD,5323,02:20:29,NZL,Runner 40-49 years,358,Female,1440,301,1228,2364
2643,RICHARD JENKINS,7599,02:30:00,NZL,Runner 20-29 years,348,Male,1203,351,1223,2742
2644,LINDSEY RHODES,7861,02:26:09,NZL,Runner 50-59 years,131,Female,1441,126,1399,2592
2645,CINDY BORRIE,3905,02:26:36,NZL,Runner 40-49 years,359,Female,1442,356,1417,2612
2646,MIKE COLLINS,5760,02:30:15,NZL,Runner 40-49 years,280,Male,1204,284,1225,2750
2647,JOESPHINE MARTIN,3417,02:21:54,NZL,Runner 40-49 years,360,Female,1443,315,1274,2432
2648,REBECCA AGNEW,4942,02:20:28,NZL,Runner 30-39 years,432,Female,1444,368,1226,2362
2649,KATE MCKENZIE,5091,02:20:28,NZL,Runner 30-39 years,433,Female,1445,369,1227,2363
2650,YOLANDA JENNER,7356,02:25:22,NZL,Runner 50-59 years,132,Female,1446,124,1380,2565
2651,MATT TAYLOR,5320,02:30:37,NZL,Runner 40-49 years,281,Male,1205,285,1228,2760
2652,MARTYN CLEMENTE,7126,02:20:44,PHL,Runner 30-39 years,366,Male,1206,354,1137,2372
2653,DAVID HANDLEY,4932,02:30:58,AUS,Runner 60-69 years,46,Male,1207,51,1235,2775
2654,ANNA OBERNDORFER,6204,02:34:29,NZL,Runner 40-49 years,361,Female,1447,396,1608,2865
2655,DANIEL RYAN,6899,02:26:41,GBR,Runner 40-49 years,282,Male,1208,278,1196,2613
2656,OLIVIA THOMSON,5133,02:30:59,NZL,Walker 20-29 years,3,Female,1448,3,1541,2776
2657,DANIELLE WILLIAMSON,7088,02:21:54,NZL,Runner 40-49 years,362,Female,1449,314,1273,2431
2658,MICHAELA DIMOND,5974,02:26:42,NZL,Runner 20-29 years,472,Female,1450,469,1419,2615
2659,FAN ZHOU,7565,02:30:33,NZL,Walker 50-59 years,1,Female,1451,1,1532,2759
2660,ASHLEIGH EDDINGTON,3530,02:22:41,NZL,Runner 20-29 years,473,Female,1452,436,1306,2473
2661,MELANIE DUGGAN,7020,02:31:16,NZL,Runner 20-29 years,474,Female,1453,508,1546,2782
2662,ANNA MARSHALL,3397,02:21:34,NZL,Runner 40-49 years,363,Female,1454,309,1260,2412
2663,PENNY BARCLAY,3448,02:27:21,AUS,Runner 30-39 years,434,Female,1455,424,1439,2639
2664,JENNIFER BORG,3527,02:35:04,AUS,Runner 50-59 years,133,Female,1456,150,1625,2884
2665,JAHCINTA BORG,3534,02:35:03,AUS,Runner 20-29 years,475,Female,1457,536,1623,2882
2666,CARLY BAIRSTOW,5970,02:31:07,AUS,Runner 30-39 years,435,Female,1458,455,1545,2780
2667,JIM NICOL,4327,02:31:39,NZL,Runner 50-59 years,135,Male,1209,139,1240,2793
2668,EZRA BATY,7048,02:31:28,NZL,Runner 20-29 years,349,Male,1210,355,1239,2788
2669,WALDHIEM RODRIGUES,5610,02:21:33,NZL,Runner 20-29 years,350,Male,1211,335,1152,2411
2670,SAMMY ROSS,5961,02:26:46,NZL,Runner 20-29 years,476,Female,1459,470,1420,2616
2671,DANE CALLAGHAN,7117,02:31:40,AUS,Runner 20-29 years,351,Male,1212,356,1241,2794
2672,EMMA BAKER,4762,02:21:58,GBR,Runner 20-29 years,477,Female,1460,431,1278,2436
2673,SALLY BOYCE,6152,02:35:48,NZL,Runner 50-59 years,134,Female,1461,151,1642,2906
2674,JO DOUGHTY-ROBERTS,5282,02:35:20,NZL,Runner 40-49 years,364,Female,1462,403,1630,2891
2675,TRACEY WALLIS,3427,02:35:26,NZL,Runner 40-49 years,365,Female,1463,405,1634,2895
2676,JACINTA FRASER,5737,02:27:16,NZL,Runner 20-29 years,478,Female,1464,477,1433,2633
2677,JUDI WAHAPA,5802,02:23:01,NZL,Runner 40-49 years,366,Female,1465,331,1322,2493
2678,JOHN MOORE,5022,02:31:21,NZL,Runner 40-49 years,283,Male,1213,287,1238,2787
2679,SAMANTHA RICHARDS,4487,02:27:37,NZL,Runner 20-29 years,479,Female,1466,481,1447,2649
2680,CHRISTOPHER RICHARDS,4488,02:27:38,NZL,Runner 60-69 years,47,Male,1214,46,1203,2650
2681,JO BUCKENHAM,4587,02:31:21,NZL,Runner 30-39 years,367,Male,1215,376,1237,2786
2682,CHLOE MCKENZIE,5070,02:26:32,NZL,Runner 20-29 years,480,Female,1467,467,1414,2608
2683,ALEXANDER WADDELL,8201,02:23:06,NZL,Runner 30-39 years,368,Male,1216,365,1172,2495
2684,ALICIA SLEE,6273,02:35:00,NZL,Runner 20-29 years,481,Female,1468,535,1620,2879
2685,JOANNE REID,5177,02:21:43,GBR,Runner 20-29 years,482,Female,1469,428,1262,2415
2686,TARA ROOPRA,6853,02:31:35,NZL,Runner 20-29 years,483,Female,1470,512,1553,2792
2687,TONI WILLIAMS,5154,02:22:00,NZL,Runner 30-39 years,436,Female,1471,382,1279,2437
2688,AROHA SOLOMON,4293,02:31:32,NZL,Runner 30-39 years,437,Female,1472,458,1552,2791
2689,JASON HOLLAND,6398,02:26:32,NZL,Runner 40-49 years,284,Male,1217,277,1195,2609
2690,KAMLESH PRADHAN,5455,02:35:27,IND,Runner 30-39 years,369,Male,1218,385,1263,2897
2691,SHEY POPE-MAYELL,4573,02:36:16,NZL,Runner 20-29 years,352,Male,1219,360,1267,2916
2692,WAYNE SHAW,5488,02:27:43,NZL,Runner 50-59 years,136,Male,1220,132,1204,2654
2693,KARLIE WENTFORD,5592,02:35:09,NZL,Runner 30-39 years,438,Female,1473,478,1628,2887
2694,WENDY MCINTYRE MACDONALD,4981,02:31:18,NZL,Runner 30-39 years,439,Female,1474,457,1548,2784
2695,KIRSTEN STUART,5071,02:26:47,NZL,Runner 20-29 years,484,Female,1475,471,1423,2619
2696,KELLY SCAMMELL,6815,02:21:47,NZL,Runner 20-29 years,485,Female,1476,430,1265,2419
2697,LUPE TAUMOEPEAU,4829,02:27:23,NZL,Runner 30-39 years,440,Female,1477,425,1442,2642
2698,MANDY BLACKHALL,6326,02:22:23,AUS,Runner 50-59 years,135,Female,1478,112,1295,2458
2699,MARGARET WALLER,6531,02:21:48,NZL,Runner 50-59 years,136,Female,1479,108,1267,2421
2700,KEVIN BLACKHALL,6322,02:22:23,AUS,Runner 50-59 years,137,Male,1221,126,1164,2459
2701,LU EE LEE,7424,02:26:50,,Runner 20-29 years,486,Female,1480,472,1425,2622
2702,REBECCA MADGE,4550,02:32:16,GBR,Runner 30-39 years,441,Female,1481,463,1564,2806
2703,RACHEL PRINCE,3616,02:21:49,NZL,Runner 40-49 years,367,Female,1482,310,1268,2422
2704,VIV WOTTON,5579,02:22:34,NZL,Runner 40-49 years,368,Female,1483,323,1300,2465
2705,MICHELLE GUILD,3617,02:21:49,NZL,Runner 40-49 years,369,Female,1484,311,1269,2423
2706,ANNA-LOUISE MOULE,7866,02:23:18,AUS,Runner 20-29 years,487,Female,1485,442,1331,2504
2707,SARA HEMMING,3487,02:27:17,NZL,Runner 40-49 years,370,Female,1486,360,1434,2634
2708,CATEN ARCE,8099,02:22:54,USA,Runner 20-29 years,488,Female,1487,438,1316,2486
2709,NICOLA WILLIAMS,7878,02:26:56,NZL,Runner 20-29 years,489,Female,1488,473,1426,2624
2710,OLIVIA WILLEMS,3906,02:21:45,NZL,Runner 16-19 years,27,Female,1489,25,1264,2418
2711,JAKE MILLAR,4146,02:35:28,NZL,Runner 20-29 years,353,Male,1222,359,1264,2898
2712,CHARLOTTE KERR,5730,02:27:49,NZL,Runner 20-29 years,490,Female,1490,487,1461,2666
2713,JACKIE DAVIDSON,7784,02:22:10,GBR,Runner 40-49 years,371,Female,1491,319,1287,2448
2714,PHERAPHONG KITIPHUNWONGWANIT,7767,02:27:49,NZL,Runner 20-29 years,354,Male,1223,346,1206,2667
2715,KATY MACPHERSON,7413,02:28:15,NZL,Runner 50-59 years,137,Female,1492,135,1473,2682
2716,MELISSA DEVANE,7922,02:23:17,NZL,Runner 40-49 years,372,Female,1493,335,1330,2503
2717,AMY WALESBY,4223,02:23:17,NZL,Runner 40-49 years,373,Female,1494,334,1329,2502
2718,JEFFREY BROUGHTON,5129,02:22:53,NZL,Runner 30-39 years,370,Male,1224,363,1170,2485
2719,ANNA BIGENI,6516,02:27:08,NZL,Runner 20-29 years,491,Female,1495,476,1431,2631
2720,MEG PATERSON,5554,02:28:17,NZL,Runner 20-29 years,492,Female,1496,490,1476,2685
2721,KEVIN HUNT,4242,02:32:22,NZL,Runner 50-59 years,138,Male,1225,140,1245,2810
2722,MEREDITH SULLIVAN,3328,02:32:56,AUS,Walker 50-59 years,2,Female,1497,2,1577,2826
2723,CHRISTINA FELTHAM,5626,02:23:59,GBR,Runner 30-39 years,442,Female,1498,398,1346,2523
2724,GLENNA PATERSON-CHAMBERLAIN,3223,02:22:37,NZL,Runner 30-39 years,443,Female,1499,389,1301,2467
2725,RACHEL NORTH,4823,02:32:06,NZL,Runner 20-29 years,493,Female,1500,515,1559,2801
2726,TETSUYA ONO,7882,02:28:35,,Runner 50-59 years,139,Male,1226,133,1210,2691
2727,KAYOKO NISHIMURA,5352,02:28:35,JPN,Runner 40-49 years,374,Female,1501,371,1481,2690
2728,SHANNON DOBSON,5279,02:32:50,NZL,Runner 30-39 years,444,Female,1502,465,1576,2824
2729,MAIRI SIM,6387,02:23:10,GBR,Runner 20-29 years,494,Female,1503,440,1326,2498
2730,SONIA PRINCE,7498,02:22:38,NZL,Runner 40-49 years,375,Female,1504,325,1303,2469
2731,DAVID CLARK,7916,02:24:03,NZL,Runner 50-59 years,140,Male,1227,129,1178,2525
2732,LYDIA ESVELD,6178,02:27:23,NZL,Runner 20-29 years,495,Female,1505,479,1441,2641
2733,VANESSA LEOTA,7004,02:32:59,NZL,Runner 30-39 years,445,Female,1506,466,1578,2827
2734,LIZ OLIVER,5705,02:36:18,NZL,Runner 50-59 years,138,Female,1507,152,1650,2917
2735,JUSTINE HOLLAND,4140,02:27:41,NZL,Runner 40-49 years,376,Female,1508,364,1449,2652
2736,WAYNE MANSELL,7839,02:28:57,NZL,Runner 60-69 years,48,Male,1228,48,1213,2703
2737,JULIE BLENKINSOP,4252,02:29:01,GBR,Runner 40-49 years,377,Female,1509,373,1491,2704
2738,TARA SUTHERLAND,6378,02:24:22,CAN,Runner 30-39 years,446,Female,1510,400,1354,2536
2739,TIM LOWE,9516,02:36:26,NZL,Runner 30-39 years,371,Male,1229,387,1269,2923
2740,JENNY VAN DER HAAR,4292,02:23:27,AUS,Runner 40-49 years,378,Female,1511,338,1334,2507
2741,SOPHIE BATY,5584,02:33:17,NZL,Runner 30-39 years,447,Female,1512,468,1585,2838
2742,ELSA ANDRES,5664,02:37:05,,Runner 50-59 years,139,Female,1513,156,1668,2943
2743,ALEX REID,4312,02:33:10,NZL,Runner 20-29 years,496,Female,1514,522,1582,2834
2744,EVA REID,4311,02:33:10,NZL,Runner 16-19 years,28,Female,1515,30,1583,2835
2745,KAREN ATTENBOROUGH,5601,02:32:38,NZL,Runner 40-49 years,379,Female,1516,389,1571,2817
2746,STEVE YOUNG,8073,02:36:31,NZL,Runner 40-49 years,285,Male,1230,294,1273,2932
2747,LUCINDA MENDONCA,3863,02:36:31,NZL,Runner 50-59 years,140,Female,1517,153,1659,2931
2748,RACHEL GARLAND,3500,02:36:41,AUS,Runner 40-49 years,380,Female,1518,417,1661,2934
2749,KATRINA WITHELL,5685,02:24:15,NZL,Runner 50-59 years,141,Female,1519,117,1351,2533
2750,AURORA ANALI PERALTA GALVEZ,6434,02:29:05,MEX,Runner 30-39 years,448,Female,1520,440,1493,2706
2751,ASHLEY EDWARD NORTON-TAYLOR,4898,02:32:53,NZL,Runner 50-59 years,141,Male,1231,142,1249,2825
2752,CRAIG BUESNEL,4743,02:37:11,AUS,Runner 40-49 years,286,Male,1232,295,1276,2948
2753,LAURA NICOL,4952,02:33:24,GBR,Runner 20-29 years,497,Female,1521,526,1590,2843
2754,DANIELLE COUGHLAN,3625,02:33:24,,Runner 20-29 years,498,Female,1522,525,1589,2842
2755,MICHAEL TAYLOR,3818,02:33:07,NZL,Runner 30-39 years,372,Male,1233,380,1251,2832
2756,AMY DRAKE,5538,02:29:51,NZL,Runner 30-39 years,449,Female,1523,451,1516,2737
2757,MAGGIE RYAN,7729,02:23:57,,Runner 20-29 years,499,Female,1524,447,1345,2521
2758,KATERINA KRECMEROVA,6276,02:21:35,CZE,Runner 30-39 years,450,Female,1525,378,1261,2414
2759,JAROSLAV JELINEK,7245,02:21:34,CZE,Runner 30-39 years,373,Male,1234,359,1153,2413
2760,VANESSA WHITTAKER,4895,02:29:18,NZL,Runner 50-59 years,142,Female,1526,138,1498,2714
2761,LEESA HAMILTON,5787,02:23:54,NZL,Runner 20-29 years,500,Female,1527,446,1343,2517
2762,FRANZISKA MACIEJ,7741,02:24:41,,Runner 20-29 years,501,Female,1528,452,1363,2546
2763,JAYLENE HODGSON,7186,02:33:53,NZL,Runner 20-29 years,502,Female,1529,529,1602,2856
2764,SAMUEL JORGE NETO,7228,02:38:15,BRA,Runner 50-59 years,142,Male,1235,149,1281,2976
2765,NICOLE ZHANG,7208,02:34:22,CHN,Runner 30-39 years,451,Female,1530,472,1606,2861
2766,TRAVIS REIS,7995,02:20:00,CAN,Runner 20-29 years,355,Male,1236,325,1129,2343
2767,KIMBERLY ZWAGERMAN,7561,02:34:23,CAN,Runner 40-49 years,381,Female,1531,395,1607,2862
2768,BECKY O'MEARA,7023,02:34:33,NZL,Runner 40-49 years,382,Female,1532,397,1611,2868
2769,ANNIE CROCKER,6591,02:30:32,NZL,Runner 50-59 years,143,Female,1533,141,1531,2758
2770,JOANNE BAILEY,3540,02:34:58,NZL,Runner 50-59 years,144,Female,1534,149,1619,2878
2771,EMILY SUTHERLAND,6691,02:34:18,NZL,Runner 20-29 years,503,Female,1535,530,1605,2859
2772,JACOB HORAN,5486,02:29:19,NZL,Runner 30-39 years,374,Male,1237,371,1217,2715
2773,SARAH MCKENZIE,6038,02:25:27,NZL,Runner 20-29 years,504,Female,1536,456,1385,2571
2774,DAN CUMMINGS,4992,02:25:33,NZL,Runner 30-39 years,375,Male,1238,367,1188,2575
2775,KIMBERLEY HARPER,6039,02:25:28,NZL,Runner 20-29 years,505,Female,1537,457,1386,2572
2776,PATRICIA WISE,6291,02:29:39,AUS,Runner 30-39 years,452,Female,1538,445,1507,2725
2777,JESSICA TANNER,6290,02:29:39,AUS,Runner 30-39 years,453,Female,1539,446,1508,2726
2778,PAIGE SHIPSTONE,6147,02:24:50,GBR,Runner 20-29 years,506,Female,1540,453,1367,2550
2779,ZI WEN HENG,7946,02:29:59,,Runner 20-29 years,507,Female,1541,502,1519,2741
2780,ERIKA HADLAND,3467,02:34:35,AUS,Runner 40-49 years,383,Female,1542,398,1612,2869
2781,DONNA WILLIAMS,3228,02:34:36,,Runner 40-49 years,384,Female,1543,399,1613,2870
2782,LUANA D'APPOLLONIO,4808,02:25:45,BRA,Runner 30-39 years,454,Female,1544,411,1393,2583
2783,RYOTA KASAI,4928,02:30:43,JPN,Runner 30-39 years,376,Male,1239,373,1230,2767
2784,KAYLA DENT,6560,02:24:46,NZL,Runner 16-19 years,29,Female,1545,27,1365,2548
2785,STAN KAPUSTKA,5475,02:34:26,USA,Runner 50-59 years,143,Male,1240,145,1256,2863
2786,ANDREA SORGER,5982,02:30:47,NZL,Runner 50-59 years,145,Female,1546,143,1539,2770
2787,AARON NG,7754,02:30:32,,Runner 20-29 years,356,Male,1241,352,1227,2757
2788,ROGER CARSON,3310,02:34:29,NZL,Runner 70+ years,4,Male,1242,4,1257,2864
2789,JENNIFER ALLOO,5188,02:25:52,NZL,Runner 50-59 years,146,Female,1547,125,1395,2585
2790,RUI XU,6976,02:30:17,CHN,Runner 20-29 years,508,Female,1548,505,1528,2754
2791,ERNIE BROWN,5407,02:30:55,NZL,Runner 30-39 years,377,Male,1243,374,1234,2774
2792,SAMANTHA WALKER,5900,02:25:44,NZL,Runner 20-29 years,509,Female,1549,461,1392,2582
2793,ANTONIA LOHMEYER,4025,02:30:39,,Runner 16-19 years,30,Female,1550,29,1535,2763
2794,RACHEL GERRARD,3032,02:38:22,NZL,Runner 30-39 years,455,Female,1551,497,1696,2977
2795,DIANE CHIRCOP,7678,02:34:32,NZL,Runner 30-39 years,456,Female,1552,473,1610,2867
2796,NAOKO GOTO,5816,02:31:02,JPN,Runner 40-49 years,385,Female,1553,386,1544,2779
2797,YUKA AOYAMA,5686,02:31:02,JPN,Runner 40-49 years,386,Female,1554,385,1543,2778
2798,SARAH COMPTON,3709,02:25:42,NZL,Runner 20-29 years,510,Female,1555,459,1389,2579
2799,MAGGIE BURGESS,3795,02:35:44,NZL,Runner 30-39 years,457,Female,1556,482,1640,2904
2800,EMILY JERVIS,5506,02:25:44,NZL,Runner 20-29 years,511,Female,1557,460,1391,2581
2801,EVANGELINE MASTERS,7685,02:31:30,NZL,Runner 20-29 years,512,Female,1558,511,1551,2790
2802,RACHAEL HENDERSON,3284,02:25:43,NZL,Runner 30-39 years,458,Female,1559,410,1390,2580
2803,MEGAN DOOLEY,7241,02:35:29,NZL,Runner 40-49 years,387,Female,1560,406,1635,2899
2804,GLENYS TE TAI,3935,02:39:16,NZL,Runner 40-49 years,388,Female,1561,430,1708,2991
2805,GAVIN DAECHE,4630,02:35:26,GBR,Runner 40-49 years,287,Male,1244,290,1262,2896
2806,SHARON POLLOCK,6786,02:30:44,NZL,Runner 50-59 years,147,Female,1562,142,1538,2769
2807,AINSLIE TEMPLETON,4933,02:25:23,NZL,Runner 30-39 years,459,Female,1563,407,1381,2566
2808,RUSSELL GRINTER,3645,02:35:16,NZL,Runner 40-49 years,288,Male,1245,289,1260,2889
2809,NATASHA POOL,4784,02:26:59,NZL,Runner 30-39 years,460,Female,1564,423,1428,2626
2810,PELE WALKER,4480,02:27:22,NZL,Runner 50-59 years,148,Female,1565,131,1440,2640
2811,BETH HAWKINS,5100,02:36:29,AUS,Runner 40-49 years,389,Female,1566,414,1657,2929
2812,TANYA LIESCHKE,6377,02:36:29,AUS,Runner 40-49 years,390,Female,1567,415,1658,2930
2813,BARRIE HEMINGWAY,3480,02:42:39,NZL,Runner 40-49 years,289,Male,1246,299,1299,3077
2814,DAVID GRAHAM,5986,02:39:24,NZL,Runner 70+ years,5,Male,1247,5,1285,2998
2815,NIALL FABER,4122,02:27:32,AUS,Runner 40-49 years,290,Male,1248,281,1202,2648
2816,NATASHA WHEAL,4741,02:27:25,NZL,Runner 20-29 years,513,Female,1568,480,1443,2643
2817,JISU LEE,6797,02:40:34,KOR,Runner 20-29 years,514,Female,1569,550,1736,3026
2818,LAURA WINEN,3880,02:35:48,AUS,Runner 30-39 years,461,Female,1570,483,1643,2907
2819,VANESSA MCKENZIE,8152,02:36:10,NZL,Runner 40-49 years,391,Female,1571,411,1648,2914
2820,TANIA COUTTS,8151,02:36:10,NZL,Runner 40-49 years,392,Female,1572,412,1649,2915
2821,SARAH HIRSCHI,6888,02:36:21,AUS,Runner 30-39 years,462,Female,1573,487,1652,2919
2822,LINDA HUFFMAN,8082,02:26:46,USA,Runner 50-59 years,149,Female,1574,128,1422,2618
2823,JEFFREY ROSS,8083,02:26:48,USA,Runner 60-69 years,49,Male,1249,44,1197,2621
2824,CASSIE LAWLESS,5268,02:40:29,NZL,Runner 40-49 years,393,Female,1575,442,1733,3023
2825,KARLENE HILTON,3718,02:27:58,AUS,Runner 40-49 years,394,Female,1576,367,1465,2672
2826,YAN GAO,7712,02:40:49,CHN,Runner 20-29 years,515,Female,1577,551,1740,3032
2827,ERIN EYLES,5544,02:27:57,NZL,Runner 50-59 years,150,Female,1578,132,1463,2670
2828,AMANDA STRONG,5542,02:27:57,NZL,Runner 40-49 years,395,Female,1579,366,1464,2671
2829,PETER MELLING,3772,02:41:13,NZL,Runner 60-69 years,50,Male,1250,56,1293,3040
2830,RIA MELLING,3773,02:41:13,NZL,Runner 20-29 years,516,Female,1580,552,1748,3041
2831,CHARLOTTE BRICK,4451,02:36:25,USA,Runner 20-29 years,517,Female,1581,539,1654,2922
2832,ELLI PURCHASE,6804,02:31:45,NZL,Runner 30-39 years,463,Female,1582,459,1554,2795
2833,LAURA HYDE,7093,02:28:02,GBR,Runner 30-39 years,464,Female,1583,431,1467,2674
2834,ALEX JOHNSON,5955,02:36:28,NZL,Runner 40-49 years,291,Male,1251,293,1272,2928
2835,KIRSTEN BAXTER,5643,02:32:07,NZL,Runner 40-49 years,396,Female,1584,387,1561,2803
2836,CHRISTINE JEFFERIES,6381,02:27:21,NZL,Runner 60-69 years,22,Female,1585,17,1438,2638
2837,GAVIN BROWN,3621,02:40:22,NZL,Runner 30-39 years,378,Male,1252,392,1290,3018
2838,DONNA STEWART,5310,02:32:35,NZL,Runner 20-29 years,518,Female,1586,518,1570,2816
2839,MARY-ANNE COUGHLIN,5652,02:37:33,AUS,Runner 50-59 years,151,Female,1587,158,1678,2954
2840,SCOTT MILLER,4193,02:27:05,AUS,Runner 40-49 years,292,Male,1253,280,1200,2630
2841,LEIGH OUT,3566,02:28:18,AUS,Runner 30-39 years,465,Female,1588,436,1477,2686
2842,LEANNE LANHAM,7090,02:28:19,AUS,Runner 40-49 years,397,Female,1589,369,1478,2687
2843,SARAH CRAMPTON,3692,02:32:42,NZL,Runner 40-49 years,398,Female,1590,390,1572,2818
2844,JAMES PALMER,5165,02:40:43,AUS,Runner 40-49 years,293,Male,1254,297,1291,3030
2845,KATRINA CHAMBERS,4072,02:40:41,AUS,Runner 40-49 years,399,Female,1591,443,1739,3029
2846,LINDA TE AU,5571,02:37:47,NZL,Runner 60-69 years,23,Female,1592,27,1680,2957
2847,KYLIE CREELMAN,3394,02:28:28,AUS,Runner 40-49 years,400,Female,1593,370,1480,2689
2848,GEORGIA BEWLEY,4770,02:32:28,NZL,Runner 20-29 years,519,Female,1594,516,1568,2813
2849,CATRIONA MOORE,5023,02:37:20,NZL,Runner 40-49 years,401,Female,1595,422,1676,2952
2850,JO NEWBERY,6041,02:33:40,NZL,Runner 30-39 years,466,Female,1596,471,1599,2852
2851,AMBER BRADY,6096,02:28:16,NZL,Runner 30-39 years,467,Female,1597,434,1474,2683
2852,JESS HARKINS,6892,02:37:06,NZL,Runner 30-39 years,468,Female,1598,492,1669,2944
2853,DIETER RASS,5471,02:27:30,NZL,Runner 60-69 years,51,Male,1255,45,1201,2647
2854,FIONA NASH,4071,02:28:55,AUS,Runner 40-49 years,402,Female,1599,372,1488,2700
2855,CLAIRE JORGENSEN,4019,02:28:54,AUS,Runner 50-59 years,152,Female,1600,136,1487,2699
2856,LEZEL BOTHA,6877,02:37:57,NZL,Runner 30-39 years,469,Female,1601,494,1687,2965
2857,IVY VALDERRAMA,6550,02:41:10,PHL,Runner 40-49 years,403,Female,1602,447,1747,3039
2858,TESSA FRASER,5251,02:41:06,NZL,Runner 50-59 years,153,Female,1603,170,1745,3037
2859,GUY SHEPHEARD,7773,02:32:47,NZL,Runner 30-39 years,379,Male,1256,378,1248,2823
2860,HELEN DICK,3004,02:37:10,NZL,Runner 60-69 years,24,Female,1604,26,1672,2947
2861,LISA ELLERTON,5252,02:28:11,GBR,Runner 30-39 years,470,Female,1605,433,1471,2679
2862,SIMON BEAL,3642,02:32:46,GBR,Runner 40-49 years,294,Male,1257,288,1247,2822
2863,MARIE CURTIS,5779,02:33:44,GBR,Runner 40-49 years,404,Female,1606,393,1600,2853
2864,JOHN PAUWELS,3769,02:29:21,NZL,Runner 60-69 years,52,Male,1258,49,1218,2718
2865,CHARLOTTE WARD,6860,02:33:26,NZL,Runner 20-29 years,520,Female,1607,527,1591,2844
2866,LINDSAY ULBRICKSON,5072,02:27:48,USA,Runner 20-29 years,521,Female,1608,483,1457,2661
2867,JESSICA BOUCHUT,4956,02:27:49,NZL,Runner 20-29 years,522,Female,1609,485,1459,2663
2868,CARLY BACKMAN,5018,02:27:48,USA,Runner 20-29 years,523,Female,1610,484,1458,2662
2869,REBECCA MAO,7789,02:28:23,NZL,Runner 20-29 years,524,Female,1611,491,1479,2688
2870,PENNY RUSSELL,6182,02:38:03,,Runner 40-49 years,405,Female,1612,426,1690,2968
2871,STEPHEN FLETCHER,5708,02:38:08,NZL,Runner 50-59 years,144,Male,1259,148,1279,2971
2872,CATHERINE WHITEFIELD,6555,02:28:06,NZL,Runner 40-49 years,406,Female,1613,368,1469,2676
2873,KATHY WARNE,4765,02:38:34,AUS,Runner 50-59 years,154,Female,1614,165,1699,2980
2874,MARK WILSON,7827,02:33:53,NZL,Runner 30-39 years,380,Male,1260,381,1254,2855
2875,ELIZABETH HESLIN,5836,02:29:34,NZL,Runner 50-59 years,155,Female,1615,139,1506,2724
2876,SARAH MARR,3259,02:42:24,GBR,Runner 40-49 years,407,Female,1616,455,1773,3071
2877,PENNY ARMSTRONG,6126,02:38:24,NZL,Runner 30-39 years,471,Female,1617,498,1697,2978
2878,MICHELLE GOMME,5649,02:29:07,CAN,Runner 20-29 years,525,Female,1618,495,1495,2708
2879,KATIE GILLINGHAM,4357,02:29:21,NZL,Runner 20-29 years,526,Female,1619,496,1500,2717
2880,JIRI KLIMA,6275,02:26:18,CZE,Runner 30-39 years,381,Male,1261,368,1194,2593
2881,KEZIAH HAMMOND,8221,02:33:23,NZL,Walker 20-29 years,4,Female,1620,4,1588,2841
2882,ISABELLA RAMOS,7161,02:26:18,AUS,Runner 30-39 years,472,Female,1621,413,1400,2594
2883,CHRISTINE FORDE,7568,02:38:04,NZL,Runner 40-49 years,408,Female,1622,427,1692,2970
2884,ANDREW YOON,6685,02:29:17,NZL,Runner 50-59 years,145,Male,1262,134,1215,2712
2885,ASHLEE BROWN,4323,02:34:42,NZL,Runner 20-29 years,527,Female,1623,532,1616,2874
2886,LUKE HOGAN,4324,02:34:42,NZL,Runner 30-39 years,382,Male,1263,383,1259,2875
2887,COLLEEN O'BRIEN,4537,02:42:23,AUS,Runner 30-39 years,473,Female,1624,516,1771,3069
2888,CONSTANCE STONE,7152,02:39:08,NZL,Runner 20-29 years,528,Female,1625,548,1707,2989
2889,PETE CAMERON,6812,02:38:39,NZL,Runner 20-29 years,357,Male,1264,363,1282,2983
2890,SARAH PAGE,6813,02:38:39,NZL,Runner 20-29 years,529,Female,1626,546,1702,2984
2891,DONNE PRATT,3369,02:29:48,NZL,Runner 40-49 years,409,Female,1627,377,1514,2735
2892,SARAH WEBSTER,8178,02:29:41,NZL,Runner 30-39 years,474,Female,1628,447,1509,2727
2893,CATHERINE VERNON,4160,02:30:22,NZL,Runner 60-69 years,25,Female,1629,20,1530,2756
2894,SARA PIXLEY,3661,02:38:56,AUS,Runner 30-39 years,475,Female,1630,499,1704,2986
2895,HANNAH TUNNICLIFFE,4457,02:35:08,NZL,Runner 30-39 years,476,Female,1631,476,1626,2885
2896,KATIE SMART,4237,02:35:09,NZL,Runner 30-39 years,477,Female,1632,477,1627,2886
2897,CLARE ENRIGHT,5505,02:29:22,NZL,Runner 20-29 years,530,Female,1633,497,1501,2719
2898,ALVEN LAM,6588,02:39:29,CAN,Runner 40-49 years,410,Female,1634,435,1715,3000
2899,JENNIFER MCGRATTAN,6750,02:28:37,,Runner 30-39 years,478,Female,1635,437,1483,2693
2900,JENNA GILKES,4608,02:35:21,NZL,Runner 20-29 years,531,Female,1636,538,1633,2894
2901,MICHAELA COOPER,6154,02:35:21,NZL,Runner 40-49 years,411,Female,1637,404,1632,2893
2902,LAUREN INKSTER,6333,02:30:14,NZL,Runner 30-39 years,479,Female,1638,453,1524,2748
2903,MARGARET RONALDSON,5031,02:43:43,NZL,Runner 40-49 years,412,Female,1639,458,1792,3097
2904,PAUL CURRY,7920,02:27:49,,Runner 20-29 years,358,Male,1265,345,1205,2665
2905,WATTHANAPHON PHUIRAT,6309,02:27:49,NZL,Runner 20-29 years,532,Female,1640,486,1460,2664
2906,SACHA ADAIR,4589,02:29:47,NZL,Runner 40-49 years,413,Female,1641,376,1512,2733
2907,BALBIR SINGH,7846,02:45:52,IND,Runner 70+ years,6,Male,1266,6,1318,3151
2908,MONIQUE CADDY,3820,02:31:01,NZL,Runner 40-49 years,414,Female,1642,384,1542,2777
2909,ABBIE MARSHALL,5066,02:35:03,NZL,Runner 20-29 years,533,Female,1643,537,1624,2883
2910,S SHERDSON,7026,02:39:42,NZL,Runner 50-59 years,156,Female,1644,166,1723,3010
2911,SAMANTHA COLLINS,4903,02:43:16,NZL,Runner 20-29 years,534,Female,1645,564,1784,3089
2912,ADELE FAIRGRAY,7419,02:40:25,NZL,Runner 60-69 years,26,Female,1646,28,1731,3021
2913,VIV SUTTON,7597,02:35:56,NZL,Runner 40-49 years,415,Female,1647,410,1645,2910
2914,KIERAN FARR,7649,02:40:03,NZL,Runner 30-39 years,383,Male,1267,391,1289,3014
2915,SINEAD O'HARE,4861,02:30:00,,Runner 20-29 years,535,Female,1648,503,1520,2743
2916,WENDY DOYLE,6450,02:39:37,NZL,Runner 40-49 years,416,Female,1649,438,1721,3007
2917,KAYTIE JOHNS,6712,02:44:10,NZL,Runner 20-29 years,536,Female,1650,570,1803,3111
2918,TATUM SAVAGE,6444,02:36:01,NZL,Runner 30-39 years,480,Female,1651,484,1646,2911
2919,DEBBIE BROWN,7481,02:40:24,NZL,Runner 50-59 years,157,Female,1652,168,1730,3020
2920,SARAH GREEN,3552,02:40:26,NZL,Runner 30-39 years,481,Female,1653,507,1732,3022
2921,JESSICA KENNEDY,5824,02:29:48,NZL,Runner 30-39 years,482,Female,1654,449,1513,2734
2922,JANE SCHOL,5053,02:29:50,NZL,Runner 30-39 years,483,Female,1655,450,1515,2736
2923,LAWRENCE MONTAGUE,5959,02:36:21,NZL,Runner 50-59 years,146,Male,1268,146,1268,2920
2924,STACEY BLISSETT,3891,02:40:10,NZL,Runner 30-39 years,484,Female,1656,506,1727,3016
2925,WEN-HSIN LIANG,6586,02:43:55,,Runner 20-29 years,537,Female,1657,568,1795,3100
2926,ANNA ROBBIE,3755,02:30:14,NZL,Runner 30-39 years,485,Female,1658,452,1523,2747
2927,ANNA ROBBIE,6485,02:30:14,NZL,Runner 40-49 years,417,Female,1659,380,1525,2749
2928,VANESSA WINNING,6283,02:35:34,NZL,Runner 40-49 years,418,Female,1660,407,1636,2900
2929,WAYNE TAYLOR,4031,02:30:51,NZL,Runner 40-49 years,295,Male,1269,286,1232,2772
2930,ELIZABETH HOOKS,3878,02:41:06,NZL,Runner 40-49 years,419,Female,1661,445,1744,3036
2931,KAYLA WILKINS,8204,02:31:56,NZL,Runner 20-29 years,538,Female,1662,514,1557,2799
2932,HEATHER SINCLAIR,5195,02:35:36,NZL,Runner 60-69 years,27,Female,1663,25,1639,2903
2933,LUCA KORNÚLIA K¾SA,5042,02:40:32,HUN,Runner 30-39 years,486,Female,1664,508,1734,3024
2934,JESSICA PETTERSSON,4026,02:36:08,NZL,Runner 30-39 years,487,Female,1665,485,1647,2913
2935,HEATHER MASON,3785,02:40:33,GBR,Runner 70+ years,1,Female,1666,2,1735,3025
2936,LEE ALEXANDER,5803,02:35:52,AUS,Runner 40-49 years,420,Female,1667,409,1644,2909
2937,WAYNE JENVEY,3114,02:35:52,AUS,Runner 40-49 years,296,Male,1270,291,1265,2908
2938,LEIGHTON HARTLEY HARE,6000,02:36:27,NZL,Runner 60-69 years,53,Male,1271,53,1271,2926
2939,JONAS DAHLSTROM,5406,02:36:59,NZL,Runner 20-29 years,359,Male,1272,361,1275,2941
2940,SAM GRIEVE,6442,02:30:54,AUS,Runner 20-29 years,360,Male,1273,354,1233,2773
2941,BECKY IBBERTSON,6452,02:31:21,GBR,Runner 20-29 years,539,Female,1668,509,1549,2785
2942,ALEX CARRUTHERS,4188,02:32:19,GBR,Runner 20-29 years,361,Male,1274,357,1244,2809
2943,LIZ SUTHERLAND,3220,02:37:17,NZL,Runner 50-59 years,158,Female,1669,157,1675,2951
2944,LEIGH GINNEVER,4486,02:36:32,NZL,Runner 40-49 years,421,Female,1670,416,1660,2933
2945,NIGEL LINES,7379,02:31:12,NZL,Runner 30-39 years,384,Male,1275,375,1236,2781
2946,SARAH BARKLE,7381,02:45:02,NZL,Runner 30-39 years,488,Female,1671,528,1819,3131
2947,AMANDA BUXCEY,5597,02:32:04,NZL,Runner 30-39 years,489,Female,1672,460,1558,2800
2948,ROBBIE JONES,4014,02:36:55,NZL,Runner 50-59 years,147,Male,1276,147,1274,2938
2949,SIMON COUGHLAN,7852,02:33:08,NZL,Runner 50-59 years,148,Male,1277,143,1252,2833
2950,ANGELA MACKIE,3826,02:41:22,NZL,Runner 40-49 years,422,Female,1673,449,1751,3044
2951,SALLYANN SMIT,8006,02:41:42,AUS,Runner 30-39 years,490,Female,1674,514,1759,3052
2952,SOON HAN OOI,3613,02:31:52,,Runner 30-39 years,385,Male,1278,377,1242,2798
2953,SHANE MANSON,6181,02:37:54,NZL,Runner 20-29 years,362,Male,1279,362,1278,2963
2954,RACHAEL GREEN,4135,02:38:03,NZL,Runner 30-39 years,491,Female,1675,495,1691,2969
2955,ANNIE SMITH,7435,02:45:48,NZL,Runner 50-59 years,159,Female,1676,179,1832,3149
2956,ROSE BIRD,3423,02:37:12,NZL,Runner 20-29 years,540,Female,1677,541,1673,2949
2957,ROWENA KERR,5355,02:41:30,NZL,Runner 20-29 years,541,Female,1678,553,1754,3047
2958,CHIH-SHENG HSU,7788,02:33:07,,Runner 30-39 years,386,Male,1280,379,1250,2831
2959,TRACY THOMSON,4015,02:37:15,NZL,Runner 40-49 years,423,Female,1679,421,1674,2950
2960,SHYLING CHUN,7751,02:37:41,,Runner 20-29 years,542,Female,1680,542,1679,2956
2961,ELLIE HARRIS,3498,02:32:28,NZL,Runner 20-29 years,543,Female,1681,517,1569,2814
2962,BLAIR HARRIS,3499,02:32:29,NZL,Runner 50-59 years,149,Male,1281,141,1246,2815
2963,CLARE CORBETT,6394,02:32:46,NZL,Runner 20-29 years,544,Female,1682,519,1575,2821
2964,JEFF WEEKS,5582,02:45:41,NZL,Runner 40-49 years,297,Male,1282,304,1316,3146
2965,BROOKE CLODE,4094,02:32:09,NZL,Runner 30-39 years,492,Female,1683,462,1563,2805
2966,COURTENAY MCDOWELL,3813,02:33:00,NZL,Runner 20-29 years,545,Female,1684,520,1579,2828
2967,TINA ROS-EKINS,4405,02:38:14,AUS,Runner 50-59 years,160,Female,1685,163,1694,2974
2968,SUSIE SMITH,7116,02:33:29,AUS,Runner 60-69 years,28,Female,1686,24,1592,2845
2969,ANNUSHKA LEE-SMITH,3697,02:42:14,NZL,Runner 40-49 years,424,Female,1687,453,1767,3064
2970,KYLIE MACDONALD,3698,02:42:14,NZL,Runner 40-49 years,425,Female,1688,454,1768,3065
2971,BRONWYN SLOANE,3869,02:38:01,NZL,Runner 40-49 years,426,Female,1689,424,1688,2966
2972,LISA STAMP,3897,02:38:38,NZL,Runner 40-49 years,427,Female,1690,428,1701,2982
2973,ALICE CLARKSON,6416,02:46:07,NZL,Runner 16-19 years,31,Female,1691,32,1838,3161
2974,ANGELA SHANAHAN,8121,02:33:15,AUS,Runner 30-39 years,493,Female,1692,467,1584,2837
2975,BRIAN KEITH,4610,02:38:13,NZL,Runner 40-49 years,298,Male,1283,296,1280,2973
2976,JO RUSBRIDGE,5436,02:32:24,NZL,Runner 40-49 years,428,Female,1693,388,1566,2811
2977,H M MCKAY,7055,02:37:36,NZL,Runner 60-69 years,54,Male,1284,54,1277,2955
2978,RUOXI LI,3767,02:33:01,CHN,Runner 20-29 years,546,Female,1694,521,1580,2829
2979,CHRIS JONES,7392,02:32:17,NZL,Runner 50-59 years,161,Female,1695,145,1565,2807
2980,MURRAY JONES,7394,02:32:18,NZL,Runner 60-69 years,55,Male,1285,52,1243,2808
2981,BRIDGET MACFARLANE,5515,02:33:32,NZL,Runner 40-49 years,429,Female,1696,392,1595,2848
2982,DEBORAH WELLS,6943,02:38:29,NZL,Runner 20-29 years,547,Female,1697,544,1698,2979
2983,SUMMER TAUWHARE,6864,02:43:12,NZL,Runner 20-29 years,548,Female,1698,563,1781,3083
2984,GILLIAN VOUSDEN,3125,02:46:29,GBR,Runner 30-39 years,494,Female,1699,534,1846,3172
2985,CAROL ANGLAND,5642,02:34:14,NZL,Runner 70+ years,2,Female,1700,1,1603,2857
2986,SANDRA PETERSON,4464,02:39:19,GBR,Runner 30-39 years,495,Female,1701,502,1710,2993
2987,KAYLA WHITELOCK,6721,02:38:12,NZL,Runner 30-39 years,496,Female,1702,496,1693,2972
2988,HALEY RHYNE,8170,02:33:38,,Runner 20-29 years,549,Female,1703,528,1598,2851
2989,RACHAEL COLLINS,6585,02:39:21,NZL,Runner 40-49 years,430,Female,1704,433,1713,2996
2990,CARMEN RHODES,3090,02:39:21,NZL,Runner 40-49 years,431,Female,1705,432,1712,2995
2991,ROSIE PIPER,7429,02:39:31,NZL,Runner 40-49 years,432,Female,1706,437,1718,3003
2992,PHIL LORY,7430,02:39:32,NZL,Runner 60-69 years,56,Male,1286,55,1286,3005
2993,BEATRIZ MOURE,7574,02:47:48,BRA,Runner 16-19 years,32,Female,1707,33,1865,3192
2994,LINDA VANDUYNHOVEN,3181,02:39:55,AUS,Runner 50-59 years,162,Female,1708,167,1725,3013
2995,KAYE WILSON,3130,02:43:37,NZL,Runner 40-49 years,433,Female,1709,457,1791,3096
2996,LOUISE JONES,4571,02:44:08,NZL,Runner 40-49 years,434,Female,1710,460,1801,3109
2997,TRACY MCKENZIE,6527,02:47:37,NZL,Runner 30-39 years,497,Female,1711,538,1862,3189
2998,TOM CHAMBERLAIN,4343,02:34:40,GBR,Runner 20-29 years,363,Male,1287,358,1258,2872
2999,ALISHA STRAND,4335,02:34:41,USA,Runner 30-39 years,498,Female,1712,475,1615,2873
3000,KATRINA BUNGE,5238,02:47:12,NZL,Runner 40-49 years,435,Female,1713,479,1856,3183
3001,SAM POWELL,4308,02:44:21,NZL,Runner 40-49 years,436,Female,1714,463,1808,3116
3002,NATALIE BROUGH,6792,02:44:21,NZL,Runner 40-49 years,437,Female,1715,464,1809,3117
3003,LORNA ROBINSON,4232,02:47:15,NZL,Runner 50-59 years,163,Female,1716,182,1857,3184
3004,CHRISTINA VAUGHAN,4943,02:34:56,NZL,Runner 20-29 years,550,Female,1717,534,1618,2877
3005,HANNAH MANNING,7835,02:38:59,NZL,Runner 20-29 years,551,Female,1718,547,1706,2988
3006,LEISA CUTHBERT,4034,02:35:21,AUS,Runner 30-39 years,499,Female,1719,479,1631,2892
3007,JULIE FURZE,4545,02:43:51,NZL,Runner 40-49 years,438,Female,1720,459,1794,3099
3008,ADAM REED,4911,02:39:23,NZL,Runner 30-39 years,387,Male,1288,388,1284,2997
3009,VIVIEN COURNANE,3827,02:34:14,NZL,Runner 50-59 years,164,Female,1721,148,1604,2858
3010,KATHERINE WALLER,5834,02:33:52,NZL,Runner 40-49 years,439,Female,1722,394,1601,2854
3011,BIAO YANG,6749,02:49:44,CHN,Runner 30-39 years,388,Male,1289,398,1333,3220
3012,TSZ CHUN CHRIS LEUNG,5773,02:44:29,HKG,Runner 20-29 years,364,Male,1290,370,1309,3119
3013,ROSIE KINTON,6184,02:34:31,GBR,Runner 20-29 years,552,Female,1723,531,1609,2866
3014,CAROLYN GERRIE,5703,02:48:13,NZL,Runner 60-69 years,29,Female,1724,31,1872,3199
3015,ALLISON BIRD,5518,02:43:55,,Runner 30-39 years,500,Female,1725,523,1796,3101
3016,ALBERT MARAIS,5519,02:43:57,,Runner 30-39 years,389,Male,1291,394,1306,3102
3017,KAYE HERRICK,6036,02:40:35,NZL,Runner 30-39 years,501,Female,1726,509,1737,3027
3018,CATHERINE ELKINS,7229,02:39:30,NZL,Runner 40-49 years,440,Female,1727,436,1717,3002
3019,LEXI WHELAN,6781,02:44:07,NZL,Runner 20-29 years,553,Female,1728,569,1800,3108
3020,CODY BALL,6782,02:44:06,NZL,Runner 20-29 years,365,Male,1292,369,1308,3107
3021,LAUREN PARKER,4392,02:34:37,NZL,Runner 30-39 years,502,Female,1729,474,1614,2871
3022,DAVID ROSIER,6146,02:34:20,GBR,Runner 30-39 years,390,Male,1293,382,1255,2860
3023,KRYSTAL HILDEBRAND,5189,02:39:38,NZL,Walker 20-29 years,5,Female,1730,5,1722,3008
3024,MICHELLE FEEHAN,6820,02:35:36,NZL,Runner 30-39 years,503,Female,1731,481,1638,2902
3025,JO LEGAT,3214,02:35:44,NZL,Runner 40-49 years,441,Female,1732,408,1641,2905
3026,ASHLEY ASTELLS,5794,02:39:34,CAN,Runner 30-39 years,504,Female,1733,504,1720,3006
3027,GRAEME PHILLIP GREEN,5733,02:39:52,GBR,Runner 30-39 years,391,Male,1294,390,1288,3012
3028,ELLEN HODGES,5731,02:39:52,GBR,Runner 30-39 years,505,Female,1734,505,1724,3011
3029,BRENDA STRANG,5027,02:35:09,NZL,Runner 40-49 years,442,Female,1735,402,1629,2888
3030,ADAM TAMARIKI,8014,02:36:03,NZL,Runner 30-39 years,392,Male,1295,386,1266,2912
3031,ADAM NIND,5226,02:39:39,NZL,Runner 30-39 years,393,Male,1296,389,1287,3009
3032,SARAH BERKOWSKI,4288,02:44:44,NZL,Runner 40-49 years,443,Female,1736,468,1814,3124
3033,CARRIE NYE,5432,02:44:24,NZL,Runner 30-39 years,506,Female,1737,527,1810,3118
3034,WILLIAM COOK,6533,02:44:58,NZL,Runner 50-59 years,150,Male,1297,150,1311,3129
3035,LISA DALTON,7720,02:40:56,NZL,Runner 30-39 years,507,Female,1738,511,1743,3035
3036,MARY-LOUISE ROULSTON,3941,02:35:00,NZL,Runner 40-49 years,444,Female,1739,401,1622,2881
3037,NICHOLA CARTER,3696,02:44:51,NZL,Runner 40-49 years,445,Female,1740,469,1815,3125
3038,KIMBERLEY PROCTOR,4073,02:35:00,NZL,Runner 40-49 years,446,Female,1741,400,1621,2880
3039,KELLY DAVIES,8038,02:36:27,AFG,Runner 30-39 years,508,Female,1742,488,1655,2924
3040,IAN DAVIES,8037,02:36:27,AUS,Runner 40-49 years,299,Male,1298,292,1270,2925
3041,JAYARNA DODGE,7021,02:44:52,NZL,Runner 20-29 years,554,Female,1743,572,1816,3126
3042,KATRINA CARRICK,5682,02:36:19,AUS,Runner 30-39 years,509,Female,1744,486,1651,2918
3043,CARISSA LARAMY,7967,02:41:20,GBR,Runner 30-39 years,510,Female,1745,512,1750,3043
3044,CHARIS SIOW,7115,02:34:51,,Runner 20-29 years,555,Female,1746,533,1617,2876
3045,LUKE GUPPY,8045,02:35:19,NZL,Runner 30-39 years,394,Male,1299,384,1261,2890
3046,NEIL GILBERT,4159,02:45:23,NZL,Runner 50-59 years,151,Male,1300,151,1314,3137
3047,PAULA CAROLINA CUNQUERO,7750,02:45:39,ARG,Runner 30-39 years,511,Female,1747,532,1830,3145
3048,KRIS JEMMETT,4668,02:45:58,NZL,Runner 30-39 years,395,Male,1301,396,1320,3154
3049,VALERIE HANGER,4358,02:36:58,NZL,Runner 50-59 years,165,Female,1748,155,1665,2939
3050,AOIFE MCMAHON,6551,02:36:28,,Runner 30-39 years,512,Female,1749,489,1656,2927
3051,SYLVIA ROSEVEAR,5666,02:49:23,NZL,Runner 60-69 years,30,Female,1750,32,1886,3218
3052,FIONA DYSON,4631,02:49:50,AUS,Runner 50-59 years,166,Female,1751,187,1890,3223
3053,CHRIS POWER,6658,02:45:30,NZL,Runner 50-59 years,152,Male,1302,152,1315,3141
3054,LYNLEY POWER,4103,02:45:30,NZL,Runner 40-49 years,447,Female,1752,473,1827,3142
3055,TYLER GUTTENBEIL,7796,02:46:16,NZL,Runner 20-29 years,366,Male,1303,371,1325,3165
3056,EMMA INKSTER,7617,02:45:34,NZL,Runner 20-29 years,556,Female,1753,576,1829,3144
3057,CATHERINE LAWSON,6254,02:45:26,GBR,Runner 20-29 years,557,Female,1754,574,1825,3139
3058,LOUISE BROWN,6361,02:36:21,GBR,Runner 40-49 years,448,Female,1755,413,1653,2921
3059,FIONA RAYNER,5137,02:35:36,NZL,Runner 30-39 years,513,Female,1756,480,1637,2901
3060,ALESHA CHASTON,3118,02:40:38,NZL,Runner 30-39 years,514,Female,1757,510,1738,3028
3061,JODY MAHON,7032,02:37:08,NZL,Runner 40-49 years,449,Female,1758,419,1670,2945
3062,KYLA KLEMICK,7025,02:37:08,NZL,Runner 40-49 years,450,Female,1759,420,1671,2946
3063,AYESHA EJAZ,5077,02:46:20,GBR,Runner 20-29 years,558,Female,1760,578,1841,3166
3064,CRESSIDA MCCONACHIE,5933,02:36:50,NZL,Runner 30-39 years,515,Female,1761,490,1664,2937
3065,JESSICA WILSON,3047,02:36:46,NZL,Runner 40-49 years,451,Female,1762,418,1663,2936
3066,DI STRANG,8195,02:37:51,AUS,Runner 50-59 years,167,Female,1763,160,1684,2961
3067,KATE GREENSLADE,5747,02:37:51,NZL,Runner 50-59 years,168,Female,1764,159,1683,2960
3068,BRITTANY SMITH,7351,02:37:04,NZL,Runner 20-29 years,559,Female,1765,540,1667,2942
3069,CHRISSY BOND,4195,02:41:59,NZL,Runner 60-69 years,31,Female,1766,29,1765,3061
3070,NICOLA PARSONS,4024,02:37:54,,Runner 50-59 years,169,Female,1767,162,1686,2964
3071,BEV SHANKS,6751,02:41:31,NZL,Runner 50-59 years,170,Female,1768,171,1755,3048
3072,KELLIE TAYLOR,6718,02:41:31,NZL,Runner 40-49 years,452,Female,1769,452,1756,3049
3073,SHERYL HOWISON,5759,02:46:21,NZL,Runner 40-49 years,453,Female,1770,476,1842,3167
3074,KYLIE BROWN,6626,02:36:59,NZL,Runner 30-39 years,516,Female,1771,491,1666,2940
3075,DONNA HOLAS,5761,02:37:52,USA,Runner 50-59 years,171,Female,1772,161,1685,2962
3076,JACQUI HOLLAND,6304,02:50:31,NZL,Runner 20-29 years,560,Female,1773,591,1897,3231
3077,KAREN LEADLEY,6817,02:50:32,NZL,Runner 30-39 years,517,Female,1774,547,1898,3232
3078,RITA THORP,7580,02:38:02,AUS,Runner 40-49 years,454,Female,1775,425,1689,2967
3079,REUBEN RUPAPERE,4656,02:42:09,NZL,Runner 20-29 years,367,Male,1304,365,1297,3062
3080,CAROLINE WINTERS,4654,02:42:10,NZL,Runner 20-29 years,561,Female,1776,558,1766,3063
3081,PATRICIA SHEEHAN,5517,02:36:44,AUS,Runner 50-59 years,172,Female,1777,154,1662,2935
3082,PUNAM DAHYA,6780,02:43:14,NZL,Runner 30-39 years,518,Female,1778,519,1782,3085
3083,SANDRA GONZALEZ,7219,02:43:20,USA,Runner 50-59 years,173,Female,1779,174,1786,3091
3084,HELEN WERNHAM,7316,02:38:14,NZL,Runner 50-59 years,174,Female,1780,164,1695,2975
3085,JENNY MCPHERSON,3271,02:48:01,NZL,Walker 60-69 years,1,Female,1781,1,1869,3196
3086,MATTHEW HITCHCOCK,4778,02:51:31,NZL,Runner 40-49 years,300,Male,1305,308,1341,3253
3087,CHAR LEE,4779,02:51:31,NZL,Runner 20-29 years,562,Female,1782,595,1913,3255
3088,SARAH COOPER,6507,02:47:19,NZL,Runner 40-49 years,455,Female,1783,480,1859,3186
3089,KAREN BENNIE,4983,02:47:19,NZL,Runner 30-39 years,519,Female,1784,537,1858,3185
3090,RACHAEL BUTLER,4922,02:37:30,NZL,Runner 40-49 years,456,Female,1785,423,1677,2953
3091,DERRYN STRONG,7005,02:38:46,NZL,Runner 40-49 years,457,Female,1786,429,1703,2985
3092,REBECCA BELL,4970,02:37:49,GBR,Runner 30-39 years,520,Female,1787,493,1682,2959
3093,ASHLEIGH LORD,4627,02:39:31,NZL,Runner 20-29 years,563,Female,1788,549,1719,3004
3094,JULIA MEAD,5586,02:51:21,NZL,Runner 50-59 years,175,Female,1789,190,1909,3249
3095,ANDREW CAMERON,8220,02:42:50,NZL,Walker 20-29 years,2,Male,1306,2,1300,3079
3096,MARY-JEANNE LYNCH,4539,02:43:05,NZL,Runner 50-59 years,176,Female,1790,173,1780,3082
3097,HANAFI DENNISON,5895,02:44:06,NZL,Runner 40-49 years,301,Male,1307,301,1307,3106
3098,SIMONE BRITTON,4041,02:44:12,AUS,Runner 40-49 years,458,Female,1791,461,1804,3112
3099,GABRIELLE PEACH,6224,02:42:39,NZL,Runner 30-39 years,521,Female,1792,518,1778,3076
3100,LISA WHITING,3390,02:51:34,,Runner 40-49 years,459,Female,1793,495,1914,3256
3101,HANNAH NEAL,8105,02:37:47,GBR,Runner 20-29 years,564,Female,1794,543,1681,2958
3102,ELLA MURDOCH,5676,02:44:32,NZL,Runner 40-49 years,460,Female,1795,466,1812,3121
3103,ANNA HARRISON,7403,02:38:58,NZL,Runner 30-39 years,522,Female,1796,500,1705,2987
3104,HAYLEY KILSBY,5710,02:38:36,GBR,Runner 20-29 years,565,Female,1797,545,1700,2981
3105,CHARLES BEAUMONT,3936,02:43:14,GBR,Runner 60-69 years,57,Male,1308,59,1305,3088
3106,KATHERINE BEAUMONT-SMITH,3938,02:43:14,GBR,Runner 30-39 years,523,Female,1798,520,1783,3087
3107,JESS TALBOT,3822,02:44:19,NZL,Runner 40-49 years,461,Female,1799,462,1807,3115
3108,MEI JIA LEE,7710,02:52:52,,Runner 20-29 years,566,Female,1800,598,1933,3279
3109,LIZE LIGTHELM,5799,02:43:33,,Runner 30-39 years,524,Female,1801,522,1789,3094
3110,RENEE BRYANT,5881,02:48:42,NZL,Runner 20-29 years,567,Female,1802,587,1877,3204
3111,JULAIKHA KATHOON,8052,02:49:07,,Runner 50-59 years,177,Female,1803,185,1882,3213
3112,CARY DUFFY,4675,02:48:58,AUS,Walker 40-49 years,1,Female,1804,6,1878,3208
3113,IVAN NEVILLE,4674,02:48:57,AUS,Walker 60-69 years,2,Male,1309,2,1330,3207
3114,LISA HENDRY,6406,02:43:49,NZL,Runner 20-29 years,568,Female,1805,567,1793,3098
3115,TANGCAI ZHANG,7641,02:54:53,CHN,Runner 20-29 years,569,Female,1806,605,1970,3326
3116,NIGEL SAMPSON,3401,02:48:45,NZL,Runner 30-39 years,396,Male,1310,397,1328,3205
3117,LOUISE MILLS,3802,02:44:01,NZL,Runner 30-39 years,525,Female,1807,524,1797,3103
3118,VICKY COFFEY,3503,02:52:55,NZL,Runner 60-69 years,32,Female,1808,33,1934,3280
3119,MICHAEL PHILLIPS,8181,02:39:15,NZL,Runner 20-29 years,368,Male,1311,364,1283,2990
3120,SAMUEL GRAINGER,6760,02:48:47,NZL,Runner 20-29 years,369,Male,1312,373,1329,3206
3121,BONNY KELLY,7200,02:40:18,AUS,Runner 40-49 years,462,Female,1809,440,1728,3017
3122,YUEXIU YAN,6875,02:53:44,CHN,Runner 40-49 years,463,Female,1810,500,1943,3293
3123,KIRSTEN ROSSER,7705,02:39:20,NZL,Runner 40-49 years,464,Female,1811,431,1711,2994
3124,MONIQUE DEVEREUX,3781,02:44:32,NZL,Runner 40-49 years,465,Female,1812,467,1813,3122
3125,MEG SANDNER,3110,02:40:53,AUS,Runner 40-49 years,466,Female,1813,444,1741,3033
3126,MICHELE WILLIAMS,3060,02:40:53,GBR,Runner 50-59 years,178,Female,1814,169,1742,3034
3127,CLARE GORDON,5535,02:39:29,,Runner 30-39 years,526,Female,1815,503,1716,3001
3128,MAREE MCELREA,3943,02:39:27,NZL,Runner 40-49 years,467,Female,1816,434,1714,2999
3129,AMY ENNIS,6114,02:39:19,,Runner 30-39 years,527,Female,1817,501,1709,2992
3130,JULIA HOLYOAKE,4189,02:49:20,NZL,Runner 40-49 years,468,Female,1818,485,1885,3217
3131,DIANA MCGLADE,5483,02:40:07,NZL,Runner 40-49 years,469,Female,1819,439,1726,3015
3132,CARINA GALLAGHER,4542,02:49:29,NZL,Runner 40-49 years,470,Female,1820,486,1887,3219
3133,DAVID PRATT,3368,02:40:45,NZL,Runner 40-49 years,302,Male,1313,298,1292,3031
3134,LUCY VAN RENSBURG,4222,02:56:25,NZL,Runner 40-49 years,471,Female,1821,510,1992,3351
3135,SUE MCARDLE,6054,02:46:01,USA,Runner 60-69 years,33,Female,1822,30,1836,3159
3136,DAVE SEMERARO,6266,02:46:00,USA,Runner 50-59 years,153,Male,1314,153,1322,3157
3137,RICKY GREEN,6857,02:46:00,USA,Runner 40-49 years,303,Male,1315,306,1323,3158
3138,LYSANDRA BROUGHAN,6269,02:45:50,NZL,Runner 20-29 years,570,Female,1823,577,1833,3150
3139,JOANNE WEBB,7006,02:44:56,AUS,Runner 50-59 years,179,Female,1824,177,1818,3128
3140,MARK HOURIGAN,7828,02:45:09,NZL,Runner 40-49 years,304,Male,1316,303,1313,3134
3141,JAN KILMISTER,3465,02:45:53,NZL,Walker 40-49 years,2,Female,1825,3,1834,3153
3142,MARK KILMISTER,3466,02:45:53,NZL,Walker 40-49 years,2,Male,1317,2,1319,3152
3143,PAULA SANCHES,6449,02:41:10,BRA,Runner 40-49 years,472,Female,1826,446,1746,3038
3144,LORI ELLIOTT,7543,02:50:06,USA,Runner 50-59 years,180,Female,1827,188,1894,3228
3145,SIMONE JARDEN,7956,02:55:45,NZL,Runner 50-59 years,181,Female,1828,200,1982,3340
3146,ANNE DAVIS,6645,02:50:20,AUS,Runner 40-49 years,473,Female,1829,488,1896,3230
3147,MARIA YOUNG,5208,02:53:58,NZL,Runner 30-39 years,528,Female,1830,558,1951,3302
3148,KAREN CRAWSHAW,4273,02:40:23,AUS,Runner 40-49 years,474,Female,1831,441,1729,3019
3149,HAROLD HILLMAN,8208,02:41:57,NZL,Runner 60-69 years,58,Male,1318,58,1296,3060
3150,LEAH FRANCES,5561,02:53:55,GBR,Runner 30-39 years,529,Female,1832,557,1949,3299
3151,SHANTI JACKSON,4816,02:41:47,NZL,Runner 20-29 years,571,Female,1833,556,1762,3057
3152,AMIT CHAUDHARY,7160,02:41:45,IND,Runner 30-39 years,397,Male,1319,393,1294,3053
3153,MELISSA COUTTS,4655,02:41:25,NZL,Runner 40-49 years,475,Female,1834,450,1752,3045
3154,JOHN WEATHERBURN,7592,02:51:07,NZL,Runner 50-59 years,154,Male,1320,157,1338,3243
3155,PAULINE WEATHERBURN,7588,02:51:07,NZL,Runner 50-59 years,182,Female,1835,189,1906,3244
3156,SELINA MARSTERS,6939,02:50:33,NZL,Runner 40-49 years,476,Female,1836,489,1899,3234
3157,MICHAEL KING,3456,02:46:56,NZL,Walker 40-49 years,3,Male,1321,3,1327,3179
3158,CATHY POPP,5796,02:41:46,USA,Runner 50-59 years,183,Female,1837,172,1761,3055
3159,ANTHONY COPELAND-PARKER,5795,02:41:47,USA,Runner 60-69 years,59,Male,1322,57,1295,3056
3160,ANDREW KIDD,5846,02:50:32,NZL,Runner 20-29 years,370,Male,1323,375,1335,3233
3161,SUZY WATKINS,8289,02:42:30,NZL,Walker 40-49 years,3,Female,1838,2,1774,3072
3162,HANNAH MILLER,5201,02:46:22,NZL,Runner 20-29 years,572,Female,1839,579,1843,3168
3163,JOANNA COX,6921,02:41:32,NZL,Runner 30-39 years,530,Female,1840,513,1757,3050
3164,MELANIE COMINS,3432,02:42:23,NZL,Walker 40-49 years,4,Female,1841,1,1770,3068
3165,ASHLEIGH RHODES,4606,02:51:12,NZL,Runner 20-29 years,573,Female,1842,594,1907,3246
3166,SHANNON BENTERMAN,7896,02:47:10,NZL,Runner 20-29 years,574,Female,1843,583,1855,3182
3167,SAMANTHA HANNON,6514,02:54:53,GBR,Runner 20-29 years,575,Female,1844,606,1971,3327
3168,JAYKEN PAUL,7988,02:42:34,NZL,Runner 16-19 years,33,Female,1845,31,1775,3073
3169,JO WEALANDS,6923,02:46:34,AUS,Runner 40-49 years,477,Female,1846,477,1849,3175
3170,MICHELLE CHANDLER,3746,02:50:59,AUS,Runner 40-49 years,478,Female,1847,491,1904,3241
3171,ANNA FRASER,4046,02:41:17,NZL,Runner 40-49 years,479,Female,1848,448,1749,3042
3172,KELSI HYLKEMA,5047,02:42:47,NZL,Runner 20-29 years,576,Female,1849,562,1779,3078
3173,LISA COURTNEY,4973,02:46:25,,Runner 20-29 years,577,Female,1850,580,1844,3169
3174,MELISSA READ,3023,02:46:09,NZL,Runner 40-49 years,480,Female,1851,475,1839,3162
3175,SHAUN O'DONAHOO,4144,02:55:04,AUS,Runner 50-59 years,155,Male,1324,164,1358,3332
3176,KATE JONES,4032,02:46:25,NZL,Runner 20-29 years,578,Female,1852,581,1845,3170
3177,ANDREW ROGERS,4033,02:46:26,NZL,Runner 20-29 years,371,Male,1325,372,1326,3171
3178,PIP NOLAN,3684,02:47:41,NZL,Runner 20-29 years,579,Female,1853,584,1863,3190
3179,YUEYAO JIANG,6826,02:56:05,CHN,Runner 30-39 years,531,Female,1854,565,1985,3343
3180,DONG XIN CHEN,7765,02:42:56,CHN,Runner 20-29 years,372,Male,1326,367,1301,3080
3181,OLIVIA MACKY,6546,02:41:45,NZL,Runner 20-29 years,580,Female,1855,555,1760,3054
3182,BRIDGET LAMBERT,5863,02:51:34,NZL,Runner 40-49 years,481,Female,1856,496,1915,3257
3183,LAURA NICHOLSON,5560,02:55:14,GBR,Runner 20-29 years,581,Female,1857,607,1978,3336
3184,JENNIFER LINDSAY,7439,02:47:58,NZL,Runner 30-39 years,532,Female,1858,540,1867,3194
3185,JOANNE HULL,4013,02:47:20,NZL,Runner 40-49 years,482,Female,1859,481,1860,3187
3186,JULIET TOWERS,7632,02:41:29,GBR,Runner 40-49 years,483,Female,1860,451,1753,3046
3187,AINSLEE HANSON,3589,02:42:37,NZL,Runner 20-29 years,582,Female,1861,561,1777,3075
3188,ISABEL ROSS,3816,02:51:55,NZL,Runner 30-39 years,533,Female,1862,549,1919,3262
3189,KERI MAUNDER,3393,02:41:55,NZL,Runner 20-29 years,583,Female,1863,557,1763,3058
3190,LIAM MCDERMOTT,7645,02:42:16,NZL,Runner 20-29 years,373,Male,1327,366,1298,3067
3191,JESSICA STEVENSON,3914,02:42:16,NZL,Runner 20-29 years,584,Female,1864,559,1769,3066
3192,WANCHENG CHANG,7343,02:41:40,,Runner 20-29 years,585,Female,1865,554,1758,3051
3193,STEVE INKSTER,7618,02:52:03,NZL,Runner 50-59 years,156,Male,1328,160,1344,3265
3194,MEI CHIN FOONG,7158,02:43:17,,Runner 20-29 years,586,Female,1866,565,1785,3090
3195,LISA HAYES,7551,02:41:57,NZL,Runner 30-39 years,534,Female,1867,515,1764,3059
3196,BEN HEAVEN,5335,02:43:14,AUS,Runner 20-29 years,374,Male,1329,368,1304,3086
3197,MELANIE WILLIAMS,6172,02:51:56,NZL,Walker 40-49 years,5,Female,1868,7,1920,3263
3198,BRIDGET FOOTE,7022,02:48:27,NZL,Runner 20-29 years,587,Female,1869,586,1874,3201
3199,PRASAD THOMAS,3155,02:58:44,IND,Runner 60-69 years,60,Male,1330,60,1365,3389
3200,JEAN ROBINSON,3216,02:43:34,GBR,Runner 40-49 years,484,Female,1870,456,1790,3095
3201,EMMA SHERIDAN,7329,02:42:36,NZL,Runner 20-29 years,588,Female,1871,560,1776,3074
3202,MAXINE HYLKEMA,5048,02:44:01,NZL,Runner 50-59 years,184,Female,1872,175,1798,3104
3203,KAITLIN MCLAUGHLAN,4736,02:59:22,NZL,Runner 20-29 years,589,Female,1873,616,2034,3402
3204,PHIL BARCLAY,3610,02:43:13,NZL,Runner 40-49 years,305,Male,1331,300,1303,3084
3205,REBECCA RUDDENKLAU,4965,02:42:24,NZL,Runner 30-39 years,535,Female,1874,517,1772,3070
3206,TOM RIA,7242,02:43:02,NZL,Walker 20-29 years,3,Male,1332,3,1302,3081
3207,MUNISHA SINGH,8173,02:48:28,,Runner 30-39 years,536,Female,1875,545,1876,3203
3208,ADELE GARDYNE,4847,02:44:12,NZL,Runner 20-29 years,590,Female,1876,571,1805,3113
3209,CLARE BEAL,3643,02:47:59,GBR,Runner 40-49 years,485,Female,1877,482,1868,3195
3210,TANIA FLINT,8081,02:59:45,NZL,Runner 30-39 years,537,Female,1878,579,2038,3408
3211,CHONTELLE TIE,6390,02:48:06,NZL,Runner 30-39 years,538,Female,1879,541,1870,3197
3212,TAKESHI ONUKI,7254,02:49:10,JPN,Runner 40-49 years,306,Male,1333,307,1332,3214
3213,MARIAN TUNNICLIFFE,5790,02:57:00,NZL,Runner 50-59 years,185,Female,1880,205,1999,3360
3214,PHILIPPA WILLIAMS,8154,02:56:50,NZL,Runner 50-59 years,186,Female,1881,204,1997,3357
3215,CAMILLE DAGUPEN,6128,02:43:23,NZL,Runner 30-39 years,539,Female,1882,521,1788,3093
3216,MIRIAM MATH,6164,02:43:23,NZL,Runner 20-29 years,591,Female,1883,566,1787,3092
3217,PIP KIRK,3748,02:45:08,NZL,Runner 30-39 years,540,Female,1884,529,1821,3133
3218,LILLIAN LEATHEM,5391,02:53:34,NZL,Runner 40-49 years,486,Female,1885,499,1942,3290
3219,CLAIRE WATERWORTH,3359,02:45:15,NZL,Runner 40-49 years,487,Female,1886,472,1822,3135
3220,SHARON WOOD,3093,02:44:04,NZL,Runner 50-59 years,187,Female,1887,176,1799,3105
3221,EVA PISCOVA,8065,02:49:53,SLV,Runner 30-39 years,541,Female,1888,546,1892,3225
3222,TANYA NICHOLLS-DILLON,3256,02:49:52,NZL,Runner 40-49 years,488,Female,1889,487,1891,3224
3223,JESSE WYNNE,6433,02:54:21,NZL,Runner 20-29 years,592,Female,1890,601,1962,3316
3224,AARON KESHA,7191,02:44:58,NZL,Runner 40-49 years,307,Male,1334,302,1312,3130
3225,HELEN BALSOM,7398,02:57:37,NZL,Runner 40-49 years,489,Female,1891,514,2007,3370
3226,GEORGIA BUTT,7905,02:54:02,NZL,Runner 16-19 years,34,Female,1892,34,1955,3306
3227,MARYA SPENCER,4593,02:45:33,NZL,Runner 30-39 years,542,Female,1893,531,1828,3143
3228,CORRIE FUQUAY,8097,02:49:05,USA,Runner 70+ years,3,Female,1894,3,1881,3212
3229,LIHONG CHEN,5132,02:44:31,CHN,Runner 40-49 years,490,Female,1895,465,1811,3120
3230,SONJA JOHNSTON,5478,02:49:53,NZL,Walker 60-69 years,2,Female,1896,2,1893,3226
3231,LAURA KNOX,4809,02:44:10,NZL,Runner 30-39 years,543,Female,1897,525,1802,3110
3232,ALISON MILLER,4192,02:44:17,AUS,Runner 30-39 years,544,Female,1898,526,1806,3114
3233,EMMA LUPS,6282,02:45:16,GBR,Runner 30-39 years,545,Female,1899,530,1823,3136
3234,TANG JI,5111,02:44:37,CHN,Runner 30-39 years,398,Male,1335,395,1310,3123
3235,CLAIRE PADGETT,7120,02:46:00,USA,Runner 30-39 years,546,Female,1900,533,1835,3156
3236,KARINA HOOPER,5240,02:44:55,NZL,Runner 40-49 years,491,Female,1901,470,1817,3127
3237,KAREN AMYES,8030,02:46:11,NZL,Runner 50-59 years,188,Female,1902,180,1840,3163
3238,MICHAEL O'DONNELL,6104,02:45:45,NZL,Runner 40-49 years,308,Male,1336,305,1317,3147
3239,CHIHO KURIHARA,4967,02:51:04,JPN,Runner 20-29 years,593,Female,1903,593,1905,3242
3240,DANELLE NATTRASS,3986,02:46:33,NZL,Runner 30-39 years,547,Female,1904,535,1848,3174
3241,TRACI CURTAIN,5336,02:45:06,AUS,Runner 40-49 years,492,Female,1905,471,1820,3132
3242,JANE LAUREN,4363,02:55:19,NZL,Runner 40-49 years,493,Female,1906,506,1980,3338
3243,KRISTI RABBITT,5988,02:50:38,NZL,Runner 20-29 years,594,Female,1907,592,1900,3235
3244,RYO TAKAHASHI,4831,02:51:10,JPN,Runner 20-29 years,375,Male,1337,376,1339,3245
3245,OTA YUKIHIRO,4974,02:51:12,JPN,Runner 50-59 years,157,Male,1338,158,1340,3247
3246,KARLA MARTIN,3251,02:51:27,NZL,Runner 40-49 years,494,Female,1908,494,1912,3252
3247,JENNIFER NORDEN,3252,02:51:27,NZL,Runner 40-49 years,495,Female,1909,493,1911,3251
3248,NICALA HUSBAND,5541,02:51:27,NZL,Runner 40-49 years,496,Female,1910,492,1910,3250
3249,PAUL WELBOURN,3136,02:59:30,AUS,Runner 40-49 years,309,Male,1339,309,1369,3404
3250,MARK CORBETT,7815,02:45:59,NZL,Walker 50-59 years,1,Male,1340,1,1321,3155
3251,LYNNE PRYOR,8137,02:45:46,NZL,Runner 50-59 years,189,Female,1911,178,1831,3148
3252,BONNIE GOLDING,4319,02:45:29,NZL,Runner 20-29 years,595,Female,1912,575,1826,3140
3253,HANNAH ENGLISH,4803,02:45:26,NZL,Runner 20-29 years,596,Female,1913,573,1824,3138
3254,MIKE RODDY,7224,02:46:15,AUS,Runner 50-59 years,158,Male,1341,154,1324,3164
3255,LIBBY WHITTAKER,3926,02:47:07,NZL,Runner 20-29 years,597,Female,1914,582,1854,3181
3256,LISA SMITH,7132,02:59:40,NZL,Runner 40-49 years,497,Female,1915,521,2037,3407
3257,SARAH STRATFORD,8122,02:59:51,NZL,Runner 30-39 years,548,Female,1916,580,2040,3410
3258,ALLI HEWITT,3608,02:51:36,NZL,Walker 50-59 years,3,Female,1917,5,1916,3258
3259,JODIE EATHER,4653,02:46:42,NZL,Runner 40-49 years,498,Female,1918,478,1852,3178
3260,VIRGINIA BAGSHAW,5362,02:46:07,AUS,Runner 40-49 years,499,Female,1919,474,1837,3160
3261,SONYA DUNLEA,4866,02:47:02,NZL,Runner 30-39 years,549,Female,1920,536,1853,3180
3262,TINA MATEJKA,3832,02:46:32,USA,Runner 50-59 years,190,Female,1921,181,1847,3173
3263,JOHN MCGEE,4061,02:56:17,AUS,Walker 60-69 years,3,Male,1342,4,1359,3348
3264,ERIN HURLEY,6272,02:47:56,NZL,Runner 20-29 years,598,Female,1922,585,1866,3193
3265,TRACEY OVERHILL,4029,02:52:17,NZL,Runner 50-59 years,191,Female,1923,193,1923,3267
3266,ANN STELLINGWERF,4211,02:47:27,NZL,Runner 50-59 years,192,Female,1924,183,1861,3188
3267,ELAINE JOYCE,8225,02:52:41,,Walker 50-59 years,4,Female,1925,6,1927,3272
3268,MELANIE REEVES,4844,02:48:24,NZL,Runner 30-39 years,550,Female,1926,543,1873,3200
3269,RACHAEL HAMILTON,8214,02:46:42,NZL,Walker 40-49 years,6,Female,1927,4,1850,3176
3270,ISABELLA DESBONNETS,7157,02:46:42,NZL,Walker 40-49 years,7,Female,1928,5,1851,3177
3271,MICHELLE WHITE,5202,02:53:26,AUS,Runner 40-49 years,500,Female,1929,498,1940,3288
3272,CORRINA PETERSEN,7793,02:52:02,NZL,Runner 50-59 years,193,Female,1930,192,1921,3264
3273,ABIGAIL JONES,6393,02:47:46,GBR,Runner 30-39 years,551,Female,1931,539,1864,3191
3274,NATALIE MEECH,3921,02:48:10,NZL,Runner 30-39 years,552,Female,1932,542,1871,3198
3275,MILLICENT BASHER,6547,02:52:51,NZL,Runner 20-29 years,599,Female,1933,597,1932,3278
3276,STEVE FLETT,4526,02:53:36,NZL,Runner 50-59 years,159,Male,1343,161,1349,3291
3277,TRUDI BATY,6681,02:53:18,NZL,Runner 50-59 years,194,Female,1934,197,1937,3284
3278,KEVIN THOMAS,7817,02:52:58,NZL,Walker 50-59 years,2,Male,1344,3,1347,3281
3279,KIRSTI SHELDON,4413,02:52:35,CAN,Walker 40-49 years,8,Female,1935,8,1926,3271
3280,KATRINA LOGAN,4991,02:53:30,NZL,Walker 40-49 years,9,Female,1936,9,1941,3289
3281,FRANCES NEESON,5063,02:52:31,NZL,Runner 30-39 years,553,Female,1937,551,1925,3270
3282,ROSALIE KLOEG,5852,02:54:15,NZL,Runner 30-39 years,554,Female,1938,559,1958,3312
3283,LAURA KERR,4785,02:54:26,NZL,Runner 20-29 years,600,Female,1939,603,1964,3318
3284,PETER ASHTON,3916,02:54:13,NZL,Runner 50-59 years,160,Male,1345,163,1354,3311
3285,LOUISE MOLLARD,7667,02:53:52,NZL,Walker 50-59 years,5,Female,1940,7,1946,3296
3286,SARAH FINLAY,6492,02:53:52,NZL,Walker 40-49 years,10,Female,1941,10,1945,3295
3287,JANE SAVAGE,6866,02:53:54,NZL,Walker 40-49 years,11,Female,1942,11,1947,3297
3288,CONNOR SIMMONDS,5145,02:48:58,NZL,Runner 20-29 years,376,Male,1346,374,1331,3209
3289,RACHEL BLAND,4106,02:48:58,GBR,Runner 20-29 years,601,Female,1943,588,1879,3210
3290,IVAN LIM,4264,02:54:40,AUS,Walker 30-39 years,2,Male,1347,2,1355,3322
3291,MY PHU,4265,02:54:40,AUS,Walker 30-39 years,3,Male,1348,3,1356,3323
3292,LOIS HOPPER,3535,02:54:16,NZL,Walker 30-39 years,2,Female,1944,2,1959,3313
3293,SHIRLEY WALTERS,4474,02:54:00,GBR,Walker 50-59 years,6,Female,1945,9,1954,3305
3294,ANGELA PORTHOUSE,7323,02:48:27,NZL,Runner 30-39 years,555,Female,1946,544,1875,3202
3295,CAITLIN MILLAR-JACK,5898,02:53:59,NZL,Walker 40-49 years,12,Female,1947,12,1952,3303
3296,STEPHANIE MILLAR,5897,02:53:59,NZL,Walker 60-69 years,3,Female,1948,3,1953,3304
3297,JIA CHIH SO,6961,02:59:04,,Runner 20-29 years,602,Female,1949,615,2026,3391
3298,REBECCA CLARK,7045,02:49:48,NZL,Runner 20-29 years,603,Female,1950,589,1888,3221
3299,JUDY CLARK,7044,02:49:48,NZL,Runner 50-59 years,195,Female,1951,186,1889,3222
3300,KATIE MCCLURE,3550,03:02:49,NZL,Runner 30-39 years,556,Female,1952,585,2083,3457
3301,MIRINDA BARKEMA,3053,02:55:07,NZL,Walker 50-59 years,7,Female,1953,10,1975,3333
3302,ELSA SWEETNAM,5583,02:55:08,,Walker 40-49 years,13,Female,1954,13,1976,3334
3303,PATRICK KAVANAGH,3656,02:58:30,GBR,Runner 50-59 years,161,Male,1349,166,1364,3384
3304,JANINE KAVANAGH,3321,02:58:30,NZL,Runner 50-59 years,196,Female,1955,207,2021,3385
3305,NANCY HORTON,4461,02:49:01,NZL,Runner 50-59 years,197,Female,1956,184,1880,3211
3306,YAN LI,6881,02:53:56,CHN,Runner 40-49 years,501,Female,1957,501,1950,3300
3307,ABBY WILSON,7806,02:54:56,NZL,Runner 30-39 years,557,Female,1958,561,1973,3330
3308,BEN RAWCLIFFE,7805,02:54:56,NZL,Runner 30-39 years,399,Male,1350,400,1357,3329
3309,LYANNE COLEY,4454,02:54:46,NZL,Runner 50-59 years,198,Female,1959,198,1969,3325
3310,MARTIN WEAVER,6373,02:50:02,NZL,Runner 50-59 years,162,Male,1351,155,1334,3227
3311,MAEVE PLATTS,4208,02:50:19,NZL,Runner 20-29 years,604,Female,1960,590,1895,3229
3312,IVAN IMIOLEK,5198,02:50:53,GBR,Runner 50-59 years,163,Male,1352,156,1337,3240
3313,MEL COX,3516,02:49:19,NZL,Runner 40-49 years,502,Female,1961,483,1883,3215
3314,JANE O'CONNOR,3537,02:49:19,NZL,Runner 40-49 years,503,Female,1962,484,1884,3216
3315,MARIE CRUICKSHANK,3421,02:54:28,NZL,Runner 40-49 years,504,Female,1963,503,1965,3319
3316,MICHAEL GOODWIN,5856,02:59:18,NZL,Runner 50-59 years,164,Male,1353,167,1367,3399
3317,SUZANNE GOODWIN,5858,02:59:19,NZL,Runner 60-69 years,34,Female,1964,35,2033,3400
3318,PHILIP BELLAMY,7612,02:50:51,NZL,Walker 50-59 years,3,Male,1354,2,1336,3238
3319,PAULA HAINES-BELLAMY,7611,02:50:51,NZL,Walker 50-59 years,8,Female,1965,4,1903,3239
3320,HUGHIE NOLAN,3719,03:00:00,CAN,Runner 70+ years,7,Male,1355,8,1371,3411
3321,BRIDGET GRAY,6558,02:50:40,NZL,Runner 40-49 years,505,Female,1966,490,1902,3237
3322,NICHOLAS CALDER,3842,02:59:19,NZL,Runner 30-39 years,400,Male,1356,401,1368,3401
3323,LYNLEY MCGOVERN,5693,02:55:59,NZL,Walker 50-59 years,9,Female,1967,11,1983,3341
3324,NICOLA DEASON,6241,02:56:18,NZL,Walker 40-49 years,14,Female,1968,14,1991,3350
3325,MILLIE FARR,7786,03:00:06,NZL,Runner 20-29 years,605,Female,1969,617,2043,3414
3326,CATHERINE BRUNET,4759,02:51:13,CAN,Runner 30-39 years,558,Female,1970,548,1908,3248
3327,GARY KHOO,6783,02:56:51,,Runner 50-59 years,165,Male,1357,165,1361,3358
3328,CHRISTINE STEVENS,7127,03:00:16,NZL,Runner 30-39 years,559,Female,1971,581,2047,3419
3329,NAOMI WHITE,8209,02:56:34,NZL,Runner 30-39 years,560,Female,1972,566,1995,3354
3330,JANE HAINES,4349,02:56:29,NZL,Runner 50-59 years,199,Female,1973,203,1994,3353
3331,KATE MCKENZIE,4360,02:56:29,NZL,Runner 50-59 years,200,Female,1974,202,1993,3352
3332,JO ANDERSON,3536,02:51:46,NZL,Runner 50-59 years,201,Female,1975,191,1917,3260
3333,GRAHAM DRAKE,3212,02:56:45,NZL,Walker 40-49 years,4,Male,1358,5,1360,3355
3334,CAROLINE DRAKE,3245,02:56:47,NZL,Walker 40-49 years,15,Female,1976,15,1996,3356
3335,ROSE-MAREE EDWARDS,4923,03:00:40,NZL,Runner 20-29 years,606,Female,1977,621,2053,3425
3336,CHRISTINA DESBONNETS,5721,02:50:40,NZL,Walker 50-59 years,10,Female,1978,3,1901,3236
3337,CHUN YEONG ONG,7764,02:52:29,,Runner 20-29 years,377,Male,1359,377,1345,3269
3338,RAYMOND DOBBE,7682,02:57:03,NZL,Walker 40-49 years,5,Male,1360,6,1362,3363
3339,RAELENE GRINTER,3644,02:57:03,NZL,Runner 40-49 years,506,Female,1979,512,2001,3362
3340,HENG CHANG,7593,02:51:41,CHN,Runner 30-39 years,401,Male,1361,399,1343,3259
3341,EMMA DAKERS,3029,02:51:50,GBR,Walker 20-29 years,6,Female,1980,6,1918,3261
3342,SHIYEE TEO,7401,03:07:12,,Runner 20-29 years,607,Female,1981,629,2128,3512
3343,GINA TAP,7713,02:56:10,AUS,Runner 40-49 years,507,Female,1982,507,1986,3344
3344,MADELEINE TAYLOR,4912,02:56:14,AUS,Runner 50-59 years,202,Female,1983,201,1987,3345
3345,ROBERT REDMOND,8179,02:51:31,NZL,Runner 50-59 years,166,Male,1362,159,1342,3254
3346,ALISON COULTHURST,7862,02:57:16,AUS,Runner 50-59 years,203,Female,1984,206,2005,3368
3347,ANGELA HULL,5841,02:57:08,NZL,Runner 30-39 years,561,Female,1985,568,2004,3366
3348,AMANDA BRADLEY,4882,02:52:14,NZL,Runner 30-39 years,562,Female,1986,550,1922,3266
3349,LIZ WILLIAMS,4835,02:52:21,NZL,Runner 50-59 years,204,Female,1987,194,1924,3268
3350,JUDITH STEWART,3542,03:05:57,NZL,Walker 60-69 years,4,Female,1988,7,2118,3501
3351,ANNA SANSON,6761,02:52:51,NZL,Runner 20-29 years,608,Female,1989,596,1929,3275
3352,LIAM LOFTUS,8182,02:52:50,NZL,Runner 20-29 years,378,Male,1363,378,1346,3274
3353,MEREDITH STUCK,6648,02:57:01,NZL,Runner 40-49 years,508,Female,1990,511,2000,3361
3354,BROOKE LORD,5348,02:57:47,NZL,Runner 30-39 years,563,Female,1991,570,2009,3372
3355,SARAH GRAY,6611,02:53:22,NZL,Runner 30-39 years,564,Female,1992,555,1939,3286
3356,HAYLEY SANFORD,5078,02:52:51,NZL,Runner 30-39 years,565,Female,1993,553,1930,3276
3357,JODIE WHITSON-MORRIS,7639,02:52:51,NZL,Runner 30-39 years,566,Female,1994,554,1931,3277
3358,RACHAEL MACKAY,6886,02:53:06,NZL,Runner 50-59 years,205,Female,1995,195,1935,3282
3359,NADJA COURT,6887,02:53:06,NZL,Runner 50-59 years,206,Female,1996,196,1936,3283
3360,MIKE LOWDEN,6653,02:53:43,NZL,Runner 50-59 years,167,Male,1364,162,1350,3292
3361,SANGEETHA SELVARAJAH,4141,03:02:10,AUS,Walker 30-39 years,3,Female,1997,6,2076,3449
3362,COLLETTE SCOTT,6501,02:52:49,GBR,Runner 30-39 years,567,Female,1998,552,1928,3273
3363,LISA SARGISON,5980,02:58:32,NZL,Walker 40-49 years,16,Female,1999,16,2022,3386
3364,NANCY BRADY,4172,03:02:25,CAN,Runner 70+ years,4,Female,2000,4,2079,3453
3365,RACHAEL SIMPSON,7000,02:53:22,NZL,Runner 40-49 years,509,Female,2001,497,1938,3285
3366,ROD HICKS,8215,02:53:23,NZL,Walker 60-69 years,4,Male,1365,3,1348,3287
3367,KELLY OLSEN,4768,02:59:09,NZL,Runner 30-39 years,568,Female,2002,576,2027,3392
3368,JULIETTE CHRISTIESON,3583,02:58:59,GBR,Runner 40-49 years,510,Female,2003,519,2025,3390
3369,STEPHANIE LORD,3287,02:54:19,NZL,Runner 20-29 years,609,Female,2004,600,1961,3315
3370,LOGAN HOWLETT,7300,02:54:08,NZL,Runner 20-29 years,379,Male,1366,379,1353,3309
3371,KATE THOMPSON,7302,02:54:09,NZL,Runner 20-29 years,610,Female,2005,599,1957,3310
3372,LYNDA MANN,3874,02:59:10,NZL,Walker 50-59 years,11,Female,2006,13,2029,3394
3373,NATALIE HUTCHINSON,4590,02:59:10,NZL,Walker 50-59 years,12,Female,2007,12,2028,3393
3374,DALE EGERTON,7756,02:54:54,NZL,Runner 40-49 years,511,Female,2008,505,1972,3328
3375,MAREE PRATT,4203,02:54:38,NZL,Runner 40-49 years,512,Female,2009,504,1966,3320
3376,SHONA MITCHELL,6048,02:58:16,NZL,Runner 60-69 years,35,Female,2010,34,2012,3375
3377,KRISTEN HINES,6032,02:58:22,NZL,Runner 40-49 years,513,Female,2011,517,2013,3376
3378,JOANNE LOWE,4187,02:55:09,AUS,Runner 30-39 years,569,Female,2012,563,1977,3335
3379,ALISTAIR MCGAUGHRAN,5628,02:59:36,NZL,Runner 50-59 years,168,Male,1367,168,1370,3406
3380,JULIE SOWTER,5712,02:53:55,NZL,Walker 50-59 years,13,Female,2013,8,1948,3298
3381,KATIE BERRY,6070,02:53:51,NZL,Runner 30-39 years,570,Female,2014,556,1944,3294
3382,JOHN SOWTER,7668,02:53:58,NZL,Walker 50-59 years,4,Male,1368,4,1351,3301
3383,KARYN BUCKMAN,6324,03:00:00,NZL,Runner 50-59 years,207,Female,2015,209,2041,3412
3384,CHRISTINE CLARK,5401,03:08:02,NZL,Runner 50-59 years,208,Female,2016,217,2137,3525
3385,JO DURKIN,5143,03:08:02,NZL,Runner 50-59 years,209,Female,2017,218,2138,3526
3386,ANDREA ELLISON,7575,02:54:39,NZL,Runner 30-39 years,571,Female,2018,560,1967,3321
3387,HOLLY GIBSON,4326,02:55:17,NZL,Runner 30-39 years,572,Female,2019,564,1979,3337
3388,YU LU,5950,02:54:05,CHN,Runner 40-49 years,514,Female,2020,502,1956,3307
3389,JIAN BIAO ZHOU,5951,02:54:06,CHN,Walker 40-49 years,6,Male,1369,4,1352,3308
3390,BRITTA CHRISTIANSEN,4840,02:55:26,NZL,Runner 50-59 years,210,Female,2021,199,1981,3339
3391,KATE BONICA,6981,02:59:34,AUS,Runner 30-39 years,573,Female,2022,578,2036,3405
3392,LUCIA BANCO,3845,02:59:10,AUS,Runner 30-39 years,574,Female,2023,577,2030,3395
3393,ABBY MAIRE,5360,02:54:19,NZL,Walker 30-39 years,4,Female,2024,3,1960,3314
3394,NICK MAIRE,5073,03:11:06,NZL,Walker 40-49 years,7,Male,1370,9,1397,3580
3395,KELLY TAN,7886,02:54:44,NZL,Runner 20-29 years,611,Female,2025,604,1968,3324
3396,STEPH PRUJEAN,3636,03:00:44,NZL,Runner 40-49 years,515,Female,2026,524,2054,3426
3397,JOANNE HARVEY,5307,02:59:16,NZL,Runner 40-49 years,516,Female,2027,520,2031,3396
3398,NATALIE HOWES,6495,03:00:36,NZL,Runner 30-39 years,575,Female,2028,582,2052,3424
3399,CAITLIN MAHON,5375,02:54:22,NZL,Runner 20-29 years,612,Female,2029,602,1963,3317
3400,CATHERINE SANDELIN,6143,02:59:45,NZL,Walker 50-59 years,14,Female,2030,14,2039,3409
3401,SHAREN ASHLEY,4901,03:05:16,NZL,Runner 50-59 years,211,Female,2031,214,2104,3484
3402,ANGELA BLAIR,4902,03:05:16,NZL,Runner 30-39 years,576,Female,2032,588,2105,3485
3403,DEREK BLANK,7898,03:04:37,NZL,Runner 30-39 years,402,Male,1371,403,1380,3478
3404,ANNA WOODWISS,6649,02:56:18,NZL,Runner 40-49 years,517,Female,2033,509,1990,3349
3405,AOIFE PLATTS,4209,02:56:01,NZL,Runner 20-29 years,613,Female,2034,608,1984,3342
3406,SAM HEENEY,8130,02:56:15,NZL,Runner 40-49 years,518,Female,2035,508,1989,3347
3407,SHEENAGH BROOKS,6748,02:54:59,NZL,Runner 30-39 years,577,Female,2036,562,1974,3331
3408,TONI WOOLHOUSE,4693,03:00:30,NZL,Runner 20-29 years,614,Female,2037,620,2050,3422
3409,SHELLEY HODGE,6508,03:01:50,NZL,Walker 50-59 years,15,Female,2038,20,2068,3441
3410,JULIE CHRISTIE,6599,03:01:51,NZL,Runner 50-59 years,212,Female,2039,211,2070,3443
3411,ROSIE MACINNES,6409,02:56:15,GBR,Runner 20-29 years,615,Female,2040,609,1988,3346
3412,TONIA CALDERWOOD,5921,03:00:55,NZL,Walker 50-59 years,16,Female,2041,16,2056,3428
3413,ELIZABETH LEITCH,6747,03:00:58,NZL,Walker 40-49 years,17,Female,2042,19,2058,3430
3414,CATHERINE BUCHANAN,6745,03:00:58,NZL,Walker 40-49 years,18,Female,2043,20,2059,3431
3415,JOANNA SHAND,4881,03:01:04,NZL,Walker 50-59 years,17,Female,2044,17,2061,3433
3416,TREACY BELL,6175,03:01:06,NZL,Walker 50-59 years,18,Female,2045,18,2062,3434
3417,RAEWYN PEDLER,5097,03:01:50,NZL,Runner 40-49 years,519,Female,2046,527,2067,3440
3418,JAN POYNTZ-ROBERTS,5103,03:01:50,NZL,Runner 40-49 years,520,Female,2047,528,2069,3442
3419,BARBARA FUMPSTON,7787,03:01:10,NZL,Walker 50-59 years,19,Female,2048,19,2063,3435
3420,LESLEY FAIRBANKS,5580,03:01:41,AUS,Runner 40-49 years,521,Female,2049,526,2066,3439
3421,WARWICK CALKIN,4109,03:05:50,NZL,Runner 50-59 years,169,Male,1372,170,1383,3498
3422,DEBORAH HUNTER,4110,03:05:50,NZL,Runner 50-59 years,213,Female,2050,215,2115,3497
3423,MICHELLE RYAN,3574,03:02:08,NZL,Runner 40-49 years,522,Female,2051,529,2074,3447
3424,NICOLA WILSON-KELLY,7857,03:06:30,NZL,Runner 40-49 years,523,Female,2052,534,2123,3506
3425,MICHELE HENDERSON,4869,03:10:24,NZL,Runner 50-59 years,214,Female,2053,226,2169,3564
3426,SARAH GATHERCOLE,3791,02:56:53,NZL,Runner 30-39 years,578,Female,2054,567,1998,3359
3427,KOMAL MISTRY,5327,03:01:54,NZL,Walker 30-39 years,5,Female,2055,5,2071,3444
3428,JO CRIBB,3213,02:57:55,NZL,Runner 40-49 years,524,Female,2056,515,2010,3373
3429,AWHINA SIGNORELLI,6706,02:58:22,NZL,Runner 30-39 years,579,Female,2057,571,2014,3377
3430,SUSANNAH MIALL,7197,02:58:25,AUS,Runner 40-49 years,525,Female,2058,518,2018,3381
3431,JOANNA BYERS,3761,02:58:22,AUS,Runner 30-39 years,580,Female,2059,572,2015,3378
3432,BETHANY WILLIAMSON,8072,02:58:23,AUS,Runner 30-39 years,581,Female,2060,574,2017,3380
3433,HANNAH PHILLIPS,3508,03:02:03,NZL,Runner 20-29 years,616,Female,2061,622,2072,3445
3434,BEC SHARKEY,5219,02:57:17,AUS,Runner 40-49 years,526,Female,2062,513,2006,3369
3435,CLAIRE MCKENZIE,5305,03:12:41,NZL,Runner 20-29 years,617,Female,2063,636,2207,3606
3436,ROSANNA HAMILTON,7166,02:57:04,NZL,Runner 20-29 years,618,Female,2064,611,2003,3365
3437,LEONIE JACKSON,7298,02:57:04,NZL,Runner 20-29 years,619,Female,2065,610,2002,3364
3438,JO O'HAGAN,4851,02:57:58,NZL,Runner 40-49 years,527,Female,2066,516,2011,3374
3439,CATHIE COTTER,4403,03:07:01,NZL,Runner 50-59 years,215,Female,2067,216,2127,3510
3440,CARRIE WITHERS,3955,03:02:09,GBR,Runner 40-49 years,528,Female,2068,530,2075,3448
3441,SIAN JENKINS,4757,02:57:40,NZL,Runner 30-39 years,582,Female,2069,569,2008,3371
3442,FIONA ELLIS,5851,03:02:25,NZL,Walker 50-59 years,20,Female,2070,21,2080,3454
3443,KIRSTIN WILSON-MOORE,5225,02:58:23,NZL,Runner 30-39 years,583,Female,2071,573,2016,3379
3444,RACHEL GOLDBERG,6654,03:03:28,NZL,Runner 40-49 years,529,Female,2072,532,2089,3465
3445,JAMES FULTON,4093,03:03:09,NZL,Runner 50-59 years,170,Male,1373,169,1375,3461
3446,SHARON HODGSON,5388,03:08:06,NZL,Runner 50-59 years,216,Female,2073,221,2142,3530
3447,JANE MAGNUSSON,5389,03:08:05,NZL,Runner 50-59 years,217,Female,2074,220,2140,3528
3448,LUCY MOLONEY,7727,03:02:38,AUS,Runner 20-29 years,620,Female,2075,623,2082,3456
3449,LUANA AXTENS,3937,03:11:28,NZL,Runner 40-49 years,530,Female,2076,544,2186,3583
3450,SHOUN XIA WONG,7752,03:03:27,,Runner 20-29 years,621,Female,2077,626,2088,3464
3451,HUANG WEI FONG,6984,02:57:11,,Runner 20-29 years,380,Male,1374,380,1363,3367
3452,CHARLOTTE MORTON,5910,02:58:33,NZL,Runner 20-29 years,622,Female,2078,613,2023,3387
3453,MARIA DOVEY,3396,03:04:06,NZL,Runner 50-59 years,218,Female,2079,213,2091,3468
3454,EILISH PLATTS,8207,02:59:17,NZL,Runner 16-19 years,35,Female,2080,35,2032,3397
3455,EMILY JONES,5387,02:58:29,NZL,Runner 20-29 years,623,Female,2081,612,2020,3383
3456,SONIA JORDAN,7474,02:59:28,NZL,Runner 50-59 years,219,Female,2082,208,2035,3403
3457,ALI ANDERSON,5555,02:58:25,NZL,Runner 30-39 years,584,Female,2083,575,2019,3382
3458,WAYNE MUNRO,4389,02:59:18,NZL,Runner 70+ years,8,Male,1375,7,1366,3398
3459,MELISSA BROWN,5746,03:04:28,NZL,Runner 30-39 years,585,Female,2084,586,2095,3473
3460,KATRINA THOMAS,4400,03:08:04,NZL,Runner 50-59 years,220,Female,2085,219,2139,3527
3461,KERRY KETTLE,4351,03:00:06,NZL,Walker 40-49 years,19,Female,2086,18,2044,3415
3462,KYLIE MURRELL,6352,03:00:05,NZL,Walker 40-49 years,20,Female,2087,17,2042,3413
3463,TRACEY BENEFIELD,3514,03:04:32,NZL,Walker 50-59 years,21,Female,2088,25,2098,3477
3464,TEENA MESTRES,5546,03:00:13,AUS,Runner 40-49 years,531,Female,2089,522,2046,3418
3465,LORETTA DESOURDY,6125,03:04:11,NZL,Runner 60-69 years,36,Female,2090,37,2092,3469
3466,JUDE COOPER,3838,03:00:17,NZL,Walker 60-69 years,5,Female,2091,4,2049,3421
3467,ANNA COOPER,3840,03:00:16,NZL,Runner 20-29 years,624,Female,2092,619,2048,3420
3468,DONNA FLAVELL,3851,03:05:06,NZL,Walker 50-59 years,22,Female,2093,26,2100,3480
3469,ROBYN JOYCE,3188,03:05:06,NZL,Walker 50-59 years,23,Female,2094,27,2101,3481
3470,DEBBIE FOWLE,8039,03:00:33,NZL,Runner 40-49 years,532,Female,2095,523,2051,3423
3471,JADE HARMON,6735,02:58:43,NZL,Runner 20-29 years,625,Female,2096,614,2024,3388
3472,MATTHEW ROLLESTON,7217,03:09:53,NZL,Runner 20-29 years,381,Male,1376,383,1394,3559
3473,WHARE WARD,3910,03:00:09,NZL,Runner 40-49 years,310,Male,1377,310,1372,3416
3474,PATRICIA GRIBBLE,3711,03:04:29,NZL,Walker 60-69 years,6,Female,2097,6,2097,3476
3475,TREVOR GRIBBLE,4171,03:04:28,NZL,Walker 60-69 years,5,Male,1378,5,1379,3474
3476,HANNAH SPENCE,3305,03:05:39,NZL,Runner 30-39 years,586,Female,2098,589,2113,3493
3477,LUKE SPENCE,3304,03:05:40,NZL,Runner 40-49 years,311,Male,1379,313,1381,3494
3478,SUELLEN PAMMENT,6250,03:05:47,NZL,Walker 40-49 years,21,Female,2099,26,2114,3495
3479,WAYNE PAMMENT,6251,03:05:48,NZL,Walker 40-49 years,8,Male,1380,7,1382,3496
3480,CHRIS MATHESON,5089,03:09:29,NZL,Runner 50-59 years,221,Female,2100,225,2162,3553
3481,OWEN NASH,6557,03:13:39,NZL,Runner 60-69 years,61,Male,1381,61,1401,3620
3482,CHARLOTTE COWEN,3968,03:00:12,NZL,Runner 20-29 years,626,Female,2101,618,2045,3417
3483,COURTNEY SINCLAIR,5058,03:06:01,NZL,Walker 20-29 years,7,Female,2102,7,2119,3502
3484,ELEANOR BECKER,5069,03:00:56,NZL,Runner 50-59 years,222,Female,2103,210,2057,3429
3485,LAVINIA LLODRA,8104,03:01:04,NZL,Runner 30-39 years,587,Female,2104,583,2060,3432
3486,JASON LUDLOW,4087,03:01:12,NZL,Runner 40-49 years,312,Male,1382,311,1373,3436
3487,XIN WANG,7706,03:10:21,CHN,Runner 20-29 years,627,Female,2105,633,2168,3563
3488,JUDITH FOLKARD,7889,03:10:27,NZL,Runner 50-59 years,223,Female,2106,227,2170,3565
3489,VIRGINIA TERPSTRA,4528,03:02:24,NZL,Walker 60-69 years,7,Female,2107,5,2078,3452
3490,KATHRYN GORDON,4562,03:00:51,NZL,Walker 50-59 years,24,Female,2108,15,2055,3427
3491,AMANDA SPILLANE,5230,03:06:53,NZL,Runner 30-39 years,588,Female,2109,591,2126,3509
3492,SAM GREANEY,4520,03:02:24,NZL,Runner 20-29 years,382,Male,1383,381,1374,3451
3493,SARAH RHIND,6539,03:01:33,NZL,Walker 30-39 years,6,Female,2110,4,2064,3437
3494,KAREN AMOS,4836,03:01:33,AUS,Runner 40-49 years,533,Female,2111,525,2065,3438
3495,JANINE BUESNEL,4744,03:06:23,AUS,Walker 40-49 years,22,Female,2112,27,2120,3503
3496,CAROLYN PHIBBS,6078,03:02:24,NZL,Runner 50-59 years,224,Female,2113,212,2077,3450
3497,LYNDA DOAKE,3710,03:02:26,NZL,Runner 40-49 years,534,Female,2114,531,2081,3455
3498,ASHLEY WHALAN,7333,03:03:05,NZL,Runner 20-29 years,628,Female,2115,624,2085,3459
3499,KIRSTIE SUCU,7334,03:03:06,NZL,Runner 20-29 years,629,Female,2116,625,2086,3460
3500,BRIDGET MCCUTCHEON,4361,03:07:44,NZL,Walker 40-49 years,23,Female,2117,28,2131,3518
3501,ANDREW MCCUTCHEON,4364,03:07:44,GBR,Walker 40-49 years,9,Male,1384,8,1387,3517
3502,LUCIA LI,4173,03:11:24,AUS,Runner 30-39 years,589,Female,2118,600,2185,3582
3503,TUMU MATA,5322,03:03:10,,Runner 30-39 years,403,Male,1385,402,1376,3462
3504,FRANCES CARTER,7057,03:03:19,NZL,Runner 60-69 years,37,Female,2119,36,2087,3463
3505,VANESSA LOMAX,3178,03:08:26,NZL,Runner 40-49 years,535,Female,2120,537,2146,3535
3506,CECILIA LANDMAN,8304,03:02:07,NZL,Runner 30-39 years,590,Female,2121,584,2073,3446
3507,SHARRON DUNBAR,5157,03:03:00,NZL,Walker 50-59 years,25,Female,2122,22,2084,3458
3508,MELISSA BLOMFIELD,6106,03:07:45,NZL,Walker 40-49 years,24,Female,2123,29,2133,3520
3509,ROBERT VAN VOORTHUYSEN,5227,03:07:45,NZL,Walker 50-59 years,5,Male,1386,6,1388,3521
3510,SCOTT PINFOLD,6024,03:08:56,NZL,Walker 30-39 years,4,Male,1387,4,1390,3539
3511,ALENE WISTRAND,6022,03:08:54,NZL,Walker 30-39 years,7,Female,2124,7,2149,3538
3512,ROBERT KENNEDY,5868,03:13:45,NZL,Runner 40-49 years,313,Male,1388,315,1402,3622
3513,SHARYN BERG,7053,03:09:13,NZL,Walker 60-69 years,8,Female,2125,10,2151,3542
3514,KAYE BELLAMY,6155,03:09:13,NZL,Walker 60-69 years,9,Female,2126,11,2152,3543
3515,KAREN COLLINS,6484,03:04:12,NZL,Walker 50-59 years,26,Female,2127,23,2093,3470
3516,DARYL DE LAUTOUR,7814,03:04:14,NZL,Walker 50-59 years,6,Male,1389,5,1378,3471
3517,JULIETTE HICKS,7832,03:04:15,NZL,Walker 50-59 years,27,Female,2128,24,2094,3472
3518,ANQI CHEN,4618,03:17:20,CHN,Runner 20-29 years,630,Female,2129,639,2247,3653
3519,COLLEEN THOMPSON,3303,03:05:38,NZL,Walker 40-49 years,25,Female,2130,23,2109,3489
3520,CAROL BOLGER-PREDDY,5714,03:05:38,NZL,Walker 40-49 years,26,Female,2131,22,2108,3488
3521,SARAH HARVEY,3092,03:05:38,NZL,Walker 40-49 years,27,Female,2132,25,2111,3491
3522,ANGELA WILSON,3486,03:05:38,NZL,Walker 40-49 years,28,Female,2133,24,2110,3490
3523,ANN KINGSBURY,5843,03:05:38,NZL,Walker 50-59 years,28,Female,2134,31,2112,3492
3524,RACHEL LEECH,6638,03:04:00,GBR,Runner 40-49 years,536,Female,2135,533,2090,3467
3525,MATTHEW COLLIE,6545,03:04:00,NZL,Runner 40-49 years,314,Male,1390,312,1377,3466
3526,LEANNE ROBB,4178,03:09:34,NZL,Walker 20-29 years,8,Female,2136,9,2163,3554
3527,YUGO YAMADA,4828,03:10:08,JPN,Runner 40-49 years,315,Male,1391,314,1395,3562
3528,NORM THOMPSON,5683,03:09:50,NZL,Walker 60-69 years,6,Male,1392,7,1392,3557
3529,JENNY THOMPSON,5684,03:09:50,NZL,Walker 60-69 years,10,Female,2137,12,2165,3556
3530,JAN SHARLAND,8002,03:09:15,NZL,Runner 50-59 years,225,Female,2138,223,2153,3544
3531,JOLENE HAWKEY,3823,03:05:05,NZL,Runner 30-39 years,591,Female,2139,587,2099,3479
3532,SARAH FOSTER,5297,03:04:28,NZL,Walker 40-49 years,29,Female,2140,21,2096,3475
3533,ALFONSUS ANINDITO PRATOMO,7472,03:21:25,NZL,Runner 30-39 years,404,Male,1393,404,1419,3700
3534,THERESA MCKAY,5444,03:05:15,NZL,Walker 50-59 years,29,Female,2141,29,2103,3483
3535,EMMA DICKSON,5087,03:05:14,NZL,Walker 50-59 years,30,Female,2142,28,2102,3482
3536,SARAH DODSON,6823,03:06:43,NZL,Walker 50-59 years,31,Female,2143,34,2124,3507
3537,NICK O'NEILL-HAY,3169,03:05:26,NZL,Walker 50-59 years,32,Female,2144,30,2106,3486
3538,JAIME MCCROSTIE,5035,03:09:58,NZL,Runner 30-39 years,592,Female,2145,597,2166,3560
3539,JODI BAYLIS,5034,03:09:58,NZL,Runner 30-39 years,593,Female,2146,598,2167,3561
3540,POLLY MCGEE,4060,03:15:06,AUS,Walker 40-49 years,30,Female,2147,44,2238,3643
3541,JOANNE VAN DER LINDEN,4938,03:05:51,NZL,Walker 50-59 years,33,Female,2148,32,2116,3499
3542,DEBBIE WOOLFORD,4070,03:06:28,NZL,Runner 30-39 years,594,Female,2149,590,2121,3504
3543,ANNETTE TULETT,7252,03:11:43,NZL,Runner 60-69 years,38,Female,2150,40,2189,3586
3544,DELWYN REID,5216,03:05:52,NZL,Walker 50-59 years,34,Female,2151,33,2117,3500
3545,DEBRA KINGSNORTH,4231,03:19:02,NZL,Runner 50-59 years,226,Female,2152,237,2260,3669
3546,BRIDGET JOHNSON,5956,03:11:22,NZL,Runner 20-29 years,631,Female,2153,635,2184,3581
3547,SHANNON GRINTER,6536,03:15:19,NZL,Runner 20-29 years,632,Female,2154,638,2239,3644
3548,SEJAL SHIVLAL,7405,03:06:49,IND,Runner 20-29 years,633,Female,2155,628,2125,3508
3549,CHANG KO MI,6983,03:05:36,,Runner 20-29 years,634,Female,2156,627,2107,3487
3550,JOHN THOMSON,7233,03:07:03,GBR,Runner 50-59 years,171,Male,1394,171,1384,3511
3551,SARAH WIKI-BENNETT,3143,03:16:46,NZL,Runner 40-49 years,537,Female,2157,554,2242,3648
3552,CHRISTINE HALE,5748,03:06:28,NZL,Walker 60-69 years,11,Female,2158,8,2122,3505
3553,ALLISON CHRISTIE,4510,03:12:19,NZL,Walker 50-59 years,35,Female,2159,43,2198,3595
3554,JUDY NIEUWKOOP,4507,03:12:18,NZL,Walker 50-59 years,36,Female,2160,42,2197,3594
3555,CHANTAL MORKEL,3811,03:12:23,NZL,Walker 30-39 years,8,Female,2161,8,2199,3596
3556,TRACY BLAKE,6010,03:12:05,NZL,Walker 50-59 years,37,Female,2162,40,2193,3590
3557,IAN MORKEL,3812,03:12:25,NZL,Walker 30-39 years,5,Male,1395,5,1398,3597
3558,AMY HYLAND,5147,03:12:26,NZL,Runner 30-39 years,595,Female,2163,602,2200,3598
3559,SARAH RATHAMONE,4758,03:08:05,,Runner 20-29 years,635,Female,2164,630,2141,3529
3560,LIZ WINTERS,3157,03:07:44,NZL,Runner 40-49 years,538,Female,2165,536,2132,3519
3561,CATHERINE AITKEN,3591,03:07:44,NZL,Runner 40-49 years,539,Female,2166,535,2130,3516
3562,SARAH MORRIS,4274,03:12:36,NZL,Walker 40-49 years,31,Female,2167,36,2202,3601
3563,JENNY SMITH,7039,03:12:36,NZL,Walker 50-59 years,38,Female,2168,44,2203,3602
3564,FIONNA MILLS,7040,03:12:37,NZL,Walker 50-59 years,39,Female,2169,45,2204,3603
3565,JUDITH MCLEARY,6331,03:11:47,NZL,Walker 60-69 years,12,Female,2170,14,2190,3587
3566,KATRINA KREFT,6503,03:11:48,NZL,Walker 60-69 years,13,Female,2171,15,2191,3588
3567,GABRIELLE SIMPSON,4376,03:07:44,NZL,Runner 30-39 years,596,Female,2172,592,2129,3515
3568,JASMIN TAYLOR,5376,03:12:49,NZL,Walker 30-39 years,9,Female,2173,10,2212,3611
3569,NICHOLA BENTLEY,7270,03:12:10,NZL,Walker 40-49 years,32,Female,2174,35,2195,3592
3570,TRACY WILLIAMS,6775,03:12:10,NZL,Walker 50-59 years,40,Female,2175,41,2196,3593
3571,DIVYA MEHTA,5346,03:12:27,NZL,Walker 30-39 years,10,Female,2176,9,2201,3599
3572,JACKIE PAINE,4478,03:17:33,NZL,Runner 40-49 years,540,Female,2177,556,2252,3659
3573,JULIE KENNEDY,5550,03:17:34,NZL,Runner 30-39 years,597,Female,2178,605,2253,3660
3574,MARGOT MCGINNESS,6641,03:13:00,AUS,Walker 50-59 years,41,Female,2179,48,2216,3615
3575,JAN LEE,3873,03:12:41,NZL,Walker 50-59 years,42,Female,2180,47,2206,3605
3576,PAULINE QUIGLEY,3870,03:12:38,NZL,Walker 50-59 years,43,Female,2181,46,2205,3604
3577,HEATHER KERR,4859,03:08:23,NZL,Walker 50-59 years,44,Female,2182,36,2145,3533
3578,RUSSELL KERR,4874,03:08:23,NZL,Walker 60-69 years,7,Male,1396,6,1389,3534
3579,NICOLA LAW,5936,03:12:51,NZL,Walker 20-29 years,9,Female,2183,11,2213,3612
3580,WANDA KINGMA,5440,03:08:29,,Runner 40-49 years,541,Female,2184,538,2148,3537
3581,BRIDGET ROMANES,6219,03:07:45,NZL,Walker 50-59 years,45,Female,2185,35,2135,3523
3582,AMY SNOW,7688,03:07:45,NZL,Walker 40-49 years,33,Female,2186,30,2134,3522
3583,WAYNE BARRON,3341,03:07:32,NZL,Runner 50-59 years,172,Male,1397,173,1386,3514
3584,BRIAN BARRON,3334,03:07:30,NZL,Runner 50-59 years,173,Male,1398,172,1385,3513
3585,KARAH HICKMAN,6258,03:09:23,USA,Runner 20-29 years,636,Female,2187,632,2160,3551
3586,MARGIE CAMPBELL-PRICE3,6196,03:13:21,NZL,Walker 50-59 years,46,Female,2188,49,2219,3618
3587,LISA PRESS,4767,03:08:28,NZL,Runner 50-59 years,227,Female,2189,222,2147,3536
3588,LIV COCHRANE,7189,03:07:46,NZL,Runner 30-39 years,598,Female,2190,593,2136,3524
3589,RIONA O'CALLAGHAN,5118,03:13:53,NZL,Walker 20-29 years,10,Female,2191,12,2222,3624
3590,ROBYN ASHWORTH,5119,03:13:53,NZL,Walker 50-59 years,47,Female,2192,50,2221,3623
3591,AMANDA COOPER,3839,03:09:47,NZL,Runner 30-39 years,599,Female,2193,596,2164,3555
3592,DON COOPER,3841,03:09:51,NZL,Walker 60-69 years,8,Male,1399,8,1393,3558
3593,REBECCA MCPHERSON,5492,03:13:41,AUS,Runner 40-49 years,542,Female,2194,548,2220,3621
3594,GAYE TOOGOOD,5884,03:08:12,NZL,Walker 60-69 years,14,Female,2195,9,2143,3531
3595,CARLA TOOGOOD,5882,03:08:12,NZL,Walker 20-29 years,11,Female,2196,8,2144,3532
3596,CHRISTINA JOHNS,4511,03:14:31,NZL,Walker 50-59 years,48,Female,2197,53,2232,3637
3597,NADINE DUFF,5957,03:09:18,NZL,Runner 30-39 years,600,Female,2198,594,2156,3547
3598,KORENA MCDERMOTT,5901,03:09:18,NZL,Runner 40-49 years,543,Female,2199,541,2157,3548
3599,KIRSTEN TODD,3521,03:18:48,NZL,Runner 40-49 years,544,Female,2200,558,2259,3668
3600,LYN LAW,5937,03:14:11,NZL,Walker 50-59 years,49,Female,2201,51,2227,3631
3601,VANESSA BRADLEY,3933,03:22:42,NZL,Runner 30-39 years,601,Female,2202,610,2289,3710
3602,TIPI GOLABOSKI,3995,03:14:06,NZL,Walker 40-49 years,34,Female,2203,41,2224,3628
3603,JANE JAMES,4121,03:14:07,NZL,Walker 40-49 years,35,Female,2204,42,2225,3629
3604,MICHELLE(SHELLY) COOPER,5771,03:15:22,USA,Runner 40-49 years,545,Female,2205,553,2240,3645
3605,SAMANTHA MCCONNELL,8059,03:09:04,AUS,Runner 20-29 years,637,Female,2206,631,2150,3541
3606,CARL MARGARY,8058,03:09:04,AUS,Runner 20-29 years,383,Male,1400,382,1391,3540
3607,RACHEL STENT,4028,03:09:16,NZL,Runner 40-49 years,546,Female,2207,540,2155,3546
3608,AMANDA MITCHELL,8126,03:09:16,NZL,Runner 40-49 years,547,Female,2208,539,2154,3545
3609,JANE CRAIG-PEARSON,5902,03:19:22,NZL,Runner 40-49 years,548,Female,2209,559,2261,3670
3610,MAREE GALLOWAY,6195,03:09:20,NZL,Runner 40-49 years,549,Female,2210,542,2158,3549
3611,BRIDGET SPAIN,6194,03:09:21,NZL,Runner 50-59 years,228,Female,2211,224,2159,3550
3612,DEBBIE DEADMAN,3796,03:10:44,NZL,Walker 50-59 years,50,Female,2212,38,2178,3574
3613,LETITIA MONTFORD,3913,03:10:44,NZL,Walker 50-59 years,51,Female,2213,37,2177,3573
3614,TRUDY GEE,7931,03:10:45,NZL,Runner 40-49 years,550,Female,2214,543,2179,3575
3615,KRIS MADDREN,3774,03:11:02,NZL,Walker 40-49 years,36,Female,2215,32,2181,3577
3616,ROZ TOMMAS,4221,03:11:03,NZL,Walker 40-49 years,37,Female,2216,33,2182,3578
3617,CAROLYN DUBBER,3808,03:11:03,NZL,Walker 50-59 years,52,Female,2217,39,2183,3579
3618,CARLA MATA,5321,03:10:46,NZL,Runner 30-39 years,602,Female,2218,599,2180,3576
3619,SHARN ROSKAM,6766,03:09:27,NZL,Runner 30-39 years,603,Female,2219,595,2161,3552
3620,ROWENA MORTIMER,4204,03:20:36,NZL,Runner 60-69 years,39,Female,2220,41,2274,3690
3621,BARRY MORTIMER,4205,03:20:36,NZL,Runner 60-69 years,62,Male,1401,62,1417,3691
3622,KIM TITO,5064,03:10:32,NZL,Walker 60-69 years,9,Male,1402,9,1396,3571
3623,JENNIFER TITO,5215,03:10:32,NZL,Walker 60-69 years,15,Female,2221,13,2175,3570
3624,ADRIAN RICHARDSON,3966,03:15:30,AUS,Walker 50-59 years,7,Male,1403,10,1406,3646
3625,HERA SMITH,5299,03:10:39,NZL,Walker 40-49 years,38,Female,2222,31,2176,3572
3626,SHARON HART,4722,03:15:51,NZL,Runner 50-59 years,229,Female,2223,232,2241,3647
3627,EILEEN YEOH,7349,03:10:28,,Runner 20-29 years,638,Female,2224,634,2171,3566
3628,ANTONIA FISHER,3493,03:10:28,NZL,Runner 50-59 years,230,Female,2225,228,2172,3567
3629,WENDY STRETTON,8012,03:10:29,NZL,Runner 60-69 years,40,Female,2226,38,2173,3568
3630,HELEN BOWEN,5669,03:10:30,NZL,Runner 60-69 years,41,Female,2227,39,2174,3569
3631,DAWN BROWN,5590,03:16:58,NZL,Walker 50-59 years,53,Female,2228,56,2243,3649
3632,SARAH WALKER,3971,03:12:09,USA,Runner 40-49 years,551,Female,2229,545,2194,3591
3633,KATIE BROWN,4468,03:11:36,NZL,Walker 40-49 years,39,Female,2230,34,2187,3584
3634,CLAIRE JACKSON,4339,03:25:23,NZL,Runner 50-59 years,231,Female,2231,242,2316,3740
3635,NIKITA DAVIS,4820,03:11:42,NZL,Runner 30-39 years,604,Female,2232,601,2188,3585
3636,REBECCA KERR,4842,03:11:53,NZL,Walker 20-29 years,12,Female,2233,10,2192,3589
3637,BARRY QUIGLEY,3871,03:17:27,NZL,Walker 50-59 years,8,Male,1404,11,1407,3656
3638,IHAKA CHARLTON,7913,03:13:31,NZL,Runner 20-29 years,384,Male,1405,384,1400,3619
3639,KATY EVERETT,3036,03:12:48,NZL,Walker 40-49 years,40,Female,2234,38,2209,3608
3640,PENNY MALDEN,4234,03:12:48,NZL,Walker 40-49 years,41,Female,2235,37,2208,3607
3641,KIRSTEN CUNNINGHAM,3044,03:12:48,NZL,Walker 40-49 years,42,Female,2236,39,2211,3610
3642,JACQUELINE LLOYD,8108,03:12:48,NZL,Runner 50-59 years,232,Female,2237,229,2210,3609
3643,JOCELYN MITCHELL,7368,03:12:54,NZL,Runner 40-49 years,552,Female,2238,546,2214,3613
3644,DEBORA PRIEST,7373,03:12:54,NZL,Runner 40-49 years,553,Female,2239,547,2215,3614
3645,SARAH MCKENZIE,3976,03:13:15,NZL,Walker 40-49 years,43,Female,2240,40,2217,3616
3646,MONICA ROSEWORN,4445,03:18:08,NZL,Runner 50-59 years,233,Female,2241,236,2257,3666
3647,JAMES MCLACHLAN,3209,03:17:59,NZL,Walker 60-69 years,10,Male,1406,10,1409,3665
3648,SUSAN GRASSAM,4303,03:13:17,NZL,Runner 50-59 years,234,Female,2242,230,2218,3617
3649,PAUL COLEMAN,3961,03:12:34,GBR,Runner 50-59 years,174,Male,1407,174,1399,3600
3650,DAVID TOMMAS,4224,03:14:00,NZL,Walker 50-59 years,9,Male,1408,8,1404,3626
3651,CHRISTOPHER DAY,3809,03:13:59,NZL,Walker 50-59 years,10,Male,1409,7,1403,3625
3652,TONY PETERSON,6462,03:14:15,NZL,Walker 50-59 years,11,Male,1410,9,1405,3632
3653,JENNI PETERSON,6459,03:14:15,NZL,Walker 50-59 years,54,Female,2243,52,2228,3633
3654,MIOW WAN GUI,7940,03:18:16,,Runner 20-29 years,639,Female,2244,640,2258,3667
3655,RACHEL HADDRELL,7624,03:14:36,NZL,Runner 40-49 years,554,Female,2245,552,2234,3639
3656,ANGELA ESKER,4225,03:14:01,NZL,Runner 40-49 years,555,Female,2246,549,2223,3627
3657,DESLEY EASTWICK,5890,03:14:17,NZL,Runner 30-39 years,605,Female,2247,603,2229,3634
3658,TAMARA VAN WESEMAEL,5428,03:14:10,,Runner 40-49 years,556,Female,2248,550,2226,3630
3659,RACHEAL SLATEM,5429,03:14:21,AUS,Runner 40-49 years,557,Female,2249,551,2230,3635
3660,MICHAELA FRASER,5559,03:14:22,NZL,Walker 40-49 years,44,Female,2250,43,2231,3636
3661,KIM JARMAN,3407,03:19:35,NZL,Walker 50-59 years,55,Female,2251,58,2265,3678
3662,LANCE MITCHELL,3406,03:19:35,NZL,Walker 50-59 years,12,Male,1411,12,1413,3677
3663,LYNDA EVES,4905,03:19:31,NZL,Walker 60-69 years,16,Female,2252,16,2264,3675
3664,ALISTAIR EVES,4906,03:19:32,NZL,Walker 60-69 years,11,Male,1412,11,1412,3676
3665,ANNETTE SPRATT,3568,03:19:43,NZL,Walker 50-59 years,56,Female,2253,59,2266,3679
3666,VICKI ST JOHN,8226,03:15:04,NZL,Walker 50-59 years,57,Female,2254,54,2235,3640
3667,JO HIKAKA,6321,03:15:04,NZL,Walker 50-59 years,58,Female,2255,55,2236,3641
3668,LISA HAYDEN,5653,03:15:05,NZL,Runner 50-59 years,235,Female,2256,231,2237,3642
3669,MADISON MURRAY,6346,03:14:32,NZL,Runner 20-29 years,640,Female,2257,637,2233,3638
3670,DAVE PERKINS,3276,03:20:17,AUS,Walker 60-69 years,12,Male,1413,12,1414,3685
3671,EVAN MAEHL,3275,03:20:18,NZL,Walker 40-49 years,10,Male,1414,11,1416,3687
3672,IAN KENNEDY,3282,03:20:17,NZL,Walker 50-59 years,13,Male,1415,13,1415,3686
3673,KATE LILLEY,5667,03:20:21,NZL,Walker 40-49 years,45,Female,2258,46,2272,3688
3674,MARGOT FORBES,6778,03:20:21,NZL,Walker 40-49 years,46,Female,2259,47,2273,3689
3675,CAROLYN CROW,3131,03:20:49,NZL,Walker 50-59 years,59,Female,2260,60,2276,3693
3676,MELISSA HOLDOM,3015,03:20:48,NZL,Walker 40-49 years,47,Female,2261,48,2275,3692
3677,AMANDA MAXWELL,5929,03:21:17,NZL,Runner 20-29 years,641,Female,2262,643,2279,3697
3678,GAVIN GOODJOHN,6245,03:21:43,NZL,Walker 40-49 years,11,Male,1416,12,1420,3702
3679,CATHERINE MORLEY,6341,03:21:43,NZL,Walker 40-49 years,48,Female,2263,50,2283,3703
3680,IAN YOUNG,8223,03:20:54,NZL,Walker 70+ years,1,Male,1417,1,1418,3694
3681,SARAH BROCKSOPP,3360,03:22:45,NZL,Runner 40-49 years,558,Female,2264,564,2290,3711
3682,JOANNA GORDON,3361,03:22:45,NZL,Runner 40-49 years,559,Female,2265,565,2291,3712
3683,SYAN ARMSTRONG,3721,03:22:32,NZL,Runner 30-39 years,606,Female,2266,607,2285,3706
3684,STELLA WARD,8022,03:17:55,NZL,Runner 40-49 years,560,Female,2267,557,2256,3663
3685,MARTIN EBERT,7926,03:17:55,NZL,Runner 50-59 years,175,Male,1418,175,1408,3664
3686,CHRISTINE WILSON,5049,03:21:22,NZL,Walker 50-59 years,60,Female,2268,61,2280,3698
3687,CATHY REWIRI,5050,03:21:22,NZL,Walker 40-49 years,49,Female,2269,49,2281,3699
3688,NICOLA DOUGLAS,3370,03:17:06,NZL,Runner 30-39 years,607,Female,2270,604,2244,3650
3689,CHERIE WOOLFORD,4262,03:17:16,NZL,Runner 50-59 years,236,Female,2271,233,2245,3651
3690,SHANNA LUSTY,5115,03:27:17,NZL,Runner 20-29 years,642,Female,2272,645,2324,3752
3691,HEATHER ENTWISLE,4521,03:22:49,NZL,Walker 50-59 years,61,Female,2273,63,2293,3714
3692,EVAN FURZE,4546,03:26:51,NZL,Runner 40-49 years,316,Male,1419,318,1427,3748
3693,CHRISTINE MARSHALL,3084,03:17:33,NZL,Runner 50-59 years,237,Female,2274,234,2251,3658
3694,TALEI DICKSON,3148,03:17:32,NZL,Runner 40-49 years,561,Female,2275,555,2250,3657
3695,SAM BERRYMAN,6142,03:17:22,NZL,Walker 20-29 years,13,Female,2276,14,2249,3655
3696,CHANTELLE RUANE,6286,03:17:21,NZL,Walker 20-29 years,14,Female,2277,13,2248,3654
3697,SANDRA MILLIS,6123,03:17:17,NZL,Walker 50-59 years,62,Female,2278,57,2246,3652
3698,ELIZABETH BURROWS,5493,03:17:36,NZL,Runner 50-59 years,238,Female,2279,235,2254,3661
3699,HOLLY MEREDITH,6033,03:22:37,NZL,Runner 30-39 years,608,Female,2280,608,2287,3708
3700,JOSEPHINE LOVE,3292,03:22:42,NZL,Runner 30-39 years,609,Female,2281,609,2288,3709
3701,HUA WANG,6917,03:32:10,CHN,Runner 40-49 years,562,Female,2282,569,2357,3796
3702,YUN BAI,6841,03:32:10,CHN,Runner 30-39 years,610,Female,2283,615,2358,3797
3703,JANE DOUGLAS,5277,03:23:25,NZL,Walker 50-59 years,63,Female,2284,64,2297,3718
3704,SHONA BUCKNER,5570,03:23:25,NZL,Walker 50-59 years,64,Female,2285,65,2298,3719
3705,RACHAEL BUSFIELD,5278,03:23:26,NZL,Walker 50-59 years,65,Female,2286,66,2299,3720
3706,VANESSA GIBBS,3923,03:23:01,NZL,Runner 30-39 years,611,Female,2287,611,2295,3716
3707,MEGAN GILMOUR,4774,03:17:38,NZL,Runner 30-39 years,612,Female,2288,606,2255,3662
3708,MARINA HANGER,7295,03:23:43,NZL,Walker 60-69 years,17,Female,2289,18,2304,3725
3709,PETRONELLA SPICER,3789,03:23:43,NZL,Walker 60-69 years,18,Female,2290,17,2303,3724
3710,BECKS GOODENOUGH,4581,03:23:36,NZL,Walker 40-49 years,50,Female,2291,52,2301,3722
3711,ROBYN WOODALL,4582,03:23:37,NZL,Walker 50-59 years,66,Female,2292,67,2302,3723
3712,GEORGIE KIRTON,7320,03:19:46,NZL,Runner 16-19 years,36,Female,2293,36,2267,3680
3713,GARRY DUXBURY,3965,03:19:26,NZL,Runner 50-59 years,176,Male,1420,176,1410,3672
3714,LORETTA DUXBURY,3964,03:19:25,NZL,Runner 40-49 years,563,Female,2294,560,2262,3671
3715,SANDRA HINTZ,7529,03:19:31,NZL,Walker 40-49 years,51,Female,2295,45,2263,3674
3716,DARRYN HINTZ,7530,03:19:30,NZL,Walker 40-49 years,12,Male,1421,10,1411,3673
3717,JING BA,6701,03:35:19,CHN,Runner 30-39 years,613,Female,2296,617,2390,3837
3718,CARMEL BYRNE,4433,03:24:46,NZL,Walker 50-59 years,67,Female,2297,71,2314,3737
3719,BELINDA O'SHEA,4412,03:24:46,NZL,Walker 50-59 years,68,Female,2298,70,2313,3736
3720,ROBERTNNELLIE KUMAR,3963,03:35:11,NZL,Runner 30-39 years,405,Male,1422,407,1447,3834
3721,PAULA KINZETT,5523,03:24:34,NZL,Walker 40-49 years,52,Female,2299,55,2310,3732
3722,CAROLYN SIMONS,5522,03:24:35,NZL,Walker 50-59 years,69,Female,2300,68,2311,3733
3723,ANNETTE SCOTT,4235,03:24:40,NZL,Walker 50-59 years,70,Female,2301,69,2312,3735
3724,TREVOR SCOTT,4236,03:24:39,NZL,Walker 60-69 years,13,Male,1423,14,1423,3734
3725,NUR AIDA SYUHADHA HAKIMIN,8163,03:20:12,MAL,Runner 20-29 years,643,Female,2302,641,2269,3682
3726,NURUL HANANI BINTI MOHD YUSOFF,8164,03:20:12,MAL,Runner 20-29 years,644,Female,2303,642,2270,3683
3727,CHRISTOPHER PATRICK,7542,03:24:53,USA,Runner 40-49 years,317,Male,1424,317,1424,3738
3728,MARK BELLAMY,4601,03:28:58,NZL,Walker 60-69 years,14,Male,1425,15,1435,3769
3729,JOHN HARRISON,4660,03:28:58,NZL,Walker 50-59 years,14,Male,1426,17,1436,3770
3730,JUDY MCLEOD,4230,03:32:55,NZL,Runner 50-59 years,239,Female,2304,248,2369,3810
3731,ANN FLETCHER,5707,03:29:42,NZL,Runner 50-59 years,240,Female,2305,245,2338,3775
3732,COURTNEY KEAST,3349,03:30:00,NZL,Runner 30-39 years,614,Female,2306,614,2344,3781
3733,STEVE WILLIAMSON,4030,03:30:00,NZL,Runner 60-69 years,63,Male,1427,64,1438,3782
3734,SARAH TAYLOR,4057,03:20:12,NZL,Runner 40-49 years,564,Female,2307,561,2268,3681
3735,CARL O'SHEA,4432,03:25:51,NZL,Walker 50-59 years,15,Male,1428,14,1425,3743
3736,MARJERY BROWN,4914,03:25:36,AUS,Walker 50-59 years,71,Female,2308,73,2318,3742
3737,KOLI VEA,3592,03:35:30,NZL,Runner 20-29 years,385,Male,1429,385,1449,3840
3738,AMANDA WATSON,5403,03:25:59,NZL,Runner 30-39 years,615,Female,2309,613,2320,3745
3739,PENNY THOMSON,4663,03:21:29,NZL,Walker 50-59 years,72,Female,2310,62,2282,3701
3740,SUSAN FREEMAN-GREENE,4366,03:20:13,NZL,Runner 50-59 years,241,Female,2311,238,2271,3684
3741,DAVID BIRTLES,7532,03:21:53,AUS,Runner 40-49 years,318,Male,1430,316,1421,3704
3742,WAYNE BALL,3682,03:27:01,AUS,Runner 40-49 years,319,Male,1431,319,1428,3751
3743,MICHELLE HERLIHY,3619,03:22:33,NZL,Runner 40-49 years,565,Female,2312,563,2286,3707
3744,EMMA DAVEY,6368,03:21:11,GBR,Runner 40-49 years,566,Female,2313,562,2277,3695
3745,JULIE CHAMBERLAIN,6349,03:21:11,GBR,Runner 50-59 years,242,Female,2314,239,2278,3696
3746,CHERYL HARVEY,3982,03:27:22,NZL,Walker 50-59 years,73,Female,2315,76,2327,3756
3747,REBECCA HARVEY,3983,03:27:22,NZL,Walker 30-39 years,11,Female,2316,12,2326,3754
3748,BENJAMIN VAN DE LAAR,3985,03:27:22,NZL,Walker 20-29 years,4,Male,1432,4,1429,3755
3749,JENNI COURNANE,8210,03:22:19,NZL,Walker 30-39 years,12,Female,2317,11,2284,3705
3750,CAROLYN HARRISON,4659,03:26:54,NZL,Walker 50-59 years,74,Female,2318,75,2323,3750
3751,GILL BELLAMY,4600,03:26:54,NZL,Walker 50-59 years,75,Female,2319,74,2322,3749
3752,GAYLE BALDWIN,3052,03:23:20,GBR,Runner 30-39 years,616,Female,2320,612,2296,3717
3753,DEBBIE SULLIVAN,8068,03:22:56,NZL,Runner 50-59 years,243,Female,2321,241,2294,3715
3754,MICHAL KLEINER,7808,03:27:54,CZE,Runner 30-39 years,406,Male,1433,405,1430,3757
3755,TANIA AKAVI,6529,03:29:02,NZL,Runner 40-49 years,567,Female,2322,567,2335,3771
3756,DONNA CREIGHTON,3046,03:23:49,NZL,Walker 40-49 years,53,Female,2323,54,2307,3728
3757,JACKIE WYNN,3248,03:23:48,NZL,Walker 40-49 years,54,Female,2324,53,2305,3726
3758,ANGIE PALMER,5605,03:23:49,NZL,Runner 40-49 years,568,Female,2325,566,2306,3727
3759,BELINDA FOSS,7928,03:22:46,AUS,Runner 50-59 years,244,Female,2326,240,2292,3713
3760,BRIGITTA MOORE,3375,03:28:16,NZL,Runner 50-59 years,245,Female,2327,243,2328,3759
3761,MIKE MOORE,3376,03:28:16,NZL,Runner 70+ years,9,Male,1434,9,1432,3760
3762,SHARON BATES,6238,03:28:20,NZL,Walker 50-59 years,76,Female,2328,77,2329,3762
3763,TERRY BATES,6239,03:28:20,NZL,Walker 50-59 years,16,Male,1435,16,1433,3761
3764,MICHELLE MANN,4921,03:23:29,NZL,Walker 40-49 years,55,Female,2329,51,2300,3721
3765,KATE COUGHLAN,3715,03:24:23,NZL,Walker 60-69 years,19,Female,2330,19,2308,3729
3766,JAMES HELLABY,7664,03:24:24,NZL,Walker 60-69 years,15,Male,1436,13,1422,3731
3767,ROSEMARIE WHITE,7503,03:24:23,NZL,Walker 60-69 years,20,Female,2331,20,2309,3730
3768,ALLAN ROWE,4692,03:28:45,NZL,Walker 40-49 years,13,Male,1437,13,1434,3767
3769,STEPHANIE ROWE,4691,03:28:46,NZL,Walker 40-49 years,56,Female,2332,61,2334,3768
3770,MICHELLE JOHNSTONE,5828,03:30:20,NZL,Runner 50-59 years,246,Female,2333,246,2348,3786
3771,SUSIE JOHNSTONE,5620,03:30:20,NZL,Runner 50-59 years,247,Female,2334,247,2349,3787
3772,LISA RIEDEL,3363,03:25:05,,Walker 20-29 years,15,Female,2335,15,2315,3739
3773,AMBER PEMBERTON,7718,03:25:55,NZL,Runner 20-29 years,645,Female,2336,644,2319,3744
3774,DARSHANA PATEL,6138,03:30:06,NZL,Walker 30-39 years,13,Female,2337,13,2345,3783
3775,JESS DANIELL,6141,03:30:07,NZL,Walker 30-39 years,14,Female,2338,14,2346,3784
3776,LEE TERE,7578,03:38:16,NZL,Runner 20-29 years,646,Female,2339,653,2414,3864
3777,KAREN GODEK,6806,03:25:34,NZL,Walker 50-59 years,77,Female,2340,72,2317,3741
3778,KARMUN LIN,8056,03:30:15,AUS,Runner 20-29 years,647,Female,2341,647,2347,3785
3779,SARAH GILLESPIE,8212,03:30:53,NZL,Walker 40-49 years,57,Female,2342,66,2352,3790
3780,CELIA NICHOLAS,7358,03:26:45,AUS,Walker 40-49 years,58,Female,2343,56,2321,3747
3781,JULIE GRANT,4233,03:31:10,AUS,Walker 50-59 years,78,Female,2344,80,2353,3791
3782,AMANDA MONTGOMERY,6609,03:36:15,NZL,Runner 20-29 years,648,Female,2345,652,2401,3851
3783,MARYN ASHBY,4373,03:27:20,NZL,Runner 20-29 years,649,Female,2346,646,2325,3753
3784,ANSHENG LI,8090,03:26:13,CHN,Runner 60-69 years,64,Male,1438,63,1426,3746
3785,RAEWIN TIPENE-CLARKE,5026,03:32:22,NZL,Walker 60-69 years,21,Female,2347,21,2359,3798
3786,KATRINA HENDERSON,4119,03:32:26,NZL,Walker 30-39 years,15,Female,2348,15,2360,3799
3787,ROBYN GRAVES,4837,03:32:33,NZL,Walker 40-49 years,59,Female,2349,68,2361,3801
3788,TREVOR GIBSON,5107,03:32:33,NZL,Runner 50-59 years,177,Male,1439,177,1440,3800
3789,PETA WILLIAMSON,3382,03:32:45,NZL,Walker 50-59 years,79,Female,2350,84,2366,3806
3790,JULIET BOWDEN,3200,03:32:46,NZL,Walker 50-59 years,80,Female,2351,85,2367,3807
3791,JOHN LYON,4437,03:33:01,NZL,Walker 50-59 years,17,Male,1440,19,1443,3813
3792,PAUL SMITH,5823,03:28:13,NZL,Walker 50-59 years,18,Male,1441,15,1431,3758
3793,CHERYL ROBB,4220,03:32:36,NZL,Walker 50-59 years,81,Female,2352,82,2364,3804
3794,SARAH ELLIX,7771,03:32:35,GBR,Walker 40-49 years,60,Female,2353,69,2362,3802
3795,VARSHA SINGH,3886,03:32:05,NZL,Runner 20-29 years,650,Female,2354,648,2356,3795
3796,VINITA MEHTA,5347,03:32:53,NZL,Walker 50-59 years,82,Female,2355,86,2368,3809
3797,RAHUL MEHTA,5328,03:32:53,NZL,Walker 30-39 years,6,Male,1442,6,1441,3808
3798,CHRISTINE FOLEY,4937,03:33:29,NZL,Walker 60-69 years,22,Female,2356,22,2378,3821
3799,BRITTANY TUKE,3605,03:33:27,NZL,Runner 20-29 years,651,Female,2357,649,2377,3820
3800,ANGELA STEVENSON,8218,03:32:56,NZL,Walker 50-59 years,83,Female,2358,87,2370,3811
3801,JONATHAN STEVENSON,8217,03:32:57,NZL,Walker 60-69 years,16,Male,1443,16,1442,3812
3802,WILLEM DELPORT,6392,03:34:09,,Walker 30-39 years,7,Male,1444,7,1444,3825
3803,KRIS WEBSTER,8177,03:29:10,NZL,Runner 30-39 years,407,Male,1445,406,1437,3772
3804,LISA HAMILTON-GIBBS,6415,03:28:41,NZL,Walker 40-49 years,61,Female,2359,59,2332,3765
3805,JANE TORRANCE,4792,03:28:39,NZL,Walker 40-49 years,62,Female,2360,57,2330,3763
3806,MAREE CROWLEY,7644,03:29:56,NZL,Walker 40-49 years,63,Female,2361,62,2340,3777
3807,KAREN GILL,5454,03:29:56,NZL,Walker 40-49 years,64,Female,2362,63,2341,3778
3808,VICKI REID,5211,03:29:56,NZL,Walker 50-59 years,84,Female,2363,78,2339,3776
3809,FRIDA MACKAY,5368,03:28:41,NZL,Walker 40-49 years,65,Female,2364,58,2331,3764
3810,KERRI WILSON,6431,03:28:44,NZL,Walker 40-49 years,66,Female,2365,60,2333,3766
3811,TRACY THOMAS,5210,03:29:57,NZL,Walker 40-49 years,67,Female,2366,64,2342,3779
3812,LOUISE POWELL,7646,03:29:57,NZL,Walker 40-49 years,68,Female,2367,65,2343,3780
3813,LYNDAL HUXFORD,3604,03:34:40,NZL,Runner 40-49 years,569,Female,2368,570,2382,3826
3814,ZASCHA LUISI,7969,03:30:31,NZL,Runner 16-19 years,37,Female,2369,37,2350,3788
3815,CATHERINE CORCORAN,5934,03:29:11,NZL,Runner 40-49 years,570,Female,2370,568,2336,3773
3816,NICKI ROBERTS,6919,03:29:12,NZL,Runner 50-59 years,248,Female,2371,244,2337,3774
3817,JASON ADAMS,4941,03:35:09,NZL,Walker 30-39 years,8,Male,1446,8,1445,3830
3818,BRADLEY RHODES,4947,03:35:10,NZL,Walker 30-39 years,9,Male,1447,9,1446,3833
3819,TONI ADAMS,4940,03:35:10,NZL,Walker 30-39 years,16,Female,2372,17,2386,3831
3820,KYLIE RHODES,4944,03:35:10,NZL,Walker 30-39 years,17,Female,2373,18,2387,3832
3821,FIONA LUDLOW,4086,03:30:51,NZL,Walker 50-59 years,85,Female,2374,79,2351,3789
3822,HILLARY SHEARD,3650,03:36:07,NZL,Walker 50-59 years,86,Female,2375,92,2398,3848
3823,RHOENA DAVIS,3651,03:36:07,NZL,Walker 50-59 years,87,Female,2376,91,2397,3847
3824,CAITLYN DUGGAN,3112,03:36:19,AUS,Walker 40-49 years,69,Female,2377,78,2402,3852
3825,KAREN APPLETON,3127,03:36:20,AUS,Walker 50-59 years,88,Female,2378,94,2403,3853
3826,TRACY MCEWEN,3082,03:37:06,NZL,Runner 40-49 years,571,Female,2379,571,2408,3858
3827,MIKAYLA RANGI,7591,03:32:36,NZL,Walker 20-29 years,16,Female,2380,16,2363,3803
3828,ELAINE GRIFFITHS,5995,03:32:37,NZL,Walker 50-59 years,89,Female,2381,83,2365,3805
3829,NATALIE HELLYER,5916,03:31:28,NZL,Walker 50-59 years,90,Female,2382,81,2355,3794
3830,JACQUELYN BRADY,5877,03:37:42,USA,Runner 40-49 years,572,Female,2383,572,2411,3861
3831,JOANNE WARDLE,4936,03:31:11,NZL,Walker 40-49 years,70,Female,2384,67,2354,3792
3832,AMY HUGHES,5462,03:33:13,NZL,Walker 40-49 years,71,Female,2385,72,2374,3817
3833,ANTOINETTE ROBINSON,5372,03:33:14,NZL,Walker 40-49 years,72,Female,2386,73,2375,3818
3834,ROSS WARDLE,3693,03:31:20,NZL,Walker 50-59 years,19,Male,1448,18,1439,3793
3835,GILLIAN GILDER,3445,03:37:50,NZL,Walker 50-59 years,91,Female,2387,98,2413,3863
3836,MOIRA BRAMWELL,8094,03:37:50,NZL,Walker 50-59 years,92,Female,2388,97,2412,3862
3837,JOHANNA COTTER,4184,03:33:50,NZL,Runner 30-39 years,617,Female,2389,616,2381,3824
3838,REBECCA SHAW,4579,03:38:50,NZL,Runner 40-49 years,573,Female,2390,573,2416,3867
3839,GINA BUCHANAN,4580,03:38:50,NZL,Runner 40-49 years,574,Female,2391,574,2417,3868
3840,PHILLIPA BROWN,3045,03:33:47,NZL,Walker 50-59 years,93,Female,2392,88,2379,3822
3841,HELEN ROBINSON,3061,03:33:47,GBR,Walker 40-49 years,73,Female,2393,75,2380,3823
3842,SHARON DONALDSON,7353,03:33:01,NZL,Walker 40-49 years,74,Female,2394,70,2371,3814
3843,ROSE MCKENZIE,6907,03:33:02,NZL,Walker 40-49 years,75,Female,2395,71,2373,3816
3844,JEANETTE HOWE,6884,03:33:02,NZL,Walker 30-39 years,18,Female,2396,16,2372,3815
3845,CAROLYN ROBINSON,3116,03:34:44,NZL,Walker 50-59 years,94,Female,2397,89,2383,3827
3846,JAN TAYLOR,8141,03:39:40,NZL,Walker 50-59 years,95,Female,2398,101,2421,3872
3847,LAURA DAVIE,3420,03:34:59,NZL,Walker 20-29 years,17,Female,2399,18,2385,3829
3848,EMMA DAVIE,4559,03:34:58,NZL,Walker 20-29 years,18,Female,2400,17,2384,3828
3849,RAEWYN MURRAY,5556,03:33:22,NZL,Walker 40-49 years,76,Female,2401,74,2376,3819
3850,SIOBHAN CROSS,5629,03:35:32,NZL,Walker 40-49 years,77,Female,2402,76,2393,3842
3851,LAUREN SOPER,5435,03:35:31,GBR,Walker 30-39 years,19,Female,2403,19,2392,3841
3852,SHARON MCALISTER-MAIN,4446,03:35:14,NZL,Runner 50-59 years,249,Female,2404,249,2389,3836
3853,ANNA MCALISTER,4558,03:35:12,NZL,Runner 20-29 years,652,Female,2405,650,2388,3835
3854,DIANE HIRST,5829,03:39:23,NZL,Walker 50-59 years,96,Female,2406,100,2420,3871
3855,CINDY WENDT,8219,03:51:26,NZL,Walker 50-59 years,97,Female,2407,113,2453,3915
3856,JOHN PRICE,6197,03:40:16,NZL,Walker 60-69 years,17,Male,1449,17,1452,3873
3857,MICHELLE MORTENSEN,7979,03:35:47,NZL,Runner 30-39 years,618,Female,2408,618,2394,3843
3858,PHILIPPA NICKLIN,5500,03:41:11,NZL,Runner 50-59 years,250,Female,2409,250,2427,3880
3859,MARK NICKLIN,5501,03:41:14,NZL,Runner 50-59 years,178,Male,1450,179,1454,3881
3860,SALLY JANE TANG TUANG LING,7162,03:36:45,,Walker 20-29 years,19,Female,2410,19,2404,3854
3861,SAMANTHA BOOL,6803,03:35:22,NZL,Runner 20-29 years,653,Female,2411,651,2391,3838
3862,TRISH MCGIRR,4268,03:37:10,USA,Walker 40-49 years,78,Female,2412,79,2410,3860
3863,JACKIE SAUNDERS,4336,03:37:07,NZL,Walker 60-69 years,23,Female,2413,24,2409,3859
3864,STEVEN BOOL,6802,03:35:23,NZL,Runner 50-59 years,179,Male,1451,178,1448,3839
3865,DEBBIE DAVIE,4467,03:36:53,NZL,Walker 50-59 years,98,Female,2414,95,2405,3855
3866,ANNE CATLEY,8224,03:36:54,AUS,Walker 60-69 years,24,Female,2415,23,2406,3856
3867,DIANNE CALDWELL,5099,03:35:59,NZL,Walker 50-59 years,99,Female,2416,90,2395,3844
3868,DONNA PERREAU,4919,03:35:59,NZL,Walker 40-49 years,79,Female,2417,77,2396,3845
3869,JONATHAN REILLY,7570,03:36:03,,Runner 30-39 years,408,Male,1452,408,1450,3846
3870,KIRI GILLIES,8213,03:36:15,NZL,Walker 30-39 years,20,Female,2418,20,2399,3849
3871,SUZANNE GILLIES,5191,03:36:15,NZL,Walker 50-59 years,100,Female,2419,93,2400,3850
3872,JACQUI NAMIRO,5386,03:36:57,NZL,Walker 50-59 years,101,Female,2420,96,2407,3857
3873,STEPH ANDERSON,3481,03:42:03,NZL,Walker 60-69 years,25,Female,2421,25,2431,3886
3874,CHRIS MUIRHEAD,6015,03:42:04,NZL,Walker 70+ years,2,Male,1453,2,1456,3887
3875,MAREE SMITH,5039,03:39:09,NZL,Walker 40-49 years,80,Female,2422,80,2418,3869
3876,BRYDON SMALLBONE,4352,03:39:11,NZL,Walker 40-49 years,81,Female,2423,81,2419,3870
3877,TRACY MAHONEY,7332,03:43:35,NZL,Walker 50-59 years,102,Female,2424,109,2434,3890
3878,MICHELLE KLAASSEN,6788,03:43:40,NZL,Walker 50-59 years,103,Female,2425,110,2435,3891
3879,BLAIR PEDOFSKY,3727,03:38:33,NZL,Walker 50-59 years,20,Male,1454,20,1451,3865
3880,PIP PEDOFSKY,3728,03:38:33,NZL,Walker 50-59 years,104,Female,2426,99,2415,3866
3881,CHESTER RENDELL,5467,03:43:48,NZL,Walker 60-69 years,18,Male,1455,18,1457,3892
3882,CHRIS KLAASSEN,7960,03:43:51,NZL,Runner 50-59 years,180,Male,1456,180,1458,3893
3883,MIKE MAHONEY,7970,03:43:52,NZL,Runner 50-59 years,181,Male,1457,181,1459,3894
3884,KATE MAXWELL,6795,03:43:59,NZL,Runner 20-29 years,654,Female,2427,654,2436,3895
3885,KATRINA MAXWELL,6801,03:44:00,NZL,Walker 40-49 years,82,Female,2428,83,2437,3896
3886,ANNA HENDERSON,7141,03:44:00,NZL,Runner 40-49 years,575,Female,2429,575,2438,3897
3887,MAREE DSTEVENSON,8135,03:41:02,NZL,Walker 50-59 years,105,Female,2430,106,2426,3879
3888,SEAN DELANEY,5650,03:41:02,AUS,Walker 50-59 years,21,Male,1458,21,1453,3877
3889,SUZANNE YOUNG,4458,03:41:02,NZL,Walker 50-59 years,106,Female,2431,105,2425,3878
3890,ROBYN BYE,7608,03:40:25,NZL,Walker 50-59 years,107,Female,2432,103,2423,3875
3891,WENDY WATSON,6852,03:40:24,NZL,Walker 50-59 years,108,Female,2433,102,2422,3874
3892,JILL HIBBERT,5948,03:40:26,NZL,Walker 50-59 years,109,Female,2434,104,2424,3876
3893,CAROLINE MILLER,4662,03:41:29,NZL,Walker 50-59 years,110,Female,2435,107,2428,3882
3894,MARIA DEW,5382,03:41:29,NZL,Walker 50-59 years,111,Female,2436,108,2429,3883
3895,LAURA OFFICER,7559,03:41:47,NZL,Walker 40-49 years,83,Female,2437,82,2430,3884
3896,LINDSAY OFFICER,7558,03:41:47,NZL,Walker 50-59 years,22,Male,1459,22,1455,3885
3897,LESLEY BRACEFIELD,3140,03:50:38,NZL,Runner 60-69 years,42,Female,2438,42,2450,3912
3898,ASHLEY SIPELI,5399,03:51:51,NZL,Runner 20-29 years,655,Female,2439,655,2454,3916
3899,LEI SHEN,6759,03:52:21,CHN,Runner 20-29 years,656,Female,2440,656,2457,3919
3900,MINKA BODDE-PHILLIPS,8033,03:56:00,NZL,Runner 40-49 years,576,Female,2441,578,2466,3928
3901,SARA O'NEILL,8222,03:42:26,NZL,Walker 20-29 years,20,Female,2442,20,2432,3888
3902,HAN HSUAN YI,7794,03:42:42,,Walker 30-39 years,21,Female,2443,21,2433,3889
3903,DEB BAILEY,6998,03:44:48,NZL,Runner 50-59 years,251,Female,2444,251,2439,3898
3904,VICKY BRODEUR-MUIR,3790,03:44:48,NZL,Runner 50-59 years,252,Female,2445,252,2440,3899
3905,HELEN WESSELING,3173,03:49:27,NZL,Walker 50-59 years,112,Female,2446,112,2447,3908
3906,ANN COUGHLAN,7301,03:45:04,NZL,Walker 60-69 years,26,Female,2447,26,2441,3900
3907,TANIA NIXON,5619,03:46:26,NZL,Walker 30-39 years,22,Female,2448,23,2444,3904
3908,KYLIE NIXON,5618,03:46:26,NZL,Walker 30-39 years,23,Female,2449,22,2443,3903
3909,COLIN THORNE,3849,03:45:52,NZL,Runner 70+ years,10,Male,1460,10,1460,3901
3910,SOPHIA GOSLIN,3189,03:59:14,NZL,Walker 20-29 years,21,Female,2450,23,2478,3940
3911,CAROLINE GOSLIN,6007,03:59:19,NZL,Walker 60-69 years,27,Female,2451,28,2479,3941
3912,JENNY LLOYD,4447,03:51:20,AUS,Runner 50-59 years,253,Female,2452,254,2452,3914
3913,ALISON ANDERSON,6232,03:46:20,NZL,Walker 50-59 years,113,Female,2453,111,2442,3902
3914,MICHELE AMER,6821,03:47:47,NZL,Runner 40-49 years,577,Female,2454,576,2445,3906
3915,KATRINA SIMS,4444,03:52:17,AUS,Runner 50-59 years,254,Female,2455,255,2456,3918
3916,DAVID MACDONALD,7544,03:46:38,NZL,Runner 20-29 years,386,Male,1461,386,1461,3905
3917,ANTON ALEKSEEV,8115,04:04:10,NZL,Runner 20-29 years,387,Male,1462,387,1464,3950
3918,RACHELLE BOBON,6206,04:04:10,PHL,Runner 30-39 years,619,Female,2456,623,2487,3951
3919,AMBER HUGHES,3346,03:48:46,NZL,Walker 20-29 years,22,Female,2457,21,2446,3907
3920,DAVE MCMEEKAN,4012,03:50:15,NZL,Runner 50-59 years,182,Male,1463,182,1462,3910
3921,KAYLENE BENNETT,6364,03:51:06,NZL,Walker 30-39 years,24,Female,2458,24,2451,3913
3922,CAROLINE MCCULLOUGH,4011,03:50:17,NZL,Runner 40-49 years,578,Female,2459,577,2449,3911
3923,JULIE GOVERNOR,3279,03:49:48,NZL,Runner 50-59 years,255,Female,2460,253,2448,3909
3924,MEGAN CALDER,7798,03:54:53,NZL,Walker 16-19 years,1,Female,2461,1,2465,3927
3925,JA MIN YAP,7425,03:53:44,,Walker 20-29 years,23,Female,2462,22,2460,3922
3926,JENNIFER WONG,5663,03:57:29,CAN,Runner 20-29 years,657,Female,2463,657,2469,3931
3927,YASMIN AINKARAN,5670,03:57:30,AUS,Runner 20-29 years,658,Female,2464,658,2470,3932
3928,ROBYN ADAMS,7605,03:52:29,NZL,Walker 50-59 years,114,Female,2465,114,2458,3920
3929,LI PHIN CHIN,7159,03:53:57,,Walker 30-39 years,25,Female,2466,25,2462,3924
3930,THERESA RORASON,6579,03:52:13,NZL,Runner 30-39 years,620,Female,2467,619,2455,3917
3931,VICKY MAPLES,5899,03:53:58,NZL,Runner 50-59 years,256,Female,2468,256,2463,3925
3932,SARAH HOBDEN,4494,03:53:59,NZL,Walker 50-59 years,115,Female,2469,115,2464,3926
3933,REBECCA MACDONALD,5170,03:53:47,NZL,Runner 30-39 years,621,Female,2470,620,2461,3923
3934,BRONWYN CROW,3347,03:53:28,NZL,Walker 60-69 years,28,Female,2471,27,2459,3921
3935,LAURA HERAUD,5689,03:56:14,NZL,Walker 50-59 years,116,Female,2472,116,2467,3929
3936,OLGA CRESTANELLO,6738,03:56:27,NZL,Walker 50-59 years,117,Female,2473,117,2468,3930
3937,KEVIN CALDER,6370,04:01:58,NZL,Walker 50-59 years,23,Male,1464,23,1463,3945
3938,TRACEY CALDER,6372,04:01:58,NZL,Walker 50-59 years,118,Female,2474,121,2482,3944
3939,ALEISHA MCKINLEY,4622,03:58:05,NZL,Runner 20-29 years,659,Female,2475,659,2471,3933
3940,MICHELLE OLDS,4850,03:58:08,NZL,Runner 50-59 years,257,Female,2476,259,2474,3936
3941,NIVA RETIMANU,7418,03:58:08,NZL,Runner 50-59 years,258,Female,2477,258,2473,3935
3942,DENISE TRAILL,8018,03:58:06,NZL,Runner 50-59 years,259,Female,2478,257,2472,3934
3943,PETRECE KESHA,7138,03:58:10,NZL,Runner 40-49 years,579,Female,2479,579,2475,3937
3944,M CHATTERLEY,7404,04:13:41,NZL,Runner 50-59 years,260,Female,2480,260,2494,3958
3945,TINA YAKAS,4051,03:59:10,NZL,Walker 50-59 years,119,Female,2481,118,2476,3938
3946,KELLY ROBINSON,4055,03:59:13,NZL,Walker 40-49 years,84,Female,2482,84,2477,3939
3947,JEAN O'CALLAGHAN,3679,04:04:07,NZL,Walker 60-69 years,29,Female,2483,29,2485,3948
3948,SUZANNE WIN,3887,04:04:08,NZL,Walker 60-69 years,30,Female,2484,30,2486,3949
3949,ANNETTE CAMPBELL-STAINTHORPE,6969,04:00:12,NZL,Walker 50-59 years,120,Female,2485,120,2481,3943
3950,EVONNE SIMS,6246,03:59:52,NZL,Walker 50-59 years,121,Female,2486,119,2480,3942
3951,TING TING ZHANG,5185,04:03:06,CHN,Runner 30-39 years,622,Female,2487,621,2483,3946
3952,GLENDA ALBON,4316,04:08:51,NZL,Walker 50-59 years,122,Female,2488,122,2488,3952
3953,RU SHEN,5186,04:03:23,CHN,Runner 30-39 years,623,Female,2489,622,2484,3947
3954,SELINA KEMP,6097,04:10:43,NZL,Walker 40-49 years,85,Female,2490,86,2491,3955
3955,VIRGINIA KIDD,3336,04:10:43,NZL,Runner 40-49 years,580,Female,2491,580,2492,3956
3956,RACHEL WALLACE,4384,04:10:24,NZL,Walker 40-49 years,86,Female,2492,85,2490,3954
3957,SUSAN O'HARA,4385,04:10:23,NZL,Walker 30-39 years,26,Female,2493,26,2489,3953
3958,KELLY FRANKS,6118,04:12:16,GBR,Runner 40-49 years,581,Female,2494,581,2493,3957
3959,RACHEL HEENEY,3745,04:14:04,NZL,Walker 40-49 years,87,Female,2495,87,2495,3959
3960,ANDREA MYNOTT,3612,04:14:05,NZL,Walker 40-49 years,88,Female,2496,88,2496,3960
3961,MELISSA PATERSON,5125,04:14:12,NZL,Walker 20-29 years,24,Female,2497,24,2497,3961
3962,AMANDA WILLIAMS,4522,04:14:55,NZL,Walker 40-49 years,89,Female,2498,89,2498,3962
3963,AMANDA BERRY,4523,04:14:55,NZL,Walker 30-39 years,27,Female,2499,27,2499,3963
3964,BARBARA PATERSON,5074,04:25:37,NZL,Walker 50-59 years,123,Female,2500,124,2501,3965
3965,ROSANNE YOUNG,5045,04:25:36,NZL,Walker 50-59 years,124,Female,2501,123,2500,3964
3966,BARBARA INGLIS,5028,04:27:42,NZL,Walker 50-59 years,125,Female,2502,125,2502,3966
3967,TINA GRAHAM,5046,04:27:42,NZL,Walker 40-49 years,90,Female,2503,90,2503,3967
3968,CARL WILSON,4512,04:33:00,NZL,Walker 40-49 years,14,Male,1465,14,1465,3969
3969,VICTORIA PICKETT,4514,04:32:58,NZL,Walker 30-39 years,28,Female,2504,28,2504,3968
3970,CHRISTINE OLSEN,7494,04:39:33,NZL,Walker 60-69 years,31,Female,2505,31,2505,3970
3971,ANGELA MARKHAM,7367,04:39:33,NZL,Walker 30-39 years,29,Female,2506,29,2506,3971
3972,KATRINA HOBBS,6355,04:39:57,NZL,Walker 40-49 years,91,Female,2507,91,2507,3972
3973,HARRIET BUCKLE,6257,04:42:05,USA,Runner 60-69 years,43,Female,2508,43,2508,3973
3974,JULIE KEYES,3627,04:47:32,AUS,Runner 50-59 years,261,Female,2509,261,2509,3974
3975,SONDOS MAHER,8203,04:47:33,AUS,Runner 50-59 years,262,Female,2510,262,2510,3975
3976,SUSAN WOODS,3278,04:58:42,NZL,Walker 40-49 years,92,Female,2511,92,2511,3976
3977,JESSICA LITT,8144,05:00:34,USA,Runner 50-59 years,263,Female,2512,263,2513,3978
3978,SONJA GUY,3296,04:59:47,NZL,Walker 50-59 years,126,Female,2513,126,2512,3977
3979,HOI CHING LO,7028,05:10:53,HKG,Runner 20-29 years,660,Female,2514,660,2514,3980
3980,YOUWU LIN,3391,05:10:48,,Runner 20-29 years,388,Male,1466,388,1466,3979
3981,JOSAN ABELS,7192,05:29:40,NZL,Runner 40-49 years,582,Female,2515,582,2515,3981
3982,ANNIE CRAWFORD,5233,05:37:38,AUS,Runner 50-59 years,264,Female,2516,264,2516,3982
DNF,KERRY KING,3010,00:00:00,NZL,Runner 20-29 years,,Female,,0,0,0
DNF,NICO PIERIK,4080,00:00:00,NZL,Runner 30-39 years,,Male,,0,0,0
DNF,ROSEMARY BARNETT,5302,00:00:00,NZL,Runner 50-59 years,,Female,,0,0,0
DNF,CLAIRE NUNAN,5578,00:00:00,NZL,Runner 20-29 years,,Female,,0,0,0
DNF,VICTORIA GARDEN,6018,00:00:00,NZL,Walker 40-49 years,,Female,,0,0,0
DNF,MATTHEW BONIFACIO,7198,00:00:00,NZL,Runner 20-29 years,,Male,,0,0,0
DNF,ANNA WILLIAMS,8071,00:00:00,NZL,Runner 30-39 years,,Female,,0,0,0
Not started,KAREEN GRIMSHAW,3001,00:00:00,NZL,Walker 50-59 years,,Female,,0,0,0
Not started,MIKKEL NIELSEN,8078,00:00:00,NZL,Runner 30-39 years,,Male,,0,0,0
Not started,MADELEINE ASHBY,8193,00:00:00,NZL,Runner 20-29 years,,Female,,0,0,0
Not started,ANGE ROWE,3002,00:00:00,NZL,Runner 30-39 years,,Female,,0,0,0
Not started,BECKIE VANDERBOM,3011,00:00:00,NZL,Runner 40-49 years,,Female,,0,0,0
Not started,RICHARD HARLEY,3005,00:00:00,NZL,Runner 30-39 years,,Male,,0,0,0
Not started,JOSH WATSON,3017,00:00:00,NZL,Runner 20-29 years,,Male,,0,0,0
Not started,JENNIFER BOYD,3018,00:00:00,NZL,Runner 30-39 years,,Female,,0,0,0
Not started,ROBERT MIDDLEMISS,3025,00:00:00,NZL,Runner 20-29 years,,Male,,0,0,0
Not started,SARAH FOSTEKEW,3024,00:00:00,NZL,Walker 30-39 years,,Female,,0,0,0
Not started,HARRIET WALL,3037,00:00:00,NZL,Runner 30-39 years,,Female,,0,0,0
Started,DEAN HORO,4124,00:00:00,NZL,Runner 40-49 years,,Male,,0,0,0
Started,EMMA SCHIMANSKI,5179,00:00:00,NZL,Runner 30-39 years,,Female,,0,0,0
Started,SIMONE SINCLAIR,5266,00:00:00,NZL,Runner 30-39 years,,Female,,0,0,0
Started,PATRICK METHVEN,6733,00:00:00,NZL,Runner 50-59 years,,Male,,0,0,0
Started,HAYDEN HARPER,7190,00:00:00,NZL,Runner 30-39 years,,Male,,0,0,0