Position,Name,Bib,Time,Nationality,Category,Category Position,Gender,Gender Position,,
1,CHRIS SANSON,3742,01:12:14,NZL,Runner 20-29 years,1,Male,1,,
2,DANIEL WALLIS,3691,01:12:29,AUS,Runner 20-29 years,2,Male,2,,
3,RYAN MCALISTER,2850,01:14:50,NZL,Runner 20-29 years,3,Male,3,,
4,MARK MOORE,2941,01:15:45,NZL,Runner 30-39 years,1,Male,4,,
5,TOM MOYES,2958,01:18:23,NZL,Runner 30-39 years,2,Male,5,,
6,SHANON STALLARD,3313,01:20:14,NZL,Runner 30-39 years,3,Male,6,,
7,BRAD DIXON,2334,01:20:20,NZL,Runner 40-49 years,1,Male,7,,
8,LAURA NAGEL,3645,01:21:09,NZL,Runner 20-29 years,1,Female,1,,
9,WILLIAM KELSEY,2694,01:21:24,NZL,Runner 30-39 years,4,Male,8,,
10,KANE ARMSTRONG,2037,01:23:39,NZL,Runner 20-29 years,4,Male,9,,
11,LUKE WATTS,3469,01:24:15,NZL,Runner 20-29 years,5,Male,10,,
12,BEN GILLIES,2472,01:25:25,NZL,Runner 20-29 years,6,Male,11,,
13,REUBEN TOMLINSON,3402,01:25:40,NZL,Runner 30-39 years,5,Male,12,,
14,HILLORY DAVIS,3716,01:25:44,AUS,Runner 20-29 years,2,Female,2,,
15,NIKOLA SOBOCANEC,3298,01:26:16,NZL,Runner 30-39 years,6,Male,13,,
16,GRACE RITCHIE,3169,01:26:35,NZL,Runner 16-19 years,1,Female,3,,
17,MELISSA BLACK,2115,01:27:43,NZL,Runner 20-29 years,3,Female,4,,
18,TOM MCLAUGHLIN,2885,01:28:05,NZL,Runner 20-29 years,7,Male,14,,
19,BEN BIBBY,3715,01:28:13,NZL,Runner 20-29 years,8,Male,15,,
20,CHARLOTTE GORDON,2483,01:28:18,NZL,Runner 20-29 years,4,Female,5,,
21,BEN WALLACE,3455,01:28:37,NZL,Runner 20-29 years,9,Male,16,,
22,HANNAH WELLS,3480,01:28:54,NZL,Runner 20-29 years,5,Female,6,,
23,ROBERT BRIER,2150,01:28:55,NZL,Runner 30-39 years,7,Male,17,,
24,ERIC GOMEZ FONT,2481,01:29:30,NZL,Runner 20-29 years,10,Male,18,,
25,JONO LEACH,3619,01:29:35,NZL,Runner 20-29 years,11,Male,19,,
26,KELLY PARLANE,3050,01:30:01,NZL,Runner 30-39 years,1,Female,7,,
27,BRENDAN SPEAKMAN,3681,01:30:05,NZL,Runner 20-29 years,12,Male,20,,
28,EDWIN MASSEY,2838,01:30:06,NZL,Runner 30-39 years,8,Male,21,,
29,GEORGE MCDONALD,2859,01:30:15,NZL,Runner 20-29 years,13,Male,22,,
30,ANDREW MCNALLY,2895,01:31:10,NZL,Runner 30-39 years,9,Male,23,,
31,JASON HAGGERTY,2508,01:31:16,NZL,Runner 30-39 years,10,Male,24,, 
32,KARL BUCHANAN,3703,01:31:24,NZL,Runner 50-59 years,1,Male,25,,
33,KATRINA MADILL,3631,01:31:51,NZL,Runner 20-29 years,6,Female,8,,
34,TIMOTHY BERRY,2104,01:32:05,NZL,Runner 30-39 years,11,Male,26,,
35,NATHAN MASTERS,2840,01:32:17,NZL,Runner 40-49 years,2,Male,27,,
36,DAVID MARRIOTT,2822,01:32:17,NZL,Runner 50-59 years,2,Male,28,,
37,JOSH WILLIAMS,3510,01:32:28,NZL,Runner 20-29 years,14,Male,29,,
38,KAREN TOULMIN,3406,01:32:34,NZL,Runner 30-39 years,2,Female,9,,
39,DANNY EAGLETON,2375,01:32:44,NZL,Runner 40-49 years,3,Male,30,,
40,SAM HOLBOROW,2589,01:33:04,NZL,Runner 20-29 years,15,Male,31,,
41,MICHELLE VAN LOOY,3427,01:33:05,NZL,Runner 40-49 years,1,Female,10,,
42,CRAIG RENSHAW,3149,01:33:06,NZL,Runner 30-39 years,12,Male,32,,
43,KEN LAURIE,2732,01:33:11,NZL,Runner 50-59 years,3,Male,33,,
44,ROSS NELSON,2989,01:33:34,NZL,Runner 30-39 years,13,Male,34,,
45,JACK FOSTER,2443,01:33:40,NZL,Runner 16-19 years,1,Male,35,,
46,RICHARD WISNEWSKI,3527,01:33:46,NZL,Runner 20-29 years,16,Male,36,,
47,ESTHER GEORGE,2465,01:33:49,NZL,Runner 20-29 years,7,Female,11,,
48,STEWART MONTGOMERY,2938,01:33:57,NZL,Runner 40-49 years,4,Male,37,,
49,MICHAEL HOPKINSON,2603,01:34:12,AUS,Runner 30-39 years,14,Male,38,,
50,ALLAN JANES,2654,01:34:27,NZL,Runner 50-59 years,4,Male,39,,
51,SHANNON TARAMOEROA,3737,01:34:28,NZL,Runner 30-39 years,3,Female,12,,
52,JAMES PARSONS,3053,01:34:30,NZL,Runner 40-49 years,5,Male,40,,
53,KERRY MASTERS,2839,01:34:36,NZL,Runner 40-49 years,6,Male,41,,
54,SUZANNE LANDERS,2721,01:34:39,NZL,Runner 30-39 years,4,Female,13,,
55,MARK STYLER,3344,01:34:41,NZL,Runner 30-39 years,15,Male,42,,
56,EMILY MABIN,2786,01:34:42,NZL,Runner 20-29 years,8,Female,14,,
57,THOMAS CUPIT,2287,01:34:54,NZL,Runner 20-29 years,17,Male,43,,
58,CATHERINE DELAPORTE,2315,01:35:19,NZL,Runner 40-49 years,2,Female,15,,
59,JACK MCGUINNESS,3639,01:35:22,NZL,Runner 20-29 years,18,Male,44,,
60,MILLIE ROWAN,3200,01:35:30,NZL,Runner 20-29 years,9,Female,16,,
61,MARK FISHER,2427,01:35:59,NZL,Runner 30-39 years,16,Male,45,,
62,CHRIS SMITH,3278,01:36:02,NZL,Runner 50-59 years,5,Male,46,,
63,HELEN ANDERSON,2024,01:36:22,NZL,Runner 40-49 years,3,Female,17,,
64,TOBIAS MCLAUGHLIN,2884,01:36:26,NZL,Runner 20-29 years,19,Male,47,,
65,JULIA TRAUTVETTER,3409,01:36:33,NZL,Runner 20-29 years,10,Female,18,,
66,SALLY ANDERSON,2027,01:36:33,NZL,Runner 40-49 years,4,Female,19,,
67,GRACIE KEOWN,2696,01:36:41,NZL,Runner 20-29 years,11,Female,20,,
68,KALEY CRAWFORD-FLETT,2278,01:37:11,NZL,Runner 30-39 years,5,Female,21,,
69,DAVID PARLE,3051,01:37:12,NZL,Runner 50-59 years,6,Male,48,,
70,JAKE PEARSON,3067,01:37:16,NZL,Runner 40-49 years,7,Male,49,,
71,HILARY VISSER,3689,01:37:42,NZL,Runner 30-39 years,6,Female,22,,
72,NICOLE YOUMAN,3547,01:37:44,NZL,Runner 30-39 years,7,Female,23,,
73,DAVID CAGNEY,3568,01:37:52,NZL,Runner 20-29 years,20,Male,50,,
74,MIKE ABBOTT,2003,01:38:02,NZL,Runner 30-39 years,17,Male,51,,
75,BLAIR HOWELL,2614,01:38:11,NZL,Runner 30-39 years,18,Male,52,,
76,JOSH HELM,2553,01:38:21,NZL,Runner 30-39 years,19,Male,53,,
77,SIMON WAKEMAN,3447,01:38:41,NZL,Runner 40-49 years,8,Male,54,,
78,LAURA MACKAY,2794,01:38:45,NZL,Runner 20-29 years,12,Female,24,,
79,KAMIL KRASNY,2714,01:38:48,NZL,Runner 20-29 years,21,Male,55,,
80,JAMES DYSART,2374,01:38:50,NZL,Runner 20-29 years,22,Male,56,,
81,RICHARD FARQUHAR,2407,01:38:59,NZL,Runner 40-49 years,9,Male,57,,
82,KATE CARTER,3727,01:39:11,GBR,Runner 40-49 years,5,Female,25,,
83,JONATHAN DOOGAN,3592,01:39:11,NZL,Runner 20-29 years,23,Male,58,,
84,SY ROBERTON,3179,01:39:27,NZL,Runner 40-49 years,10,Male,59,,
85,DANNY BODGER,2122,01:39:31,NZL,Runner 30-39 years,20,Male,60,,
86,DANELLE GOVE,2486,01:39:35,NZL,Runner 30-39 years,8,Female,26,,
87,JAYLIN DICKERSON GILLETT,2325,01:39:42,NZL,Runner 16-19 years,2,Male,61,,
88,TIM HANSON,2518,01:39:47,NZL,Runner 30-39 years,21,Male,62,,
89,DAVID MCCULLAGH,2856,01:39:55,NZL,Runner 30-39 years,22,Male,63,,
90,KURT LIVINGSTON,2766,01:39:59,NZL,Runner 20-29 years,24,Male,64,,
91,TIMOTHY DOBBIN,2340,01:40:04,CAN,Runner 50-59 years,7,Male,65,,
92,JUSTINE BISHOP,2113,01:40:08,NZL,Runner 20-29 years,13,Female,27,,
93,OLIVER REW,3151,01:40:20,NZL,Runner 30-39 years,23,Male,66,,
94,ANGUS WICKHAM,3497,01:40:29,NZL,Runner 40-49 years,11,Male,67,,
95,HUGO SENTENAC,3671,01:40:36,NZL,Runner 20-29 years,25,Male,68,,
96,ROBERT DOUGLAS,2354,01:40:38,NZL,Runner 30-39 years,24,Male,69,,
97,JOE HITCHCOCK,2577,01:40:39,NZL,Runner 30-39 years,25,Male,70,,
98,SAM STOKES,3334,01:40:40,NZL,Runner 30-39 years,26,Male,71,,
99,JASON WISNOWSKI,3700,01:40:44,NZL,Runner 30-39 years,27,Male,72,,
100,ANTHONY SEXTON,3245,01:40:46,NZL,Runner 30-39 years,28,Male,73,,
101,CHRIS FIELDS,2419,01:40:48,NZL,Runner 40-49 years,12,Male,74,,
102,SCOTT WALDEN,3450,01:40:51,NZL,Runner 20-29 years,26,Male,75,,
103,JOHN FISK,3599,01:40:55,NZL,Runner 50-59 years,8,Male,76,,
104,KAMLESH PATEL,3057,01:41:01,NZL,Runner 30-39 years,29,Male,77,,
105,DANIELLE ELLIS,2390,01:41:10,NZL,Runner 20-29 years,14,Female,28,,
106,DHARMESH NANU,2980,01:41:19,NZL,Runner 30-39 years,30,Male,78,,
107,TORBEN HARTMANN,2527,01:41:22,GER,Runner 16-19 years,3,Male,79,,
108,DYLAN QUEEN,3118,01:41:24,NZL,Runner 20-29 years,27,Male,80,,
109,JOHN PINTO,3092,01:41:25,NZL,Runner 30-39 years,31,Male,81,,
110,CAMERON RUSSELL,3208,01:41:31,NZL,Runner 30-39 years,32,Male,82,,
111,BRYDIE HILL,2573,01:41:37,NZL,Runner 40-49 years,6,Female,29,,
112,KIRSTY SKIDMORE,3676,01:41:42,NZL,Runner 40-49 years,7,Female,30,,
113,PETER GODFREY,2477,01:41:43,NZL,Runner 40-49 years,13,Male,83,,
114,WILLIAM ROBERTSON,3186,01:41:53,NZL,Runner 20-29 years,28,Male,84,,
115,JAMIN INIA,2636,01:42:03,NZL,Runner 20-29 years,29,Male,85,,
116,CHRISTOPHER SMITH,3280,01:42:03,NZL,Runner 30-39 years,33,Male,86,,
117,MARK OLSEN,3026,01:42:05,NZL,Runner 30-39 years,34,Male,87,,
118,CRAIG SKIDMORE,3269,01:42:13,NZL,Runner 40-49 years,14,Male,88,,
119,SAM STANLEY,3314,01:42:16,NZL,Runner 40-49 years,15,Male,89,,
120,THOMAS ABERNETHY,3553,01:42:19,NZL,Runner 20-29 years,30,Male,90,,
121,BEN CHALKLEN,2212,01:42:21,NZL,Runner 20-29 years,31,Male,91,,
122,PATRICK BISHOP,2114,01:42:24,NZL,Runner 20-29 years,32,Male,92,,
123,LEAH BARNFIELD,2071,01:42:24,NZL,Runner 30-39 years,9,Female,31,,
124,ANDREW WHITFORD,3714,01:42:38,NZL,Runner 50-59 years,9,Male,93,,
125,ADAM THOMSON,3388,01:42:43,NZL,Runner 30-39 years,35,Male,94,,
126,CHRISTOPH MEIERHOFER,3641,01:42:43,NZL,Runner 40-49 years,16,Male,95,,
127,CASEY WILLIAMS,3505,01:42:45,NZL,Runner 30-39 years,36,Male,96,,
128,KRISTIN JARVIS,2659,01:42:47,NZL,Runner 40-49 years,8,Female,32,,
129,ALASTAIR FOSTER,2441,01:42:49,NZL,Runner 30-39 years,37,Male,97,,
130,GAVIN SMALES,3677,01:42:51,NZL,Runner 30-39 years,38,Male,98,,
131,MILES MCBAIN,2851,01:42:54,NZL,Runner 30-39 years,39,Male,99,,
132,BRIDGET DEVOY,2321,01:42:57,NZL,Runner 20-29 years,15,Female,33,,
133,MATT COPE,3581,01:42:57,NZL,Runner 20-29 years,33,Male,100,,
134,DANIEL ROOKE,3194,01:42:57,NZL,Runner 20-29 years,34,Male,101,,
135,RICHARD MASON,2836,01:42:58,NZL,Runner 50-59 years,10,Male,102,,
136,CALISTA HEA,2541,01:42:59,NZL,Runner 30-39 years,10,Female,34,,
137,REBECCA HARRINGTON,2522,01:43:02,AUS,Runner 20-29 years,16,Female,35,,
138,JO PENTREATH,3654,01:43:05,NZL,Runner 30-39 years,11,Female,36,,
139,MARK MORGAN,2944,01:43:10,NZL,Runner 40-49 years,17,Male,103,,
140,STEPHEN DAY,3585,01:43:11,NZL,Runner 20-29 years,35,Male,104,,
141,RIAIA DONALD,2343,01:43:13,NZL,Runner 30-39 years,12,Female,37,,
142,ANDREW ROWE,3201,01:43:18,NZL,Runner 20-29 years,36,Male,105,,
143,LUKE RYAN,3215,01:43:19,NZL,Runner 30-39 years,40,Male,106,,
144,ELIZABETH SIM,3263,01:43:24,NZL,Runner 20-29 years,17,Female,38,,
145,WING YIN WONG,3532,01:43:27,HKG,Runner 30-39 years,13,Female,39,,
146,MARIJA POTTER,3107,01:43:29,NZL,Runner 30-39 years,14,Female,40,,
147,GORDON BEARMAN,2092,01:43:30,NZL,Runner 30-39 years,41,Male,107,,
148,SARAH RICEMAN,3156,01:43:33,NZL,Runner 20-29 years,18,Female,41,,
149,WILLIAM BINGHAM,3559,01:43:33,NZL,Runner 20-29 years,37,Male,108,,
150,JANE BALDWIN,2057,01:43:33,NZL,Runner 50-59 years,1,Female,42,,
151,JOHN HELM,2552,01:43:34,NZL,Runner 60-69 years,1,Male,109,,
152,THOMAS NATION,2982,01:43:37,NZL,Runner 20-29 years,38,Male,110,,
153,LUKE WATSON,3693,01:43:43,NZL,Runner 40-49 years,18,Male,111,,
154,ASHLEY KONIG,2713,01:43:44,NZL,Runner 20-29 years,19,Female,43,,
155,MARK BOND,2128,01:43:45,NZL,Runner 20-29 years,39,Male,112,,
156,JAMES TOEBES,3398,01:43:47,NZL,Runner 20-29 years,40,Male,113,,
157,NIKKI LORIGAN,2776,01:43:55,NZL,Runner 20-29 years,20,Female,44,,
158,MICHAEL DILLON,2328,01:43:56,NZL,Runner 40-49 years,19,Male,114,,
159,BLAIR HEASLEY,2546,01:44:03,NZL,Runner 20-29 years,41,Male,115,,
160,EMMA MACKIE,2797,01:44:03,NZL,Runner 30-39 years,15,Female,45,,
161,DAISUKE ITO,2641,01:44:10,NZL,Runner 30-39 years,42,Male,116,,
162,PAUL GREENBANK,2496,01:44:10,NZL,Runner 20-29 years,42,Male,117,,
163,BEN HAPGOOD,2519,01:44:10,AUS,Runner 30-39 years,43,Male,118,,
164,CHRIS KAISER,2683,01:44:13,NZL,Runner 40-49 years,20,Male,119,,
165,SHEA REARDON,3141,01:44:15,NZL,Runner 20-29 years,21,Female,46,,
166,GRAEME MOSS,2953,01:44:19,NZL,Runner 50-59 years,11,Male,120,,
167,KARNE BEAL,2090,01:44:22,NZL,Runner 30-39 years,16,Female,47,,
168,JORDELLE SIMKIN,3721,01:44:25,NZL,Runner 20-29 years,22,Female,48,,
169,CAMERON STEWART,3320,01:44:26,NZL,Runner 30-39 years,44,Male,121,,
170,CHARLOTTE PATERSON,3059,01:44:27,NZL,Runner 20-29 years,23,Female,49,,
171,THOMAS WHITE,3490,01:44:40,NZL,Runner 30-39 years,45,Male,122,,
172,ROBYN HOLDAWAY,2591,01:44:42,NZL,Runner 20-29 years,24,Female,50,,
173,ESTELLE CURD,2288,01:44:42,NZL,Runner 20-29 years,25,Female,51,,
174,EMMA OSMOND,3034,01:44:46,NZL,Runner 20-29 years,26,Female,52,,
175,KENNY WILLIAMS,3513,01:44:46,NZL,Runner 20-29 years,43,Male,123,,
176,VICTORIA APABLAZA,2032,01:45:00,NZL,Runner 30-39 years,17,Female,53,,
177,ANDREW LOWE,2780,01:45:04,NZL,Runner 30-39 years,46,Male,124,,
178,DAMIEN MOLONEY,2935,01:45:05,NZL,Runner 20-29 years,44,Male,125,,
179,NIKITA ZACHINSKIY,3551,01:45:08,RUS,Runner 30-39 years,47,Male,126,,
180,KIERAN WOODHAM,3536,01:45:18,NZL,Runner 30-39 years,48,Male,127,,
181,RICHARD MILLS,2913,01:45:22,NZL,Runner 50-59 years,12,Male,128,,
182,ZAMM MAZID,2849,01:45:22,NZL,Runner 30-39 years,49,Male,129,,
183,ROANNA VINING,3438,01:45:23,NZL,Runner 30-39 years,18,Female,54,,
184,ADNAN SIAMWALA,3258,01:45:25,NZL,Runner 20-29 years,45,Male,130,,
185,BLAKE TREMAIN,3413,01:45:26,NZL,Runner 16-19 years,4,Male,131,,
186,ANDREW NATUSCH,2983,01:45:26,NZL,Runner 60-69 years,2,Male,132,,
187,TAMSIN O'NEALE,3028,01:45:27,USA,Runner 30-39 years,19,Female,55,,
188,KRISTEN NASH,2981,01:45:30,NZL,Runner 40-49 years,9,Female,56,,
189,RACHEL WHITELAW,3493,01:45:32,NZL,Runner 20-29 years,27,Female,57,,
190,JAMIE FISHER,2425,01:45:33,NZL,Runner 30-39 years,50,Male,133,,
191,BEN DUCKWORTH,2366,01:45:38,NZL,Runner 20-29 years,46,Male,134,,
192,DAVID MCNABB,3725,01:45:42,NZL,Runner 50-59 years,13,Male,135,,
193,JAMES MCNABB,2894,01:45:45,NZL,Runner 30-39 years,51,Male,136,,
194,JAMES WALSH,3459,01:45:47,NZL,Runner 40-49 years,21,Male,137,,
195,PAIGE PATERSON,3061,01:45:48,NZL,Runner 20-29 years,28,Female,58,,
196,GEORGIA SAXON,3225,01:45:48,NZL,Runner 40-49 years,10,Female,59,,
197,ANDY HORNE,2606,01:45:50,NZL,Runner 50-59 years,14,Male,138,,
198,DAVID ELLIOTT,2387,01:45:50,NZL,Runner 40-49 years,22,Male,139,,
199,CAROLINE MELLSOP,2906,01:45:54,NZL,Runner 20-29 years,29,Female,60,,
200,TOM KERINS,2697,01:45:59,NZL,Runner 20-29 years,47,Male,140,,
201,ZACH CANDY,2197,01:46:00,NZL,Runner 20-29 years,48,Male,141,,
202,DAVID RAY,3663,01:46:04,AUS,Runner 60-69 years,3,Male,142,,
203,RHYS LATHAM,3617,01:46:06,NZL,Runner 20-29 years,49,Male,143,,
204,MARTIN SCOTT,3234,01:46:19,NZL,Runner 40-49 years,23,Male,144,,
205,SHAYNE FORREST,2440,01:46:22,NZL,Runner 20-29 years,50,Male,145,,
206,SCOTT MURPHY,2970,01:46:22,NZL,Runner 20-29 years,51,Male,146,,
207,DAVID DELA CRUZ,2314,01:46:31,NZL,Runner 20-29 years,52,Male,147,,
208,DAVID BUTLER-PECK,2189,01:46:32,NZL,Runner 40-49 years,24,Male,148,,
209,JONO GRIFFITH,2502,01:46:33,NZL,Runner 20-29 years,53,Male,149,,
210,OLIVER FLEISCHL,3600,01:46:38,NZL,Runner 20-29 years,54,Male,150,,
211,HEINRICH STORM,3337,01:46:43,NZL,Runner 30-39 years,52,Male,151,,
212,SHARON BRYANT,2168,01:46:45,NZL,Runner 40-49 years,11,Female,61,,
213,VANESSA COVENY,2267,01:46:47,NZL,Runner 40-49 years,12,Female,62,,
214,LUCY PATERSON,3060,01:46:49,NZL,Runner 20-29 years,30,Female,63,,
215,PAUL SIMPSON,3265,01:47:05,NZL,Runner 20-29 years,55,Male,152,,
216,DARRYL JONES,2678,01:47:18,NZL,Runner 40-49 years,25,Male,153,,
217,GREG BONNETT,2130,01:47:20,NZL,Runner 40-49 years,26,Male,154,,
218,TONI HAWKEY,2532,01:47:23,NZL,Runner 40-49 years,13,Female,64,,
219,PHILIP WEBB,3476,01:47:25,NZL,Runner 50-59 years,15,Male,155,,
220,CHRISTINE LO,2770,01:47:29,NZL,Runner 20-29 years,31,Female,65,,
221,CRISTIAN HOSSACK,2612,01:47:30,NZL,Runner 40-49 years,27,Male,156,,
222,AMY FOWLER,2445,01:47:31,NZL,Runner 30-39 years,20,Female,66,,
223,AIDAN MAHONY,2807,01:47:37,NZL,Runner 30-39 years,53,Male,157,,
224,LEE ARMITSTEAD,2035,01:47:44,NZL,Runner 20-29 years,56,Male,158,,
225,RYAN JACKSON,2646,01:47:46,NZL,Runner 30-39 years,54,Male,159,,
226,GRAEME STANTON,3316,01:47:48,NZL,Runner 40-49 years,28,Male,160,,
227,JONO WHITE,3489,01:47:49,NZL,Runner 30-39 years,55,Male,161,,
228,LIAM DEVOY,2322,01:47:53,NZL,Runner 20-29 years,57,Male,162,,
229,HAYDEN LOW,2779,01:47:53,NZL,Runner 20-29 years,58,Male,163,,
230,RICHARD COOK,3578,01:47:55,NZL,Runner 30-39 years,56,Male,164,,
231,AL WATSON,3466,01:47:56,NZL,Runner 40-49 years,29,Male,165,,
232,STEPHANIE BODE,2121,01:47:59,NZL,Runner 20-29 years,32,Female,67,,
233,HAMISH LINDSTROM,2759,01:47:59,NZL,Runner 30-39 years,57,Male,166,,
234,MATTHEW BAILEY,3746,01:48:01,NZL,Runner 40-49 years,30,Male,167,,
235,GRAHAM FUSSELL,2455,01:48:06,NZL,Runner 40-49 years,31,Male,168,,
236,PENNY FUSSELL,2456,01:48:07,NZL,Runner 40-49 years,14,Female,68,,
237,BRAD KEEGAN,2690,01:48:08,NZL,Runner 30-39 years,58,Male,169,,
238,ALEX DUNN,2369,01:48:10,NZL,Runner 20-29 years,59,Male,170,,
239,RENE AVEYARD,2044,01:48:14,NZL,Runner 40-49 years,15,Female,69,,
240,ANGE TREMAIN,3412,01:48:15,NZL,Runner 50-59 years,2,Female,70,,
241,JEMMA MCDADE,2858,01:48:18,NZL,Runner 30-39 years,21,Female,71,,
242,TRAVIS BARKER,2066,01:48:19,NZL,Runner 40-49 years,32,Male,171,,
243,LISA MARTIN,2832,01:48:24,NZL,Runner 30-39 years,22,Female,72,,
244,BRIAN HEALD,2542,01:48:27,NZL,Runner 30-39 years,59,Male,172,,
245,BRENTON VANNISSELROY,3430,01:48:28,NZL,Runner 30-39 years,60,Male,173,,
246,KIRSTEN SEARLE,3669,01:48:32,NZL,Runner 40-49 years,16,Female,73,,
247,GREG PORCER,3104,01:48:33,NZL,Runner 40-49 years,33,Male,174,,
248,CAMERON JAMIESON,2653,01:48:36,NZL,Runner 20-29 years,60,Male,175,,
249,KORENE QUIGLEY,3121,01:48:41,NZL,Runner 30-39 years,23,Female,74,,
250,PHIL CAMERON,2193,01:48:48,NZL,Runner 60-69 years,4,Male,176,,
251,AURÚLIE DESJARDINS,2320,01:48:48,NZL,Runner 30-39 years,24,Female,75,,
252,GUY CARO,2202,01:48:54,NZL,Runner 40-49 years,34,Male,177,,
253,SIMON CRAMPTON,2273,01:48:56,NZL,Runner 40-49 years,35,Male,178,,
254,WILLIAM WILKINS,3502,01:48:57,NZL,Runner 20-29 years,61,Male,179,,
255,LYNNE FILMER-BIRCH,2420,01:49:00,NZL,Runner 40-49 years,17,Female,76,,
256,RICKY LIU,2765,01:49:05,NZL,Runner 30-39 years,61,Male,180,,
257,PAULINE POORE,3102,01:49:08,NZL,Runner 50-59 years,3,Female,77,,
258,MARCUS HILDYARD,2571,01:49:17,NZL,Runner 30-39 years,62,Male,181,,
259,JOHN GORDON,3605,01:49:19,NZL,Runner 50-59 years,16,Male,182,,
260,BEVAN HAND,2514,01:49:21,NZL,Runner 40-49 years,36,Male,183,,
261,KAY GORDON,2484,01:49:31,NZL,Runner 20-29 years,33,Female,78,,
262,HANNAH ADAMS,2007,01:49:32,NZL,Runner 30-39 years,25,Female,79,,
263,IAN MURRAY,2974,01:49:33,NZL,Runner 40-49 years,37,Male,184,,
264,KIMBERLEY FISHER,2426,01:49:36,NZL,Runner 30-39 years,26,Female,80,,
265,DAVID YOUNGQUEST,3550,01:49:36,NZL,Runner 50-59 years,17,Male,185,,
266,SANDY RADBURND,3124,01:49:37,NZL,Runner 20-29 years,62,Male,186,,
267,DEAN NORTON,3005,01:49:40,NZL,Runner 40-49 years,38,Male,187,,
268,KEVIN HEIN,3607,01:49:55,NZL,Runner 40-49 years,39,Male,188,,
269,PHIL OSBORN,3031,01:50:00,NZL,Runner 30-39 years,63,Male,189,,
270,CALLUM BRAZIER,2147,01:50:02,NZL,Runner 20-29 years,63,Male,190,,
271,FEE HOLDSWORTH,2594,01:50:02,NZL,Runner 40-49 years,18,Female,81,,
272,TIMOTHY ROPER,3197,01:50:03,NZL,Runner 30-39 years,64,Male,191,,
273,TOM LINDSAY,2758,01:50:04,NZL,Runner 20-29 years,64,Male,192,,
274,SANTIAGO VILLACRES,3436,01:50:05,ECU,Runner 30-39 years,65,Male,193,,
275,NATALIE WELCH,3479,01:50:06,NZL,Runner 40-49 years,19,Female,82,,
276,FRANCESCA SMALLER,3678,01:50:07,NZL,Runner 16-19 years,2,Female,83,,
277,GREAGH WILLIAMS,3697,01:50:07,NZL,Runner 16-19 years,5,Male,194,,
278,RICHARD GILLESPIE,2470,01:50:08,NZL,Runner 30-39 years,66,Male,195,,
279,OWAIN WILLIAMS,3515,01:50:09,NZL,Runner 30-39 years,67,Male,196,,
280,ROD SETFORD,3241,01:50:09,NZL,Runner 40-49 years,40,Male,197,,
281,ELIZABETH CLEMENT,2234,01:50:17,NZL,Runner 40-49 years,20,Female,84,,
282,MARK BLOOD,3561,01:50:19,NZL,Runner 50-59 years,18,Male,198,,
283,DIANE CORNELL,2258,01:50:21,NZL,Runner 50-59 years,4,Female,85,,
284,MARK HENDERSON,2556,01:50:23,NZL,Runner 30-39 years,68,Male,199,,
285,CHARLES STEWART,3321,01:50:27,NZL,Runner 50-59 years,19,Male,200,,
286,JESSICA OGDEN,3018,01:50:31,AUS,Runner 20-29 years,34,Female,86,,
287,CHRISTINE O'BRIEN,3011,01:50:31,NZL,Runner 40-49 years,21,Female,87,,
288,PHILIPPA SPENCER,3308,01:50:31,NZL,Runner 20-29 years,35,Female,88,,
289,JEREMY ROBBIE,3174,01:50:33,NZL,Runner 30-39 years,69,Male,201,,
290,ROSS HOOLEY,2599,01:50:36,NZL,Runner 20-29 years,65,Male,202,,
291,DARREN MYLES,2977,01:50:39,NZL,Runner 50-59 years,20,Male,203,,
292,SHANNON ROSS,3199,01:50:39,NZL,Runner 20-29 years,36,Female,89,,
293,DAN HENDERSON,2554,01:50:41,NZL,Runner 30-39 years,70,Male,204,,
294,DEBRA BAKER-PERI,2055,01:50:42,AUS,Runner 40-49 years,22,Female,90,,
295,KELSI BOLSTAD,2124,01:50:42,NZL,Runner 20-29 years,37,Female,91,,
296,KAYLA JONES,3615,01:50:42,NZL,Runner 20-29 years,38,Female,92,,
297,IAN MCLEAN,2888,01:50:45,NZL,Runner 50-59 years,21,Male,205,,
298,CAITLIN O'BRIEN,3010,01:50:48,NZL,Runner 20-29 years,39,Female,93,,
299,HAYLEY ANDERSON,2023,01:50:55,NZL,Runner 30-39 years,71,Male,206,,
300,RICH MARSHALL,3632,01:50:59,NZL,Runner 40-49 years,41,Male,207,,
301,DAN ENTICOTT,2397,01:51:00,NZL,Runner 30-39 years,72,Male,208,,
302,DEAN FERGUSON,2415,01:51:07,NZL,Runner 40-49 years,42,Male,209,,
303,LIBBY HOUGHTON,3611,01:51:09,NZL,Runner 20-29 years,40,Female,94,,
304,CAITLIN HOUGHTON,2613,01:51:09,NZL,Runner 20-29 years,41,Female,95,,
305,EMMA WHARAM,3485,01:51:09,NZL,Runner 20-29 years,42,Female,96,,
306,AMANDA PRITCHARD,3113,01:51:16,NZL,Runner 40-49 years,23,Female,97,,
307,COREY EAST,2377,01:51:17,NZL,Runner 20-29 years,66,Male,210,,
308,TROY LUNN,3626,01:51:21,NZL,Runner 20-29 years,67,Male,211,,
309,PHOEBE ELLIS,2393,01:51:24,NZL,Runner 20-29 years,43,Female,98,,
310,TRACEY DUMBLETON,2368,01:51:25,NZL,Runner 40-49 years,24,Female,99,,
311,GRANT JARVIS,2658,01:51:26,NZL,Runner 40-49 years,43,Male,212,,
312,IAN HOSFORD,2610,01:51:31,NZL,Runner 50-59 years,22,Male,213,,
313,EMMA BARRETT,2076,01:51:32,NZL,Runner 40-49 years,25,Female,100,,
314,WENDY INGHAM,2634,01:51:33,NZL,Runner 40-49 years,26,Female,101,,
315,CHELSEA AGNEW,2011,01:51:34,NZL,Runner 20-29 years,44,Female,102,,
316,MOLLY REYNOLDS,3153,01:51:34,NZL,Runner 20-29 years,45,Female,103,,
317,CHRIS SUTTON,3358,01:51:37,NZL,Runner 30-39 years,73,Male,214,,
318,NATALIE MANNING,2815,01:51:45,NZL,Runner 20-29 years,46,Female,104,,
319,CAM HAYES,2535,01:51:47,NZL,Runner 20-29 years,68,Male,215,,
320,ESTHER SUMMERHAYS,3351,01:51:51,NZL,Runner 30-39 years,27,Female,105,,
321,MICHAEL SQUIRE,3312,01:51:52,NZL,Runner 40-49 years,44,Male,216,,
322,DAVE WASHER,3463,01:51:53,NZL,Runner 50-59 years,23,Male,217,,
323,ANNA TRENHOLME,3414,01:51:56,NZL,Runner 20-29 years,47,Female,106,,
324,JACK WESTCOTT,3481,01:51:56,NZL,Runner 20-29 years,69,Male,218,,
325,TREVOR HALKETT,2510,01:51:58,NZL,Runner 30-39 years,74,Male,219,,
326,HAMISH BAKER,2053,01:52:02,NZL,Runner 30-39 years,75,Male,220,,
327,GRACE HEBDEN,2547,01:52:12,NZL,Runner 30-39 years,28,Female,107,,
328,JAMES BURKITT,2177,01:52:13,NZL,Runner 40-49 years,45,Male,221,,
329,MEGHAN CAVANAGH,2209,01:52:19,NZL,Runner 40-49 years,27,Female,108,,
330,ANDREW RIDDLE,3165,01:52:21,NZL,Runner 50-59 years,24,Male,222,,
331,IVAN LUKETINA,2783,01:52:24,NZL,Runner 20-29 years,70,Male,223,,
332,STEPHEN LYS,3629,01:52:31,NZL,Runner 40-49 years,46,Male,224,,
333,SARA LYS,3628,01:52:31,NZL,Runner 40-49 years,28,Female,109,,
334,DILAKSHI WAIDYARATNE,3445,01:52:35,NZL,Runner 20-29 years,48,Female,110,,
335,JACINDA MURPHY,2968,01:52:37,NZL,Runner 20-29 years,49,Female,111,,
336,CHRIS RICHARDSON,3159,01:52:39,NZL,Runner 40-49 years,47,Male,225,,
337,LARA PLUMTREE,3096,01:52:40,NZL,Runner 40-49 years,29,Female,112,,
338,JARED FOWLER,2446,01:52:50,NZL,Runner 40-49 years,48,Male,226,,
339,ELAINE TOAL,3396,01:52:52,NZL,Runner 40-49 years,30,Female,113,,
340,THOMAS GREENWOOD,2499,01:52:55,NZL,Runner 30-39 years,76,Male,227,,
341,MARTYN REYNOLDS,3720,01:52:57,NZL,Runner 50-59 years,25,Male,228,,
342,CHARLAINE SPENCER,3306,01:52:58,NZL,Runner 40-49 years,31,Female,114,,
343,CLAIRE JACK,2642,01:52:59,NZL,Runner 20-29 years,50,Female,115,,
344,GEOFF COPE,3579,01:53:00,NZL,Runner 50-59 years,26,Male,229,,
345,NICK FRASER,2447,01:53:02,NZL,Runner 30-39 years,77,Male,230,,
346,AHMED DAHIR MOHAMED,2932,01:53:03,NZL,Runner 30-39 years,78,Male,231,,
347,SIAN RAMIREZ,3130,01:53:06,NZL,Runner 30-39 years,29,Female,116,,
348,JORDAN GIBSON,2467,01:53:07,NZL,Runner 20-29 years,71,Male,232,,
349,CLAIRE PIPER,3093,01:53:07,NZL,Runner 30-39 years,30,Female,117,,
350,JESS RULE,3205,01:53:12,NZL,Runner 20-29 years,51,Female,118,,
351,ABBIE BROWN,2157,01:53:12,NZL,Runner 30-39 years,31,Female,119,,
352,LETICIA TOVAR,3407,01:53:13,NZL,Runner 30-39 years,32,Female,120,,
353,ANNA MARSHALL,2823,01:53:16,NZL,Runner 30-39 years,33,Female,121,,
354,GRANT TROLLOPE,3687,01:53:20,NZL,Runner 60-69 years,5,Male,233,,
355,JUNICHI ONO,3029,01:53:20,NZL,Runner 40-49 years,49,Male,234,,
356,REBECCA HUNT,2623,01:53:23,NZL,Runner 20-29 years,52,Female,122,,
357,DARRYL ROBINSON,3187,01:53:29,NZL,Runner 40-49 years,50,Male,235,,
358,JESSE JARDINE,3739,01:53:30,NZL,Runner 30-39 years,79,Male,236,,
359,DAN BRADLEY,2142,01:53:34,NZL,Runner 30-39 years,80,Male,237,,
360,KATE BOURKE,2133,01:53:35,NZL,Runner 30-39 years,34,Female,123,,
361,NADINE WILLIAMS,3514,01:53:38,NZL,Runner 40-49 years,32,Female,124,,
362,PHILIP EVANS,2400,01:53:39,NZL,Runner 20-29 years,72,Male,238,,
363,TRACEY DOUGLAS,3706,01:53:41,NZL,Runner 40-49 years,33,Female,125,,
364,ANDREW TILBY,3392,01:53:43,NZL,Runner 40-49 years,51,Male,239,,
365,JASON RICE,3155,01:53:46,NZL,Runner 40-49 years,52,Male,240,,
366,KENDALL ELLIOTT,3597,01:53:49,NZL,Runner 20-29 years,53,Female,126,,
367,BROOKE SHERGOLD,3672,01:53:49,NZL,Runner 20-29 years,54,Female,127,,
368,JOHN SHAVER,3249,01:53:51,NZL,Runner 40-49 years,53,Male,241,,
369,REGAN HELLYER,2550,01:53:53,NZL,Runner 40-49 years,54,Male,242,,
370,SARA MADDERS,2804,01:53:57,NZL,Runner 30-39 years,35,Female,128,,
371,STEPHEN RICHARDS,3158,01:54:03,NZL,Runner 30-39 years,81,Male,243,,
372,BARRY MCGIBNEY,2870,01:54:04,NZL,Runner 30-39 years,82,Male,244,,
373,OTTO SCHMIDT,3228,01:54:06,NZL,Runner 20-29 years,73,Male,245,,
374,ALEXANDRA GOLDKORN,3603,01:54:07,NZL,Runner 40-49 years,34,Female,129,,
375,PENNY FORD,2436,01:54:13,NZL,Runner 40-49 years,35,Female,130,,
376,KRISTINE ELLIOTT,2388,01:54:15,NZL,Runner 40-49 years,36,Female,131,,
377,ROGER BROADHURST,2153,01:54:16,NZL,Runner 50-59 years,27,Male,246,,
378,DAVE CORLETT,2257,01:54:19,NZL,Runner 50-59 years,28,Male,247,,
379,FELIX DELLORI,2317,01:54:19,GER,Runner 20-29 years,74,Male,248,,
380,MATT IRONSIDE,2637,01:54:20,NZL,Runner 20-29 years,75,Male,249,,
381,ANNA KERR,2698,01:54:20,NZL,Runner 30-39 years,36,Female,132,,
382,JANELLE OXLEY,3036,01:54:21,NZL,Runner 20-29 years,55,Female,133,,
383,GEORGIA LEICESTER,2749,01:54:27,NZL,Runner 20-29 years,56,Female,134,,
384,SEAN BELL,2096,01:54:29,NZL,Runner 30-39 years,83,Male,250,,
385,MARCUS HAYES-JONES,2536,01:54:32,NZL,Runner 40-49 years,55,Male,251,,
386,ELLA MAIDEN,2808,01:54:37,NZL,Runner 20-29 years,57,Female,135,,
387,ELOISE STOBO,3332,01:54:38,NZL,Runner 20-29 years,58,Female,136,,
388,SIOBHAN AHDAR,2013,01:54:39,NZL,Runner 20-29 years,59,Female,137,,
389,JOSEPHINE SULA,3347,01:54:40,NZL,Runner 40-49 years,37,Female,138,,
390,HAYLEY MORRISON,2947,01:54:45,NZL,Runner 30-39 years,37,Female,139,,
391,JEFF ROBSON,3191,01:54:47,NZL,Runner 40-49 years,56,Male,252,,
392,DANIEL JACKSON,3612,01:54:55,NZL,Runner 20-29 years,76,Male,253,,
393,JESSICA CLARE MILLS,2914,01:54:55,NZL,Runner 30-39 years,38,Female,140,,
394,DAVID WHITTLE,3495,01:55:00,NZL,Runner 40-49 years,57,Male,254,,
395,CORAL DIXON,2336,01:55:01,NZL,Runner 40-49 years,38,Female,141,,
396,MARTIN ELSWORTH,2394,01:55:03,NZL,Runner 30-39 years,84,Male,255,,
397,JORDAN ROBERTS,3180,01:55:03,NZL,Runner 20-29 years,77,Male,256,,
398,MICAYLA COTTER,2261,01:55:05,NZL,Runner 20-29 years,60,Female,142,,
399,ALISON ROPER,3196,01:55:05,NZL,Runner 40-49 years,39,Female,143,,
400,IRINA BAIMATOVA,2051,01:55:05,NZL,Runner 20-29 years,61,Female,144,,
401,ANDREW SMITH,3276,01:55:08,NZL,Runner 40-49 years,58,Male,257,,
402,RACHEL STEWART,3325,01:55:09,NZL,Runner 20-29 years,62,Female,145,,
403,HANNAH MARSHALL,2824,01:55:12,NZL,Runner 20-29 years,63,Female,146,,
404,MICHELLE KITTOW,2705,01:55:20,NZL,Runner 40-49 years,40,Female,147,,
405,KATE RATTRIE,3134,01:55:21,NZL,Runner 20-29 years,64,Female,148,,
406,RUPERT HOLBOROW,2588,01:55:21,NZL,Runner 50-59 years,29,Male,258,,
407,NATASHA ROBERTON,3178,01:55:21,NZL,Runner 40-49 years,41,Female,149,,
408,NICKY ANDERSON,2026,01:55:24,NZL,Runner 40-49 years,42,Female,150,,
409,TOMI WILLIAMS,3517,01:55:26,NZL,Runner 40-49 years,43,Female,151,,
410,BRIAN MCDONNELL,2862,01:55:28,NZL,Runner 40-49 years,59,Male,259,,
411,KEN LEITCH,2750,01:55:32,AUS,Runner 50-59 years,30,Male,260,,
412,OLIVIA RYNNE,3218,01:55:33,NZL,Runner 20-29 years,65,Female,152,,
413,ELLA HUTCHINGS,3717,01:55:37,NZL,Runner 20-29 years,66,Female,153,,
414,ABBY KATHERINE,2686,01:55:40,NZL,Runner 20-29 years,67,Female,154,,
415,COREY BURT,3567,01:55:40,NZL,Runner 30-39 years,85,Male,261,,
416,EILEEN SIMS,3266,01:55:41,AUS,Runner 40-49 years,44,Female,155,,
417,XIAONAN DENG,3587,01:55:42,CHN,Runner 20-29 years,78,Male,262,,
418,DAVID CLEMENT,2233,01:55:43,NZL,Runner 50-59 years,31,Male,263,,
419,RACHEL THOMSON,3389,01:55:45,NZL,Runner 20-29 years,68,Female,156,,
420,ANNA HARE,3606,01:55:46,NZL,Runner 40-49 years,45,Female,157,,
421,GLENN BARNETT,2070,01:55:46,NZL,Runner 40-49 years,60,Male,264,,
422,REBEKAH CUSIN,2292,01:55:47,NZL,Runner 30-39 years,39,Female,158,,
423,MARK PETERSON,3655,01:55:48,NZL,Runner 50-59 years,32,Male,265,,
424,JODI BROWN,2163,01:55:51,NZL,Runner 40-49 years,46,Female,159,,
425,TIMOTHY DAWSON,2310,01:55:51,NZL,Runner 40-49 years,61,Male,266,,
426,SAMUEL MASON,3634,01:55:52,NZL,Runner 30-39 years,86,Male,267,,
427,SHEREE HORVATH,2609,01:55:53,NZL,Runner 30-39 years,40,Female,160,,
428,SAM PATTEN,3063,01:55:58,NZL,Runner 30-39 years,87,Male,268,,
429,JUSTIN GRAHAM,2489,01:55:59,NZL,Runner 40-49 years,62,Male,269,,
430,WAYNE LANGFORD,2724,01:56:04,NZL,Runner 30-39 years,88,Male,270,,
431,SIMON SWIFT,3363,01:56:09,NZL,Runner 50-59 years,33,Male,271,,
432,MIKE CAPPER,3572,01:56:11,NZL,Runner 40-49 years,63,Male,272,,
433,EMMA RICKETTS,3163,01:56:13,NZL,Runner 20-29 years,69,Female,161,,
434,JEVAN DICKINSON,2326,01:56:17,NZL,Runner 40-49 years,64,Male,273,,
435,CAMPBELL WILSON,424,01:56:18,NZL,Runner 40-49 years,65,Male,274,,
436,KRISTA JAMES,3613,01:56:18,NZL,Runner 30-39 years,41,Female,162,,
437,ANGUS TAYLOR,3371,01:56:19,NZL,Runner 40-49 years,66,Male,275,,
438,JO EAGLETON,2376,01:56:20,NZL,Runner 40-49 years,47,Female,163,,
439,BEN RAGGETT,3126,01:56:22,NZL,Runner 30-39 years,89,Male,276,,
440,RACHEL CHITTY,2222,01:56:23,NZL,Runner 30-39 years,42,Female,164,,
441,JONATHAN CLEMENT,2235,01:56:24,NZL,Runner 20-29 years,79,Male,277,,
442,TIM BOYLE,2141,01:56:26,NZL,Runner 50-59 years,34,Male,278,,
443,JEREMY EGERTON,2384,01:56:31,NZL,Runner 30-39 years,90,Male,279,,
444,HOLLY TUNSTALL,3418,01:56:31,NZL,Runner 20-29 years,70,Female,165,,
445,NICOLA RUSSELL,3209,01:56:36,NZL,Runner 30-39 years,43,Female,166,,
446,SIMON JACKSON,2647,01:56:45,NZL,Runner 20-29 years,80,Male,280,,
447,JEREMY LIU,2764,01:56:45,NZL,Runner 20-29 years,81,Male,281,,
448,ROBYN MCALLISTER,3735,01:56:47,NZL,Runner 30-39 years,44,Female,167,,
449,MICHAEL PELDAN,3074,01:56:53,AUS,Runner 50-59 years,35,Male,282,,
450,CARLIENNE MACQUEEN,2801,01:56:54,NZL,Runner 20-29 years,71,Female,168,,
451,REBECCA JENKS,2666,01:56:59,NZL,Runner 40-49 years,48,Female,169,,
452,PAM PELDAN,3075,01:56:59,AUS,Runner 50-59 years,5,Female,170,,
453,SARAH BAILLIE,2050,01:57:00,NZL,Runner 20-29 years,72,Female,171,,
454,AARON REDMAN,3143,01:57:02,NZL,Runner 40-49 years,67,Male,283,,
455,STEPHANIE JAMES,2652,01:57:09,NZL,Runner 20-29 years,73,Female,172,,
456,ANNI DONG,2347,01:57:14,NZL,Runner 20-29 years,74,Female,173,,
457,KATE ROBERTSON,3183,01:57:16,NZL,Runner 20-29 years,75,Female,174,,
458,JONATHAN DRAKE,2361,01:57:20,NZL,Runner 40-49 years,68,Male,284,,
459,DAN QUIGAN,3119,01:57:31,NZL,Runner 30-39 years,91,Male,285,,
460,NATHAN KOK,2711,01:57:31,NZL,Runner 30-39 years,92,Male,286,,
461,SHANE BERDEROW,2100,01:57:33,NZL,Runner 40-49 years,69,Male,287,,
462,ADAM MILNES,2921,01:57:35,NZL,Runner 30-39 years,93,Male,288,,
463,ANDREW BAWDEN,2086,01:57:35,NZL,Runner 20-29 years,82,Male,289,,
464,DANA SIGNAL,3260,01:57:37,NZL,Runner 30-39 years,45,Female,175,,
465,SHANE BENNETT,2098,01:57:38,NZL,Runner 30-39 years,94,Male,290,,
466,HAYLEY DAVIES,2303,01:57:40,NZL,Runner 30-39 years,46,Female,176,,
467,TROY HENDY,2563,01:57:41,NZL,Runner 30-39 years,95,Male,291,,
468,LEON MILTS,2922,01:57:41,AUS,Runner 50-59 years,36,Male,292,,
469,NIVANA JOHNSON,2670,01:57:44,NZL,Runner 20-29 years,76,Female,177,,
470,NIKKI KERR,2699,01:57:44,NZL,Runner 30-39 years,47,Female,178,,
471,SHIRLEY DAVY,2309,01:57:44,NZL,Runner 40-49 years,49,Female,179,,
472,GEOFF WHEELER,3695,01:57:52,NZL,Runner 50-59 years,37,Male,293,,
473,T MELLSOP,2907,01:57:52,NZL,Runner 40-49 years,70,Male,294,,
474,ANNA MELLSOP,2905,01:57:53,NZL,Runner 30-39 years,48,Female,180,,
475,SAMANTHA BARTLE,2079,01:57:53,NZL,Runner 20-29 years,77,Female,181,,
476,CLAIRE RUSK,3206,01:57:54,NZL,Runner 20-29 years,78,Female,182,,
477,FIONA PARMINTER,3052,01:57:55,AUS,Runner 50-59 years,6,Female,183,,
478,GWENDA REECE,3664,01:57:55,NZL,Runner 40-49 years,50,Female,184,,
479,HELENA CHESWORTH,2218,01:57:56,NZL,Runner 20-29 years,79,Female,185,,
480,SAM CASTON,2208,01:57:57,NZL,Runner 20-29 years,83,Male,295,,
481,SHAUN MCHALE,2874,01:58:01,NZL,Runner 50-59 years,38,Male,296,,
482,CARRON BURN,2180,01:58:02,NZL,Runner 50-59 years,7,Female,186,,
483,LAWRENCE DODI,3745,01:58:03,NZL,Runner 30-39 years,96,Male,297,,
484,SOPHIE SPEAKMAN,3305,01:58:05,NZL,Runner 20-29 years,80,Female,187,,
485,MARK SHAW,3253,01:58:08,NZL,Runner 40-49 years,71,Male,298,,
486,RICHIE BLUNDELL,2119,01:58:09,NZL,Runner 20-29 years,84,Male,299,,
487,JANSCIE LANGRIDGE,2727,01:58:10,NZL,Runner 40-49 years,51,Female,188,,
488,RACHEL RYAN,3216,01:58:13,NZL,Runner 20-29 years,81,Female,189,,
489,JACQUI GNOTH,2476,01:58:13,NZL,Runner 30-39 years,49,Female,190,,
490,CLAUDIA BARTLE,2078,01:58:15,NZL,Runner 20-29 years,82,Female,191,,
491,ROB MORTON,2951,01:58:15,NZL,Runner 30-39 years,97,Male,300,,
492,LAURENCE MISONNE,2929,01:58:16,NZL,Runner 20-29 years,83,Female,192,,
493,JAMES TAPPLY,3368,01:58:16,NZL,Runner 30-39 years,98,Male,301,,
494,KELLEY WAITE,3446,01:58:16,NZL,Runner 30-39 years,50,Female,193,,
495,JENNIFER HOPE,2601,01:58:17,NZL,Runner 40-49 years,52,Female,194,,
496,ANGUS RODWELL,3192,01:58:21,NZL,Runner 20-29 years,85,Male,302,,
497,KAREN BOWMAN,2139,01:58:27,NZL,Runner 50-59 years,8,Female,195,,
498,JASON CADWALLADER,2191,01:58:28,NZL,Runner 40-49 years,72,Male,303,,
499,ELENA ELLIE,2386,01:58:29,NZL,Runner 20-29 years,84,Female,196,,
500,BRADLEY BURRIDGE,2186,01:58:30,NZL,Runner 20-29 years,86,Male,304,,
501,GEORGIA REANNEY,3140,01:58:32,NZL,Runner 40-49 years,53,Female,197,,
502,KETINA CHIVASA,3574,01:58:34,NZL,Runner 30-39 years,51,Female,198,,
503,JASON WADDELL,3442,01:58:35,NZL,Runner 20-29 years,87,Male,305,,
504,MICHELLE BAZALO,2088,01:58:39,NZL,Runner 20-29 years,85,Female,199,,
505,CRISPIAN STEWART,3322,01:58:40,NZL,Runner 40-49 years,73,Male,306,,
506,MARIAM BUKSH,2170,01:58:41,NZL,Runner 40-49 years,54,Female,200,,
507,CHRISTINE KOCH,2709,01:58:41,NZL,Runner 30-39 years,52,Female,201,,
508,VIRGINIA MOWAT,2957,01:58:41,NZL,Runner 40-49 years,55,Female,202,,
509,BRAD FLEMING,2432,01:58:41,NZL,Runner 40-49 years,74,Male,307,,
510,CLAYTON MITCHELL,2930,01:58:42,NZL,Runner 50-59 years,39,Male,308,,
511,AARON PERCIVAL,3080,01:58:42,NZL,Runner 30-39 years,99,Male,309,,
512,ALICE CROSKERY,2282,01:58:45,NZL,Runner 20-29 years,86,Female,203,,
513,HAYLEY MELLON,2904,01:58:49,NZL,Runner 30-39 years,53,Female,204,,
514,FIONA WEBB,3713,01:58:52,NZL,Runner 20-29 years,87,Female,205,,
515,JOLYON LUDBROOK,3708,01:58:59,NZL,Runner 40-49 years,75,Male,310,,
516,GRACIE MACKINLAY,2798,01:59:00,NZL,Runner 30-39 years,54,Female,206,,
517,AIDAN CAMERON,2192,01:59:00,NZL,Runner 20-29 years,88,Male,311,,
518,ANNA ALLAN,2019,01:59:03,NZL,Runner 30-39 years,55,Female,207,,
519,CHARLOTTE MCFARLANE,2869,01:59:03,NZL,Runner 30-39 years,56,Female,208,,
520,ALICE HENGST,2564,01:59:05,NZL,Runner 20-29 years,88,Female,209,,
521,TAYLA ROA,3171,01:59:06,NZL,Runner 20-29 years,89,Female,210,,
522,GREG SMITH,3285,01:59:08,NZL,Runner 40-49 years,76,Male,312,,
523,CLARE SAVAGE,3223,01:59:08,NZL,Runner 30-39 years,57,Female,211,,
524,HOLLY ACTON,2006,01:59:11,NZL,Runner 40-49 years,56,Female,212,,
525,KATRINA WOOLF,3539,01:59:16,NZL,Runner 20-29 years,90,Female,213,,
526,KATE ROSE,3198,01:59:22,NZL,Runner 40-49 years,57,Female,214,,
527,MATT COULTER,2266,01:59:24,NZL,Runner 30-39 years,100,Male,313,,
528,LUKE HOGAN,2584,01:59:24,NZL,Runner 30-39 years,101,Male,314,,
529,ASHLEE BROWN,2159,01:59:25,NZL,Runner 20-29 years,91,Female,215,,
530,HILARY NYBERG,3008,01:59:26,NZL,Runner 40-49 years,58,Female,216,,
531,ANNA GATIE,2460,01:59:26,NZL,Runner 30-39 years,58,Female,217,,
532,ANNA FLEMING,2431,01:59:29,NZL,Runner 20-29 years,92,Female,218,,
533,ANDREW ATKINSON,2043,01:59:34,NZL,Runner 30-39 years,102,Male,315,,
534,SHAE NORTHCOTT,3004,01:59:36,NZL,Runner 30-39 years,59,Female,219,,
535,JORDAN NG,2992,01:59:36,NZL,Runner 20-29 years,89,Male,316,,
536,DEBBIE PONT,3100,01:59:36,NZL,Runner 40-49 years,59,Female,220,,
537,CATRINA RILEY,3167,01:59:39,NZL,Runner 30-39 years,60,Female,221,,
538,CHARLOTTE COLLIE,2249,01:59:40,NZL,Runner 40-49 years,60,Female,222,,
539,MAREE WONG,3530,01:59:42,NZL,Runner 30-39 years,61,Female,223,,
540,STEPHEN FINK,2422,01:59:44,NZL,Runner 40-49 years,77,Male,317,,
541,LEANNE CRAN,2274,01:59:45,NZL,Runner 40-49 years,61,Female,224,,
542,EMMA PIPER,3094,01:59:45,NZL,Runner 20-29 years,93,Female,225,,
543,GEMMA BARHAM,2064,01:59:51,NZL,Runner 30-39 years,62,Female,226,,
544,SEAN SELKIRK,3670,01:59:53,NZL,Runner 40-49 years,78,Male,318,,
545,HAIDEE CLAUSEN,2229,01:59:54,NZL,Runner 20-29 years,94,Female,227,,
546,COLLEEN O'CONNOR,3015,01:59:55,NZL,Runner 40-49 years,62,Female,228,,
547,RACHEL JACKSON,2645,01:59:56,NZL,Runner 20-29 years,95,Female,229,,
548,MICHAEL PARKES,3049,01:59:59,NZL,Runner 20-29 years,90,Male,319,,
549,TIFFANY MCINTYRE,2878,02:00:00,NZL,Runner 40-49 years,63,Female,230,,
550,IAIN MCINTYRE,2877,02:00:00,NZL,Runner 40-49 years,79,Male,320,,
551,DAVID HINDE,2575,02:00:00,AUS,Runner 50-59 years,40,Male,321,,
552,ANNIE RILEY,3166,02:00:09,GBR,Runner 20-29 years,96,Female,231,,
553,SCOTT BURNS,2185,02:00:12,NZL,Runner 30-39 years,103,Male,322,,
554,MEREDITH BURBURY,2174,02:00:14,NZL,Runner 30-39 years,63,Female,232,,
555,KATE BAXTER,2087,02:00:15,NZL,Runner 20-29 years,97,Female,233,,
556,PHILIPPA FAIRCLOUGH,2405,02:00:16,NZL,Runner 50-59 years,9,Female,234,,
557,JESS TOMKINS,3400,02:00:16,NZL,Runner 20-29 years,98,Female,235,,
558,NICOLE DOOLAN,2350,02:00:16,NZL,Runner 40-49 years,64,Female,236,,
559,KAR YAN SOH,3300,02:00:16,NZL,Runner 20-29 years,99,Female,237,,
560,SCOTT OGILVIE,3020,02:00:19,NZL,Runner 30-39 years,104,Male,323,,
561,SEBASTIAN YANG,3546,02:00:22,NZL,Runner 30-39 years,105,Male,324,,
562,JASON RUSK,3207,02:00:22,NZL,Runner 30-39 years,106,Male,325,,
563,DAVE WASLEY,3464,02:00:22,NZL,Runner 40-49 years,80,Male,326,,
564,MIKE FAULKNER,2409,02:00:23,NZL,Runner 40-49 years,81,Male,327,,
565,GARTH FREEMAN,2450,02:00:25,NZL,Runner 30-39 years,107,Male,328,,
566,CHLOE LEECH,3620,02:00:28,NZL,Runner 20-29 years,100,Female,238,,
567,MIKE ROBB,3666,02:00:30,NZL,Runner 50-59 years,41,Male,329,,
568,MICHELLE TREEN,3723,02:00:32,NZL,Runner 50-59 years,10,Female,239,,
569,SYLVIA MACLAREN,2800,02:00:33,NZL,Runner 30-39 years,64,Female,240,,
570,JO RANDALL,3131,02:00:35,NZL,Runner 30-39 years,65,Female,241,,
571,JANE BUNWORTH,2173,02:00:36,NZL,Runner 20-29 years,101,Female,242,,
572,BRIDGET ROBERTSON,3182,02:00:38,NZL,Runner 20-29 years,102,Female,243,,
573,KATE PUNTURIERO,3115,02:00:39,NZL,Runner 40-49 years,65,Female,244,,
574,JEREMY SMIT,3275,02:00:44,NZL,Runner 20-29 years,91,Male,330,,
575,SCOTT BOLTEN,2125,02:00:45,NZL,Runner 40-49 years,82,Male,331,,
576,ANDY BATEMAN-JONES,3557,02:00:53,NZL,Runner 50-59 years,42,Male,332,,
577,AMY HUTCHINSON,2627,02:00:54,NZL,Runner 30-39 years,66,Female,245,,
578,JUSTINE WATERS,3465,02:00:55,NZL,Runner 40-49 years,66,Female,246,,
579,DANICA BURN,2181,02:01:03,NZL,Runner 20-29 years,103,Female,247,,
580,DEBBIE TE AWHE,3376,02:01:06,NZL,Runner 30-39 years,67,Female,248,,
581,STUART CAMPBELL,3571,02:01:06,NZL,Runner 20-29 years,92,Male,333,,
582,BRENTON CLARK,2224,02:01:06,NZL,Runner 40-49 years,83,Male,334,,
583,SARAH PALMER,3038,02:01:08,NZL,Runner 30-39 years,68,Female,249,,
584,LANCE BROWN,2165,02:01:08,NZL,Runner 50-59 years,43,Male,335,,
585,ANNE-MARIE NIMMO,2996,02:01:11,NZL,Runner 40-49 years,67,Female,250,,
586,MATTHEW GIBSON,2468,02:01:11,NZL,Runner 40-49 years,84,Male,336,,
587,JASON FIELD,2418,02:01:12,NZL,Runner 30-39 years,108,Male,337,,
588,HARJINDER SINGH CHANDER,2214,02:01:21,NZL,Runner 20-29 years,93,Male,338,,
589,PAUL TAYLOR,3686,02:01:22,NZL,Runner 50-59 years,44,Male,339,,
590,ROBERT MCGUINNESS,2872,02:01:28,NZL,Runner 20-29 years,94,Male,340,,
591,DEBBIE BRADLEY,2143,02:01:28,GBR,Runner 30-39 years,69,Female,251,,
592,LANA BUKVIC,3566,02:01:28,NZL,Runner 30-39 years,70,Female,252,,
593,ANNE YOUNG,3548,02:01:29,NZL,Runner 40-49 years,68,Female,253,,
594,MICHELLE PAINTER,3037,02:01:30,NZL,Runner 40-49 years,69,Female,254,,
595,NOEL SCHRODER,3230,02:01:33,NZL,Runner 40-49 years,85,Male,341,,
596,SHAUN CROOKS,2281,02:01:37,NZL,Runner 40-49 years,86,Male,342,,
597,SOPHIE KYRKE-SMITH,2717,02:01:41,NZL,Runner 20-29 years,104,Female,255,,
598,SOPHIE WIGLEY,3500,02:01:41,NZL,Runner 20-29 years,105,Female,256,,
599,BEN HYDE,2632,02:01:42,NZL,Runner 40-49 years,87,Male,343,,
600,SAM THOMAS,3382,02:01:43,NZL,Runner 20-29 years,95,Male,344,,
601,DAVID FRYER,2452,02:01:43,NZL,Runner 40-49 years,88,Male,345,,
602,MATT NOWAK,3650,02:01:45,NZL,Runner 50-59 years,45,Male,346,,
603,MARK ASPDEN,2041,02:01:45,NZL,Runner 50-59 years,46,Male,347,,
604,NATHAN MARTIN,3633,02:01:46,NZL,Runner 40-49 years,89,Male,348,,
605,MORRISON POLLOCK,3099,02:01:49,NZL,Runner 20-29 years,96,Male,349,,
606,STEVE MILNE,2918,02:01:49,NZL,Runner 50-59 years,47,Male,350,,
607,BETHANY CANTWELL,2199,02:01:50,NZL,Runner 40-49 years,70,Female,257,,
608,SARAH EDMONDS,2381,02:01:50,NZL,Runner 50-59 years,11,Female,258,,
609,CARLOS CRASBORN,3584,02:01:53,NZL,Runner 20-29 years,97,Male,351,,
610,SHAUN BROWN,2166,02:01:55,NZL,Runner 30-39 years,109,Male,352,,
611,BRONWYN THOMPSON,3384,02:01:56,AUS,Runner 40-49 years,71,Female,259,,
612,HELEN FOUHY,2444,02:01:57,NZL,Runner 40-49 years,72,Female,260,,
613,MCKENZIE RAYES,3137,02:01:57,NZL,Runner 20-29 years,106,Female,261,,
614,THERESA HISLOP,2576,02:02:05,NZL,Runner 30-39 years,71,Female,262,,
615,KATE DOBBIN,2339,02:02:05,NZL,Runner 50-59 years,12,Female,263,,
616,SANDRA THOMPSON,3386,02:02:08,NZL,Runner 40-49 years,73,Female,264,,
617,CRAIG DOUGLASS,2355,02:02:12,NZL,Runner 40-49 years,90,Male,353,,
618,HELENA RAKITZO,3660,02:02:16,NZL,Runner 30-39 years,72,Female,265,,
619,SHIRLEY WALLACE,3456,02:02:17,NZL,Runner 50-59 years,13,Female,266,,
620,KATHARINE WOOD,3534,02:02:20,NZL,Runner 30-39 years,73,Female,267,,
621,LENA SOROWKA,3304,02:02:21,NZL,Runner 16-19 years,3,Female,268,,
622,BRIAN WILKINSON,3503,02:02:22,NZL,Runner 40-49 years,91,Male,354,,
623,SARAH MCELROY,2866,02:02:25,NZL,Runner 20-29 years,107,Female,269,,
624,JESSICA HUNT,2620,02:02:27,NZL,Runner 20-29 years,108,Female,270,,
625,STEPHANIE SIDORUK,3259,02:02:28,NZL,Runner 40-49 years,74,Female,271,,
626,ARTIK MANSFIELD,2818,02:02:30,AUS,Runner 40-49 years,75,Female,272,,
627,BROOKE HOBSON,2579,02:02:31,NZL,Runner 20-29 years,109,Female,273,,
628,PHILIPPA ALLEN,2020,02:02:32,NZL,Runner 20-29 years,110,Female,274,,
629,CORY MORAN,2942,02:02:33,NZL,Runner 30-39 years,110,Male,355,,
630,HAMISH PINKHAM,3091,02:02:34,NZL,Runner 30-39 years,111,Male,356,,
631,ERICA GUY,2507,02:02:35,NZL,Runner 40-49 years,76,Female,275,,
632,ALEX O'CONNOR,3014,02:02:36,NZL,Runner 20-29 years,111,Female,276,,
633,DONNA HOLDER,2593,02:02:37,NZL,Runner 40-49 years,77,Female,277,,
634,PAIGE GOLDSTONE,2479,02:02:41,NZL,Runner 20-29 years,112,Female,278,,
635,JOANNE TAYLOR,3372,02:02:42,AUS,Runner 50-59 years,14,Female,279,,
636,CHARLOTTE FREEMAN,2449,02:02:42,NZL,Runner 40-49 years,78,Female,280,,
637,ANDI WALLACE,3453,02:02:43,NZL,Runner 40-49 years,79,Female,281,,
638,MARIANNE ELLIOTT,2389,02:02:45,NZL,Runner 40-49 years,80,Female,282,,
639,MELINDA HARPER,2521,02:02:46,NZL,Runner 30-39 years,74,Female,283,,
640,HANNAH CARTER,2205,02:02:46,NZL,Runner 30-39 years,75,Female,284,,
641,CHRIS LEATHAM,2744,02:02:46,NZL,Runner 40-49 years,92,Male,357,,
642,CAROLINE BULLEN,2171,02:02:46,NZL,Runner 20-29 years,113,Female,285,,
643,THERESA VANDERWEE,3429,02:02:47,NZL,Runner 40-49 years,81,Female,286,,
644,NICKY REES-THOMAS,3148,02:02:51,NZL,Runner 30-39 years,76,Female,287,,
645,SARA BAILEY,2049,02:02:51,NZL,Runner 20-29 years,114,Female,288,,
646,REBECCA MORUNGA,2952,02:02:51,NZL,Runner 30-39 years,77,Female,289,,
647,NIKOS SKEPETARIS,3675,02:02:53,NZL,Runner 30-39 years,112,Male,358,,
648,DEBORAH MIKKELSEN,2909,02:02:55,NZL,Runner 40-49 years,82,Female,290,,
649,KELLY GEAREY,2462,02:02:55,NZL,Runner 30-39 years,78,Female,291,,
650,DIANA WALPOLE,3458,02:02:58,NZL,Runner 40-49 years,83,Female,292,,
651,SARAH COLLINS,2251,02:02:58,NZL,Runner 40-49 years,84,Female,293,,
652,TODD SCOBLE,3232,02:02:58,NZL,Runner 40-49 years,93,Male,359,,
653,CHRISTIE DUNWOODIE,2370,02:03:00,NZL,Runner 40-49 years,85,Female,294,,
654,GINNY COUBROUGH,2263,02:03:05,NZL,Runner 40-49 years,86,Female,295,,
655,JISELLE LEACH,2742,02:03:06,NZL,Runner 30-39 years,79,Female,296,,
656,BRENT LEACH,2741,02:03:07,NZL,Runner 40-49 years,94,Male,360,,
657,SAMANTHA TIBSHRAENY,3391,02:03:11,NZL,Runner 20-29 years,115,Female,297,,
658,EEVA BOMAN,2126,02:03:12,NZL,Runner 30-39 years,80,Female,298,,
659,QUENTIN BENNETT,3558,02:03:13,NZL,Runner 50-59 years,48,Male,361,,
660,ROSIE COX,3582,02:03:14,NZL,Runner 20-29 years,116,Female,299,,
661,DARREN HOSKINS,2611,02:03:15,NZL,Runner 40-49 years,95,Male,362,,
662,LARISSA BALDWIN,2058,02:03:19,NZL,Runner 20-29 years,117,Female,300,,
663,MARIYA POPOVICH,3103,02:03:21,NZL,Runner 20-29 years,118,Female,301,,
664,ANGELA MOUNT,2955,02:03:21,NZL,Runner 40-49 years,87,Female,302,,
665,JASON CLARK,3575,02:03:21,NZL,Runner 40-49 years,96,Male,363,,
666,KRISTEN CAPACCIO,2200,02:03:25,NZL,Runner 40-49 years,88,Female,303,,
667,DAVID MCCALLUM,2852,02:03:26,NZL,Runner 40-49 years,97,Male,364,,
668,OLIVIA ESPOSITO,2398,02:03:26,NZL,Runner 20-29 years,119,Female,304,,
669,LOREN PETERS,3082,02:03:27,NZL,Runner 30-39 years,81,Female,305,,
670,ANDREA BUNN,2172,02:03:34,NZL,Runner 40-49 years,89,Female,306,,
671,BEN SCARLET,3226,02:03:35,NZL,Runner 20-29 years,98,Male,365,,
672,AMANDA CUNIS,2285,02:03:37,NZL,Runner 40-49 years,90,Female,307,,
673,JUSTIN YOUNG,3744,02:03:39,,Runner 30-39 years,113,Male,366,,
674,ANNA HORGAN,3610,02:03:41,NZL,Runner 20-29 years,120,Female,308,,
675,CHRIS WINDSOR,3699,02:03:42,NZL,Runner 50-59 years,49,Male,367,,
676,EVE NATUSCH,2985,02:03:42,NZL,Runner 30-39 years,82,Female,309,,
677,RICHARD MADDERS,2803,02:03:47,NZL,Runner 40-49 years,98,Male,368,,
678,SARAH LENNON,2754,02:03:49,NZL,Runner 30-39 years,83,Female,310,,
679,PARAMPUNEET KHAIRA,2701,02:03:53,NZL,Runner 20-29 years,99,Male,369,,
680,GREG NEILL,2987,02:03:56,NZL,Runner 30-39 years,114,Male,370,,
681,LOUISE IRWIN,2640,02:03:57,NZL,Runner 30-39 years,84,Female,311,,
682,CHARLOTTE NATUSCH,2984,02:04:04,NZL,Runner 20-29 years,121,Female,312,,
683,JAKI DWIGHT,2372,02:04:04,NZL,Runner 40-49 years,91,Female,313,,
684,NAOMI ANDERSON,2025,02:04:07,NZL,Runner 20-29 years,122,Female,314,,
685,BELLA LANGLANDS-GRIEVE,2725,02:04:07,NZL,Runner 16-19 years,4,Female,315,,
686,GRAEME WILSON,3519,02:04:09,NZL,Runner 50-59 years,50,Male,371,,
687,CECILE GLOROT,2475,02:04:12,NZL,Runner 30-39 years,85,Female,316,,
688,SIOBHßN KELLEHER,2693,02:04:13,NZL,Runner 20-29 years,123,Female,317,,
689,MITCHELL MCLEAN,2889,02:04:18,NZL,Runner 20-29 years,100,Male,372,,
690,MARTIN BERNEY,2101,02:04:21,NZL,Runner 50-59 years,51,Male,373,,
691,CHRISTIE STANTON,3315,02:04:24,NZL,Runner 30-39 years,86,Female,318,,
692,HALEY BOWMAN,2138,02:04:28,NZL,Runner 30-39 years,87,Female,319,,
693,COURTNEY LOWE,2781,02:04:32,NZL,Runner 20-29 years,124,Female,320,,
694,CLAIRE VENN,3432,02:04:36,NZL,Runner 40-49 years,92,Female,321,,
695,KELLY NAGY,2979,02:04:36,NZL,Runner 30-39 years,88,Female,322,,
696,MAGDALENA STANUCH,3317,02:04:40,NZL,Runner 30-39 years,89,Female,323,,
697,ELISE WILSON,3518,02:04:42,NZL,Runner 20-29 years,125,Female,324,,
698,MICHELLE HOOPER,2600,02:04:44,NZL,Runner 40-49 years,93,Female,325,,
699,SARAH DE VOS,2312,02:04:47,NZL,Runner 40-49 years,94,Female,326,,
700,ED WAAKA,3441,02:04:50,NZL,Runner 30-39 years,115,Male,374,,
701,SAM PEATE,3070,02:04:52,NZL,Runner 40-49 years,99,Male,375,,
702,HEIDI LITTLE,3624,02:04:54,NZL,Runner 40-49 years,95,Female,327,,
703,ELLEN CANNON,2198,02:04:59,AUS,Runner 30-39 years,90,Female,328,,
704,SEAN TURNER,3688,02:05:01,NZL,Runner 30-39 years,116,Male,376,,
705,KERYN MARSHALL,2826,02:05:05,NZL,Runner 30-39 years,91,Female,329,,
706,PETER SETZ,3242,02:05:06,NZL,Runner 50-59 years,52,Male,377,,
707,SAMUEL HENDRIKS,2560,02:05:07,NZL,Runner 20-29 years,101,Male,378,,
708,SHAUN HENDY,2562,02:05:12,NZL,Runner 40-49 years,100,Male,379,,
709,KATIE MCQUAID,2897,02:05:16,NZL,Runner 20-29 years,126,Female,330,,
710,REBECCA BURKE,2176,02:05:16,NZL,Runner 30-39 years,92,Female,331,,
711,CALEB SUTTON,3357,02:05:18,NZL,Runner 30-39 years,117,Male,380,,
712,MICHAEL JENKINSON,2665,02:05:21,NZL,Runner 40-49 years,101,Male,381,,
713,SIMON PENNINGTON,3077,02:05:21,AUS,Runner 40-49 years,102,Male,382,,
714,DEE HORNE,2607,02:05:37,NZL,Runner 50-59 years,15,Female,332,,
715,PENNY WALDIN,3690,02:05:40,NZL,Runner 50-59 years,16,Female,333,,
716,WENDY VAN LIESHOUT,3426,02:05:41,NZL,Runner 40-49 years,96,Female,334,,
717,ADRIAN HUNT,2619,02:05:42,NZL,Runner 30-39 years,118,Male,383,,
718,EDEL SWEENEY,3362,02:05:44,NZL,Runner 30-39 years,93,Female,335,,
719,RASHA EJEILAT,2385,02:05:45,NZL,Runner 20-29 years,127,Female,336,,
720,ASHLEY LIVINGSTONE,2768,02:05:46,NZL,Runner 20-29 years,128,Female,337,,
721,GRANT SEAGAR,3740,02:05:51,NZL,Runner 60-69 years,6,Male,384,,
722,ANGELA DENT,3588,02:05:54,NZL,Runner 40-49 years,97,Female,338,,
723,RACHEL SHARP,3247,02:05:55,NZL,Runner 40-49 years,98,Female,339,,
724,HELEN SHEA,3254,02:05:55,NZL,Runner 40-49 years,99,Female,340,,
725,JEREMEY HOGAN,2583,02:05:59,NZL,Runner 20-29 years,129,Female,341,,
726,DRAGAN MUDRIC,2960,02:06:05,NZL,Runner 40-49 years,103,Male,385,,
727,ROBYN ADAMS,2008,02:06:06,NZL,Runner 20-29 years,130,Female,342,,
728,SARAH GILMOUR,2473,02:06:07,NZL,Runner 30-39 years,94,Female,343,,
729,ANNA WALLACE,3454,02:06:09,NZL,Runner 16-19 years,5,Female,344,,
730,KATE MURDOCH,2967,02:06:11,NZL,Runner 30-39 years,95,Female,345,,
731,TODD GRAYDON,2493,02:06:11,NZL,Runner 40-49 years,104,Male,386,,
732,TIFFANI GRAYDON,2492,02:06:12,NZL,Runner 40-49 years,100,Female,346,,
733,ANNA JONES,2676,02:06:13,NZL,Runner 40-49 years,101,Female,347,,
734,KAREN CUNNINGHAM,2286,02:06:19,NZL,Runner 40-49 years,102,Female,348,,
735,DANIEL LEARMONTH,2743,02:06:30,NZL,Runner 20-29 years,102,Male,387,,
736,MAGGIE LING,2761,02:06:31,NZL,Runner 30-39 years,96,Female,349,,
737,STEPHEN JENNINGS,2667,02:06:33,NZL,Runner 50-59 years,53,Male,388,,
738,NATASHA SMITH,3289,02:06:36,NZL,Runner 20-29 years,131,Female,350,,
739,SIMONE SMITH,3291,02:06:36,NZL,Runner 20-29 years,132,Female,351,,
740,WARWICK SMITH,3293,02:06:37,NZL,Runner 50-59 years,54,Male,389,,
741,WILLIAM BALDOCK,2056,02:06:37,NZL,Runner 20-29 years,103,Male,390,,
742,CRAIG RYAN,3211,02:06:37,NZL,Runner 30-39 years,119,Male,391,,
743,CAROL RAYES,3136,02:06:39,NZL,Runner 30-39 years,97,Female,352,,
744,KYLIE PLUNKETT,3097,02:06:52,NZL,Runner 30-39 years,98,Female,353,,
745,SUZANNE WILSON,3522,02:06:54,NZL,Runner 50-59 years,17,Female,354,,
746,SAMANTHA TE AU,3375,02:06:59,NZL,Runner 20-29 years,133,Female,355,,
747,ANNIE SNEE,3296,02:07:01,NZL,Runner 50-59 years,18,Female,356,,
748,IMOGEN LING,2760,02:07:01,NZL,Runner 20-29 years,134,Female,357,,
749,JULIE CARRUTHERS,2203,02:07:05,NZL,Runner 40-49 years,103,Female,358,,
750,SIMON BRADY,2146,02:07:08,NZL,Runner 40-49 years,105,Male,392,,
751,JANE MCGRATH,2871,02:07:10,NZL,Runner 40-49 years,104,Female,359,,
752,SOPHIE STOBART,3331,02:07:13,NZL,Runner 20-29 years,135,Female,360,,
753,REBECCA CAVE,2210,02:07:14,NZL,Runner 20-29 years,136,Female,361,,
754,MICHAEL HOLLYMAN,2595,02:07:15,NZL,Runner 30-39 years,120,Male,393,,
755,REBECCA MCCONNOCHIE,2854,02:07:16,NZL,Runner 40-49 years,105,Female,362,,
756,DEB HILL,2574,02:07:17,NZL,Runner 30-39 years,99,Female,363,,
757,SASJA STIGTER,3327,02:07:17,NZL,Runner 40-49 years,106,Female,364,,
758,GABRIELE GAMBASSI,2459,02:07:18,NZL,Runner 50-59 years,55,Male,394,,
759,ZI MING LIU,3625,02:07:19,CHN,Runner 20-29 years,104,Male,395,,
760,EMILY DOYLE,2360,02:07:19,NZL,Runner 20-29 years,137,Female,365,,
761,ALEX HILL,2572,02:07:21,NZL,Runner 40-49 years,107,Female,366,,
762,SHONA LARSSON,3616,02:07:21,NZL,Runner 50-59 years,19,Female,367,,
763,JOHN COMMINS,2252,02:07:21,NZL,Runner 60-69 years,7,Male,396,,
764,REGAN HARVEY,2530,02:07:22,NZL,Runner 30-39 years,100,Female,368,,
765,HAMISH DRUMMOND,3593,02:07:29,NZL,Runner 40-49 years,106,Male,397,,
766,ELIZABETH DICKIE,3590,02:07:38,NZL,Runner 20-29 years,138,Female,369,,
767,ERIN BRUNTON,3564,02:07:39,NZL,Runner 40-49 years,108,Female,370,,
768,EMMA EASTHOPE,2378,02:07:39,NZL,Runner 40-49 years,109,Female,371,,
769,BERTIE STRICKLAND,3339,02:07:40,NZL,Runner 20-29 years,105,Male,398,,
770,ANNIE COOPER,2255,02:07:40,NZL,Runner 40-49 years,110,Female,372,,
771,LUCY ABRAHAM,2005,02:07:53,NZL,Runner 20-29 years,139,Female,373,,
772,CALLUM MALCOLM,2810,02:07:54,NZL,Runner 30-39 years,121,Male,399,,
773,BROOKE MUGGERIDGE,2961,02:07:55,NZL,Runner 20-29 years,140,Female,374,,
774,COURTNEY MUGGERIDGE,2962,02:07:56,NZL,Runner 20-29 years,141,Female,375,,
775,NIKKI SMITH,3290,02:08:03,NZL,Runner 40-49 years,111,Female,376,,
776,SARAH KEENE,2692,02:08:06,NZL,Runner 40-49 years,112,Female,377,,
777,MARK RICHARDS,3157,02:08:13,NZL,Runner 20-29 years,106,Male,400,,
778,HONGYUN YUAN,3701,02:08:14,CHN,Runner 40-49 years,113,Female,378,,
779,LENNARD MCLAUGHLIN,2883,02:08:18,NZL,Runner 40-49 years,107,Male,401,,
780,NATALIE EDWARDS,2383,02:08:25,AUS,Runner 40-49 years,114,Female,379,,
781,SARAH DAVIES,2306,02:08:26,NZL,Runner 40-49 years,115,Female,380,,
782,KATIE ARMSTRONG,2038,02:08:28,NZL,Runner 40-49 years,116,Female,381,,
783,BEN POTAKA,3105,02:08:30,NZL,Runner 30-39 years,122,Male,402,,
784,TRINA MINCHER,2928,02:08:32,NZL,Runner 40-49 years,117,Female,382,,
785,SUZIE BARRA,2072,02:08:33,NZL,Runner 30-39 years,101,Female,383,,
786,MICHELLE HUNT,2622,02:08:35,NZL,Runner 30-39 years,102,Female,384,,
787,VANESSA MUTU,2976,02:08:42,NZL,Runner 30-39 years,103,Female,385,,
788,BRENDA CLEWS,2237,02:08:43,NZL,Runner 40-49 years,118,Female,386,,
789,AMANDA REDINGTON,3142,02:08:50,NZL,Runner 20-29 years,142,Female,387,,
790,THOMAS CHIN,2220,02:08:50,NZL,Runner 20-29 years,107,Male,403,,
791,SOPHIE CHIN,2219,02:08:51,NZL,Runner 20-29 years,143,Female,388,,
792,MARISSE SMAILL,3272,02:08:51,NZL,Runner 20-29 years,144,Female,389,,
793,MERYL MCGARVEY,3637,02:08:59,NZL,Runner 50-59 years,20,Female,390,,
794,EMILY STONEHOUSE,3336,02:09:00,NZL,Runner 20-29 years,145,Female,391,,
795,DAVID MCWILLIAMS,2900,02:09:09,USA,Runner 50-59 years,56,Male,404,,
796,MICHELLE NELSON,2988,02:09:10,NZL,Runner 30-39 years,104,Female,392,,
797,KATE FINDLAY,2421,02:09:11,NZL,Runner 30-39 years,105,Female,393,,
798,BRAD COPE,3580,02:09:16,NZL,Runner 20-29 years,108,Male,405,,
799,MICHELLE O'HARA,3021,02:09:22,NZL,Runner 30-39 years,106,Female,394,,
800,VANESSA MCSAVENEY,2899,02:09:24,NZL,Runner 40-49 years,119,Female,395,,
801,JANELLE BARRATT,2075,02:09:26,NZL,Runner 40-49 years,120,Female,396,,
802,KUSHLA ROBERTS,3181,02:09:27,NZL,Runner 40-49 years,121,Female,397,,
803,JAYSHREE BHANA,2108,02:09:34,NZL,Runner 20-29 years,146,Female,398,,
804,REBECCA WALTHALL,3460,02:09:35,NZL,Runner 20-29 years,147,Female,399,,
805,CHANTELLE JAMES,2649,02:09:41,NZL,Runner 20-29 years,148,Female,400,,
806,JO BRADLEY,2144,02:09:41,NZL,Runner 40-49 years,122,Female,401,,
807,HEATH WALBRIDGE,3449,02:09:42,NZL,Runner 40-49 years,108,Male,406,,
808,JENNY DOWIE,2356,02:09:49,NZL,Runner 30-39 years,107,Female,402,,
809,LEIGH DOWIE,2357,02:09:49,NZL,Runner 40-49 years,109,Male,407,,
810,BRITTANY GILLESPIE-NEEDHAM,2471,02:09:59,NZL,Runner 20-29 years,149,Female,403,,
811,ROSS ENGERT,2395,02:10:06,NZL,Runner 50-59 years,57,Male,408,,
812,CATHY BENTLEY,2099,02:10:08,NZL,Runner 60-69 years,1,Female,404,,
813,MELISA MARSHALL,2827,02:10:10,NZL,Runner 40-49 years,123,Female,405,,
814,MARY SULLIVAN,3350,02:10:13,NZL,Runner 20-29 years,150,Female,406,,
815,VAUGHAN GEESON,2464,02:10:17,NZL,Runner 40-49 years,110,Male,409,,
816,ASHLEIGH MINCHER,2924,02:10:22,NZL,Runner 20-29 years,151,Female,407,,
817,SHELLEY MULLOOLY,2964,02:10:22,NZL,Runner 50-59 years,21,Female,408,,
818,BRAD WIFFIN,3498,02:10:24,NZL,Runner 30-39 years,123,Male,410,,
819,CINDY WIFFIN,3499,02:10:24,NZL,Runner 20-29 years,152,Female,409,,
820,KENT HOLDSWORTH,3608,02:10:30,NZL,Runner 40-49 years,111,Male,411,,
821,CINDY HOLDSWORTH,3609,02:10:32,NZL,Runner 40-49 years,124,Female,410,,
822,SUSAN RUTZ,3667,02:10:32,NZL,Runner 50-59 years,22,Female,411,,
823,DEREK BLANK,2117,02:10:40,NZL,Runner 30-39 years,124,Male,412,,
824,ANNE WALBRIDGE,3448,02:10:42,NZL,Runner 30-39 years,108,Female,412,,
825,KYLIE FORREST,2438,02:10:42,NZL,Runner 20-29 years,153,Female,413,,
826,LUX TAYLOR,3373,02:10:50,NZL,Runner 30-39 years,109,Female,414,,
827,STEPHANIE ROWELL,3202,02:10:52,NZL,Runner 30-39 years,110,Female,415,,
828,JUSTINE DICKINSON-MORGAN,2327,02:10:52,NZL,Runner 40-49 years,125,Female,416,,
829,DOREEN WINDUST,3525,02:10:53,NZL,Runner 60-69 years,2,Female,417,,
830,STEVEN BIRNIE,3560,02:10:53,NZL,Runner 50-59 years,58,Male,413,,
831,JAMIE LAIRD,2718,02:11:01,NZL,Runner 30-39 years,125,Male,414,,
832,SHELLY LINDBERG,2756,02:11:01,NZL,Runner 40-49 years,126,Female,418,,
833,MEGAN NORCROSS,2999,02:11:02,NZL,Runner 40-49 years,127,Female,419,,
834,ZANNAH JOHNSTON,2673,02:11:06,NZL,Runner 30-39 years,111,Female,420,,
835,LUCIE CAMPBELL,2196,02:11:08,NZL,Runner 30-39 years,112,Female,421,,
836,CAROLINE RITCHIE,3168,02:11:08,NZL,Runner 30-39 years,113,Female,422,,
837,JANE MANTELL,2820,02:11:08,NZL,Runner 40-49 years,128,Female,423,,
838,PIP PARSONS,3054,02:11:09,NZL,Runner 20-29 years,154,Female,424,,
839,JILLIAN DOAKE,2337,02:11:19,NZL,Runner 50-59 years,23,Female,425,,
840,FIONA WILLIAMS,3509,02:11:21,NZL,Runner 50-59 years,24,Female,426,,
841,MILLIE IRONSIDE,2638,02:11:21,NZL,Runner 20-29 years,155,Female,427,,
842,HOLLY STYLES,3346,02:11:25,NZL,Runner 20-29 years,156,Female,428,,
843,SABRINA QUARTEL,3117,02:11:28,NZL,Runner 20-29 years,157,Female,429,,
844,EMILY JERVIS,2668,02:11:30,NZL,Runner 20-29 years,158,Female,430,,
845,BENJAMIN COCKCROFT,2241,02:11:33,NZL,Runner 30-39 years,126,Male,415,,
846,TANIA KING,2703,02:11:34,NZL,Runner 40-49 years,129,Female,431,,
847,SARAH PICKERSGILL,3087,02:11:34,NZL,Runner 50-59 years,25,Female,432,,
848,GEMMA TORRES,3404,02:11:36,NZL,Runner 40-49 years,130,Female,433,,
849,KARINA KWAI,2716,02:11:36,NZL,Runner 50-59 years,26,Female,434,,
850,SHARA CUTLER,2294,02:11:44,NZL,Runner 40-49 years,131,Female,435,,
851,CLARE SZIRANYI,3364,02:11:45,NZL,Runner 50-59 years,27,Female,436,,
852,ANNA MCCORMICK,3719,02:11:46,NZL,Runner 20-29 years,159,Female,437,,
853,ANDREW KAMBERIS,2685,02:11:47,NZL,Runner 50-59 years,59,Male,416,,
854,VALERIA TOKOAR,3399,02:11:55,NZL,Runner 30-39 years,114,Female,438,,
855,NINA PICKUP,3088,02:12:00,NZL,Runner 40-49 years,132,Female,439,,
856,PHILIP MCCRACKEN,2855,02:12:06,NZL,Runner 30-39 years,127,Male,417,,
857,KAY AIREY,2014,02:12:08,NZL,Runner 50-59 years,28,Female,440,,
858,CAROLINA LARA-MENDOZA,2729,02:12:10,NZL,Runner 30-39 years,115,Female,441,,
859,RUBY ADSETT,2009,02:12:12,NZL,Runner 16-19 years,6,Female,442,,
860,KELLY ARMITAGE,2034,02:12:14,NZL,Runner 30-39 years,116,Female,443,,
861,ANISHA PATEL,3056,02:12:15,GBR,Runner 30-39 years,117,Female,444,,
862,JEREMY WAHO,3444,02:12:15,NZL,Runner 20-29 years,109,Male,418,,
863,LIZZIE HARVEY,2529,02:12:18,NZL,Runner 16-19 years,7,Female,445,,
864,BILJANA CUSTIC SOBOCANEC,2293,02:12:24,NZL,Runner 30-39 years,118,Female,446,,
865,AMANDA ROBORGH,3189,02:12:25,NZL,Runner 40-49 years,133,Female,447,,
866,GEORGINA MONTAGUE,2936,02:12:27,NZL,Runner 20-29 years,160,Female,448,,
867,SHARYN MITCHELL,3741,02:12:27,NZL,Runner 40-49 years,134,Female,449,,
868,KAREN SHEPHERD,3734,02:12:29,NZL,Runner 40-49 years,135,Female,450,,
869,SARAH DAUBNEY,2298,02:12:30,NZL,Runner 40-49 years,136,Female,451,,
870,KIRSTIE MAYO,2847,02:12:30,NZL,Runner 40-49 years,137,Female,452,,
871,PHIL KERRISON,2700,02:12:35,NZL,Runner 60-69 years,8,Male,419,,
872,KATHRYN SMITH,3286,02:12:38,NZL,Runner 40-49 years,138,Female,453,,
873,CATRIONA MURRAY,2972,02:12:46,NZL,Runner 20-29 years,161,Female,454,,
874,MEGAN STONE,3335,02:12:49,NZL,Runner 30-39 years,119,Female,455,,
875,DEREK BATCHELOR,3556,02:12:52,NZL,Runner 40-49 years,112,Male,420,,
876,SARAH GILBERTSON,3602,02:13:01,NZL,Runner 40-49 years,139,Female,456,,
877,SHEREE LAWRENCE,2735,02:13:10,NZL,Runner 30-39 years,120,Female,457,,
878,DEBORAH SMITH,3281,02:13:10,NZL,Runner 30-39 years,121,Female,458,,
879,CHRISTINE BOYLE,2140,02:13:12,NZL,Runner 50-59 years,29,Female,459,,
880,TIM MURPHY,2971,02:13:17,NZL,Runner 40-49 years,113,Male,421,,
881,WENDY-LEE RAWLINGS,3662,02:13:17,NZL,Runner 40-49 years,140,Female,460,,
882,KIRSTY MCCORMICK,3718,02:13:19,NZL,Runner 30-39 years,122,Female,461,,
883,NIKKI LUNDIE,2784,02:13:19,NZL,Runner 40-49 years,141,Female,462,,
884,PAULINE NESDALE,2990,02:13:22,NZL,Runner 50-59 years,30,Female,463,,
885,ELLA STOLWERK,3712,02:13:24,NZL,Runner 20-29 years,162,Female,464,,
886,CHARLENE FOONG,2435,02:13:30,NZL,Runner 20-29 years,163,Female,465,,
887,AMANDA BOWDEN,2134,02:13:33,NZL,Runner 30-39 years,123,Female,466,,
888,PETER SINCLAIR,3268,02:13:33,NZL,Runner 20-29 years,110,Male,422,,
889,ERICA STYLES,3345,02:13:35,NZL,Runner 50-59 years,31,Female,467,,
890,JANE HUMPHRIES,2618,02:13:37,NZL,Runner 50-59 years,32,Female,468,,
891,SARA BRISTOW,2151,02:13:39,NZL,Runner 30-39 years,124,Female,469,,
892,ESTELLE SMITH,3282,02:13:40,NZL,Runner 50-59 years,33,Female,470,,
893,CECIEL DELARUE,2316,02:13:41,NZL,Runner 40-49 years,142,Female,471,,
894,LARA CLEMENT,2236,02:13:42,NZL,Runner 40-49 years,143,Female,472,,
895,ROBERT MASON,2837,02:13:44,NZL,Runner 40-49 years,114,Male,423,,
896,LISA LOWE,2782,02:13:44,NZL,Runner 30-39 years,125,Female,473,,
897,MARY SCOTT,3235,02:13:45,NZL,Runner 30-39 years,126,Female,474,,
898,ANDY SCOTT,3233,02:13:45,NZL,Runner 30-39 years,128,Male,424,,
899,JO WOOD,3533,02:13:49,NZL,Runner 40-49 years,144,Female,475,,
900,CLARE MCKENDREY,2881,02:13:51,NZL,Runner 40-49 years,145,Female,476,,
901,SAMANTHA NEWMAN,3647,02:13:59,NZL,Runner 30-39 years,127,Female,477,,
902,CLAIRE KOMATAS,2712,02:13:59,NZL,Runner 40-49 years,146,Female,478,,
903,LYNDA GOODISSON,2482,02:13:59,NZL,Runner 50-59 years,34,Female,479,,
904,CARLIE JONES,2677,02:14:01,NZL,Runner 20-29 years,164,Female,480,,
905,CHARLOTTE MARSH,3711,02:14:15,NZL,Runner 20-29 years,165,Female,481,,
906,MONICA SHARPE,3248,02:14:17,NZL,Runner 40-49 years,147,Female,482,,
907,JAMES SHERRATT,3673,02:14:19,NZL,Runner 30-39 years,129,Male,425,,
908,CHRISTOPHER WILLIAMS,3507,02:14:23,NZL,Runner 20-29 years,111,Male,426,,
909,SARAH PIRIKAHU,3095,02:14:27,NZL,Runner 20-29 years,166,Female,483,,
910,HOLLY BARRATT,2074,02:14:29,NZL,Runner 20-29 years,167,Female,484,,
911,PAMELA MILLARD,2910,02:14:29,NZL,Runner 60-69 years,3,Female,485,,
912,TARYN MAYALL,2846,02:14:29,NZL,Runner 20-29 years,168,Female,486,,
913,MARG COLEMAN,2246,02:14:32,NZL,Runner 40-49 years,148,Female,487,,
914,JENIFER WATSON,3467,02:14:33,NZL,Runner 30-39 years,128,Female,488,,
915,BEV HARRISON,2524,02:14:37,NZL,Runner 50-59 years,35,Female,489,,
916,PAULA PATTEN,3062,02:14:37,NZL,Runner 40-49 years,149,Female,490,,
917,FIONA ANTUNOVICH,3554,02:14:48,NZL,Runner 30-39 years,129,Female,491,,
918,AMELIA LIVINGSTONE,2767,02:14:52,NZL,Runner 40-49 years,150,Female,492,,
919,REBEKAH JOHNSTONE,2674,02:14:58,NZL,Runner 20-29 years,169,Female,493,,
920,DEVON GUSSCOTT,2505,02:15:03,NZL,Runner 20-29 years,170,Female,494,,
921,CLAIRE BARK,2065,02:15:03,NZL,Runner 40-49 years,151,Female,495,,
922,KIRSTEN POWER,3658,02:15:05,NZL,Runner 16-19 years,8,Female,496,,
923,NIKKI PHILIPS,3656,02:15:11,NZL,Runner 30-39 years,130,Female,497,,
924,SUMMER SORENSEN,3303,02:15:18,NZL,Runner 20-29 years,171,Female,498,,
925,BRIAN DUKES,3595,02:15:21,NZL,Runner 30-39 years,130,Male,427,,
926,DIANA HAXTON,2534,02:15:23,NZL,Runner 30-39 years,131,Female,499,,
927,LEANNE MCLEOD,2890,02:15:26,NZL,Runner 20-29 years,172,Female,500,,
928,BECKY LAWRENCE,2733,02:15:33,NZL,Runner 20-29 years,173,Female,501,,
929,MICHELLE PRATLEY,3110,02:15:36,NZL,Runner 40-49 years,152,Female,502,,
930,SIAN WHITEHEAD,3492,02:15:44,NZL,Runner 20-29 years,174,Female,503,,
931,MARLENE PHILLIPS,3084,02:15:51,NZL,Runner 50-59 years,36,Female,504,,
932,SANDIE ROBINSON,3188,02:15:52,NZL,Runner 60-69 years,4,Female,505,,
933,KIRSTY MILLER,2912,02:15:56,NZL,Runner 40-49 years,153,Female,506,,
934,NIALL FOLEY,2434,02:15:57,NZL,Runner 30-39 years,131,Male,428,,
935,CARMEN AITKEN,2015,02:15:58,NZL,Runner 40-49 years,154,Female,507,,
936,JACQUI GREEN,2495,02:16:00,NZL,Runner 20-29 years,175,Female,508,,
937,PETER MCGEOCH,3638,02:16:03,NZL,Runner 20-29 years,112,Male,429,,
938,COLIN BOWDEN,2135,02:16:04,NZL,Runner 50-59 years,60,Male,430,,
939,CHRISTINE WILLIAMS,3506,02:16:05,NZL,Runner 60-69 years,5,Female,509,,
940,STEVEN CRUMP,2284,02:16:07,NZL,Runner 20-29 years,113,Male,431,,
941,JODIE WILSON,3520,02:16:12,NZL,Runner 40-49 years,155,Female,510,,
942,JIM EWENS,2404,02:16:12,NZL,Runner 50-59 years,61,Male,432,,
943,REBECCA ASTWOOD,2042,02:16:14,NZL,Runner 20-29 years,176,Female,511,,
944,ALI GORDON,3604,02:16:19,NZL,Runner 40-49 years,156,Female,512,,
945,SARAH SEW HOY,3243,02:16:25,NZL,Runner 40-49 years,157,Female,513,,
946,FELICITY SMITH,3283,02:16:27,NZL,Runner 40-49 years,158,Female,514,,
947,ANGELA WAUGH,3470,02:16:28,NZL,Runner 40-49 years,159,Female,515,,
948,MELISSA TREADWAY,3410,02:16:28,NZL,Runner 30-39 years,132,Female,516,,
949,JODIE WEBB,3474,02:16:29,NZL,Runner 40-49 years,160,Female,517,,
950,COURTNEY TODD,3397,02:16:36,NZL,Runner 20-29 years,177,Female,518,,
951,TONY MILNER,2920,02:16:40,NZL,Runner 40-49 years,115,Male,433,,
952,ELEANOR MILNER,2919,02:16:40,NZL,Runner 16-19 years,9,Female,519,,
953,TIM ROONEY,3195,02:16:42,AUS,Runner 50-59 years,62,Male,434,,
954,KIRSTEN MAY,2845,02:16:42,NZL,Runner 20-29 years,178,Female,520,,
955,KIRSTY MCDONALD,2861,02:16:43,AUS,Runner 50-59 years,37,Female,521,,
956,FELICITY BARTON,3555,02:16:43,NZL,Runner 30-39 years,133,Female,522,,
957,KELSEY MACDONALD,2789,02:16:43,NZL,Runner 20-29 years,179,Female,523,,
958,JAMES KENNEDY,2695,02:16:43,NZL,Runner 20-29 years,114,Male,435,,
959,FAY DISKIN,2331,02:16:44,NZL,Runner 50-59 years,38,Female,524,,
960,ALI FULLICK,2453,02:16:47,NZL,Runner 40-49 years,161,Female,525,,
961,DOMINIQUE LE SELLIN,2740,02:16:47,NZL,Runner 50-59 years,39,Female,526,,
962,ALYSSA THOMPSON,3383,02:16:49,NZL,Runner 40-49 years,162,Female,527,,
963,KATIE PINFOLD,3090,02:16:50,NZL,Runner 30-39 years,134,Female,528,,
964,KERYN WHITNEY,3724,02:16:55,NZL,Runner 40-49 years,163,Female,529,,
965,DEREK MILLER,2911,02:16:55,NZL,Runner 40-49 years,116,Male,436,,
966,MISH COCKCROFT,2242,02:16:58,NZL,Runner 30-39 years,135,Female,530,,
967,GENEVIEVE SAUNDERS,3221,02:17:10,NZL,Runner 20-29 years,180,Female,531,,
968,COLLEEN SCHUMACHER,3231,02:17:10,NZL,Runner 40-49 years,164,Female,532,,
969,RUTH JILLINGS,2669,02:17:10,NZL,Runner 50-59 years,40,Female,533,,
970,ELAINE LAMBERT,2719,02:17:12,NZL,Runner 30-39 years,136,Female,534,,
971,AMANDA BURNEY,2183,02:17:15,NZL,Runner 40-49 years,165,Female,535,,
972,LARA HORNBY,2604,02:17:21,NZL,Runner 20-29 years,181,Female,536,,
973,ALISON SPEAKMAN,3682,02:17:21,NZL,Runner 50-59 years,41,Female,537,,
974,SYLVIA LANGRIDGE,2728,02:17:21,NZL,Runner 30-39 years,137,Female,538,,
975,ANNABEL COATS,2239,02:17:22,NZL,Runner 20-29 years,182,Female,539,,
976,HEATH CALMAN,3569,02:17:25,NZL,Runner 40-49 years,117,Male,437,,
977,AIDAN COOPER,2253,02:17:29,NZL,Runner 30-39 years,132,Male,438,,
978,ANNA RHODES,3154,02:17:29,NZL,Runner 30-39 years,138,Female,540,,
979,STEVE MAYO,2848,02:17:30,NZL,Runner 50-59 years,63,Male,439,,
980,MERVI VAYRYNEN,3431,02:17:33,NZL,Runner 40-49 years,166,Female,541,,
981,BRIDGIT HAWKINS,2533,02:17:34,NZL,Runner 50-59 years,42,Female,542,,
982,ELLIOT COLE,2243,02:17:39,NZL,Runner 20-29 years,115,Male,440,,
983,NATALIE COLE,2245,02:17:41,NZL,Runner 20-29 years,183,Female,543,,
984,ALICE RULE,3204,02:17:45,NZL,Runner 20-29 years,184,Female,544,,
985,LESA BRADLEY,2145,02:17:46,NZL,Runner 30-39 years,139,Female,545,,
986,SHARON CORNEY,2259,02:17:50,NZL,Runner 30-39 years,140,Female,546,,
987,VICTORIA STEWART,3326,02:17:50,NZL,Runner 30-39 years,141,Female,547,,
988,SALLY LEWIS,3621,02:17:57,NZL,Runner 40-49 years,167,Female,548,,
989,ANNA DOWLING,2358,02:18:00,NZL,Runner 40-49 years,168,Female,549,,
990,SANNE VAN DER MEER,3423,02:18:04,NZL,Runner 30-39 years,142,Female,550,,
991,ADELE OLIVER,3023,02:18:07,NZL,Runner 20-29 years,185,Female,551,,
992,ANDREA MCKAY,2879,02:18:12,NZL,Runner 40-49 years,169,Female,552,,
993,SINA VERNEY,3434,02:18:12,NZL,Runner 40-49 years,170,Female,553,,
994,MICHAEL COLLIN,3577,02:18:12,NZL,Runner 20-29 years,116,Male,441,,
995,RACHAEL CRIDGE,2279,02:18:14,NZL,Runner 30-39 years,143,Female,554,,
996,NIA WYN DAVIES,2304,02:18:18,NZL,Runner 30-39 years,144,Female,555,,
997,ALASTAIR SNOWDON,3680,02:18:27,NZL,Runner 50-59 years,64,Male,442,,
998,REBECCA RAE,3125,02:18:27,NZL,Runner 50-59 years,43,Female,556,,
999,CLARE MACINTOSH,2792,02:18:29,NZL,Runner 30-39 years,145,Female,557,,
1000,RACHEAL YOUNG,3549,02:18:33,NZL,Runner 40-49 years,171,Female,558,,
1001,MATTHEW BIEL,2109,02:18:35,NZL,Runner 20-29 years,117,Male,443,,
1002,GERRIE GREYLING,2500,02:18:35,NZL,Runner 40-49 years,118,Male,444,,
1003,RENÚ GREYLING,2501,02:18:35,NZL,Runner 30-39 years,146,Female,559,,
1004,MARIA BAIRD,2052,02:18:35,NZL,Runner 50-59 years,44,Female,560,,
1005,BRONWYN MURPHY,3644,02:18:40,NZL,Runner 40-49 years,172,Female,561,,
1006,STACEY FISHER,2428,02:18:40,NZL,Runner 30-39 years,147,Female,562,,
1007,GORDON SPENCER,3307,02:18:43,NZL,Runner 40-49 years,119,Male,445,,
1008,CHRIS PARK,3043,02:18:48,NZL,Runner 30-39 years,133,Male,446,,
1009,DICK BREUKINK,2148,02:18:50,NZL,Runner 60-69 years,9,Male,447,,
1010,SHARLENE CARLYLE,3705,02:18:51,NZL,Runner 40-49 years,173,Female,563,,
1011,ANDREW BOUGEN,2132,02:18:53,NZL,Runner 20-29 years,118,Male,448,,
1012,FELICITY ROBOTTOM,3190,02:18:55,NZL,Runner 20-29 years,186,Female,564,,
1013,PETE BARTON,2083,02:19:04,NZL,Runner 40-49 years,120,Male,449,,
1014,MCCRAE SLOPER,3270,02:19:08,NZL,Runner 20-29 years,119,Male,450,,
1015,ALEX LUNEBURG,3728,02:19:09,NZL,Runner 30-39 years,148,Female,565,,
1016,CORINNE DIX,2333,02:19:15,NZL,Runner 40-49 years,174,Female,566,,
1017,TREVOR PROBERT,3659,02:19:16,NZL,Runner 50-59 years,65,Male,451,,
1018,PETER EVANS,2399,02:19:19,NZL,Runner 30-39 years,134,Male,452,,
1019,SHANNON MAINEY,2809,02:19:27,NZL,Runner 30-39 years,149,Female,567,,
1020,RAJESH PATEL,3058,02:19:28,NZL,Runner 30-39 years,135,Male,453,,
1021,SAMANTHA CRAPP,2275,02:19:30,NZL,Runner 30-39 years,150,Female,568,,
1022,AMY ROBENS,3176,02:19:31,NZL,Runner 40-49 years,175,Female,569,,
1023,TINESHA CAREY,3704,02:19:31,NZL,Runner 20-29 years,187,Female,570,,
1024,NADINE VALENTINE,3422,02:19:38,NZL,Runner 40-49 years,176,Female,571,,
1025,HILARY FINN,2424,02:19:38,NZL,Runner 40-49 years,177,Female,572,,
1026,KATHRYN RYAN,3214,02:19:43,NZL,Runner 40-49 years,178,Female,573,,
1027,DANNIELLE BOWIE,2136,02:19:43,NZL,Runner 20-29 years,188,Female,574,,
1028,ROCHELLE JONES,2681,02:19:44,NZL,Runner 40-49 years,179,Female,575,,
1029,RICHARD SCOULAR,3238,02:19:44,NZL,Runner 50-59 years,66,Male,454,,
1030,FRANKIE SCOULAR,3237,02:19:45,NZL,Runner 16-19 years,10,Female,576,,
1031,DAVID RYAN,3731,02:19:47,NZL,Runner 50-59 years,67,Male,455,,
1032,MEL COX,2269,02:19:48,NZL,Runner 40-49 years,180,Female,577,,
1033,JACK DYMOND,2373,02:19:49,NZL,Runner 16-19 years,6,Male,456,,
1034,PAUL TEAMOKE,3377,02:19:49,NZL,Runner 50-59 years,68,Male,457,,
1035,ANNELISE GREENFIELD,2497,02:19:51,NZL,Runner 40-49 years,181,Female,578,,
1036,JOANNE ALEXANDER,2017,02:19:51,NZL,Runner 50-59 years,45,Female,579,,
1037,ALANA MAKO,3710,02:19:52,NZL,Runner 20-29 years,189,Female,580,,
1038,SASKIA HARTEMINK,2525,02:19:53,NZL,Runner 30-39 years,151,Female,581,,
1039,BEX BEAZLEY,2094,02:19:53,NZL,Runner 30-39 years,152,Female,582,,
1040,JESSICA MEADE,2901,02:19:54,NZL,Runner 30-39 years,153,Female,583,,
1041,EMMA STIVEN,3329,02:19:55,NZL,Runner 20-29 years,190,Female,584,,
1042,LIZ MARSOM,2829,02:19:59,NZL,Runner 30-39 years,154,Female,585,,
1043,COBY BROWN,2161,02:19:59,NZL,Runner 40-49 years,182,Female,586,,
1044,SHEENAGH EVANS,2401,02:19:59,NZL,Runner 20-29 years,191,Female,587,,
1045,ANNUSHKA LEE-SMITH,2748,02:20:01,NZL,Runner 30-39 years,155,Female,588,,
1046,KYLIE MACDONALD,2791,02:20:01,NZL,Runner 40-49 years,183,Female,589,,
1047,PRUDENCE FEELY,2413,02:20:13,NZL,Runner 30-39 years,156,Female,590,,
1048,PETA GOLDSWORTHY,2480,02:20:14,NZL,Runner 40-49 years,184,Female,591,,
1049,ALICE TYLER,3420,02:20:17,NZL,Runner 30-39 years,157,Female,592,,
1050,RAYHAN LANGDANA,2723,02:20:20,NZL,Runner 20-29 years,120,Male,458,,
1051,WENDY PAYNE,3064,02:20:26,NZL,Runner 50-59 years,46,Female,593,,
1052,CHLOE SURRIDGE,3353,02:20:27,NZL,Runner 40-49 years,185,Female,594,,
1053,MICHELLE MILTS,2923,02:20:29,AUS,Runner 50-59 years,47,Female,595,,
1054,KERRY REVELEY,3150,02:20:33,NZL,Runner 40-49 years,186,Female,596,,
1055,DANIELLE MINCHER,2925,02:20:44,NZL,Runner 20-29 years,192,Female,597,,
1056,KAREN LAWRY,2736,02:20:49,NZL,Runner 40-49 years,187,Female,598,,
1057,JESSICA SHAW,3252,02:20:52,NZL,Runner 20-29 years,193,Female,599,,
1058,REBEKAH SIMS,3267,02:20:54,NZL,Runner 30-39 years,158,Female,600,,
1059,NEIL STUTTLE,3343,02:20:59,NZL,Runner 30-39 years,136,Male,459,,
1060,JULIA MCHALE,2873,02:21:03,NZL,Runner 40-49 years,188,Female,601,,
1061,VICTORIA OGDEN,3019,02:21:07,NZL,Runner 40-49 years,189,Female,602,,
1062,MICHELLE PHILBURN,3083,02:21:07,NZL,Runner 50-59 years,48,Female,603,,
1063,CONRAD LANGRIDGE,2726,02:21:09,NZL,Runner 40-49 years,121,Male,460,,
1064,NADINE WOODLEY-RIDEOUT,3537,02:21:13,NZL,Runner 40-49 years,190,Female,604,,
1065,PETE REES,3146,02:21:17,NZL,Runner 50-59 years,69,Male,461,,
1066,PHILIP MCCONACHY,3636,02:21:19,NZL,Runner 20-29 years,121,Male,462,,
1067,SONYA WILSON,3521,02:21:22,AUS,Runner 40-49 years,191,Female,605,,
1068,JUDI WAHAPA,3443,02:21:24,NZL,Runner 40-49 years,192,Female,606,,
1069,JONATHAN TOTTIE,3405,02:21:24,NZL,Runner 30-39 years,137,Male,463,,
1070,CHRIS PEDERSEN,3071,02:21:40,NZL,Runner 50-59 years,70,Male,464,,
1071,TARA LINTON,2762,02:21:40,NZL,Runner 20-29 years,194,Female,607,,
1072,JOANN TITELIS,3394,02:21:41,NZL,Runner 40-49 years,193,Female,608,,
1073,LAURA COSGRAVE,2260,02:21:41,NZL,Runner 20-29 years,195,Female,609,,
1074,HANNAH LAWS,2737,02:21:41,NZL,Runner 20-29 years,196,Female,610,,
1075,BRONYA TIZARD,3395,02:21:42,NZL,Runner 30-39 years,159,Female,611,,
1076,ANITA DAVIES,2302,02:21:43,NZL,Runner 40-49 years,194,Female,612,,
1077,OLIVIA DAVIES,2305,02:21:43,NZL,Runner 16-19 years,11,Female,613,,
1078,MISI SLOPER,3271,02:21:51,NZL,Runner 50-59 years,49,Female,614,,
1079,STEVE PROSSER,3114,02:22:07,NZL,Runner 50-59 years,71,Male,465,,
1080,JONO SOBEY,3297,02:22:08,NZL,Runner 20-29 years,122,Male,466,,
1081,RHYS HELLYER,2551,02:22:14,NZL,Runner 40-49 years,122,Male,467,,
1082,DERREN HUTCHINSON,5357,02:22:17,NZL,Walker 40-49 years,1,Male,468,,
1083,ANNA CASTON,2207,02:22:20,NZL,Runner 20-29 years,197,Female,615,,
1084,KYLA MACDONALD,2790,02:22:24,NZL,Runner 40-49 years,195,Female,616,,
1085,MARY FAWCETT,3729,02:22:37,NZL,Runner 40-49 years,196,Female,617,,
1086,SARAH PARK,3044,02:22:44,NZL,Runner 30-39 years,160,Female,618,,
1087,CAROLYN LITTLE,2763,02:22:48,NZL,Runner 40-49 years,197,Female,619,,
1088,DONNA FERGUSON,2416,02:22:59,NZL,Runner 30-39 years,161,Female,620,,
1089,SARAH FRASER,2448,02:23:02,NZL,Runner 30-39 years,162,Female,621,,
1090,TERESA ANDERSON,2028,02:23:03,NZL,Runner 40-49 years,198,Female,622,,
1091,BILL O'BYRNE,3012,02:23:04,NZL,Runner 50-59 years,72,Male,469,,
1092,AMY HODGKINSON,2581,02:23:05,NZL,Runner 30-39 years,163,Female,623,,
1093,TESSA SPROSEN,3311,02:23:10,NZL,Runner 20-29 years,198,Female,624,,
1094,ALEX BALL,2060,02:23:11,NZL,Runner 40-49 years,123,Male,470,,
1095,ADRIENNE HIGGINS,2569,02:23:11,NZL,Runner 60-69 years,6,Female,625,,
1096,NINA MANNING,2816,02:23:22,NZL,Runner 20-29 years,199,Female,626,,
1097,RORY DONNELLY,2349,02:23:46,NZL,Runner 20-29 years,123,Male,471,,
1098,JENNIFER ANYAN,2031,02:23:46,NZL,Runner 40-49 years,199,Female,627,,
1099,KRISTIN EVERETT,2403,02:23:49,NZL,Runner 20-29 years,200,Female,628,,
1100,KATE GRAHAM,2490,02:23:53,NZL,Runner 20-29 years,201,Female,629,,
1101,MATT DINNISS,2330,02:23:58,NZL,Runner 40-49 years,124,Male,472,,
1102,SHONA MACKENZIE,2796,02:23:59,NZL,Runner 40-49 years,200,Female,630,,
1103,EMMA BORRILL,2131,02:24:06,NZL,Runner 30-39 years,164,Female,631,,
1104,ROCHELLE PARKER,3047,02:24:06,NZL,Runner 30-39 years,165,Female,632,,
1105,RICHARD WILLIAMS,3698,02:24:07,NZL,Runner 40-49 years,125,Male,473,,
1106,LUCY HEALD,2543,02:24:15,NZL,Runner 40-49 years,201,Female,633,,
1107,JUSTINE ALEXANDET,2018,02:24:29,NZL,Runner 40-49 years,202,Female,634,,
1108,DARLENE RICHARDSON,3161,02:24:29,NZL,Runner 40-49 years,203,Female,635,,
1109,HUGHIE CASTLE,2206,02:24:41,NZL,Runner 30-39 years,166,Female,636,,
1110,HELEN KAY,2687,02:24:44,NZL,Runner 20-29 years,202,Female,637,,
1111,HELEN JOE,3614,02:24:51,NZL,Runner 50-59 years,50,Female,638,,
1112,JODI BARKLEY,2067,02:24:55,NZL,Runner 40-49 years,204,Female,639,,
1113,RACHELLE HAINSWORTH,2509,02:25:03,NZL,Runner 30-39 years,167,Female,640,,
1114,HANNAH HENDERSON,2555,02:25:14,NZL,Runner 20-29 years,203,Female,641,,
1115,KATIE MOYNIHAN,2959,02:25:20,NZL,Runner 30-39 years,168,Female,642,,
1116,LIZ THOMAS,3381,02:25:25,NZL,Runner 60-69 years,7,Female,643,,
1117,MJ WILLIAMS,3696,02:25:27,NZL,Runner 50-59 years,51,Female,644,,
1118,SEAN TREADWAY,3411,02:25:28,NZL,Runner 40-49 years,126,Male,474,,
1119,LINDA DAVEY,2300,02:25:32,NZL,Runner 40-49 years,205,Female,645,,
1120,ANTHONY HUXFORD,2631,02:25:33,NZL,Runner 40-49 years,127,Male,475,,
1121,LOCHIE WATSON,3468,02:25:40,NZL,Runner 20-29 years,124,Male,476,,
1122,JEN CAMPBELL,2195,02:25:41,NZL,Runner 40-49 years,206,Female,646,,
1123,CHRISTINA LYNGS,3627,02:25:42,NZL,Runner 20-29 years,204,Female,647,,
1124,CINDY MORRIS,2946,02:25:42,NZL,Runner 40-49 years,207,Female,648,,
1125,ANNA WETHERILL,3482,02:25:48,NZL,Runner 30-39 years,169,Female,649,,
1126,HUGH MCDONALD,2860,02:25:53,NZL,Runner 30-39 years,138,Male,477,,
1127,TILA HOFFMAN,2582,02:26:00,NZL,Runner 50-59 years,52,Female,650,,
1128,KATE MUIR,2963,02:26:00,NZL,Runner 20-29 years,205,Female,651,,
1129,FRANCES PEPPER,3079,02:26:04,NZL,Runner 50-59 years,53,Female,652,,
1130,NATASHA JONES,2680,02:26:08,NZL,Runner 40-49 years,208,Female,653,,
1131,EMILY STROOMBERGEN,3341,02:26:12,NZL,Runner 20-29 years,206,Female,654,,
1132,JESS REDMOND,3145,02:26:12,NZL,Runner 30-39 years,170,Female,655,,
1133,TIHO MIJATOV,2908,02:26:21,NZL,Runner 20-29 years,125,Male,478,,
1134,ALISON BROWN,2158,02:26:21,NZL,Runner 40-49 years,209,Female,656,,
1135,ALEXANDRA CARSWELL,2204,02:26:21,NZL,Runner 20-29 years,207,Female,657,,
1136,KELLY MCMANUS,2892,02:26:25,NZL,Runner 30-39 years,171,Female,658,,
1137,AMY COOPER,2254,02:26:25,NZL,Runner 30-39 years,172,Female,659,,
1138,NATASHA POOL,3101,02:26:37,NZL,Runner 30-39 years,173,Female,660,,
1139,BECKI CAMBAGE,3570,02:26:39,NZL,Runner 20-29 years,208,Female,661,,
1140,JAMES MORGAN,2943,02:26:39,NZL,Runner 20-29 years,126,Male,479,,
1141,JOCELYN MARTIN,3730,02:26:42,AUS,Runner 60-69 years,8,Female,662,,
1142,JULIE WRIGHT,3541,02:26:44,NZL,Runner 50-59 years,54,Female,663,,
1143,RACHAEL WRIGHT,3543,02:27:01,NZL,Runner 20-29 years,209,Female,664,,
1144,KARLA CAVIALE_DELZESCAUX,2211,02:27:01,NZL,Runner 30-39 years,174,Female,665,,
1145,MEGHAN BLAIR,2116,02:27:05,NZL,Runner 30-39 years,175,Female,666,,
1146,RACHEL BALDWIN,2059,02:27:05,NZL,Runner 40-49 years,210,Female,667,,
1147,NATASHA FORREST,2439,02:27:05,NZL,Runner 30-39 years,176,Female,668,,
1148,DIANNE JUNE CLARK,3736,02:27:05,NZL,Runner 50-59 years,55,Female,669,,
1149,LAURA NICHOL,2994,02:27:09,NZL,Runner 20-29 years,210,Female,670,,
1150,HANNAH ELLIS,2391,02:27:15,NZL,Runner 20-29 years,211,Female,671,,
1151,BRENT NAYLOR,3646,02:27:18,NZL,Runner 50-59 years,73,Male,480,,
1152,ROBYN WOLFSBAUER,5341,02:27:41,NZL,Walker 60-69 years,1,Female,672,,
1153,ANNA SHAW,3250,02:27:44,NZL,Runner 30-39 years,177,Female,673,,
1154,SHERIDAN BUCHANAN,2169,02:27:50,NZL,Runner 40-49 years,211,Female,674,,
1155,JANINE BEVEGE,2106,02:28:02,NZL,Runner 30-39 years,178,Female,675,,
1156,SARAH RUTHERFORD,3210,02:28:03,NZL,Runner 40-49 years,212,Female,676,,
1157,SVETLANA NAUMOVA,2986,02:28:09,NZL,Runner 30-39 years,179,Female,677,,
1158,JOANNA BEAVEN,2093,02:28:16,NZL,Runner 40-49 years,213,Female,678,,
1159,TERESA BURNE,2182,02:28:17,NZL,Runner 40-49 years,214,Female,679,,
1160,KYLEE DAVIDSON-CORRIN,2301,02:28:17,NZL,Runner 40-49 years,215,Female,680,,
1161,MICHELLE VAN KAMPEN,3425,02:28:28,NZL,Runner 40-49 years,216,Female,681,,
1162,GEORGIA CHEMIS,2216,02:28:42,NZL,Runner 20-29 years,212,Female,682,,
1163,KARL WINTER,3526,02:28:50,NZL,Runner 20-29 years,127,Male,481,,
1164,LISA GEORGE,2466,02:29:03,NZL,Runner 30-39 years,180,Female,683,,
1165,DAVE SIM,3262,02:29:07,NZL,Runner 50-59 years,74,Male,482,,
1166,JILL GOLDFINCH,2478,02:29:07,NZL,Runner 40-49 years,217,Female,684,,
1167,NIGEL INGRAM,2635,02:29:10,NZL,Runner 40-49 years,128,Male,483,,
1168,BEN TANFIELD,3367,02:29:14,NZL,Runner 40-49 years,129,Male,484,,
1169,NATALIE BROWN,3563,02:29:15,NZL,Runner 20-29 years,213,Female,685,,
1170,LYDIA BAKER,2054,02:29:21,NZL,Runner 20-29 years,214,Female,686,,
1171,RUBETTE REWETI,3152,02:29:22,NZL,Runner 40-49 years,218,Female,687,,
1172,LUCY WILKINSON,3504,02:29:28,NZL,Runner 40-49 years,219,Female,688,,
1173,SHEILA FORD,2437,02:29:32,NZL,Runner 50-59 years,56,Female,689,,
1174,KELLY HUTTON,2630,02:29:32,NZL,Runner 40-49 years,220,Female,690,,
1175,BEVAN JENKINS,2663,02:29:39,NZL,Runner 30-39 years,139,Male,485,,
1176,CLAIRE O'SHEA,3032,02:29:39,NZL,Runner 30-39 years,181,Female,691,,
1177,MAXINE PARKER,3046,02:29:41,NZL,Runner 50-59 years,57,Female,692,,
1178,JAYNE GRIFFITHS,2503,02:29:43,NZL,Runner 50-59 years,58,Female,693,,
1179,PIP WILTON,3524,02:29:47,NZL,Runner 40-49 years,221,Female,694,,
1180,PENELOPE SCOTT,3236,02:29:48,NZL,Runner 40-49 years,222,Female,695,,
1181,MILLICENT BRUNEL,3702,02:29:49,NZL,Runner 16-19 years,12,Female,696,,
1182,PETER JARVIS,2660,02:29:53,NZL,Runner 60-69 years,10,Male,486,,
1183,SANDRA BURLES,2179,02:29:54,NZL,Runner 40-49 years,223,Female,697,,
1184,OLIVIA MELBOURNE,2903,02:29:56,NZL,Runner 20-29 years,215,Female,698,,
1185,LAURA MURPHY,2969,02:29:56,AUS,Runner 20-29 years,216,Female,699,,
1186,SARAH COLGAN,2248,02:29:59,NZL,Runner 30-39 years,182,Female,700,,
1187,ASHTON LEXIE NORTHCOTT,3003,02:30:06,NZL,Runner 20-29 years,217,Female,701,,
1188,KIRSTY MCLAUGHLIN,2882,02:30:06,NZL,Runner 40-49 years,224,Female,702,,
1189,ED OUWENS,3035,02:30:08,NZL,Runner 50-59 years,75,Male,487,,
1190,MARIE CURTIS,2291,02:30:11,NZL,Runner 30-39 years,183,Female,703,,
1191,CELIA BIGGS,2111,02:30:12,NZL,Runner 30-39 years,184,Female,704,,
1192,CARLY ARNOLD,2040,02:30:20,NZL,Runner 40-49 years,225,Female,705,,
1193,VIV HODGE,2580,02:30:25,NZL,Runner 50-59 years,59,Female,706,,
1194,ALLAN HARTLEY,2526,02:30:29,NZL,Runner 40-49 years,130,Male,488,,
1195,KATIE GRIMMER,2504,02:30:38,NZL,Runner 30-39 years,185,Female,707,,
1196,HANNAH O'KANE,3022,02:30:45,NZL,Runner 20-29 years,218,Female,708,,
1197,REWA MOURIE,2956,02:30:46,NZL,Runner 20-29 years,219,Female,709,,
1198,EMILEE DIMCHEFF,2329,02:30:46,NZL,Runner 20-29 years,220,Female,710,,
1199,KERRI-ANN HUGHES,2616,02:30:52,NZL,Runner 50-59 years,60,Female,711,,
1200,MARIE FE'AO,2411,02:30:54,NZL,Runner 30-39 years,186,Female,712,,
1201,ANNE-MARIE FOSTER,2442,02:30:56,AUS,Runner 30-39 years,187,Female,713,,
1202,CATHY SHAW,3251,02:30:57,NZL,Runner 40-49 years,226,Female,714,,
1203,MARIANNA MCEWAN,2867,02:30:58,NZL,Runner 20-29 years,221,Female,715,,
1204,MEMORY CRAIG,3583,02:31:13,NZL,Runner 50-59 years,61,Female,716,,
1205,MICHAEL SAVAGE,3224,02:31:15,NZL,Runner 40-49 years,131,Male,489,,
1206,BRIDGET JAKICEVICH,5154,02:31:16,NZL,Walker 50-59 years,1,Female,717,,
1207,JULES BENTON,5031,02:31:17,NZL,Walker 50-59 years,2,Female,718,,
1208,KAV MORTON,2950,02:31:20,NZL,Runner 40-49 years,227,Female,719,,
1209,KATE HANSEN,2516,02:31:25,NZL,Runner 40-49 years,228,Female,720,,
1210,HAYDEN VINK,3440,02:31:27,NZL,Runner 30-39 years,140,Male,490,,
1211,ANGELA VINK,3439,02:31:27,NZL,Runner 40-49 years,229,Female,721,,
1212,HENRY PENNINGTON,3076,02:31:38,AUS,Runner 30-39 years,141,Male,491,,
1213,JACKIE MOUNSEY,3643,02:31:43,NZL,Runner 30-39 years,188,Female,722,,
1214,STEVE MANNERS,2814,02:31:44,NZL,Runner 50-59 years,76,Male,492,,
1215,ANDREA QUINN,3123,02:31:44,NZL,Runner 30-39 years,189,Female,723,,
1216,EMMA ABRAHAM,2004,02:31:58,NZL,Runner 30-39 years,190,Female,724,,
1217,HOLLY RYAN,3213,02:31:58,NZL,Runner 30-39 years,191,Female,725,,
1218,AMY JARDINE,3738,02:32:01,NZL,Runner 30-39 years,192,Female,726,,
1219,CHRISSIE COLLIER,2250,02:32:07,NZL,Runner 50-59 years,62,Female,727,,
1220,ANDY HORNE,2605,02:32:09,NZL,Runner 40-49 years,132,Male,493,,
1221,ANITA WOLFGRAM,3529,02:32:15,NZL,Runner 30-39 years,193,Female,728,,
1222,SHARON SPENCER,3309,02:32:19,NZL,Runner 50-59 years,63,Female,729,,
1223,KYLEE MARTIN,2831,02:32:23,NZL,Runner 40-49 years,230,Female,730,,
1224,HELEN EDMISTON,2379,02:32:49,NZL,Runner 20-29 years,222,Female,731,,
1225,KARINA WEEKS,3477,02:32:50,NZL,Runner 20-29 years,223,Female,732,,
1226,JOANNE NEWTON,3648,02:33:19,NZL,Runner 40-49 years,231,Female,733,,
1227,JANESE PORTER,3657,02:33:20,NZL,Runner 40-49 years,232,Female,734,,
1228,HANNAH CRAMPTON,2271,02:33:38,NZL,Runner 20-29 years,224,Female,735,,
1229,SARAH CRAMPTON,2272,02:33:40,NZL,Runner 40-49 years,233,Female,736,,
1230,GRANT MINCHER,2926,02:33:40,NZL,Runner 50-59 years,77,Male,494,,
1231,PAULA BANKS,2062,02:33:42,NZL,Runner 40-49 years,234,Female,737,,
1232,JENNY GRANT,2491,02:33:52,NZL,Runner 30-39 years,194,Female,738,,
1233,CLOVER STILES,3328,02:34:06,NZL,Runner 20-29 years,225,Female,739,,
1234,GEORGIA MCLEAN,2887,02:34:06,NZL,Runner 16-19 years,13,Female,740,,
1235,CHRIS MCLEAN,2886,02:34:07,NZL,Runner 40-49 years,235,Female,741,,
1236,LORNA SMITH,3679,02:34:12,NZL,Runner 40-49 years,236,Female,742,,
1237,CLARE SORENSEN,3302,02:34:14,NZL,Runner 50-59 years,64,Female,743,,
1238,MELANIE PEARSON,3068,02:34:27,NZL,Runner 30-39 years,195,Female,744,,
1239,EMILY O'SHEA,3033,02:34:32,NZL,Runner 20-29 years,226,Female,745,,
1240,CLAIRE MORTELIER,2948,02:34:45,NZL,Runner 50-59 years,65,Female,746,,
1241,MICHELLE GILBERTSON,2469,02:34:46,NZL,Runner 50-59 years,66,Female,747,,
1242,WARREN MCFARLAND,2868,02:34:47,NZL,Runner 40-49 years,133,Male,495,,
1243,SARAH FARRELLY,2408,02:34:47,NZL,Runner 30-39 years,196,Female,748,,
1244,GAGANDEEP SINGH SAINI,3668,02:34:49,NZL,Runner 20-29 years,128,Male,496,,
1245,SARAH WHARFE,3486,02:34:57,NZL,Runner 30-39 years,197,Female,749,,
1246,SARAH HONEYBONE,2598,02:34:57,NZL,Runner 30-39 years,198,Female,750,,
1247,JANENE WAYE,3473,02:35:00,NZL,Runner 40-49 years,237,Female,751,,
1248,MELISSA CLARKSON,2227,02:35:03,NZL,Runner 30-39 years,199,Female,752,,
1249,TASH JAYNE,2661,02:35:05,NZL,Runner 30-39 years,200,Female,753,,
1250,KIRI HYDE,2633,02:35:41,NZL,Runner 30-39 years,201,Female,754,,
1251,CARMI LOUW,2777,02:35:43,NZL,Runner 30-39 years,202,Female,755,,
1252,SONYA AITKEN,2016,02:36:00,NZL,Runner 40-49 years,238,Female,756,,
1253,SARAH HUSSEY,2626,02:36:05,NZL,Runner 40-49 years,239,Female,757,,
1254,TIMOTHY CLARKSON,2228,02:36:23,NZL,Runner 40-49 years,134,Male,497,,
1255,JOHN CLARKSON,2226,02:36:24,NZL,Runner 50-59 years,78,Male,498,,
1256,RACHAEL VERRY,3435,02:36:24,NZL,Runner 50-59 years,67,Female,758,,
1257,EMMA BARNETT,2069,02:36:33,NZL,Runner 30-39 years,203,Female,759,,
1258,KIRSTY PICARD,3086,02:36:43,NZL,Runner 40-49 years,240,Female,760,,
1259,GINA DUGDALE,2367,02:36:43,NZL,Runner 40-49 years,241,Female,761,,
1260,TIAN DU TOIT,2365,02:36:45,NZL,Runner 30-39 years,142,Male,499,,
1261,DEVAN JACKSON,2643,02:36:45,NZL,Runner 20-29 years,227,Female,762,,
1262,WARREN OLSSON,3652,02:37:16,NZL,Runner 40-49 years,135,Male,500,,
1263,ERIN FITZHERBERT,2429,02:37:16,NZL,Runner 30-39 years,204,Female,763,,
1264,SOPHIE COLE-BRIMMER,3576,02:37:16,NZL,Runner 40-49 years,242,Female,764,,
1265,GAYLENE HERBERT,2566,02:37:20,NZL,Runner 50-59 years,68,Female,765,,
1266,ASHLEY WHALAN,3483,02:37:21,NZL,Runner 20-29 years,228,Female,766,,
1267,MICHELLE WHALAN,3484,02:37:21,NZL,Runner 50-59 years,69,Female,767,,
1268,LISA HANNAM,5124,02:37:26,NZL,Walker 40-49 years,1,Female,768,,
1269,RAELENE LOCK,2771,02:37:43,NZL,Runner 40-49 years,243,Female,769,,
1270,OLIVIA MUNE,2965,02:37:53,NZL,Runner 20-29 years,229,Female,770,,
1271,KAMLESH PRADHAN,3109,02:37:54,IND,Runner 30-39 years,143,Male,501,,
1272,INGE WAY,3472,02:38:13,NZL,Runner 40-49 years,244,Female,771,,
1273,NIKKI DOWLING,2359,02:38:29,NZL,Runner 40-49 years,245,Female,772,,
1274,SARAH MACKAY,2795,02:38:30,NZL,Runner 30-39 years,205,Female,773,,
1275,CHRIS RICHARDSON,3160,02:38:30,NZL,Runner 40-49 years,136,Male,502,,
1276,HANNAH MCQUEEN,2898,02:38:40,NZL,Runner 20-29 years,230,Female,774,,
1277,NADINE HOPKINS,2602,02:38:40,NZL,Runner 30-39 years,206,Female,775,,
1278,FRASER WALKER,3451,02:38:43,NZL,Runner 30-39 years,144,Male,503,,
1279,SUZIE MCCLELLAND,2853,02:38:45,NZL,Runner 50-59 years,70,Female,776,,
1280,JESS LUNNON,2785,02:38:46,NZL,Runner 20-29 years,231,Female,777,,
1281,SHERRY O'SULLIVAN,5242,02:38:48,NZL,Walker 50-59 years,3,Female,778,,
1282,BORIS FEJZAGIC,2414,02:38:57,NZL,Runner 50-59 years,79,Male,504,,
1283,ANNIKA MCCULLOCH,2857,02:38:59,NZL,Runner 30-39 years,207,Female,779,,
1284,JACQUI SWANSON,3361,02:39:27,AUS,Runner 50-59 years,71,Female,780,,
1285,CAROLINE GATIMEL,2461,02:39:35,NZL,Runner 30-39 years,208,Female,781,,
1286,SOPHIE SHEILD,3256,02:39:41,NZL,Runner 40-49 years,246,Female,782,,
1287,CAROLINE D'ANVERS,2297,02:39:42,NZL,Runner 40-49 years,247,Female,783,,
1288,YIMENG LI,3622,02:39:45,CHN,Runner 20-29 years,232,Female,784,,
1289,CHUNGHUA KUO,2715,02:40:03,NZL,Runner 40-49 years,137,Male,505,,
1290,PAULENE NUKU,3007,02:40:06,NZL,Runner 50-59 years,72,Female,785,,
1291,RAND HUSO,5145,02:40:07,NZL,Walker 60-69 years,1,Male,506,,
1292,KIRSTEN MANT,2819,02:40:09,NZL,Runner 40-49 years,248,Female,786,,
1293,JENNY JACKSON,2644,02:40:13,NZL,Runner 40-49 years,249,Female,787,,
1294,ROBERT HON,2597,02:40:20,NZL,Runner 30-39 years,145,Male,507,,
1295,SUSANNE ALTPETER,2021,02:40:23,NZL,Runner 40-49 years,250,Female,788,,
1296,MICHAEL LUDBROOK,3709,02:40:26,NZL,Runner 70 + years,1,Male,508,,
1297,MALCOLM ZUPPICICH,3552,02:41:06,NZL,Runner 50-59 years,80,Male,509,,
1298,LINDA ABRAHAM,5003,02:41:14,NZL,Walker 50-59 years,4,Female,789,,
1299,TONI HAMLIN,2513,02:41:32,NZL,Runner 40-49 years,251,Female,790,,
1300,JAN THOMAS,3380,02:42:09,NZL,Runner 50-59 years,73,Female,791,,
1301,JENNIFER MATTHEWS,2842,02:42:09,NZL,Runner 50-59 years,74,Female,792,,
1302,LEAH WORLD,3540,02:42:11,NZL,Runner 30-39 years,209,Female,793,,
1303,JANE MACKERSEY,5379,02:42:24,NZL,Walker 50-59 years,5,Female,794,,
1304,PETER SEMMENS,5279,02:42:25,NZL,Walker 50-59 years,1,Male,510,,
1305,REBECCA SUTTON,3359,02:42:49,NZL,Runner 30-39 years,210,Female,795,,
1306,JASON REEVES,3665,02:42:50,NZL,Runner 40-49 years,138,Male,511,,
1307,JULIETA LECHUGA ARANDA,2745,02:42:53,NZL,Runner 20-29 years,233,Female,796,,
1308,JAMIE CACHINE,2190,02:42:55,NZL,Runner 30-39 years,211,Female,797,,
1309,GAVIN BROWN,2162,02:43:01,NZL,Runner 30-39 years,146,Male,512,,
1310,SUE SEAGAR,5386,02:43:21,NZL,Walker 60-69 years,2,Female,798,,
1311,DEBBIE DRIVER,5081,02:43:22,NZL,Walker 50-59 years,6,Female,799,,
1312,JOHNNY GABRIEL,2457,02:43:26,NZL,Runner 40-49 years,139,Male,513,,
1313,SARA STRACHAN,3338,02:43:36,NZL,Runner 30-39 years,212,Female,800,,
1314,HANNAH MAXTED,2843,02:43:49,NZL,Runner 30-39 years,213,Female,801,,
1315,SUE TURNBULL,5317,02:43:54,NZL,Walker 40-49 years,2,Female,802,,
1316,GABRIELA JAMES,2651,02:43:55,NZL,Runner 40-49 years,252,Female,803,,
1317,JO LE PROU,2738,02:43:56,NZL,Runner 50-59 years,75,Female,804,,
1318,SARAH BLEAKLEY,2118,02:44:04,NZL,Runner 40-49 years,253,Female,805,,
1319,ADRIENNE MARTIN,5200,02:44:14,NZL,Walker 40-49 years,3,Female,806,,
1320,CALLUM HALL,2511,02:44:17,NZL,Runner 20-29 years,129,Male,514,,
1321,TWYLA VINCENT,3437,02:44:18,NZL,Runner 20-29 years,234,Female,807,,
1322,CAROL WARNER,3461,02:44:20,NZL,Runner 30-39 years,214,Female,808,,
1323,DEBRA COWEN,2268,02:44:59,NZL,Runner 40-49 years,254,Female,809,,
1324,KATHY COMPTON-BEYER,5058,02:44:59,NZL,Walker 50-59 years,7,Female,810,,
1325,JANETTE DOUGLAS,2353,02:44:59,NZL,Runner 40-49 years,255,Female,811,,
1326,STEPHANIE EVANS,5385,02:45:03,NZL,Walker 40-49 years,4,Female,812,,
1327,KATHLEEN PRATT,3111,02:45:07,NZL,Runner 40-49 years,256,Female,813,,
1328,STEPHANIE CRAWFORD,2277,02:45:08,NZL,Runner 50-59 years,76,Female,814,,
1329,ABIGAIL CRAWFORD,2276,02:45:08,NZL,Runner 20-29 years,235,Female,815,,
1330,STACEY OLSEN,3027,02:45:27,NZL,Runner 30-39 years,215,Female,816,,
1331,ANNIE COUGHLAN,2264,02:45:29,NZL,Runner 50-59 years,77,Female,817,,
1332,TEAIORANGI TAURIMA,3369,02:46:17,NZL,Runner 40-49 years,140,Male,515,,
1333,HAYLEY FULTON,2454,02:46:27,NZL,Runner 20-29 years,236,Female,818,,
1334,JO MUNIALO,2966,02:47:01,NZL,Runner 40-49 years,257,Female,819,,
1335,KIRSTY WILKINSON,5335,02:47:04,NZL,Walker 40-49 years,5,Female,820,,
1336,KRISTEN HINES,5133,02:47:13,NZL,Walker 40-49 years,6,Female,821,,
1337,GLENN SWAYN,5301,02:47:19,NZL,Walker 40-49 years,2,Male,516,,
1338,YVONNE COOPER,5063,02:47:38,NZL,Walker 50-59 years,8,Female,822,,
1339,LYN JANSEN,2655,02:47:40,NZL,Runner 50-59 years,78,Female,823,,
1340,YUEN WAH JOSEPHINE LAU,2730,02:47:56,HKG,Runner 50-59 years,79,Female,824,,
1341,SARAH MOORE,5225,02:47:57,NZL,Walker 30-39 years,1,Female,825,,
1342,QUENTIN MOORE,5226,02:47:57,NZL,Walker 30-39 years,1,Male,517,,
1343,SIAN BURGESS,2175,02:47:57,NZL,Runner 60-69 years,9,Female,826,,
1344,PAK MIN WONG,3531,02:47:58,HKG,Runner 60-69 years,11,Male,518,,
1345,TRACY MCEWEN,5213,02:48:36,NZL,Walker 40-49 years,7,Female,827,,
1346,AGRANI RATNAYAKE,3661,02:48:45,NZL,Runner 20-29 years,237,Female,828,,
1347,HEIDI OLIVER,5240,02:48:49,NZL,Walker 40-49 years,8,Female,829,,
1348,JO EDWARDS,5087,02:48:55,NZL,Walker 50-59 years,9,Female,830,,
1349,KARYN GLENNY,3732,02:48:56,NZL,Runner 40-49 years,258,Female,831,,
1350,CATRIONA MOORE,2940,02:49:05,NZL,Runner 40-49 years,259,Female,832,,
1351,JO TORRENS,3403,02:49:05,NZL,Runner 40-49 years,260,Female,833,,
1352,HELEN LE QUESNE,2739,02:49:14,NZL,Runner 40-49 years,261,Female,834,,
1353,TAYLA LE QUESNE,3618,02:49:14,NZL,Runner 16-19 years,14,Female,835,,
1354,MARION KUPER,5169,02:49:24,NZL,Walker 40-49 years,9,Female,836,,
1355,MARGOT KERINS,5163,02:49:25,NZL,Walker 50-59 years,10,Female,837,,
1356,ULRIKA BONNING,5037,02:49:29,NZL,Walker 40-49 years,10,Female,838,,
1357,CHARLOTTE PANTON,3041,02:49:33,NZL,Runner 20-29 years,238,Female,839,,
1358,ANNE SHEPHERD,5282,02:49:53,NZL,Walker 40-49 years,11,Female,840,,
1359,DONNA BIRD,2112,02:49:53,NZL,Runner 40-49 years,262,Female,841,,
1360,SILKE NOLL,3649,02:49:58,NZL,Runner 40-49 years,263,Female,842,,
1361,NICOLA OTTAWAY,5243,02:50:15,NZL,Walker 40-49 years,12,Female,843,,
1362,WAIORA ROGERS,3193,02:50:26,NZL,Runner 70 + years,1,Female,844,,
1363,RACHEL STEVENS,5296,02:50:27,NZL,Walker 40-49 years,13,Female,845,,
1364,LEONA DANN,5072,02:50:29,NZL,Walker 50-59 years,11,Female,846,,
1365,VICTORIA RIDDELL,3164,02:50:30,NZL,Runner 50-59 years,80,Female,847,,
1366,MARK FUNKE,5107,02:50:31,NZL,Walker 40-49 years,3,Male,519,,
1367,JESS DEACON,2313,02:50:33,NZL,Runner 30-39 years,216,Female,848,,
1368,LARA CURRIE,2290,02:50:40,NZL,Runner 20-29 years,239,Female,849,,
1369,TRACY SMITH,3292,02:50:50,NZL,Runner 50-59 years,81,Female,850,,
1370,KARLENE WRIGHT,3542,02:51:04,NZL,Runner 40-49 years,264,Female,851,,
1371,ANNA HOBMAN,2578,02:51:06,NZL,Runner 20-29 years,240,Female,852,,
1372,RUNA HALLDORSDOTTIR,2512,02:51:11,NZL,Runner 20-29 years,241,Female,853,,
1373,SID DYMOND,3596,02:51:12,NZL,Runner 20-29 years,130,Male,520,,
1374,GEORGIA-RAE WHITE,3488,02:51:16,NZL,Runner 20-29 years,242,Female,854,,
1375,KATIE CRISP,2280,02:51:21,NZL,Runner 20-29 years,243,Female,855,,
1376,STU GALLOP,2458,02:51:36,NZL,Runner 50-59 years,81,Male,521,,
1377,ADRIENNE TAYLOR,3370,02:51:53,NZL,Runner 60-69 years,10,Female,856,,
1378,BRIAN LEE,2746,02:51:54,NZL,Runner 60-69 years,12,Male,522,,
1379,KIM LANDER,2720,02:52:16,NZL,Runner 40-49 years,265,Female,857,,
1380,JO FIELD-CRAFAR,3598,02:52:25,NZL,Runner 40-49 years,266,Female,858,,
1381,NICALA HUSBAND,2625,02:52:26,NZL,Runner 40-49 years,267,Female,859,,
1382,JEFF WASTNEY,5327,02:52:39,NZL,Walker 60-69 years,2,Male,523,,
1383,TRACEY FERRY,2417,02:52:43,NZL,Runner 50-59 years,82,Female,860,,
1384,KAREN RAGG,5261,02:52:52,NZL,Walker 50-59 years,12,Female,861,,
1385,DANNY BLACKMAN,5035,02:52:56,NZL,Walker 40-49 years,4,Male,524,,
1386,GREG TOATOA,3743,02:53:10,NZL,Runner 60-69 years,13,Male,525,,
1387,RACHEL RAMLOSE,5262,02:53:19,NZL,Walker 40-49 years,14,Female,862,,
1388,KOTONI FE'AO,2410,02:53:37,NZL,Runner 60-69 years,14,Male,526,,
1389,JOSH MILNE,2917,02:53:37,NZL,Runner 30-39 years,147,Male,527,,
1390,SARAH ATMORE,5009,02:53:42,NZL,Walker 50-59 years,13,Female,863,,
1391,SONYA RAWSON,3135,02:53:42,NZL,Runner 20-29 years,244,Female,864,,
1392,IAN COLLIER,5057,02:53:43,NZL,Walker 50-59 years,2,Male,528,,
1393,GRAHAM ANSELL,5007,02:54:22,NZL,Walker 50-59 years,3,Male,529,,
1394,LYNNETTE ROWAN,5271,02:54:31,NZL,Walker 40-49 years,15,Female,865,,
1395,CHARLIE MCINTOSH,2875,02:54:37,NZL,Runner 40-49 years,268,Female,866,,
1396,ADELE FAIRGRAY,2406,02:54:40,NZL,Runner 60-69 years,11,Female,867,,
1397,SALLY SPURRIER,5293,02:54:43,NZL,Walker 50-59 years,14,Female,868,,
1398,RON JANES,5359,02:54:44,NZL,Walker 50-59 years,4,Male,530,,
1399,MARY RALEIGH,3128,02:54:45,NZL,Runner 40-49 years,269,Female,869,,
1400,CARLO SERRANO,3239,02:54:54,PHL,Runner 30-39 years,148,Male,531,,
1401,RYSHEL NIETO,2995,02:54:54,NZL,Runner 30-39 years,217,Female,870,,
1402,ELIZABETH MCELREA,2865,02:55:01,NZL,Runner 40-49 years,270,Female,871,,
1403,KAREN PALLISTER,5246,02:55:04,NZL,Walker 50-59 years,15,Female,872,,
1404,GENEVIEVE QUIN,3122,02:55:08,NZL,Runner 20-29 years,245,Female,873,,
1405,KENYA BROWN,2164,02:55:08,NZL,Runner 20-29 years,246,Female,874,,
1406,TRACEY MITCHELL,2931,02:55:10,NZL,Runner 40-49 years,271,Female,875,,
1407,LIANA MONTEITH,2937,02:55:11,NZL,Runner 50-59 years,83,Female,876,,
1408,NICKY MCGRATH,5214,02:55:11,NZL,Walker 40-49 years,16,Female,877,,
1409,FELICITY BAKER,5013,02:55:13,NZL,Walker 30-39 years,2,Female,878,,
1410,ELLY WILTON,3523,02:55:14,NZL,Runner 40-49 years,272,Female,879,,
1411,KYLIE MUNRO,5230,02:55:31,NZL,Walker 40-49 years,17,Female,880,,
1412,AIMEE GUTHRIE,2506,02:55:33,NZL,Runner 30-39 years,218,Female,881,,
1413,DAILYN SANDINO,3220,02:55:47,NZL,Runner 20-29 years,247,Female,882,,
1414,SHARRON HOWARD,5143,02:55:54,NZL,Walker 50-59 years,16,Female,883,,
1415,CHIQUITA HANSEN,2515,02:56:04,NZL,Runner 50-59 years,84,Female,884,,
1416,RICHARD HANSEN,2517,02:56:04,NZL,Runner 50-59 years,82,Male,532,,
1417,LORNA LOVE,2778,02:56:09,NZL,Runner 40-49 years,273,Female,885,,
1418,ALISON TURNER,3419,02:56:24,NZL,Runner 50-59 years,85,Female,886,,
1419,NIA ELLIS,2392,02:56:24,NZL,Runner 50-59 years,86,Female,887,,
1420,BILL PANNELL,3039,02:56:32,NZL,Runner 60-69 years,15,Male,533,,
1421,HEATHER WICKETT,3496,02:56:33,NZL,Runner 40-49 years,274,Female,888,,
1422,GILL PANNELL,3040,02:56:33,NZL,Runner 60-69 years,12,Female,889,,
1423,HONG MA,3630,02:56:42,CHN,Runner 30-39 years,149,Male,534,,
1424,JOY HYSLOP,5149,02:56:44,NZL,Walker 50-59 years,17,Female,890,,
1425,LEANNE MORRISON,5229,02:56:45,NZL,Walker 50-59 years,18,Female,891,,
1426,PEI GENG,3601,02:56:51,CHN,Runner 20-29 years,248,Female,892,,
1427,SARA LUNAM,5187,02:56:57,NZL,Walker 50-59 years,19,Female,893,,
1428,WENDY HARDING,5125,02:56:57,NZL,Walker 50-59 years,20,Female,894,,
1429,DIANE ROSS,5270,02:56:58,NZL,Walker 50-59 years,21,Female,895,,
1430,SARAH THOMPSON,3387,02:57:08,NZL,Runner 20-29 years,249,Female,896,,
1431,ANNEMAREE RUFFELL,5274,02:57:13,NZL,Walker 50-59 years,22,Female,897,,
1432,PHILLIPA SCALLY,5276,02:57:14,NZL,Walker 40-49 years,18,Female,898,,
1433,ALISTAIR WILTON,5340,02:57:29,NZL,Walker 50-59 years,5,Male,535,,
1434,TINA DONALDSON,2344,02:57:31,NZL,Runner 50-59 years,87,Female,899,,
1435,NATHANIA MILNE,5221,02:57:31,NZL,Walker 20-29 years,1,Female,900,,
1436,HAYLEY MCKAY,2880,02:57:33,NZL,Runner 40-49 years,275,Female,901,,
1437,SAMANTHA GREANEY,2494,02:57:34,NZL,Runner 20-29 years,250,Female,902,,
1438,BETTE FLAGLER,2430,02:58:10,NZL,Runner 50-59 years,88,Female,903,,
1439,PARKER MANAENA,2812,02:58:26,NZL,Runner 20-29 years,131,Male,536,,
1440,MOANA TAYLOR,5307,02:58:39,NZL,Walker 50-59 years,23,Female,904,,
1441,CAROLYN EWING,5089,02:58:39,NZL,Walker 50-59 years,24,Female,905,,
1442,DAIGORO TANAKA,3366,02:58:48,NZL,Runner 40-49 years,141,Male,537,,
1443,SIMON WILLIAMS,3516,02:58:48,NZL,Runner 50-59 years,83,Male,538,,
1444,PHILIPPA SEWELL,3244,02:58:49,NZL,Runner 50-59 years,89,Female,906,,
1445,LETITIA MONTFORD,5224,02:58:51,NZL,Walker 50-59 years,25,Female,907,,
1446,SHEENAGH SYMES,3685,02:59:04,NZL,Runner 20-29 years,251,Female,908,,
1447,MIKAILA HUTCHISON,2628,02:59:11,NZL,Runner 20-29 years,252,Female,909,,
1448,LIZ SUTHERLAND,3355,02:59:16,NZL,Runner 50-59 years,90,Female,910,,
1449,BRIAN SUTHERLAND,3354,02:59:17,NZL,Runner 50-59 years,84,Male,539,,
1450,NICOLE MACFARLANE,5192,02:59:20,NZL,Walker 50-59 years,6,Male,540,,
1451,SHELLEY HODGE,5135,02:59:21,NZL,Walker 50-59 years,26,Female,911,,
1452,JOY PARKER,5250,02:59:31,NZL,Walker 50-59 years,27,Female,912,,
1453,NATALIE FERGUSON BORLEY,5095,02:59:32,NZL,Walker 50-59 years,28,Female,913,,
1454,GAYNOR MORRAH,5228,02:59:43,NZL,Walker 60-69 years,3,Female,914,,
1455,JULIE BOHNENN,5036,02:59:43,NZL,Walker 50-59 years,29,Female,915,,
1456,ROBYN HOLMES,2596,02:59:49,NZL,Runner 60-69 years,13,Female,916,,
1457,SHELLEY MURRAY,2975,02:59:51,NZL,Runner 50-59 years,91,Female,917,,
1458,BERNARD MCCLELLAND,5208,02:59:54,NZL,Walker 60-69 years,3,Male,541,,
1459,RYAN BERNEY,2102,03:00:07,NZL,Runner 16-19 years,7,Male,542,,
1460,JUDITH COOMER,5062,03:00:20,NZL,Walker 60-69 years,4,Female,918,,
1461,KAREN CARLON,2201,03:00:23,AUS,Runner 30-39 years,219,Female,919,,
1462,CHRIS BEACH,2089,03:00:29,NZL,Runner 40-49 years,142,Male,543,,
1463,MAREE ROWLAND,3203,03:00:40,NZL,Runner 50-59 years,92,Female,920,,
1464,ALAN FOSTER,5103,03:00:45,NZL,Walker 70 + years,1,Male,544,,
1465,RAELENE SMART,3274,03:01:08,NZL,Runner 30-39 years,220,Female,921,,
1466,KISHAN DHANJI,2323,03:01:09,NZL,Runner 20-29 years,132,Male,545,,
1467,BOBBI WILLIAMS,5338,03:01:14,NZL,Walker 30-39 years,3,Female,922,,
1468,ZARA BOUSFIELD,5345,03:01:14,NZL,Walker 30-39 years,4,Female,923,,
1469,FIONA KERR,5360,03:01:18,NZL,Walker 40-49 years,19,Female,924,,
1470,SAM ROBERTSON,3184,03:01:26,NZL,Runner 20-29 years,133,Male,546,,
1471,AMANDA MCDANIEL,5210,03:01:38,NZL,Walker 40-49 years,20,Female,925,,
1472,KERIANNE BRUCE,5045,03:01:39,NZL,Walker 40-49 years,21,Female,926,,
1473,SUE DAULBY,5074,03:01:45,NZL,Walker 50-59 years,30,Female,927,,
1474,ASHLEIGH GILMOUR,5114,03:01:54,NZL,Walker 20-29 years,2,Female,928,,
1475,JULIE GILMOUR,5113,03:01:55,NZL,Walker 50-59 years,31,Female,929,,
1476,ELLE CRUMP,2283,03:02:18,NZL,Runner 20-29 years,253,Female,930,,
1477,SALLY LEWIS,5363,03:02:30,NZL,Walker 50-59 years,32,Female,931,,
1478,BRUCE BAKER,5015,03:02:30,NZL,Walker 50-59 years,7,Male,547,,
1479,CHRIS MITCHELL,5222,03:02:47,NZL,Walker 50-59 years,33,Female,932,,
1480,MICHAEL KING,5166,03:02:47,NZL,Walker 40-49 years,5,Male,548,,
1481,LISA OAKDEN,3009,03:03:03,NZL,Runner 30-39 years,221,Female,933,,
1482,NICOLA HOLLAND,5355,03:03:10,NZL,Walker 40-49 years,22,Female,934,,
1483,FRASER HOLLAND,5354,03:03:10,NZL,Walker 40-49 years,6,Male,549,,
1484,ANITA DE BORST,5076,03:03:12,NZL,Walker 20-29 years,3,Female,935,,
1485,CASSIE BISS,5034,03:03:12,NZL,Walker 50-59 years,34,Female,936,,
1486,LISA PEPPER,5253,03:03:28,NZL,Walker 50-59 years,35,Female,937,,
1487,JANE AGNEW,2012,03:03:50,NZL,Runner 40-49 years,276,Female,938,,
1488,SIOBHAN JOHNSTON,2672,03:03:53,NZL,Runner 20-29 years,254,Female,939,,
1489,MEGAN GOUVERNEUR,5351,03:04:02,NZL,Walker 40-49 years,23,Female,940,,
1490,KEITH STEWART,5297,03:04:12,NZL,Walker 50-59 years,8,Male,550,,
1491,CAROL WEIR,5372,03:04:16,NZL,Walker 60-69 years,5,Female,941,,
1492,JULIE-ANNE COCKBURN,2240,03:04:22,NZL,Runner 40-49 years,277,Female,942,,
1493,MARGARET BROOKS,2155,03:04:23,NZL,Runner 50-59 years,93,Female,943,,
1494,MARIA MAY,5204,03:04:26,NZL,Walker 50-59 years,36,Female,944,,
1495,PAULA FLETCHER,5099,03:04:29,NZL,Walker 40-49 years,24,Female,945,,
1496,SYAN ARMSTRONG,2039,03:04:34,NZL,Runner 30-39 years,222,Female,946,,
1497,LAURA THOMPSON,3385,03:04:47,NZL,Runner 30-39 years,223,Female,947,,
1498,FIONA TERRY,5308,03:04:48,NZL,Walker 50-59 years,37,Female,948,,
1499,RAYMOND LUTZ,5189,03:04:51,NZL,Walker 60-69 years,4,Male,551,,
1500,CHERYLL SMITH,3277,03:04:56,NZL,Runner 50-59 years,94,Female,949,,
1501,GLEN SMITH,3284,03:04:56,NZL,Runner 60-69 years,16,Male,552,,
1502,KAREN AMYES,5006,03:05:02,NZL,Walker 50-59 years,38,Female,950,,
1503,BARBARA RANGIHUNA,3132,03:05:03,NZL,Runner 40-49 years,278,Female,951,,
1504,GLENDA HUSTON,5146,03:05:07,NZL,Walker 40-49 years,25,Female,952,,
1505,MEGAN WARNER,3462,03:05:16,NZL,Runner 30-39 years,224,Female,953,,
1506,JULIA WILLIAMS,3511,03:05:18,NZL,Runner 50-59 years,95,Female,954,,
1507,LAURA HEALE,2544,03:05:50,NZL,Runner 30-39 years,225,Female,955,,
1508,GILL MAHONY,5194,03:05:57,NZL,Walker 40-49 years,26,Female,956,,
1509,JO WILLIAMS,5336,03:05:58,NZL,Walker 40-49 years,27,Female,957,,
1510,CISCA HARTNER,5128,03:05:59,NZL,Walker 40-49 years,28,Female,958,,
1511,ANNA FIRMIN,5097,03:05:59,NZL,Walker 40-49 years,29,Female,959,,
1512,TRACEY BENNETT,5030,03:06:10,NZL,Walker 50-59 years,39,Female,960,,
1513,LORRAINE SOANES,5290,03:06:16,NZL,Walker 60-69 years,6,Female,961,,
1514,LIBBY SHARP,3246,03:07:19,NZL,Runner 30-39 years,226,Female,962,,
1515,LISA GARDEN,5110,03:07:20,NZL,Walker 40-49 years,30,Female,963,,
1516,CORNE VAN DER MERWE,3424,03:07:29,NZL,Runner 40-49 years,143,Male,553,,
1517,KYLIE MANSON,5197,03:07:30,NZL,Walker 40-49 years,31,Female,964,,
1518,JULIE SOWTER,5291,03:07:32,NZL,Walker 50-59 years,40,Female,965,,
1519,TANUJA SULE,3348,03:07:32,NZL,Runner 30-39 years,227,Female,966,,
1520,JOHN SOWTER,5368,03:07:33,NZL,Walker 50-59 years,9,Male,554,,
1521,JOANNA SHAND,5280,03:07:40,NZL,Walker 50-59 years,41,Female,967,,
1522,CELIA SNEDDEN,3295,03:07:41,NZL,Runner 50-59 years,96,Female,968,,
1523,TREACY BELL,2097,03:07:42,NZL,Runner 50-59 years,97,Female,969,,
1524,CHRISTINE MAHON,5193,03:07:52,NZL,Walker 50-59 years,42,Female,970,,
1525,RACHEL SPRING,3310,03:07:58,NZL,Runner 40-49 years,279,Female,971,,
1526,KATHRYN WEST,3694,03:08:10,NZL,Runner 50-59 years,98,Female,972,,
1527,NICOLE WEIMANN,3478,03:08:11,NZL,Runner 40-49 years,280,Female,973,,
1528,KAREN HALL,5121,03:08:11,NZL,Walker 40-49 years,32,Female,974,,
1529,TODD RYAN,3217,03:08:18,NZL,Runner 40-49 years,144,Male,555,,
1530,JILL CLAPCOTT,5053,03:08:26,NZL,Walker 40-49 years,33,Female,975,,
1531,BRYAN CLAPCOTT,5054,03:08:27,NZL,Walker 50-59 years,10,Male,556,,
1532,HELEN ECCLESON,5349,03:08:31,NZL,Walker 50-59 years,43,Female,976,,
1533,KAREN LAURENT,5174,03:08:45,NZL,Walker 50-59 years,44,Female,977,,
1534,TRISH SCOTT,5278,03:08:51,NZL,Walker 40-49 years,34,Female,978,,
1535,BRUCE TROUGHEAR,5369,03:08:57,NZL,Walker 50-59 years,11,Male,557,,
1536,CHERIE SCIASCIA,5277,03:09:04,NZL,Walker 40-49 years,35,Female,979,,
1537,KATE STACHINI,5294,03:09:04,NZL,Walker 30-39 years,5,Female,980,,
1538,KARA BROWN,5043,03:09:05,NZL,Walker 40-49 years,36,Female,981,,
1539,DEBORAH COPE,3726,03:09:09,NZL,Runner 50-59 years,99,Female,982,,
1540,HESTER TREMAIN,5316,03:09:41,NZL,Walker 40-49 years,37,Female,983,,
1541,JANETTE FARRELL,5092,03:09:54,NZL,Walker 40-49 years,38,Female,984,,
1542,SHARON GREGORY,5117,03:09:55,NZL,Walker 50-59 years,45,Female,985,,
1543,MEGAN ABRAHAM,5002,03:10:06,NZL,Walker 40-49 years,39,Female,986,,
1544,LINDY CATLEY,5048,03:10:07,NZL,Walker 40-49 years,40,Female,987,,
1545,LESLEY PATERSON,5252,03:10:19,NZL,Walker 50-59 years,46,Female,988,,
1546,ANDREA MERRETT,5219,03:10:35,NZL,Walker 50-59 years,47,Female,989,,
1547,PHILLIP NORCROSS,5236,03:10:36,NZL,Walker 50-59 years,12,Male,558,,
1548,JO DURKIN,2371,03:10:50,NZL,Runner 50-59 years,100,Female,990,,
1549,CHRISTINE CLARK,3733,03:10:50,NZL,Runner 50-59 years,101,Female,991,,
1550,JENNY KEBER,2688,03:11:01,NZL,Runner 40-49 years,281,Female,992,,
1551,MELANIE BEECHING,2095,03:11:25,NZL,Runner 30-39 years,228,Female,993,,
1552,HOLLY GREENWELL,2498,03:11:39,NZL,Runner 20-29 years,255,Female,994,,
1553,SIMON MILLS,2915,03:11:40,NZL,Runner 20-29 years,134,Male,559,,
1554,LI LI NG,2993,03:11:49,NZL,Runner 50-59 years,102,Female,995,,
1555,HELEN MARGARET GENTLE,5350,03:12:01,NZL,Walker 40-49 years,41,Female,996,,
1556,PENNY LYONS,5190,03:12:06,NZL,Walker 40-49 years,42,Female,997,,
1557,STACEY ZUCCATI,5343,03:12:06,NZL,Walker 40-49 years,43,Female,998,,
1558,RAKSHA LAWRENCE,5175,03:12:14,NZL,Walker 60-69 years,7,Female,999,,
1559,JO KEOGH,5162,03:12:23,NZL,Walker 40-49 years,44,Female,1000,,
1560,NICOLA BURKITT,2178,03:12:26,NZL,Runner 50-59 years,103,Female,1001,,
1561,DESIREE WESTERMANN MEIRING,5331,03:12:39,NZL,Walker 40-49 years,45,Female,1002,,
1562,KIRSTY CURRIE,2289,03:12:51,NZL,Runner 20-29 years,256,Female,1003,,
1563,ANGELA SMALL,5287,03:12:58,NZL,Walker 50-59 years,48,Female,1004,,
1564,VICKI HANN,5123,03:12:59,NZL,Walker 50-59 years,49,Female,1005,,
1565,CAROLYN BARKER,5017,03:13:20,NZL,Walker 70 + years,1,Female,1006,,
1566,TRACEY EXETER,5090,03:13:24,NZL,Walker 40-49 years,46,Female,1007,,
1567,GREG ROWE,5272,03:13:25,NZL,Walker 60-69 years,5,Male,560,,
1568,JULIE BROOKE,5041,03:13:39,NZL,Walker 50-59 years,50,Female,1008,,
1569,NICHOLA NUTSFORD,5237,03:13:39,NZL,Walker 50-59 years,51,Female,1009,,
1570,MALCOLM BIELSKI,5032,03:13:45,NZL,Walker 40-49 years,7,Male,561,,
1571,LISA TAYLOR,5303,03:13:56,NZL,Walker 40-49 years,47,Female,1010,,
1572,LOUISE COPE,2256,03:13:58,NZL,Runner 40-49 years,282,Female,1011,,
1573,DEAN HOWARD,5142,03:13:59,NZL,Walker 40-49 years,8,Male,562,,
1574,LOUISE CASKEY,5047,03:14:01,NZL,Walker 50-59 years,52,Female,1012,,
1575,THERESA BARTLETT,2081,03:14:06,NZL,Runner 40-49 years,283,Female,1013,,
1576,ALEX TOMLINSON,3401,03:14:06,NZL,Runner 40-49 years,284,Female,1014,,
1577,MICHELLE CROMPTON,5068,03:14:19,NZL,Walker 40-49 years,48,Female,1015,,
1578,SANDRA CHAMBERS,5052,03:14:19,NZL,Walker 40-49 years,49,Female,1016,,
1579,SHEILA SUTHERLAND,5300,03:14:22,NZL,Walker 50-59 years,53,Female,1017,,
1580,JULIE FRAME,5104,03:14:23,NZL,Walker 50-59 years,54,Female,1018,,
1581,ANN ADSETT,5004,03:14:24,NZL,Walker 50-59 years,55,Female,1019,,
1582,SUE BAKER,5014,03:14:38,NZL,Walker 50-59 years,56,Female,1020,,
1583,MICHELLE SIM,5283,03:14:39,NZL,Walker 50-59 years,57,Female,1021,,
1584,ROBERT GERARD,5111,03:15:01,NZL,Walker 60-69 years,6,Male,563,,
1585,DANIEL PEDERSEN,3073,03:15:03,NZL,Runner 20-29 years,135,Male,564,,
1586,COURTNEY PEDERSEN,3072,03:15:04,NZL,Runner 20-29 years,257,Female,1022,,
1587,JULIA BARTON,2082,03:15:07,NZL,Runner 40-49 years,285,Female,1023,,
1588,LIESEL HEDDERWICK,2548,03:15:12,NZL,Runner 40-49 years,286,Female,1024,,
1589,KIM MATTHEWS,5202,03:15:16,NZL,Walker 50-59 years,58,Female,1025,,
1590,FIONA MORTON,2949,03:15:17,NZL,Runner 30-39 years,229,Female,1026,,
1591,DIANN LEWIS,5179,03:15:28,NZL,Walker 50-59 years,59,Female,1027,,
1592,MICHAEL ANTONIADIS,5008,03:15:29,NZL,Walker 50-59 years,13,Male,565,,
1593,HANNAH WEBSTER,5330,03:15:49,NZL,Walker 20-29 years,4,Female,1028,,
1594,FABIA FICAGNA,5096,03:15:49,NZL,Walker 20-29 years,5,Female,1029,,
1595,TE RINA NORRIS,3002,03:15:50,NZL,Runner 30-39 years,230,Female,1030,,
1596,ROSALIND MALKIN,5195,03:16:12,NZL,Walker 50-59 years,60,Female,1031,,
1597,ELIZABETH OGDEN,3017,03:16:43,AUS,Runner 50-59 years,104,Female,1032,,
1598,SHAUN HOWARD,5144,03:17:13,NZL,Walker 16-19 years,1,Male,566,,
1599,STACEY SPRY,5292,03:17:13,NZL,Walker 40-49 years,50,Female,1033,,
1600,VIVIENNE MCLAUGHLIN,5216,03:17:13,NZL,Walker 50-59 years,61,Female,1034,,
1601,NICKY CRAIG,5066,03:17:22,NZL,Walker 40-49 years,51,Female,1035,,
1602,PHOEBE DOBSON,2341,03:17:22,NZL,Runner 40-49 years,287,Female,1036,,
1603,JANE BAILEY,2046,03:17:26,NZL,Runner 40-49 years,288,Female,1037,,
1604,EMMA DEADMAN,3586,03:17:44,NZL,Runner 20-29 years,258,Female,1038,,
1605,GLENYS BAWDEN,5023,03:17:47,NZL,Walker 50-59 years,62,Female,1039,,
1606,JIM BAWDEN,5024,03:17:48,NZL,Walker 60-69 years,7,Male,567,,
1607,JOCELYN MAYES,5205,03:17:55,NZL,Walker 60-69 years,8,Female,1040,,
1608,MANDY AUSTIN,5012,03:17:56,NZL,Walker 40-49 years,52,Female,1041,,
1609,MAXE JANSSEN,2656,03:17:58,NZL,Runner 50-59 years,105,Female,1042,,
1610,RICHELLE BROWNLIE,5044,03:18:28,NZL,Walker 40-49 years,53,Female,1043,,
1611,BRUCE PARKES,5251,03:18:43,NZL,Walker 50-59 years,14,Male,568,,
1612,GARTH FORBES,5102,03:18:45,NZL,Walker 60-69 years,8,Male,569,,
1613,JENNY FORBES,5100,03:18:45,NZL,Walker 60-69 years,9,Female,1044,,
1614,NICOLA WILLIAMS,5376,03:18:51,NZL,Walker 50-59 years,63,Female,1045,,
1615,VICTORIA HAMILTON,5352,03:18:51,NZL,Walker 40-49 years,54,Female,1046,,
1616,CHARLOTTE LINDSAY,2757,03:18:54,NZL,Runner 20-29 years,259,Female,1047,,
1617,LIONEL HAYES,5353,03:19:04,NZL,Walker 50-59 years,15,Male,570,,
1618,TRACEY LUMBER,5186,03:19:15,NZL,Walker 40-49 years,55,Female,1048,,
1619,KYLIE TUCKER,5384,03:19:18,NZL,Walker 40-49 years,56,Female,1049,,
1620,PENNY LAMB,5170,03:19:34,NZL,Walker 60-69 years,10,Female,1050,,
1621,MARYANNE CHEETHAM,2215,03:20:06,NZL,Runner 50-59 years,106,Female,1051,,
1622,ADRIENNE DELAHUNTY,5078,03:20:23,NZL,Walker 50-59 years,64,Female,1052,,
1623,MARGARET WARD,5326,03:20:24,NZL,Walker 50-59 years,65,Female,1053,,
1624,MARY KATE OCONNOR,5238,03:20:24,NZL,Walker 50-59 years,66,Female,1054,,
1625,JOANNA DELAHUNTY,5077,03:20:25,NZL,Walker 50-59 years,67,Female,1055,,
1626,REBECCA POPE,5257,03:20:29,NZL,Walker 40-49 years,57,Female,1056,,
1627,GAVIN POPE,5258,03:20:29,NZL,Walker 40-49 years,9,Male,571,,
1628,REBECCA TODD,5312,03:20:32,NZL,Walker 40-49 years,58,Female,1057,,
1629,RICHARD WILLIAMS,5337,03:20:32,NZL,Walker 50-59 years,16,Male,572,,
1630,SUE HUTCHINS,5147,03:20:48,NZL,Walker 50-59 years,68,Female,1058,,
1631,RACHEL WATTERS,5329,03:20:55,NZL,Walker 50-59 years,69,Female,1059,,
1632,DIANA WILSON,5339,03:20:58,NZL,Walker 50-59 years,70,Female,1060,,
1633,PIP LAWRENCE,5176,03:20:59,NZL,Walker 50-59 years,71,Female,1061,,
1634,CHRISTINE BASTIN,2084,03:21:13,NZL,Runner 60-69 years,14,Female,1062,,
1635,HELEN MARSDEN,5199,03:21:15,NZL,Walker 40-49 years,59,Female,1063,,
1636,PIP PEARSE,3066,03:21:24,NZL,Runner 50-59 years,107,Female,1064,,
1637,LOUISE WAKE,5323,03:21:25,NZL,Walker 50-59 years,72,Female,1065,,
1638,SANDRA WATSON,5328,03:21:43,NZL,Walker 50-59 years,73,Female,1066,,
1639,SHARYN FLYNN,2433,03:21:44,NZL,Runner 50-59 years,108,Female,1067,,
1640,BELINDA MANTHEL,5198,03:21:45,NZL,Walker 50-59 years,74,Female,1068,,
1641,JULES PARKER,5249,03:21:49,NZL,Walker 50-59 years,75,Female,1069,,
1642,JOSI BEAMISH,5027,03:21:49,NZL,Walker 50-59 years,76,Female,1070,,
1643,PAM WHAANGA,5332,03:22:58,NZL,Walker 60-69 years,11,Female,1071,,
1644,MARYANNE ROBERTSON,5269,03:23:01,NZL,Walker 50-59 years,77,Female,1072,,
1645,ESTHER MABIN,5191,03:23:01,NZL,Walker 50-59 years,78,Female,1073,,
1646,JAMES MILLAR,5365,03:23:05,NZL,Walker 20-29 years,1,Male,573,,
1647,DIANA PAYNTER,5383,03:23:05,NZL,Walker 30-39 years,6,Female,1074,,
1648,ANU ILEPERUMA,5358,03:23:05,NZL,Walker 20-29 years,6,Female,1075,,
1649,BRIERLEE DUGGAN,5082,03:23:33,NZL,Walker 30-39 years,7,Female,1076,,
1650,SARAH HUTCHINSON,5148,03:23:46,NZL,Walker 40-49 years,60,Female,1077,,
1651,KIRSTY BAYLISS,5025,03:23:47,NZL,Walker 40-49 years,61,Female,1078,,
1652,ALASTAIR BAYLISS,5026,03:23:48,NZL,Walker 40-49 years,10,Male,574,,
1653,RAJWINDER KAUR,5160,03:24:43,NZL,Walker 20-29 years,7,Female,1079,,
1654,BELINDA VAN ZONNEVELD,5322,03:24:44,NZL,Walker 20-29 years,8,Female,1080,,
1655,JENNY CUNNINGHAM,5069,03:24:45,NZL,Walker 60-69 years,12,Female,1081,,
1656,PERNELL HARTLEY,5126,03:24:52,NZL,Walker 50-59 years,17,Male,575,,
1657,KERIE AUBREY,5010,03:24:52,NZL,Walker 50-59 years,79,Female,1082,,
1658,BRENDA CATTANACH,5049,03:24:52,NZL,Walker 50-59 years,80,Female,1083,,
1659,RICHARD AUBREY,5011,03:24:53,NZL,Walker 50-59 years,18,Male,576,,
1660,LESANN APPLEBY,2033,03:25:09,NZL,Runner 30-39 years,231,Female,1084,,
1661,FELICITY CLEARWATER,2230,03:25:22,NZL,Runner 30-39 years,232,Female,1085,,
1662,MYTHI PONNAPA,5256,03:26:08,NZL,Walker 50-59 years,81,Female,1086,,
1663,SARAH PRINT,5259,03:26:15,NZL,Walker 50-59 years,82,Female,1087,,
1664,JENNIFER WELCH,5373,03:26:15,NZL,Walker 50-59 years,83,Female,1088,,
1665,DANYA REINSFIELD,5264,03:26:32,NZL,Walker 40-49 years,62,Female,1089,,
1666,SUNSHINE METRO,5220,03:26:32,NZL,Walker 30-39 years,8,Female,1090,,
1667,REBECCA STUART,3342,03:27:01,NZL,Runner 40-49 years,289,Female,1091,,
1668,JENNY BARRIS,5020,03:27:02,NZL,Walker 40-49 years,63,Female,1092,,
1669,CYNTHIA CLAYTON,5055,03:27:29,NZL,Walker 60-69 years,13,Female,1093,,
1670,GREG PAIN,5245,03:27:30,NZL,Walker 40-49 years,11,Male,577,,
1671,KATE COUGHLAN,5064,03:27:38,NZL,Walker 60-69 years,14,Female,1094,,
1672,GLORIA WILLS,5377,03:27:41,NZL,Walker 50-59 years,84,Female,1095,,
1673,JOANNE MCCURRACH,5209,03:27:41,NZL,Walker 50-59 years,85,Female,1096,,
1674,KIKI ABEL,5001,03:27:43,NZL,Walker 40-49 years,64,Female,1097,,
1675,DONNA HELM,5129,03:27:43,NZL,Walker 40-49 years,65,Female,1098,,
1676,BRYAN BOON,5038,03:27:48,NZL,Walker 40-49 years,12,Male,578,,
1677,KIM FRASER,5105,03:27:48,NZL,Walker 50-59 years,86,Female,1099,,
1678,MARYANNE COSTELLOE,5347,03:28:11,NZL,Walker 50-59 years,87,Female,1100,,
1679,MIRANDA ROBINSON,5367,03:28:12,NZL,Walker 60-69 years,15,Female,1101,,
1680,ANGELIQUE BRINKERT,5346,03:28:24,NZL,Walker 50-59 years,88,Female,1102,,
1681,NICOLAS HAAKMAN,5119,03:28:28,NZL,Walker 50-59 years,19,Male,579,,
1682,GRACE FERGUSON,5094,03:28:30,NZL,Walker 20-29 years,9,Female,1103,,
1683,SIOBHAN KRIKORI,5362,03:28:30,NZL,Walker 30-39 years,9,Female,1104,,
1684,JARED ROBBIE,3173,03:28:32,NZL,Runner 30-39 years,150,Male,580,,
1685,MEGAN BIGG,2110,03:29:08,NZL,Runner 40-49 years,290,Female,1105,,
1686,SONYA LINDSAY,5180,03:29:26,NZL,Walker 40-49 years,66,Female,1106,,
1687,PIP WILKINS,3501,03:29:32,NZL,Runner 60-69 years,15,Female,1107,,
1688,FELICITY MORGAN,5227,03:29:32,NZL,Walker 50-59 years,89,Female,1108,,
1689,LEE GIBBS,5112,03:29:33,NZL,Walker 50-59 years,90,Female,1109,,
1690,JUSTINE SULLIVAN,3349,03:29:36,NZL,Runner 40-49 years,291,Female,1110,,
1691,DAPHNE BARRACLOUGH,2073,03:30:11,NZL,Runner 40-49 years,292,Female,1111,,
1692,LIZ WILDE,5334,03:30:49,NZL,Walker 40-49 years,67,Female,1112,,
1693,ANGELA BATT,5022,03:30:49,NZL,Walker 40-49 years,68,Female,1113,,
1694,NGA PING CHU,2223,03:31:46,HKG,Runner 30-39 years,233,Female,1114,,
1695,JOANNE DUNNE,5084,03:32:05,NZL,Walker 50-59 years,91,Female,1115,,
1696,PETER DUNNE,5348,03:32:06,NZL,Walker 50-59 years,20,Male,581,,
1697,ROBIN BARKLEY,5019,03:32:18,NZL,Walker 50-59 years,21,Male,582,,
1698,BEVERLEY BARKLEY,5018,03:32:18,NZL,Walker 40-49 years,69,Female,1116,,
1699,MICHELLE MANN,5196,03:32:19,NZL,Walker 40-49 years,70,Female,1117,,
1700,CHRISTOPHER JONES,5158,03:32:20,NZL,Walker 50-59 years,22,Male,583,,
1701,PAULA NICHOLS-COX,5234,03:32:36,NZL,Walker 40-49 years,71,Female,1118,,
1702,STEVE COX,2270,03:32:37,NZL,Runner 40-49 years,145,Male,584,,
1703,SARAH HEWERDINE,5131,03:32:44,NZL,Walker 20-29 years,10,Female,1119,,
1704,FIONA HEWERDINE,5132,03:32:44,NZL,Walker 50-59 years,92,Female,1120,,
1705,BRYONY SLOANE,5286,03:32:57,NZL,Walker 30-39 years,10,Female,1121,,
1706,DENISE HOPKINS,5139,03:32:58,NZL,Walker 60-69 years,16,Female,1122,,
1707,WYN JOHNSON,5156,03:33:30,NZL,Walker 60-69 years,17,Female,1123,,
1708,MARGARET LOUIE,5184,03:33:44,NZL,Walker 50-59 years,93,Female,1124,,
1709,PAULINE LOUIE,5185,03:33:44,NZL,Walker 50-59 years,94,Female,1125,,
1710,ANNA HENSON,5130,03:33:52,NZL,Walker 30-39 years,11,Female,1126,,
1711,CARMEN KEENE,5161,03:33:52,NZL,Walker 40-49 years,72,Female,1127,,
1712,JANE WILLIAMS,5375,03:34:26,NZL,Walker 50-59 years,95,Female,1128,,
1713,PIPPA WILLIAMS,5374,03:34:27,NZL,Walker 50-59 years,96,Female,1129,,
1714,PATSY HALL,5122,03:34:37,NZL,Walker 50-59 years,97,Female,1130,,
1715,AMONDI OUKO - MOWBRAY,5244,03:34:41,NZL,Walker 50-59 years,98,Female,1131,,
1716,ANDREA MCLEOD,5217,03:34:46,NZL,Walker 50-59 years,99,Female,1132,,
1717,VICKI BRASSEY,5040,03:34:46,NZL,Walker 50-59 years,100,Female,1133,,
1718,VIRGINIA THORNE,5311,03:34:46,NZL,Walker 50-59 years,101,Female,1134,,
1719,HAMISH MCDONNELL,2863,03:34:48,NZL,Runner 40-49 years,146,Male,585,,
1720,RAEWYN MCDONNELL,2864,03:34:48,NZL,Runner 40-49 years,293,Female,1135,,
1721,ERIKA FREWIN,5106,03:34:51,NZL,Walker 50-59 years,102,Female,1136,,
1722,SALLY LOCHHEAD,5182,03:34:58,NZL,Walker 50-59 years,103,Female,1137,,
1723,DEBBIE BRADFORD,3562,03:34:58,NZL,Runner 50-59 years,109,Female,1138,,
1724,MAREE GORDON,5115,03:35:05,NZL,Walker 30-39 years,12,Female,1139,,
1725,LORRAINE GUTHRIE,5118,03:35:07,NZL,Walker 50-59 years,104,Female,1140,,
1726,EMMA NEWELL,5232,03:35:20,NZL,Walker 30-39 years,13,Female,1141,,
1727,LOREISHA VAN HEECKEREN,5320,03:35:21,NZL,Walker 30-39 years,14,Female,1142,,
1728,TIANA FARRELL,5091,03:35:23,NZL,Walker 30-39 years,15,Female,1143,,
1729,JENNIFER HAYWOOD,2539,03:36:29,NZL,Runner 30-39 years,234,Female,1144,,
1730,ANDY PILBROW,5255,03:37:06,NZL,Walker 40-49 years,13,Male,586,,
1731,DANA HARTLEY,5127,03:37:06,NZL,Walker 50-59 years,105,Female,1145,,
1732,IAN DOONAN,2351,03:37:27,NZL,Runner 60-69 years,17,Male,587,,
1733,RAEWYN MITCHELL,5223,03:37:46,NZL,Walker 50-59 years,106,Female,1146,,
1734,ELIZABETH WAKELIN,5324,03:37:46,NZL,Walker 40-49 years,73,Female,1147,,
1735,MARTIN MOORE,5382,03:37:51,NZL,Walker 60-69 years,9,Male,588,,
1736,MIRANDA OGOTAU,5239,03:38:12,NZL,Walker 40-49 years,74,Female,1148,,
1737,EDWINA MCKENZIE,5215,03:38:12,NZL,Walker 40-49 years,75,Female,1149,,
1738,ANGELA HOBMAN,5134,03:38:21,NZL,Walker 50-59 years,107,Female,1150,,
1739,KERIN RUSSELL-SMITH,5275,03:38:54,NZL,Walker 40-49 years,76,Female,1151,,
1740,KELLY LAWSON,5177,03:38:55,NZL,Walker 40-49 years,77,Female,1152,,
1741,JODIE KING,5361,03:38:55,NZL,Walker 40-49 years,78,Female,1153,,
1742,KONG KIN HUI,2617,03:40:32,HKG,Runner 40-49 years,147,Male,589,,
1743,REX HARDING,2520,03:40:51,NZL,Runner 50-59 years,85,Male,590,,
1744,JOHN ROWELL,5273,03:40:52,NZL,Walker 60-69 years,10,Male,591,,
1745,PIP FLEMING,5098,03:40:52,NZL,Walker 50-59 years,108,Female,1154,,
1746,DUNCAN HOLDEN,5137,03:41:18,NZL,Walker 50-59 years,23,Male,592,,
1747,PHILIP CAVE,5051,03:41:18,NZL,Walker 50-59 years,24,Male,593,,
1748,ANNA KALMA,5159,03:41:53,NZL,Walker 40-49 years,79,Female,1155,,
1749,ROCHELLE VAN HEUVEN,5321,03:41:54,NZL,Walker 40-49 years,80,Female,1156,,
1750,SHONA SMITH,5288,03:42:21,NZL,Walker 50-59 years,109,Female,1157,,
1751,CHRISTINA KNOTT,5168,03:42:22,NZL,Walker 50-59 years,110,Female,1158,,
1752,BRIDGET BINNENDIJK,5033,03:42:23,NZL,Walker 40-49 years,81,Female,1159,,
1753,BRONWYN REARDON,5263,03:42:44,NZL,Walker 50-59 years,111,Female,1160,,
1754,WENDY HOLDEN,5136,03:42:44,NZL,Walker 50-59 years,112,Female,1161,,
1755,MAREE CAVE,5050,03:42:45,NZL,Walker 50-59 years,113,Female,1162,,
1756,VICTORIA MARTIN,2833,03:43:25,NZL,Runner 30-39 years,235,Female,1163,,
1757,KATHARINE TOMLINSON,5313,03:43:25,NZL,Walker 30-39 years,16,Female,1164,,
1758,EDEN HAKARAIA,5120,03:43:26,NZL,Walker 40-49 years,82,Female,1165,,
1759,SUE MCALISTER,5206,03:44:45,NZL,Walker 50-59 years,114,Female,1166,,
1760,NATALYA SANDBROOK,5381,03:44:58,NZL,Walker 30-39 years,17,Female,1167,,
1761,TIM EGAN,5378,03:44:59,NZL,Walker 50-59 years,25,Male,594,,
1762,ROB PAPE,5248,03:45:02,NZL,Walker 40-49 years,14,Male,595,,
1763,KYLIE PAPE,5247,03:45:02,NZL,Walker 40-49 years,83,Female,1168,,
1764,REBECCA COUPE,5065,03:45:03,NZL,Walker 40-49 years,84,Female,1169,,
1765,SUSAN MCDERMOTT,5211,03:45:03,NZL,Walker 40-49 years,85,Female,1170,,
1766,BRIDGET LITHERLAND,5364,03:45:04,NZL,Walker 40-49 years,86,Female,1171,,
1767,JOANNE LANKSHEAR,5173,03:45:52,NZL,Walker 40-49 years,87,Female,1172,,
1768,JANE READ,5380,03:46:09,NZL,Walker 40-49 years,88,Female,1173,,
1769,EVA ROBERTSON,5267,03:46:17,NZL,Walker 50-59 years,115,Female,1174,,
1770,PETRA LUNDSTROEM,5188,03:46:18,NZL,Walker 50-59 years,116,Female,1175,,
1771,ANN GREGOR-GREENE,5116,03:47:18,NZL,Walker 50-59 years,117,Female,1176,,
1772,VANESSA TAYLOR,5305,03:47:35,NZL,Walker 30-39 years,18,Female,1177,,
1773,DYMPHI VAN DER LINDEN,5318,03:48:35,NZL,Walker 40-49 years,89,Female,1178,,
1774,DAVE TAYLOR,5304,03:49:19,NZL,Walker 60-69 years,11,Male,596,,
1775,JAN DOONEY,5080,03:50:00,NZL,Walker 60-69 years,18,Female,1179,,
1776,FRANK DOONEY,5079,03:50:01,NZL,Walker 60-69 years,12,Male,597,,
1777,FRANCES JOHANSEN,5155,03:51:55,NZL,Walker 50-59 years,118,Female,1180,,
1778,CAROLYN JABLONSKI,5151,03:51:56,NZL,Walker 50-59 years,119,Female,1181,,
1779,LINDSEY SULLIVAN,5299,03:53:16,NZL,Walker 40-49 years,15,Male,598,,
1780,HSICHI CHEN,2217,03:55:27,NZL,Runner 50-59 years,86,Male,599,,
1781,HEIDI WALKER,5325,03:56:07,NZL,Walker 30-39 years,19,Female,1182,,
1782,JO RENDALL,5265,03:56:08,NZL,Walker 40-49 years,90,Female,1183,,
1783,SERENA ROBERTSON,3185,03:57:10,NZL,Runner 40-49 years,294,Female,1184,,
1784,SARAH JUDD,2682,03:57:14,NZL,Runner 40-49 years,295,Female,1185,,
1785,MAGGIE WEBB,3475,03:57:16,NZL,Runner 40-49 years,296,Female,1186,,
1786,PETRA THOMA,5309,03:57:54,NZL,Walker 30-39 years,20,Female,1187,,
1787,ANDY NG,5233,03:58:09,NZL,Walker 30-39 years,2,Male,600,,
1788,SHARON RACK,5260,03:58:39,NZL,Walker 50-59 years,120,Female,1188,,
1789,GAIL CRAIG-SMITH,5067,03:58:43,NZL,Walker 60-69 years,19,Female,1189,,
1790,AMANDA STILL,5298,04:01:33,NZL,Walker 40-49 years,91,Female,1190,,
1791,KERRIE-LYNN KERR,5165,04:01:34,NZL,Walker 40-49 years,92,Female,1191,,
1792,SHARON LEHRKE,5178,04:01:34,NZL,Walker 40-49 years,93,Female,1192,,
1793,SARAH BELL,5028,04:01:35,NZL,Walker 20-29 years,11,Female,1193,,
1794,ED CONNOLLY,5059,04:02:37,NZL,Walker 60-69 years,13,Male,601,,
1795,JULIE CONNOLLY,5060,04:02:39,NZL,Walker 60-69 years,20,Female,1194,,
1796,JULIE GOVERNOR,2487,04:03:43,NZL,Runner 50-59 years,110,Female,1195,,
1797,JUSTIN MATAVAO,5201,04:05:34,NZL,Walker 20-29 years,2,Male,602,,
1798,ANTONY INDER,5388,04:06:09,NZL,Walker 40-49 years,16,Male,603,,
1799,KATE JONES,2679,04:08:06,NZL,Runner 30-39 years,236,Female,1196,,
1800,STEFANIE EARONS,5085,04:08:07,NZL,Walker 40-49 years,94,Female,1197,,
1801,MINAXI DAUD,5073,04:11:18,NZL,Walker 40-49 years,95,Female,1198,,
1802,NIRU DAHYA,5071,04:11:20,NZL,Walker 50-59 years,121,Female,1199,,
1803,CHRISTINE BENSON,5344,04:13:09,NZL,Walker 40-49 years,96,Female,1200,,
1804,WENDY FAUST,5093,04:18:20,NZL,Walker 40-49 years,97,Female,1201,,
1805,KASEY DAWSON,5075,04:19:07,NZL,Walker 40-49 years,98,Female,1202,,
1806,SUSAN NETTLETON,5231,04:19:11,NZL,Walker 50-59 years,122,Female,1203,,
1807,MARIA MCDOUGAL,5212,04:22:50,AUS,Walker 40-49 years,99,Female,1204,,
1808,ALLY TAUPAU,5302,04:22:51,NZL,Walker 40-49 years,100,Female,1205,,
Withdrawn during race,HAMISH NOSTER,3006,,NZL,Runner 20-29 years,,Male,,,
Withdrawn during race,LOREN SMITH,3287,,NZL,Runner 20-29 years,,Female,,,
Not yet started,ERENA AATI,2001,,NZL,Runner 20-29 years,,Female,,,
Not yet started,KARINA ABADIA OGILVIE,2002,,NZL,Runner 30-39 years,,Female,,,
Not yet started,CHRIS ARMSTRONG,2036,,NZL,Runner 40-49 years,,Female,,,
Not yet started,VANH ANOTHAI,2030,,NZL,Runner 30-39 years,,Male,,,
Not yet started,KATRINA BAILEY,2047,,NZL,Runner 40-49 years,,Female,,,
Not yet started,JENNIFER BANKS,2061,,NZL,Runner 50-59 years,,Female,,,
Not yet started,RAFFAELLA BARCELLONA,2063,,NZL,Runner 30-39 years,,Female,,,
Not yet started,ARRON BARNETT,2068,,NZL,Runner 40-49 years,,Male,,,
Not yet started,ISOBEL BEAMISH,2091,,NZL,Runner 20-29 years,,Female,,,
Not yet started,KATIE BEVIN,2107,,NZL,Runner 20-29 years,,Female,,,
Not yet started,AMY BEST,2105,,NZL,Runner 20-29 years,,Female,,,
Not yet started,SHARON BOLOUS,2123,,NZL,Runner 50-59 years,,Female,,,
Not yet started,TAMARA BONAMY,2127,,NZL,Runner 20-29 years,,Female,,,
Not yet started,ALAN BOWMAN,2137,,NZL,Runner 60-69 years,,Male,,,
Not yet started,HARRIET BROADHURST,2152,,NZL,Runner 16-19 years,,Female,,,
Not yet started,LLOYD BROOKS,2154,,NZL,Runner 20-29 years,,Male,,,
Not yet started,CHRIS BROWN,2160,,AUS,Runner 60-69 years,,Male,,,
Not yet started,SARAH BROOKS,2156,,NZL,Runner 20-29 years,,Female,,,
Not yet started,LOUISE BURNNAND,2184,,NZL,Runner 20-29 years,,Female,,,
Not yet started,MIA BUTLER,2188,,NZL,Runner 20-29 years,,Female,,,
Not yet started,MARIA CHALMERS,2213,,NZL,Runner 30-39 years,,Female,,,
Not yet started,CATHERINE CLEGHORN,2232,,NZL,Runner 30-39 years,,Female,,,
Not yet started,NICK CLEGG,2231,,NZL,Runner 40-49 years,,Male,,,
Not yet started,HELEN CLOTWORTHY,2238,,NZL,Runner 50-59 years,,Female,,,
Not yet started,KATE COLEY,2247,,NZL,Runner 40-49 years,,Female,,,
Not yet started,JESSICA COLE,2244,,NZL,Runner 20-29 years,,Female,,,
Not yet started,LEANNE COTTER-ARLIDGE,2262,,NZL,Runner 50-59 years,,Female,,,
Not yet started,MELISSA COULSON,2265,,NZL,Runner 30-39 years,,Female,,,
Not yet started,ROBERT DAVIS,2307,,NZL,Runner 50-59 years,,Male,,,
Not yet started,AMANDA DALTON,2296,,NZL,Runner 30-39 years,,Female,,,
Not yet started,JANE DAVISON,2308,,NZL,Runner 40-49 years,,Female,,,
Not yet started,GINA DE VERA,2311,,NZL,Runner 40-49 years,,Female,,,
Not yet started,LYNN DEMPSEY,2318,,CAN,Runner 40-49 years,,Female,,,
Not yet started,MELISSA DES LANDES,2319,,NZL,Runner 20-29 years,,Female,,,
Not yet started,MIKE DIAMOND,2324,,NZL,Runner 40-49 years,,Male,,,
Not yet started,CORAL DIXON,2335,,NZL,Runner 40-49 years,,Female,,,
Not yet started,NICK DONEY,2345,,NZL,Runner 40-49 years,,Male,,,
Not yet started,CANDICE DONKIN,2348,,NZL,Runner 30-39 years,,Female,,,
Not yet started,DEBBIE DOROSHUK,2352,,NZL,Runner 30-39 years,,Female,,,
Not yet started,MATTHEW DRAKE,2362,,NZL,Runner 30-39 years,,Male,,,
Started and running,NICHOLAS BERRY,2103,,NZL,Runner 20-29 years,,Male,,,
Started and running,CLAIRE WHITFORD,3494,,NZL,Runner 30-39 years,,Female,,,
Started and running,JANELLE HOLMES,5138,,NZL,Walker 40-49 years,,Female,,,
Started and running,LEONIE JACKSON,5152,,NZL,Walker 60-69 years,,Female,,,
Started and running,STEPHEN MATTHEWS,5203,,NZL,Walker 50-59 years,,Male,,,