Position,Name,Bib,Time,Nationality,Category,Category Position,Gender,Gender Position,Run
1,HARRY DIXON,1387,01:06:43,NZL,30-39,1,Male,1,01:06:43
2,CAMERON GRAVES,2956,01:07:25,NZL,30-39,2,Male,2,01:07:25
3,LIAM BIRD,2966,01:12:03,NZL,20-29,1,Male,3,01:12:03
4,LIAM DOOLEY,1398,01:12:41,NZL,20-29,2,Male,4,01:12:41
5,CAMERON VAUGHAN,2639,01:13:31,NZL,20-29,3,Male,5,01:13:31
6,ANTON WEATHERHEAD,2681,01:13:33,GBR,20-29,4,Male,6,01:13:33
7,CAMILLE FRENCH,2812,01:14:43,NZL,30-39,1,Female,1,01:14:43
8,LOGAN RODGER,2986,01:14:48,NZL,30-39,3,Male,7,01:14:48
9,HAMISH ROPER,2351,01:17:29,NZL,40-49,1,Male,8,01:17:29
10,JAMES STEPHEN,2883,01:18:54,GBR,30-39,4,Male,9,01:18:54
11,WILL ALEXANDER,2944,01:19:06,NZL,40-49,2,Male,10,01:19:06
12,JAMES WALTON,2664,01:19:07,NZL,20-29,5,Male,11,01:19:07
13,CAMPBELL MACDONALD,2983,01:20:06,NZL,20-29,6,Male,12,01:20:06
14,MIKE TONG,2606,01:20:34,NZL,20-29,7,Male,13,01:20:34
15,ANTS BLACKMOORE,1126,01:20:37,NZL,30-39,5,Male,14,01:20:37
16,MITCH CANTLON,2842,01:21:38,NZL,40-49,3,Male,15,01:21:38
17,FARYN NGAWAKA,2172,01:22:01,NZL,40-49,4,Male,16,01:22:01
18,JAMES WATERS,2903,01:23:21,NZL,20-29,8,Male,17,01:23:21
19,AMANDA WALDRON,2652,01:23:22,NZL,30-39,2,Female,2,01:23:22
20,KARAN VENTER,2643,01:23:38,NZL,20-29,9,Male,18,01:23:38
21,CORY PAYNE,2888,01:24:42,NZL,30-39,6,Male,19,01:24:42
22,BEN YOUDAN,2779,01:25:12,NZL,40-49,5,Male,20,01:25:12
23,LANA VAN HOUT,2955,01:25:26,NZL,30-39,3,Female,3,01:25:26
24,SCOTT BEST,1110,01:25:27,NZL,40-49,6,Male,21,01:25:27
25,TIM RICKERBY,2325,01:25:49,NZL,30-39,7,Male,22,01:25:49
26,SOPHIE WHELAN,2694,01:26:10,NZL,30-39,4,Female,4,01:26:10
27,SABRINA EDWARDS,1435,01:26:15,NZL,20-29,1,Female,5,01:26:15
28,RHYS CORBIN,1303,01:26:21,NZL,30-39,8,Male,23,01:26:21
29,TOMAS BRIDGEMAN,1164,01:26:26,NZL,30-39,9,Male,24,01:26:26
30,AARON KAIJSER,1803,01:26:47,NZL,30-39,10,Male,25,01:26:47
31,OLIVER WARD,2669,01:26:50,NZL,30-39,11,Male,26,01:26:50
32,NICK FITNESS,1495,01:26:54,NZL,30-39,12,Male,27,01:26:54
33,MARK CARRYER,2931,01:27:08,NZL,30-39,13,Male,28,01:27:08
34,VERNON PRESTON,2917,01:27:09,NZL,50-59,1,Male,29,01:27:09
35,BRADYN WATSON,2857,01:27:14,NZL,30-39,14,Male,30,01:27:14
36,LEVI TAYLOR,2560,01:27:43,NZL,20-29,10,Male,31,01:27:43
37,COREY KELLOGG,1815,01:27:46,NZL,20-29,11,Male,32,01:27:46
38,SAM FORGIE,1511,01:27:48,NZL,30-39,15,Male,33,01:27:48
39,ED MOORE,2926,01:27:57,GBR,20-29,12,Male,34,01:27:57
40,JONO PINCKNEY,2255,01:28:00,NZL,16-19,1,Male,35,01:28:00
41,GUY DE SALIS,1371,01:28:19,NZL,30-39,16,Male,36,01:28:19
42,GEORGE BATES,1083,01:28:27,NZL,20-29,13,Male,37,01:28:27
43,HENRY KING,1838,01:28:29,NZL,20-29,14,Male,38,01:28:29
44,MARK OLSEN,2196,01:28:39,NZL,40-49,7,Male,39,01:28:39
45,TAYLOR HAMLIN,1639,01:28:58,NZL,20-29,15,Male,40,01:28:58
46,BEN CARTER,1227,01:29:23,NZL,30-39,17,Male,41,01:29:23
47,JOSH STEWART,2872,01:29:25,NZL,30-39,18,Male,42,01:29:25
48,JEFF EVANS,1458,01:29:47,NZL,20-29,16,Male,43,01:29:47
49,JAMES FISK,1493,01:29:47,NZL,20-29,17,Male,44,01:29:47
50,JANNIE JACOBS,2978,01:29:59,NZL,30-39,19,Male,45,01:29:59
51,DARSHNA GOVIND,1591,01:30:07,NZL,30-39,5,Female,6,01:30:07
52,TOM WEBBY,2683,01:30:22,NZL,30-39,20,Male,46,01:30:22
53,HARRISON COOPER,1295,01:30:30,NZL,20-29,18,Male,47,01:30:30
54,MARK MUNRO,2131,01:30:35,NZL,40-49,8,Male,48,01:30:35
55,ADRIEN MERCERON,2072,01:31:31,NZL,30-39,21,Male,49,01:31:31
56,NIGEL KUM,1867,01:31:48,NZL,40-49,9,Male,50,01:31:48
57,JOSHUA ROEWEN,2849,01:31:57,NZL,30-39,22,Male,51,01:31:57
58,BRETT STEVENSON,2521,01:31:57,NZL,20-29,19,Male,52,01:31:57
59,SCOTTY EASTON,2876,01:32:07,NZL,30-39,23,Male,53,01:32:07
60,FRASER HAYWOOD,1687,01:32:10,NZL,30-39,24,Male,54,01:32:10
61,SAM REEVES,2311,01:32:28,NZL,20-29,20,Male,55,01:32:28
62,MICHAEL THOMAS,2571,01:32:29,NZL,20-29,21,Male,56,01:32:29
63,KENDALL VAUGHAN,2640,01:32:43,NZL,20-29,2,Female,7,01:32:43
64,SCOTT VAUGHAN,2641,01:32:44,NZL,50-59,2,Male,57,01:32:44
65,CAMERON DUNCAN,2879,01:33:01,NZL,20-29,22,Male,58,01:33:01
66,ETHAN CAREY,1218,01:33:02,NZL,20-29,23,Male,59,01:33:02
67,CATH BRADDOCK,1149,01:33:25,NZL,50-59,1,Female,8,01:33:25
68,HOWIE BAI,1052,01:33:30,NZL,30-39,25,Male,60,01:33:30
69,ALASTAIR FOSTER,1513,01:33:34,NZL,40-49,10,Male,61,01:33:34
70,MORGAN HOLSCHIER,1730,01:33:35,NZL,20-29,24,Male,62,01:33:35
71,ELIJAH WALDRON,2653,01:33:40,NZL,30-39,26,Male,63,01:33:40
72,SHANE TEBBUTT,2563,01:33:44,NZL,30-39,27,Male,64,01:33:44
73,KATRINA BUSCKE,2902,01:33:46,NZL,40-49,1,Female,9,01:33:46
74,SCOTT WOODD,2756,01:33:47,NZL,30-39,28,Male,65,01:33:47
75,MATTHEW GOTLIEB,1588,01:33:52,NZL,20-29,25,Male,66,01:33:52
76,FRASER CALLAWAY,1208,01:33:55,NZL,30-39,29,Male,67,01:33:55
77,JAK GILDEN,1564,01:34:12,NZL,20-29,26,Male,68,01:34:12
78,BERNIE SMITH,2478,01:34:18,NZL,30-39,30,Male,69,01:34:18
79,TOA ELPHICK-IAVETA,2973,01:34:18,NZL,20-29,27,Male,70,01:34:18
80,TIM WILLIAMS,2729,01:34:30,NZL,40-49,11,Male,71,01:34:30
81,SHANE TILL,2592,01:34:31,NZL,20-29,28,Male,72,01:34:31
82,JACOB MEEHAN,2069,01:34:33,NZL,20-29,29,Male,73,01:34:33
83,JOSHUA SOLOMANN,2487,01:34:35,NZL,16-19,2,Male,74,01:34:35
84,MARK IREMONGER,1765,01:34:44,NZL,50-59,3,Male,75,01:34:44
85,DANIEL EVETTS,1464,01:34:47,NZL,20-29,30,Male,76,01:34:47
86,SCOTT BRYCE FRANK SANDS,2386,01:34:51,NZL,30-39,31,Male,77,01:34:51
87,RACHEL BALL,1064,01:35:07,NZL,40-49,2,Female,10,01:35:07
88,SIMON WRAIGHT,2765,01:35:08,NZL,30-39,32,Male,78,01:35:08
89,JASON LUM,1939,01:35:17,NZL,30-39,33,Male,79,01:35:17
90,BOB MAXWELL,2003,01:35:18,NZL,50-59,4,Male,80,01:35:18
91,JAMIE SMITHERAM,2948,01:35:20,NZL,20-29,31,Male,81,01:35:20
92,HUGO HUMPHRIES,2981,01:35:42,NZL,20-29,32,Male,82,01:35:42
93,JAMES MCCAFFERTY,2886,01:35:44,NZL,30-39,34,Male,83,01:35:44
94,JOHN GILLEECE,1566,01:36:00,IRL,30-39,35,Male,84,01:36:00
95,KARL CROSBY,1326,01:36:34,NZL,30-39,36,Male,85,01:36:34
96,JORDAN SAHLIE,2381,01:36:36,NZL,20-29,33,Male,86,01:36:36
97,CLAIRE BADENHORST,1050,01:36:37,NZL,30-39,6,Female,11,01:36:37
98,LAURA PEDOFSKY,2242,01:36:42,NZL,30-39,7,Female,12,01:36:42
99,ALISTAIR LUKE,1937,01:36:43,NZL,30-39,37,Male,87,01:36:43
100,CLARE BARRATT-WOOD,2943,01:36:49,NZL,30-39,8,Female,13,01:36:49
101,CASSIUS CLARK,2968,01:36:54,GBR,20-29,34,Male,88,01:36:54
102,GEORGIA JONES,1794,01:36:54,NZL,16-19,1,Female,14,01:36:54
103,CRAIG RUSSELL,2372,01:37:00,NZL,30-39,38,Male,89,01:37:00
104,JOSH GOWAN,2881,01:37:03,NZL,20-29,35,Male,90,01:37:03
105,STEVE WAYLAND,2838,01:37:06,NZL,30-39,39,Male,91,01:37:06
106,DONNA ATKINSON,2848,01:37:06,NZL,30-39,9,Female,15,01:37:06
107,LUKE MCBRIDE,2971,01:37:11,NZL,30-39,40,Male,92,01:37:11
108,WAYNE GLOVER,1574,01:37:14,NZL,50-59,5,Male,93,01:37:14
109,DAVE CHANDLER,2893,01:37:19,NZL,50-59,6,Male,94,01:37:19
110,ANDY SORENSEN,2841,01:37:24,NZL,40-49,12,Male,95,01:37:24
111,CHRISTO CREFFIER,1319,01:37:28,NZL,30-39,41,Male,96,01:37:28
112,MARKO GARLICK,1545,01:37:34,NZL,20-29,36,Male,97,01:37:34
113,JOHN O'DRISCOLL,2939,01:37:34,NZL,30-39,42,Male,98,01:37:34
114,STUART CATLEY,1233,01:37:56,NZL,30-39,43,Male,99,01:37:56
115,SALLY SHAW,2435,01:37:56,NZL,40-49,3,Female,16,01:37:56
116,MATT DURRANT,1422,01:38:00,NZL,20-29,37,Male,100,01:38:00
117,FREDRIK SETTERGREN,2418,01:38:01,SWE,40-49,13,Male,101,01:38:01
118,JAMES GILBERT,1563,01:38:14,NZL,30-39,44,Male,102,01:38:14
119,BEDE MURRAY,2147,01:38:30,NZL,20-29,38,Male,103,01:38:30
120,OLIVER WIGGLESWORTH,2710,01:38:31,NZL,16-19,3,Male,104,01:38:31
121,TOM CHRISTIE,2930,01:38:37,NZL,30-39,45,Male,105,01:38:37
122,DALEY WATSON-KRAWITZ,2680,01:38:50,NZL,20-29,39,Male,106,01:38:50
123,STUART LARKING,1887,01:38:52,NZL,30-39,46,Male,107,01:38:52
124,JACK HENDERSON,1693,01:38:55,NZL,20-29,40,Male,108,01:38:55
125,EOIN O CALLAGHAN,2182,01:38:55,IRL,30-39,47,Male,109,01:38:55
126,HAMISH DONNISON,2809,01:39:10,NZL,20-29,41,Male,110,01:39:10
127,SAM MCGREGOR,2034,01:39:14,NZL,30-39,48,Male,111,01:39:14
128,SHANE DEVITT,1378,01:39:17,NZL,50-59,7,Male,112,01:39:17
129,SAM MACDONALD,1958,01:39:19,NZL,20-29,3,Female,17,01:39:19
130,LUCY JOHNSTON,1791,01:39:21,NZL,20-29,4,Female,18,01:39:21
131,ROSS NELSON,2164,01:39:24,NZL,40-49,14,Male,113,01:39:24
132,HENRY TIETJEN,2590,01:39:25,NZL,30-39,49,Male,114,01:39:25
133,ANDREW WALLIS,2826,01:39:26,NZL,30-39,50,Male,115,01:39:26
134,TAHLIA HOPKINS,1736,01:39:30,NZL,20-29,5,Female,19,01:39:30
135,BEN TALBOT,2544,01:39:39,NZL,30-39,51,Male,116,01:39:39
136,DANIEL BATTEN,2836,01:39:52,NZL,30-39,52,Male,117,01:39:52
137,ROWAN BEADLE,1088,01:39:54,NZL,30-39,53,Male,118,01:39:54
138,MIKE LAWRY,1893,01:39:54,NZL,30-39,54,Male,119,01:39:54
139,WINSTON LIESEBACH,1911,01:40:01,NZL,16-19,4,Male,120,01:40:01
140,NATALIE PEACOCK,2237,01:40:01,NZL,40-49,4,Female,20,01:40:01
141,GARETH ROWLANDS,2364,01:40:04,NZL,20-29,42,Male,121,01:40:04
142,PIERSON CLEMENT,1274,01:40:08,NZL,16-19,5,Male,122,01:40:08
143,CALEB RAYENR,2303,01:40:22,NZL,20-29,43,Male,123,01:40:22
144,TONY LAWSON,1895,01:40:37,NZL,40-49,15,Male,124,01:40:37
145,EMILY PAYNE,2235,01:40:46,NZL,16-19,2,Female,21,01:40:46
146,JUSTIN MATIJASEVICH,1999,01:40:48,NZL,40-49,16,Male,125,01:40:48
147,MATTHEW WHITE,2700,01:40:51,NZL,30-39,55,Male,126,01:40:51
148,KANE TIPPLER,2596,01:40:55,NZL,30-39,56,Male,127,01:40:55
149,RIK RANFORD,2300,01:40:57,NZL,40-49,17,Male,128,01:40:57
150,CAMERON ROSSOUW,2360,01:41:03,NZL,20-29,44,Male,129,01:41:03
151,SIMON HARGER FORDE,1653,01:41:06,NZL,40-49,18,Male,130,01:41:06
152,MATT SUCKLING,2534,01:41:09,NZL,40-49,19,Male,131,01:41:09
153,MITCH MACDONALD,1957,01:41:10,NZL,20-29,45,Male,132,01:41:10
154,DAMIAN GEE,1551,01:41:14,NZL,30-39,57,Male,133,01:41:14
155,ADAM PRICE,2945,01:41:25,NZL,30-39,58,Male,134,01:41:25
156,BEN LUFFMAN,1935,01:41:29,GBR,20-29,46,Male,135,01:41:29
157,RICHARD SMITH,2853,01:41:31,NZL,30-39,59,Male,136,01:41:31
158,EMILY BUDD,1189,01:41:39,GBR,20-29,6,Female,22,01:41:39
159,RIO QUILTER,2288,01:41:40,NZL,40-49,20,Male,137,01:41:40
160,DUNCAN CORLETT,2866,01:41:44,NZL,40-49,21,Male,138,01:41:44
161,HAYLEY THOMPSON,2573,01:41:46,NZL,40-49,5,Female,23,01:41:46
162,STUART CAMPBELL,1215,01:42:04,NZL,20-29,47,Male,139,01:42:04
163,MURRAY GOLDING,1582,01:42:06,NZL,40-49,22,Male,140,01:42:06
164,AMY KALAN,1805,01:42:07,NZL,40-49,6,Female,24,01:42:07
165,CONAN MURRAY,2146,01:42:08,IRL,30-39,60,Male,141,01:42:08
166,STEPHANIE SAYER,2395,01:42:30,NZL,20-29,7,Female,25,01:42:30
167,CAMPBELL PARKINSON,2224,01:42:30,NZL,20-29,48,Male,142,01:42:30
168,SAM TROWSDALE,2615,01:42:32,NZL,40-49,23,Male,143,01:42:32
169,HARRISON SAYER,2393,01:42:46,NZL,20-29,49,Male,144,01:42:46
170,STUART PEARSE,2239,01:42:49,NZL,40-49,24,Male,145,01:42:49
171,NATHAN SYCAMORE,2539,01:42:50,NZL,20-29,50,Male,146,01:42:50
172,CAT OÆDONNELL,2183,01:42:51,NZL,30-39,10,Female,26,01:42:51
173,WARWICK SLOW,2464,01:42:53,NZL,30-39,61,Male,147,01:42:53
174,MICHELLE FERRIS,1481,01:43:09,NZL,30-39,11,Female,27,01:43:09
175,HARVEY TRENT,2613,01:43:15,NZL,16-19,6,Male,148,01:43:15
176,TIM AULD,2829,01:43:15,NZL,20-29,51,Male,149,01:43:15
177,DAVID DENNIS,1376,01:43:20,NZL,30-39,62,Male,150,01:43:20
178,KIERAN SIMPSON,2448,01:43:20,NZL,20-29,52,Male,151,01:43:20
179,JOSHUA STEWART,2522,01:43:22,NZL,30-39,63,Male,152,01:43:22
180,LISA KENDALL,1821,01:43:29,NZL,30-39,12,Female,28,01:43:29
181,MICHAELA CURTIS,1337,01:43:32,NZL,20-29,8,Female,29,01:43:32
182,XINGYU SU,2533,01:43:35,CHN,20-29,53,Male,153,01:43:35
183,RICHARD MARR,1982,01:43:35,NZL,40-49,25,Male,154,01:43:35
184,CHRIS BENSON,3719,01:43:36,NZL,30-39,64,Male,155,01:43:36
185,TOM HILL,1707,01:43:37,NZL,40-49,26,Male,156,01:43:37
186,ALEX QUINN,2961,01:43:39,NZL,40-49,7,Female,30,01:43:39
187,HAYDEN JOEL PRITCHARD,2282,01:43:40,NZL,30-39,65,Male,157,01:43:40
188,JENNIFER MATTLIN,2001,01:43:40,NZL,30-39,13,Female,31,01:43:40
189,MARTIN MINNEE,2092,01:43:41,NZL,50-59,8,Male,158,01:43:41
190,JOSH LEVIDO,2804,01:43:46,NZL,20-29,54,Male,159,01:43:46
191,JOHN PRINS,2281,01:43:49,NZL,30-39,66,Male,160,01:43:49
192,LOUISE SOULSBY,2490,01:43:51,NZL,40-49,8,Female,32,01:43:51
193,KAYLA MALAN,1971,01:43:55,NZL,20-29,9,Female,33,01:43:55
194,GINNY GIBBS,1557,01:43:56,NZL,20-29,10,Female,34,01:43:56
195,BEN NEILL,2158,01:43:57,NZL,40-49,27,Male,161,01:43:57
196,TAYLOR LAW,1891,01:44:07,NZL,30-39,14,Female,35,01:44:07
197,BRENDON DYKE,1423,01:44:12,NZL,30-39,67,Male,162,01:44:12
198,CAMERON CROOK,1324,01:44:13,NZL,20-29,55,Male,163,01:44:13
199,SUSAN CLARE,1261,01:44:16,NZL,50-59,2,Female,36,01:44:16
200,JARED PLUMRIDGE,2259,01:44:23,NZL,40-49,28,Male,164,01:44:23
201,BRAD HARMAN,1655,01:44:30,NZL,30-39,68,Male,165,01:44:30
202,ANNA MURRAY,2144,01:44:31,NZL,30-39,15,Female,37,01:44:31
203,JOSH BRODIE,2814,01:44:35,NZL,30-39,69,Male,166,01:44:35
204,ANGUS FUHRER,1530,01:44:38,NZL,20-29,56,Male,167,01:44:38
205,JAMIE FISHER,1491,01:44:41,NZL,40-49,29,Male,168,01:44:41
206,CRAIG JOHNSTON,1790,01:44:41,NZL,30-39,70,Male,169,01:44:41
207,RICHARD RUSSELL,2371,01:44:42,NZL,20-29,57,Male,170,01:44:42
208,BRYN DONALD,2938,01:44:48,NZL,20-29,58,Male,171,01:44:48
209,RYAN KEOGH,1825,01:44:49,NZL,30-39,71,Male,172,01:44:49
210,BRITTANY THOMAS,2880,01:44:52,NZL,20-29,11,Female,38,01:44:52
211,MARK SANGSTER,2389,01:45:02,NZL,30-39,72,Male,173,01:45:02
212,JOSH MCALLISTER,2006,01:45:04,NZL,30-39,73,Male,174,01:45:04
213,LUX LUKE,1938,01:45:08,NZL,30-39,74,Male,175,01:45:08
214,CAMPBELL THOMPSON,2875,01:45:09,NZL,20-29,59,Male,176,01:45:09
215,STACEY GIRARDIN,1568,01:45:10,NZL,30-39,16,Female,39,01:45:10
216,ALESS SMITH,2469,01:45:13,NZL,20-29,12,Female,40,01:45:13
217,SAM SMIDT,2465,01:45:14,NZL,20-29,60,Male,177,01:45:14
218,SHANE GALLOGLY,2822,01:45:20,IRL,20-29,61,Male,178,01:45:20
219,JAMES MUIR,2128,01:45:24,NZL,40-49,30,Male,179,01:45:24
220,HENRY DICKSON,2991,01:45:28,NZL,20-29,62,Male,180,01:45:28
221,ANTHONY FRASER,1521,01:45:30,NZL,30-39,75,Male,181,01:45:30
222,JACKIE ROBERTSON,2333,01:45:31,NZL,40-49,9,Female,41,01:45:31
223,KIERAN VOLLEBREGT,2648,01:45:42,NZL,20-29,63,Male,182,01:45:42
224,DANIEL BAXTER,2887,01:45:42,NZL,20-29,64,Male,183,01:45:42
225,CALLUM SANDERS,2878,01:45:42,NZL,20-29,65,Male,184,01:45:42
226,BRIAN DUNBAR,1411,01:45:42,NZL,40-49,31,Male,185,01:45:42
227,GEORGE STRATTON,2528,01:45:45,NZL,20-29,66,Male,186,01:45:45
228,AARON PERRY,2803,01:45:52,NZL,30-39,76,Male,187,01:45:52
229,SARAH BARNES,1073,01:45:54,NZL,20-29,13,Female,42,01:45:54
230,LAURENCE WALSH,2922,01:45:56,GBR,30-39,77,Male,188,01:45:56
231,MARIA TIMS,2595,01:46:03,NZL,20-29,14,Female,43,01:46:03
232,JEN CORKRAN,1304,01:46:08,NZL,30-39,17,Female,44,01:46:08
233,REGAN KING,1843,01:46:08,NZL,30-39,78,Male,189,01:46:08
234,TONY MARTIN,1994,01:46:11,NZL,40-49,32,Male,190,01:46:11
235,BEN POOLE,2267,01:46:18,NZL,30-39,79,Male,191,01:46:18
236,DAMIAN MILLAR,2083,01:46:23,NZL,30-39,80,Male,192,01:46:23
237,KEVIN HARRINGTON,2831,01:46:23,IRL,20-29,67,Male,193,01:46:23
238,LARA MCCORMICK,2019,01:46:24,NZL,20-29,15,Female,45,01:46:24
239,TYLER WANG,2666,01:46:25,NZL,30-39,81,Male,194,01:46:25
240,COURTNEY ATKINS,1043,01:46:25,NZL,30-39,18,Female,46,01:46:25
241,JOHNNY ATKINS,1044,01:46:25,NZL,30-39,82,Male,195,01:46:25
242,JUSTIN LAW,1890,01:46:27,NZL,30-39,83,Male,196,01:46:27
243,SARAH-JANE DUNCAN,2984,01:46:27,NZL,40-49,10,Female,47,01:46:27
244,CALLUM MACERLICH,1959,01:46:29,NZL,30-39,84,Male,197,01:46:29
245,LIAM THOMPSON,2578,01:46:29,NZL,20-29,68,Male,198,01:46:29
246,SEAN TURNER,2620,01:46:32,NZL,40-49,33,Male,199,01:46:32
247,CHRIS SIMS,2450,01:46:32,NZL,20-29,69,Male,200,01:46:32
248,DECLAN GORMLEY,1586,01:46:33,NZL,20-29,70,Male,201,01:46:33
249,JADE CHAN,1245,01:46:40,NZL,20-29,16,Female,48,01:46:40
250,GREGORY MANN,2901,01:46:40,NZL,20-29,71,Male,202,01:46:40
251,MATT FIELDS,1485,01:46:46,NZL,20-29,72,Male,203,01:46:46
252,GRACIE PRYCE,2283,01:46:47,NZL,30-39,19,Female,49,01:46:47
253,SASKIA OAKLEY,2967,01:46:49,GBR,20-29,17,Female,50,01:46:49
254,ANDREW HANNING,1648,01:47:01,NZL,40-49,34,Male,204,01:47:01
255,STEPHANIE LOVER,2988,01:47:05,NZL,30-39,20,Female,51,01:47:05
256,CATE PEDERSEN,2241,01:47:10,NZL,20-29,18,Female,52,01:47:10
257,DALLAN MILICH,3625,01:47:10,NZL,30-39,85,Male,205,01:47:10
258,RHIAN WARD,2670,01:47:14,NZL,20-29,73,Male,206,01:47:14
259,ELLA MCROBIE,2063,01:47:18,NZL,20-29,19,Female,53,01:47:18
260,MILEN PATEL,2227,01:47:25,NZL,20-29,74,Male,207,01:47:25
261,CON WILLIAMS,2722,01:47:29,NZL,40-49,35,Male,208,01:47:29
262,HANNAH MORRIS,2115,01:47:30,NZL,30-39,21,Female,54,01:47:30
263,LYNYRD HALL,2806,01:47:32,NZL,30-39,86,Male,209,01:47:32
264,SAMUEL SARANGLAO,2391,01:47:36,NZL,20-29,75,Male,210,01:47:36
265,HANNAH STEPHEN,2514,01:47:37,NZL,30-39,22,Female,55,01:47:37
266,JOHAN KLOPPER,1853,01:47:40,ZAF,40-49,36,Male,211,01:47:40
267,LACHLAN MCKENZIE,2046,01:47:42,NZL,40-49,37,Male,212,01:47:42
268,TONY HARDING,1652,01:47:43,NZL,50-59,9,Male,213,01:47:43
269,TARA TOMAN,2602,01:47:48,NZL,30-39,23,Female,56,01:47:48
270,BERNARD JAMES FADRILAN,1466,01:47:51,PHL,30-39,87,Male,214,01:47:51
271,BRADLEY MINTON,2094,01:47:52,NZL,30-39,88,Male,215,01:47:52
272,JIM HAY-MACKENZIE,1684,01:47:52,NZL,50-59,10,Male,216,01:47:52
273,MICHELLE KING,1842,01:47:59,NZL,40-49,11,Female,57,01:47:59
274,EMILIE SADLER,2379,01:47:59,CAN,20-29,20,Female,58,01:47:59
275,HELEN WATERWORTH,2676,01:48:01,NZL,30-39,24,Female,59,01:48:01
276,CHRIS NEWSON,2896,01:48:02,NZL,30-39,89,Male,217,01:48:02
277,EMILY RICHARDSON,2324,01:48:07,GBR,20-29,21,Female,60,01:48:07
278,DEAN COPLESTONE,1298,01:48:08,NZL,20-29,76,Male,218,01:48:08
279,SAM BROSNAHAN,1173,01:48:10,NZL,20-29,77,Male,219,01:48:10
280,RUARAIDH FOWLER,1514,01:48:10,GBR,30-39,90,Male,220,01:48:10
281,HANNA WRIGLEY,2874,01:48:13,NZL,20-29,22,Female,61,01:48:13
282,DREW FORREST,1512,01:48:13,NZL,20-29,78,Male,221,01:48:13
283,HALEE SMITH,2475,01:48:14,NZL,20-29,23,Female,62,01:48:14
284,DOUGLAS STEWART,2524,01:48:16,NZL,30-39,91,Male,222,01:48:16
285,CRAIG WIGGLESWORTH,2709,01:48:35,NZL,50-59,11,Male,223,01:48:35
286,LILLIE CRIPPS,2924,01:48:41,NZL,20-29,24,Female,63,01:48:41
287,MICHAEL BYRNE,1201,01:48:42,NZL,40-49,38,Male,224,01:48:42
288,JESSIE HUTCHINGS,1757,01:48:42,NZL,20-29,25,Female,64,01:48:42
289,PHILLIPA DARROCH,1348,01:48:45,NZL,20-29,26,Female,65,01:48:45
290,MICHAEL LUKE,1936,01:48:51,NZL,30-39,92,Male,225,01:48:51
291,LIAM BERNET,2786,01:48:53,NZL,20-29,79,Male,226,01:48:53
292,MARCOS NICOLAS CASTILLO,1231,01:48:53,NZL,20-29,80,Male,227,01:48:53
293,ALEX SCHWABENLAND,2407,01:48:54,DEU,30-39,93,Male,228,01:48:54
294,NATALIE WATSON,2677,01:48:56,NZL,40-49,12,Female,66,01:48:56
295,DEBBIE LARBI,1886,01:49:09,NZL,50-59,3,Female,67,01:49:09
296,HOLLY TARRANT,2551,01:49:13,NZL,20-29,27,Female,68,01:49:13
297,RUEBEN FERGUSSON,1480,01:49:13,NZL,40-49,39,Male,229,01:49:13
298,CHARLOTTE GRAYDON,2933,01:49:14,NZL,40-49,13,Female,69,01:49:14
299,EMMA FENTON,1477,01:49:14,NZL,20-29,28,Female,70,01:49:14
300,KIRSTY PERRIN,2246,01:49:16,GBR,30-39,25,Female,71,01:49:16
301,ANDY HORNE,1739,01:49:16,NZL,50-59,12,Male,230,01:49:16
302,TIMOTHY BICKERS,1115,01:49:19,NZL,20-29,81,Male,231,01:49:19
303,THOMAS ROBOTTOM,2344,01:49:22,NZL,20-29,82,Male,232,01:49:22
304,MICHAEL BURKE,2867,01:49:23,GBR,20-29,83,Male,233,01:49:23
305,ETHAN BAILEY,2909,01:49:23,NZL,20-29,84,Male,234,01:49:23
306,BROOKE KEMSLEY,1820,01:49:26,NZL,30-39,26,Female,72,01:49:26
307,SHANNON LOCKTON,1922,01:49:26,NZL,30-39,27,Female,73,01:49:26
308,OSCAR MAVROPOULOS,2974,01:49:27,GRC,20-29,85,Male,235,01:49:27
309,OLIVER BIRD,1120,01:49:29,NZL,30-39,94,Male,236,01:49:29
310,JOAQUIN GOMEZ PENATE,1584,01:49:30,NZL,30-39,95,Male,237,01:49:30
311,MICHAEL HOLLIDAY,1726,01:49:31,NZL,20-29,86,Male,238,01:49:31
312,VIKRAM JOSEPH,1798,01:49:34,NZL,30-39,96,Male,239,01:49:34
313,TANUSHK MARTYN,1995,01:49:55,NZL,30-39,97,Male,240,01:49:55
314,LIAM FINCH,1486,01:49:57,NZL,20-29,87,Male,241,01:49:57
315,BLAINE MORCH,2107,01:50:01,NZL,40-49,40,Male,242,01:50:01
316,KATIE WHITE,2698,01:50:02,NZL,20-29,29,Female,74,01:50:02
317,CAROL MCCALLUM,2013,01:50:10,NZL,60-69,1,Female,75,01:50:10
318,ALEX JUST,1801,01:50:11,NZL,20-29,30,Female,76,01:50:11
319,TOM MARRON,2792,01:50:20,NZL,30-39,98,Male,243,01:50:20
320,BRIAN KWOK,1872,01:50:21,NZL,30-39,99,Male,244,01:50:21
321,KERRY THOMAS,2569,01:50:21,NZL,30-39,100,Male,245,01:50:21
322,GUY SPENCE,2500,01:50:27,NZL,40-49,41,Male,246,01:50:27
323,SOPHIA MASHADI,2832,01:50:28,GBR,30-39,28,Female,77,01:50:28
324,CHRISTINE WATERS,2675,01:50:36,NZL,40-49,14,Female,78,01:50:36
325,CRAIG SIMS,2451,01:50:37,NZL,50-59,13,Male,247,01:50:37
326,BEN BARCLAY,2940,01:50:38,NZL,16-19,7,Male,248,01:50:38
327,KATE PARKER,2220,01:50:43,NZL,30-39,29,Female,79,01:50:43
328,TERI DOODY,1397,01:50:43,NZL,30-39,30,Female,80,01:50:43
329,THOMAS GALLICHAN,1540,01:50:46,NZL,30-39,101,Male,249,01:50:46
330,SOPHELIA HOOK,1733,01:50:47,NZL,20-29,31,Female,81,01:50:47
331,JAMIE BLACKWELL,1127,01:50:48,NZL,30-39,102,Male,250,01:50:48
332,REUBEN O'BRIEN,2188,01:50:55,NZL,20-29,88,Male,251,01:50:55
333,KARL BUCHANAN,1187,01:50:59,NZL,50-59,14,Male,252,01:50:59
334,JANINE COUCHMAN,1311,01:51:00,NZL,40-49,15,Female,82,01:51:00
335,DANIELLE FORD,2949,01:51:03,NZL,20-29,32,Female,83,01:51:03
336,JACK BLAKEMORE,1128,01:51:03,VGB,20-29,89,Male,253,01:51:03
337,GRACE CAJOTE FORDE,1507,01:51:05,NZL,40-49,16,Female,84,01:51:05
338,JASMIN CARR,1221,01:51:06,NZL,20-29,33,Female,85,01:51:06
339,MAX BETHAM,1111,01:51:06,NZL,20-29,90,Male,254,01:51:06
340,BRONWEN PETERKEN,2247,01:51:08,NZL,30-39,31,Female,86,01:51:08
341,ERIC TOE,2599,01:51:11,NZL,20-29,91,Male,255,01:51:11
342,ANDREW KITSON,2797,01:51:14,NZL,30-39,103,Male,256,01:51:14
343,KATHRIN SILLER,2443,01:51:14,AUT,40-49,17,Female,87,01:51:14
344,MICHAEL CRISFORD,2941,01:51:17,NZL,30-39,104,Male,257,01:51:17
345,OLIVIA MAYO,2005,01:51:17,NZL,20-29,34,Female,88,01:51:17
346,DENYSE GRAHAM,1593,01:51:22,NZL,50-59,4,Female,89,01:51:22
347,TOM OLIVER,2957,01:51:22,NZL,30-39,105,Male,258,01:51:22
348,THOMAS NEPIA,2165,01:51:24,NZL,20-29,92,Male,259,01:51:24
349,LILLIAN MCKEWEN,2049,01:51:26,NZL,20-29,35,Female,90,01:51:26
350,TERRY EMMS,1445,01:51:28,GBR,50-59,15,Male,260,01:51:28
351,KEZIA CAREY,1219,01:51:29,NZL,20-29,36,Female,91,01:51:29
352,JOSH JOHNSON,1786,01:51:38,NZL,20-29,93,Male,261,01:51:38
353,THOMAS SCOTT,2412,01:51:38,NZL,20-29,94,Male,262,01:51:38
354,MARY-JAYNE GREIG,1608,01:51:41,NZL,20-29,37,Female,92,01:51:41
355,KATE MYLES,2151,01:51:42,NZL,30-39,32,Female,93,01:51:42
356,AMY MCCUSKER,2022,01:51:50,IRL,20-29,38,Female,94,01:51:50
357,BRIDGET BOND,1136,01:51:52,NZL,40-49,18,Female,95,01:51:52
358,CARL LEIPST,1903,01:51:53,NZL,40-49,42,Male,263,01:51:53
359,JORDAN STEVENS,2519,01:51:54,NZL,30-39,106,Male,264,01:51:54
360,EMMA EASTHOPE,1425,01:51:55,NZL,40-49,19,Female,96,01:51:55
361,ADAM STANLEY,2507,01:51:56,GBR,30-39,107,Male,265,01:51:56
362,ALI CURTIS,1336,01:51:57,NZL,30-39,33,Female,97,01:51:57
363,RICHARD CURTIS,1338,01:51:57,NZL,30-39,108,Male,266,01:51:57
364,DAMIAN GURNICK,1625,01:52:00,NZL,40-49,43,Male,267,01:52:00
365,CRAIG PURDY,2286,01:52:00,NZL,50-59,16,Male,268,01:52:00
366,ZAYNE JENNINGS,2916,01:52:00,NZL,20-29,95,Male,269,01:52:00
367,ANDREW ROWE,2785,01:52:04,NZL,30-39,109,Male,270,01:52:04
368,KANE POLYBLANK,2265,01:52:05,NZL,30-39,110,Male,271,01:52:05
369,LINDY PURDY,2287,01:52:05,NZL,50-59,5,Female,98,01:52:05
370,DAVE CONWAY,1291,01:52:12,NZL,30-39,111,Male,272,01:52:12
371,JACOB MORRIS-DOCKER,2942,01:52:12,TLS,20-29,96,Male,273,01:52:12
372,COURTNEY BRAGG,2800,01:52:20,NZL,20-29,39,Female,99,01:52:20
373,LUKE HUTCHINSON,1758,01:52:31,AUS,40-49,44,Male,274,01:52:31
374,HARRIET OTLEY,2206,01:52:35,NZL,20-29,40,Female,100,01:52:35
375,JENNY BENCE,1101,01:52:38,NZL,60-69,2,Female,101,01:52:38
376,NICK MCINTOSH,2040,01:52:40,NZL,30-39,112,Male,275,01:52:40
377,TAWHIRI LAMBERT,2985,01:52:40,NZL,20-29,97,Male,276,01:52:40
378,JORDAN MUSGRAVE,2150,01:52:40,NZL,20-29,98,Male,277,01:52:40
379,OSCAR HOLM,1729,01:52:44,NZL,16-19,8,Male,278,01:52:44
380,DAVID WILSON,2733,01:52:45,GBR,30-39,113,Male,279,01:52:45
381,NATALIE BLAND,1130,01:52:56,NZL,40-49,20,Female,102,01:52:56
382,HELENA JANOLS,1774,01:53:02,SWE,50-59,6,Female,103,01:53:02
383,LEANNE BERKAHN,1106,01:53:06,NZL,60-69,3,Female,104,01:53:06
384,CHLOE DICKINSON,2862,01:53:06,NZL,30-39,34,Female,105,01:53:06
385,LINDSEY BRADFIELD,1152,01:53:08,NZL,40-49,21,Female,106,01:53:08
386,DANIEL WYPYCH,2773,01:53:09,NZL,20-29,99,Male,280,01:53:09
387,JON VERHOEK,2646,01:53:17,NZL,30-39,114,Male,281,01:53:17
388,ALESHA GUARD,1622,01:53:23,NZL,20-29,41,Female,107,01:53:23
389,FINN GLOVER,1573,01:53:27,NZL,20-29,100,Male,282,01:53:27
390,KELLY MCDONALD,2913,01:53:28,NZL,30-39,35,Female,108,01:53:28
391,JONATHAN ROYDS,2365,01:53:33,THA,20-29,101,Male,283,01:53:33
392,FIONA LAMBERT,1879,01:53:34,NZL,40-49,22,Female,109,01:53:34
393,PHOEBE WHYTE,2706,01:53:38,NZL,16-19,3,Female,110,01:53:38
394,COLIN YONG,2778,01:53:39,NZL,50-59,17,Male,284,01:53:39
395,JESSICA HANSEN,2810,01:53:43,NZL,20-29,42,Female,111,01:53:43
396,CATRIONA O BRIEN,2181,01:53:46,IRL,20-29,43,Female,112,01:53:46
397,MOHINDER SINGH,2455,01:53:46,IND,60-69,1,Male,285,01:53:46
398,SARAH SMITH,2476,01:53:50,AUS,30-39,36,Female,113,01:53:50
399,JOSHUA FRONEK,1529,01:53:58,NZL,40-49,45,Male,286,01:53:58
400,PHILLIP RILEY,2987,01:53:58,NZL,20-29,102,Male,287,01:53:58
401,MANEKA DAVID,1351,01:54:01,NZL,20-29,44,Female,114,01:54:01
402,WILKIE BLOOMFIELD,1133,01:54:07,NZL,20-29,103,Male,288,01:54:07
403,PETRA SNEE,2787,01:54:07,NZL,30-39,37,Female,115,01:54:07
404,VAL WILSON,2740,01:54:08,NZL,40-49,23,Female,116,01:54:08
405,HEATHER GILES,1565,01:54:09,NZL,30-39,38,Female,117,01:54:09
406,JONO KEY,1831,01:54:16,NZL,40-49,46,Male,289,01:54:16
407,CHARLIE YEATES,2777,01:54:18,GBR,30-39,115,Male,290,01:54:18
408,DAN MARTIN,1987,01:54:19,NZL,30-39,116,Male,291,01:54:19
409,STEVE BAILEY,2823,01:54:19,NZL,40-49,47,Male,292,01:54:19
410,SARAH MILLIKEN,2088,01:54:23,NZL,20-29,45,Female,118,01:54:23
411,JEAN BOTES,1140,01:54:24,ZAF,30-39,117,Male,293,01:54:24
412,MICHELLE KELLY,1817,01:54:27,PHL,40-49,24,Female,119,01:54:27
413,DANE KEMP,1819,01:54:32,NZL,20-29,104,Male,294,01:54:32
414,ALEX MCLENNNAN,2054,01:54:33,NZL,20-29,46,Female,120,01:54:33
415,SABINE VAN DER WERFF,2994,01:54:34,NZL,20-29,47,Female,121,01:54:34
416,SEAN CRAIG,1317,01:54:34,NZL,20-29,105,Male,295,01:54:34
417,NATHAN COLLIER,1286,01:54:36,NZL,30-39,118,Male,296,01:54:36
418,SUSIE CAMPBELL,1212,01:54:38,NZL,30-39,39,Female,122,01:54:38
419,KARL MEYERS,2075,01:54:45,NZL,20-29,106,Male,297,01:54:45
420,CAITLIN LIPSHAM,1917,01:54:45,NZL,20-29,48,Female,123,01:54:45
421,DWAYNNE BLACKETT,1125,01:54:48,NZL,30-39,119,Male,298,01:54:48
422,KATY ELGAR,1439,01:54:50,NZL,30-39,40,Female,124,01:54:50
423,LIBERTY BARKER,1071,01:54:57,NZL,20-29,49,Female,125,01:54:57
424,JAMES BELL,1097,01:55:01,NZL,30-39,120,Male,299,01:55:01
425,AMY KNIGHT,1855,01:55:03,NZL,30-39,41,Female,126,01:55:03
426,RACHEL ROUNTREE,2361,01:55:06,NZL,20-29,50,Female,127,01:55:06
427,GEORGIA MORTON,2121,01:55:07,NZL,20-29,51,Female,128,01:55:07
428,LISA TWEEDIE,2622,01:55:09,NZL,20-29,52,Female,129,01:55:09
429,CAMERON EVANS,1457,01:55:09,NZL,20-29,107,Male,300,01:55:09
430,MEGAN DAMIRIS,1345,01:55:17,NZL,40-49,25,Female,130,01:55:17
431,JOSHUA MANSON,1978,01:55:19,NZL,30-39,121,Male,301,01:55:19
432,ALBERT STASSEN,2510,01:55:25,NZL,40-49,48,Male,302,01:55:25
433,RICHARD GARDNER,1543,01:55:30,NZL,40-49,49,Male,303,01:55:30
434,LOLA PARLATO,2226,01:55:37,NZL,16-19,4,Female,131,01:55:37
435,SARAH HARWOOD,1666,01:55:40,NZL,30-39,42,Female,132,01:55:40
436,JACQUI NEEDHAM,2157,01:55:43,NZL,30-39,43,Female,133,01:55:43
437,PAULA DUNNE,1420,01:55:44,NZL,40-49,26,Female,134,01:55:44
438,BRIDGET FINK,1487,01:55:46,NZL,30-39,44,Female,135,01:55:46
439,SIOBHAN DREW,1402,01:55:46,NZL,30-39,45,Female,136,01:55:46
440,JAMIE CORMACK,1305,01:55:46,NZL,50-59,18,Male,304,01:55:46
441,JAMES WHIBLEY,2695,01:55:46,NZL,30-39,122,Male,305,01:55:46
442,MICAH MALAITAI,1970,01:55:48,NZL,20-29,108,Male,306,01:55:48
443,JESSICA SMITH,2471,01:55:50,NZL,40-49,27,Female,137,01:55:50
444,MATT MATAKI,1998,01:55:51,NZL,30-39,123,Male,307,01:55:51
445,ALISTER EDIE,1431,01:55:52,NZL,30-39,124,Male,308,01:55:52
446,NICHOALS MCINTOSH,2834,01:55:52,NZL,30-39,125,Male,309,01:55:52
447,PADDY SCROGGINS,2416,01:55:54,NZL,20-29,109,Male,310,01:55:54
448,HUW MCKINLAY,2919,01:55:59,NZL,40-49,50,Male,311,01:55:59
449,TAYLA HALES,1633,01:55:59,NZL,20-29,53,Female,138,01:55:59
450,LIAM BARENDSEN,1069,01:56:00,NZL,30-39,126,Male,312,01:56:00
451,HAYDEN GAGE-DIXON,2915,01:56:03,NZL,20-29,110,Male,313,01:56:03
452,ALICIA MCMEEKING,2058,01:56:10,NZL,20-29,54,Female,139,01:56:10
453,DANIEL O'SULLIVAN,2205,01:56:10,NZL,40-49,51,Male,314,01:56:10
454,BLAIR KNIGHT,1856,01:56:13,NZL,40-49,52,Male,315,01:56:13
455,CHRISTOPHER BERRY,1109,01:56:14,NZL,40-49,53,Male,316,01:56:14
456,NICK CALLAGHAN,1207,01:56:17,NZL,20-29,111,Male,317,01:56:17
457,HAYLEY CORNELIUS,1306,01:56:18,NZL,30-39,46,Female,140,01:56:18
458,JASON GILLESPIE,1567,01:56:18,NZL,40-49,54,Male,318,01:56:18
459,KAREN GALLAGHER,1538,01:56:20,NZL,40-49,28,Female,141,01:56:20
460,MATT REID,2314,01:56:21,NZL,40-49,55,Male,319,01:56:21
461,STU WITCHELL,2747,01:56:22,NZL,70+,1,Male,320,01:56:22
462,MARLI JANSE VAN RENSBURG,1775,01:56:24,NZL,30-39,47,Female,142,01:56:24
463,EMILY SCRIMGEOUR,2415,01:56:26,NZL,20-29,55,Female,143,01:56:26
464,ZEBEDEE SCHRADER,2402,01:56:33,NZL,20-29,112,Male,321,01:56:33
465,MELANIE BREEN,2794,01:56:33,NZL,20-29,56,Female,144,01:56:33
466,DON MORRIS,2114,01:56:34,NZL,60-69,2,Male,322,01:56:34
467,SETH ZORN,2906,01:56:35,NZL,30-39,127,Male,323,01:56:35
468,VAIBHAV SHARMA,2427,01:56:39,ZMB,20-29,113,Male,324,01:56:39
469,NICOLA ARMOUR,1034,01:56:40,NZL,40-49,29,Female,145,01:56:40
470,BEN GUERNIER,1623,01:56:44,NZL,20-29,114,Male,325,01:56:44
471,LEVI PENNINGS,2995,01:56:46,NZL,20-29,115,Male,326,01:56:46
472,CARLY WOODHAM,2757,01:56:47,NZL,40-49,30,Female,146,01:56:47
473,KRIS HICKLING,1701,01:56:48,NZL,40-49,31,Female,147,01:56:48
474,STUART HOLDAWAY,1723,01:56:49,NZL,20-29,116,Male,327,01:56:49
475,SAM BLATCHFORD,1131,01:56:49,NZL,30-39,128,Male,328,01:56:49
476,HAYDN MEGAFFIN,2070,01:56:50,NZL,70+,2,Male,329,01:56:50
477,SHALOM PINTO,2258,01:56:51,NZL,20-29,57,Female,148,01:56:51
478,PAS WIJESEKERA,2972,01:56:52,NZL,20-29,117,Male,330,01:56:52
479,KATRINA WHAANGA,2690,01:56:53,NZL,50-59,7,Female,149,01:56:53
480,JESSICA LUNNY,1940,01:56:53,NZL,20-29,58,Female,150,01:56:53
481,THOMAS AGNEW,1006,01:56:55,NZL,20-29,118,Male,331,01:56:55
482,STEVE ROSSITER,2359,01:56:57,NZL,50-59,19,Male,332,01:56:57
483,CHARLES MACDONALD,1954,01:56:57,NZL,30-39,129,Male,333,01:56:57
484,OLIVIA PARKER,2221,01:57:00,NZL,20-29,59,Female,151,01:57:00
485,BRADEN HUXFORD,2963,01:57:03,NZL,40-49,56,Male,334,01:57:03
486,SCOTT LEDGER,2954,01:57:06,NZL,30-39,130,Male,335,01:57:06
487,LISA FISHER,1492,01:57:07,NZL,30-39,48,Female,152,01:57:07
488,SHELBY LANG,1881,01:57:08,NZL,30-39,49,Female,153,01:57:08
489,SEAN BROOKMAN,1172,01:57:09,NZL,30-39,131,Male,336,01:57:09
490,DANIEL CARSON,2819,01:57:09,NZL,20-29,119,Male,337,01:57:09
491,BEN HODGE,1717,01:57:14,NZL,20-29,120,Male,338,01:57:14
492,NEIL MCINTOSH,2042,01:57:15,GBR,30-39,132,Male,339,01:57:15
493,RYAN MONTGOMERY,2102,01:57:16,NZL,30-39,133,Male,340,01:57:16
494,LOUISE BLACKBURN,1124,01:57:18,IRL,30-39,50,Female,154,01:57:18
495,WILLIAM MIDMER,2079,01:57:24,GBR,30-39,134,Male,341,01:57:24
496,FELICITY MIDMER,2078,01:57:25,NZL,30-39,51,Female,155,01:57:25
497,MARIA GUERRA,1624,01:57:32,NZL,40-49,32,Female,156,01:57:32
498,JITEN MANU,1979,01:57:33,NZL,40-49,57,Male,342,01:57:33
499,BAILEY WALSH,2663,01:57:33,NZL,30-39,135,Male,343,01:57:33
500,STUART GLENDINNING,1572,01:57:34,NZL,20-29,121,Male,344,01:57:34
501,RUSS COUCH,2989,01:57:34,NZL,40-49,58,Male,345,01:57:34
502,DANIE HENDERSON,2914,01:57:37,NZL,30-39,136,Male,346,01:57:37
503,LIAM FOLEY,1501,01:57:37,NZL,30-39,137,Male,347,01:57:37
504,EMMA BERMINGHAM,2855,01:57:37,NZL,40-49,33,Female,157,01:57:37
505,ABBEY ECCLES,1427,01:57:43,NZL,20-29,60,Female,158,01:57:43
506,NOPERA HAUWAHO,1673,01:57:46,NZL,20-29,122,Male,348,01:57:46
507,TONY GORMLEY,1587,01:57:49,NZL,60-69,3,Male,349,01:57:49
508,BRIAR TAYLOR-SILVA,2562,01:57:53,NZL,30-39,52,Female,159,01:57:53
509,NEVILLE BIEL,1117,01:57:53,NZL,50-59,20,Male,350,01:57:53
510,STEVE DUNN,1419,01:57:53,NZL,50-59,21,Male,351,01:57:53
511,CAMERON COLLARD,1284,01:57:55,NZL,40-49,59,Male,352,01:57:55
512,CLAIRE PERCY,2243,01:57:58,NZL,30-39,53,Female,160,01:57:58
513,MARCUS GLEN,1571,01:57:59,NZL,30-39,138,Male,353,01:57:59
514,MARIANNE LYNCH,3001,01:58:00,NZL,20-29,61,Female,161,01:58:00
515,JESSICA WEDLAKE,2877,01:58:02,NZL,30-39,54,Female,162,01:58:02
516,ALISON SCOTT,2410,01:58:02,NZL,30-39,55,Female,163,01:58:02
517,GEORGIA CLARK,1263,01:58:07,NZL,20-29,62,Female,164,01:58:07
518,CAMERON DUNN,2884,01:58:08,NZL,20-29,123,Male,354,01:58:08
519,RONAN SPENCE,2499,01:58:09,NZL,20-29,124,Male,355,01:58:09
520,ADRIAN RENATA,2315,01:58:10,NZL,30-39,139,Male,356,01:58:10
521,LAUREN SYE,2540,01:58:11,NZL,20-29,63,Female,165,01:58:11
522,CLAIRE STEWART,2523,01:58:12,USA,20-29,64,Female,166,01:58:12
523,HEIDI KINGSTON,1844,01:58:14,NZL,30-39,56,Female,167,01:58:14
524,LAURA EDGE,1430,01:58:15,NZL,40-49,34,Female,168,01:58:15
525,WADE GLASS,1569,01:58:17,NZL,40-49,60,Male,357,01:58:17
526,DIANA HOOD,1732,01:58:20,NZL,40-49,35,Female,169,01:58:20
527,DAVID PARKER,2982,01:58:21,NZL,50-59,22,Male,358,01:58:21
528,RONAN BOWLES,1146,01:58:21,NZL,50-59,23,Male,359,01:58:21
529,REBECCA THOMAS,2567,01:58:21,NZL,50-59,8,Female,170,01:58:21
530,KAT BOROWCZYK,1139,01:58:21,NZL,30-39,57,Female,171,01:58:21
531,GEORGIA DENTON,1377,01:58:22,NZL,20-29,65,Female,172,01:58:22
532,ANNA SMITH,2470,01:58:23,NZL,30-39,58,Female,173,01:58:23
533,ANTHONY HAM,1637,01:58:26,NZL,50-59,24,Male,360,01:58:26
534,BENJAMIN NEVILLE,2976,01:58:26,NZL,30-39,140,Male,361,01:58:26
535,JAKE MCINTEER,2039,01:58:27,NZL,30-39,141,Male,362,01:58:27
536,NIKITA RYAN,2375,01:58:28,NZL,20-29,66,Female,174,01:58:28
537,ZARA MORRIS,2113,01:58:34,NZL,30-39,59,Female,175,01:58:34
538,RAHUL BANERJEE,1066,01:58:38,NZL,20-29,125,Male,363,01:58:38
539,NATASHA EPPLETT,1447,01:58:43,NZL,40-49,36,Female,176,01:58:43
540,MACKENZIE WILSON,2739,01:58:46,NZL,20-29,126,Male,364,01:58:46
541,STACEY RITCHIE,2329,01:58:49,NZL,30-39,60,Female,177,01:58:49
542,BRENT CLARKE,1266,01:58:49,NZL,30-39,142,Male,365,01:58:49
543,WILLIAM MEAD,2065,01:58:49,NZL,30-39,143,Male,366,01:58:49
544,MATTHEW GROVE,1619,01:58:49,NZL,50-59,25,Male,367,01:58:49
545,STUART OSBORNE,2202,01:58:50,NZL,30-39,144,Male,368,01:58:50
546,CHRISELLE MURZELLO,2149,01:58:51,NZL,20-29,67,Female,178,01:58:51
547,ANDREW HALL,1634,01:58:52,NZL,20-29,127,Male,369,01:58:52
548,ELOISE GODDARD,1577,01:58:56,NZL,20-29,68,Female,179,01:58:56
549,ALEX MCKAY,2044,01:58:56,NZL,30-39,145,Male,370,01:58:56
550,ASHLEIGH HAWLEY,1679,01:59:06,NZL,30-39,61,Female,180,01:59:06
551,TAYLOR WATSON,2679,01:59:06,NZL,20-29,128,Male,371,01:59:06
552,REBECCA LYNCH,1944,01:59:07,NZL,20-29,69,Female,181,01:59:07
553,MARTIN FEY,1483,01:59:08,NZL,50-59,26,Male,372,01:59:08
554,CAMERON DE LEIJER,1367,01:59:09,NZL,30-39,146,Male,373,01:59:09
555,HAMISH RYBINSKI,2377,01:59:10,NZL,20-29,129,Male,374,01:59:10
556,GEORGE HARMAN,1656,01:59:11,NZL,20-29,130,Male,375,01:59:11
557,CINDY MIDDLEBROUGH,2077,01:59:14,AUS,30-39,62,Female,182,01:59:14
558,LILY LI,1909,01:59:24,NZL,40-49,37,Female,183,01:59:24
559,DUKE LOE,2996,01:59:24,NZL,30-39,147,Male,376,01:59:24
560,DOMINIC FINLAY,1488,01:59:26,GBR,40-49,61,Male,377,01:59:26
561,SARAH SMITH,2477,01:59:29,NZL,20-29,70,Female,184,01:59:29
562,ANNA BICKERS,1114,01:59:30,NZL,20-29,71,Female,185,01:59:30
563,ERWIN VENDEL,2642,01:59:32,NZL,20-29,131,Male,378,01:59:32
564,BELINDA EVERT,1461,01:59:34,NZL,50-59,9,Female,186,01:59:34
565,LANA VAN DER WERFF,2898,01:59:37,NZL,20-29,72,Female,187,01:59:37
566,GILBERT WATSON,2678,01:59:37,NZL,60-69,4,Male,379,01:59:37
567,ROB SHOULDICE,2440,01:59:38,CAN,20-29,132,Male,380,01:59:38
568,YUXUAN OU,2993,01:59:42,NZL,20-29,133,Male,381,01:59:42
569,SHAYNA DOYLE,1401,01:59:49,NZL,30-39,63,Female,188,01:59:49
570,CAMERON AITKEN,1008,01:59:50,NZL,20-29,134,Male,382,01:59:50
571,BRENDAN CASH,1230,02:00:04,NZL,30-39,148,Male,383,02:00:04
572,JOCELYN DOEVENDANS,1389,02:00:05,NZL,20-29,73,Female,189,02:00:05
573,LAURA FOSS,2895,02:00:11,NZL,20-29,74,Female,190,02:00:11
574,DINESH DASANAYAKE,1349,02:00:13,LKA,40-49,62,Male,384,02:00:13
575,GRANT TROLLOPE,2830,02:00:15,NZL,70+,3,Male,385,02:00:15
576,REBECCA ROWE,2362,02:00:20,NZL,20-29,75,Female,191,02:00:20
577,JAIMEE MILLER,2086,02:00:21,NZL,20-29,76,Female,192,02:00:21
578,KATE LARACY,1885,02:00:21,NZL,20-29,77,Female,193,02:00:21
579,AMY LINTON,1915,02:00:26,NZL,30-39,64,Female,194,02:00:26
580,MARK SMITH,2473,02:00:27,NZL,50-59,27,Male,386,02:00:27
581,LAUREN BEERE,1092,02:00:35,NZL,20-29,78,Female,195,02:00:35
582,DAVID CRUIKSHANK,1329,02:00:35,NZL,40-49,63,Male,387,02:00:35
583,DUNCAN MACDONALD,1955,02:00:36,NZL,30-39,149,Male,388,02:00:36
584,KIRSTY HEPBURN,1696,02:00:41,NZL,20-29,79,Female,196,02:00:41
585,ALICE ELGAR,1438,02:00:42,NZL,30-39,65,Female,197,02:00:42
586,RAYAN RAMJIAWAN,2947,02:00:51,NLD,30-39,150,Male,389,02:00:51
587,ROBERT HOR,1738,02:00:53,CAN,30-39,151,Male,390,02:00:53
588,CHARLOTTE FREEMAN,1523,02:00:54,NZL,50-59,10,Female,198,02:00:54
589,DANIEL SOUTHALL,2492,02:00:55,NZL,30-39,152,Male,391,02:00:55
590,LIZ GIBSON,1559,02:01:02,NZL,50-59,11,Female,199,02:01:02
591,NATASHA DONALD,1392,02:01:03,NZL,20-29,80,Female,200,02:01:03
592,WILLIAM SHAW,2436,02:01:08,NZL,20-29,135,Male,392,02:01:08
593,ZACH FURNISS,2808,02:01:15,NZL,30-39,153,Male,393,02:01:15
594,JOUBERT VAN TONDER,2921,02:01:15,NZL,40-49,64,Male,394,02:01:15
595,THEUNIS GOUS,1590,02:01:15,NZL,40-49,65,Male,395,02:01:15
596,CURTIS MOUNTFORT,2125,02:01:17,NZL,50-59,28,Male,396,02:01:17
597,BERNETTE BERNARD,1107,02:01:17,NZL,50-59,12,Female,201,02:01:17
598,GRANT ABERNETHY,2851,02:01:17,NZL,50-59,29,Male,397,02:01:17
599,DANIEL PAITRY,2213,02:01:21,NZL,20-29,136,Male,398,02:01:21
600,MICHAEL WRIGHT,2769,02:01:25,NZL,50-59,30,Male,399,02:01:25
601,LAURA COBBETT,1282,02:01:28,NZL,40-49,38,Female,202,02:01:28
602,JULIA SCOTT-BEETHAM,2413,02:01:39,NZL,30-39,66,Female,203,02:01:39
603,STEVEN DAVEY,1350,02:01:39,NZL,40-49,66,Male,400,02:01:39
604,ROSS GATENBY,1548,02:01:42,NZL,70+,4,Male,401,02:01:42
605,MARK SYMON,2542,02:01:45,NZL,40-49,67,Male,402,02:01:45
606,TRACY SYMON,2815,02:01:46,NZL,30-39,67,Female,204,02:01:46
607,MATTHEW PALMER,2215,02:01:48,NZL,30-39,154,Male,403,02:01:48
608,WENDY VENTER,2645,02:01:51,NZL,50-59,13,Female,205,02:01:51
609,HAMISH MCDADE,2791,02:01:52,NZL,16-19,9,Male,404,02:01:52
610,BLAKE CAUDWELL,1236,02:01:53,NZL,20-29,137,Male,405,02:01:53
611,JEMMA MCDADE,2788,02:01:53,NZL,40-49,39,Female,206,02:01:53
612,JAKOB ETTLES,1454,02:01:54,NZL,20-29,138,Male,406,02:01:54
613,MARIT AUGUSTUS,1047,02:01:55,NZL,40-49,40,Female,207,02:01:55
614,SUSANNAH JAQUES,1777,02:01:56,NZL,30-39,68,Female,208,02:01:56
615,IRIS DE JONG,1365,02:01:56,NZL,30-39,69,Female,209,02:01:56
616,JON CLARK,1264,02:01:56,NZL,30-39,155,Male,407,02:01:56
617,LAUREN SILKSTONE,2442,02:01:56,NZL,30-39,70,Female,210,02:01:56
618,VINAY RAMAN,2296,02:01:56,NZL,20-29,139,Male,408,02:01:56
619,ALISON BEATH,1089,02:02:00,NZL,40-49,41,Female,211,02:02:00
620,BROOKE CASTLE,1232,02:02:04,NZL,30-39,71,Female,212,02:02:04
621,MICHAEL LANE,2890,02:02:05,NZL,40-49,68,Male,409,02:02:05
622,PENELOPE CLAFFEY,1260,02:02:06,NZL,30-39,72,Female,213,02:02:06
623,PIERRE JOUBERT,1799,02:02:07,ZAF,40-49,69,Male,410,02:02:07
624,SANDRA HAYNES,1685,02:02:08,NZL,50-59,14,Female,214,02:02:08
625,KATY ARMOUR,1033,02:02:10,NZL,30-39,73,Female,215,02:02:10
626,EMMA STEPHEN,2513,02:02:10,NZL,20-29,81,Female,216,02:02:10
627,JOSH FOREMAN,1510,02:02:13,NZL,30-39,156,Male,411,02:02:13
628,SEBASTIAN HOOK,2977,02:02:14,NZL,20-29,140,Male,412,02:02:14
629,HAKAN CELIK,1238,02:02:18,NZL,50-59,31,Male,413,02:02:18
630,AARON DAVIES,1356,02:02:18,NZL,20-29,141,Male,414,02:02:18
631,DAVID BOWLEY,1147,02:02:19,NZL,30-39,157,Male,415,02:02:19
632,FIONA FOX,1515,02:02:19,NZL,60-69,4,Female,217,02:02:19
633,ALEX CATSBURG,1235,02:02:23,NZL,30-39,158,Male,416,02:02:23
634,GAVIN FURCY,1534,02:02:41,NZL,40-49,70,Male,417,02:02:41
635,SAM ELLWOOD,1443,02:02:45,NZL,30-39,159,Male,418,02:02:45
636,NICK HOLCROFT,2816,02:02:45,NZL,40-49,71,Male,419,02:02:45
637,ETHAN MCCHESNEY,2016,02:02:47,NZL,30-39,160,Male,420,02:02:47
638,DAVE HOWARTH,2952,02:02:53,NZL,60-69,5,Male,421,02:02:53
639,NICK MITCHELL,2097,02:02:54,NZL,40-49,72,Male,422,02:02:54
640,REUBEN GRIFFITHS,2918,02:02:56,NZL,20-29,142,Male,423,02:02:56
641,SOPHIE ARMSTRONG,1036,02:03:06,NZL,20-29,82,Female,218,02:03:06
642,ALANA BARRON,1078,02:03:09,NZL,40-49,42,Female,219,02:03:09
643,ZANE FURTADO,1535,02:03:09,NZL,30-39,161,Male,424,02:03:09
644,MONICA GALLANT,1539,02:03:09,CAN,20-29,83,Female,220,02:03:09
645,RANGATIRA FOX,2869,02:03:16,NZL,20-29,143,Male,425,02:03:16
646,HANNAH EVES,1463,02:03:20,NZL,20-29,84,Female,221,02:03:20
647,ELIZA CLARKSON,1272,02:03:21,NZL,16-19,5,Female,222,02:03:21
648,CATHERINE POWELL,2827,02:03:23,NZL,40-49,43,Female,223,02:03:23
649,STEVE PETERS,2865,02:03:25,NZL,50-59,32,Male,426,02:03:25
650,LEXIE SHARP,2430,02:03:27,NZL,16-19,6,Female,224,02:03:27
651,RUTH SHARP,2432,02:03:27,NZL,50-59,15,Female,225,02:03:27
652,ALEX DE ROODE,1369,02:03:30,NZL,20-29,144,Male,427,02:03:30
653,EMMA RUMLEY,2368,02:03:39,NZL,20-29,85,Female,226,02:03:39
654,STANLEY CHAN,1244,02:03:40,NZL,20-29,145,Male,428,02:03:40
655,SOPHIA REID,2312,02:03:43,NZL,20-29,86,Female,227,02:03:43
656,BELLA FENG,1476,02:03:48,NZL,20-29,87,Female,228,02:03:48
657,FRANK COOK,1292,02:03:53,NZL,50-59,33,Male,429,02:03:53
658,MATTHEW ANDERSON,1020,02:03:55,NZL,20-29,146,Male,430,02:03:55
659,REBEKAH GILLANDERS-MCEWEN,2847,02:03:57,NZL,30-39,74,Female,229,02:03:57
660,REBECCA D'SILVA,1404,02:03:57,NZL,20-29,88,Female,230,02:03:57
661,SUNÚ MALOT,1974,02:04:01,NZL,30-39,75,Female,231,02:04:01
662,SAMANTHA CROXALL,1328,02:04:05,AUS,40-49,44,Female,232,02:04:05
663,JOHN BRINSLEY-PIRIE,1167,02:04:05,NZL,30-39,162,Male,431,02:04:05
664,KATIE SCOTT,2409,02:04:06,NZL,50-59,16,Female,233,02:04:06
665,STUART LYONS,1948,02:04:07,NZL,30-39,163,Male,432,02:04:07
666,JARED THOMSON,2584,02:04:11,NZL,40-49,73,Male,433,02:04:11
667,RAYDITA ANGGADY,1026,02:04:16,NZL,20-29,89,Female,234,02:04:16
668,LIAM GRINDLE,1616,02:04:16,NZL,20-29,147,Male,434,02:04:16
669,ANDRINA PERIGO,2245,02:04:16,NZL,20-29,90,Female,235,02:04:16
670,SEAN CARLO ECHANO,1428,02:04:16,NZL,20-29,148,Male,435,02:04:16
671,JOSIE MASON,1996,02:04:17,NZL,20-29,91,Female,236,02:04:17
672,ALEX MUNRO,2132,02:04:21,NZL,30-39,76,Female,237,02:04:21
673,LAURA MARRIOTT,1983,02:04:29,NZL,20-29,92,Female,238,02:04:29
674,BRUCE HOWE,1744,02:04:31,NZL,50-59,34,Male,436,02:04:31
675,BRYDEE CLIMO,1278,02:04:31,NZL,30-39,77,Female,239,02:04:31
676,FENELLA HENDERSON,1691,02:04:33,NZL,20-29,93,Female,240,02:04:33
677,DANIEL STUART,2531,02:04:37,NZL,20-29,149,Male,437,02:04:37
678,CARA BERGHAN,1105,02:04:42,NZL,20-29,94,Female,241,02:04:42
679,ARAMA WIGMORE,2711,02:04:42,NZL,20-29,150,Male,438,02:04:42
680,GREG BAILLIE,1058,02:04:44,NZL,60-69,6,Male,439,02:04:44
681,ABBY FANNIN-ROBIN,1469,02:04:48,NZL,30-39,78,Female,242,02:04:48
682,PETER POINTON,2263,02:04:48,AUS,60-69,7,Male,440,02:04:48
683,NIK ANDRÚ,2863,02:04:48,NZL,50-59,35,Male,441,02:04:48
684,GABRIELLE CUTFIELD,1339,02:04:49,NZL,40-49,45,Female,243,02:04:49
685,JESSICA TAYLOR,2846,02:04:55,NZL,30-39,79,Female,244,02:04:55
686,JANE HUME,1753,02:04:58,AUS,30-39,80,Female,245,02:04:58
687,JO DAWSON,1361,02:04:59,NZL,50-59,17,Female,246,02:04:59
688,BELINDA WILLIAMS,2721,02:05:00,NZL,30-39,81,Female,247,02:05:00
689,SCOTT WYLIE,2772,02:05:02,NZL,20-29,151,Male,442,02:05:02
690,ELLA CHENG,1251,02:05:02,NZL,20-29,95,Female,248,02:05:02
691,SAMANTHA GERRETZEN,1555,02:05:03,NZL,20-29,96,Female,249,02:05:03
692,KALIB WALLACE,2661,02:05:03,NZL,30-39,164,Male,443,02:05:03
693,CARMEN KEENE,1813,02:05:07,NZL,50-59,18,Female,250,02:05:07
694,VICTORIA TSE,2616,02:05:13,NZL,20-29,97,Female,251,02:05:13
695,VICKY BREWIN,1163,02:05:19,GBR,30-39,82,Female,252,02:05:19
696,JACKSON WHITE,2697,02:05:21,NZL,20-29,152,Male,444,02:05:21
697,KAREN LEADLEY,1897,02:05:21,NZL,40-49,46,Female,253,02:05:21
698,ROSE SKETCHER,2460,02:05:22,NZL,20-29,98,Female,254,02:05:22
699,TESSA HALONEN,2905,02:05:23,NZL,40-49,47,Female,255,02:05:23
700,SARAH LEE,1901,02:05:32,NZL,50-59,19,Female,256,02:05:32
701,JESSICA MACMILLAN,1968,02:05:32,NZL,30-39,83,Female,257,02:05:32
702,TANIA POTTS,2271,02:05:33,NZL,50-59,20,Female,258,02:05:33
703,LUKE HAWLEY,1680,02:05:33,NZL,30-39,165,Male,445,02:05:33
704,PIPPA BROWN,1180,02:05:35,NZL,40-49,48,Female,259,02:05:35
705,LAUREN ROONEY,2350,02:05:36,NZL,30-39,84,Female,260,02:05:36
706,ALYSE CAMERON,1211,02:05:37,NZL,30-39,85,Female,261,02:05:37
707,ALEX BARBER,1068,02:05:38,NZL,20-29,153,Male,446,02:05:38
708,SARAH SALMON,2382,02:05:50,NZL,20-29,99,Female,262,02:05:50
709,CASEY HALES,1632,02:05:52,NZL,20-29,100,Female,263,02:05:52
710,CHRIS BUTLER,2796,02:05:55,NZL,30-39,166,Male,447,02:05:55
711,NICKY HART,1665,02:05:55,NZL,40-49,49,Female,264,02:05:55
712,JAMES SMITH,2467,02:05:55,NZL,30-39,167,Male,448,02:05:55
713,JULIE GANIVET,1542,02:05:56,NZL,40-49,50,Female,265,02:05:56
714,LARA BLOMFIELD,1132,02:06:11,NZL,50-59,21,Female,266,02:06:11
715,LYNETTE ERARD,1448,02:06:13,NZL,50-59,22,Female,267,02:06:13
716,KATE ROSE,2352,02:06:19,NZL,50-59,23,Female,268,02:06:19
717,LAURA HAYWARD,1686,02:06:19,GBR,40-49,51,Female,269,02:06:19
718,RACHEL MURDOCH,2139,02:06:22,NZL,30-39,86,Female,270,02:06:22
719,GEMMA DOUGLAS,2907,02:06:24,NZL,30-39,87,Female,271,02:06:24
720,TESSA PARKER,2892,02:06:25,NZL,20-29,101,Female,272,02:06:25
721,LISA MEACLEM,2064,02:06:33,NZL,40-49,52,Female,273,02:06:33
722,EMILIA RICHARDS,2322,02:06:34,NZL,20-29,102,Female,274,02:06:34
723,NIKOS SKEPETARIS,2459,02:06:38,NZL,40-49,74,Male,449,02:06:38
724,MOLLY OWENS,2210,02:06:40,NZL,20-29,103,Female,275,02:06:40
725,LILY BRYDEN,1185,02:06:41,NZL,20-29,104,Female,276,02:06:41
726,MEGAN PLUMRIDGE,2260,02:06:42,NZL,40-49,53,Female,277,02:06:42
727,HAMISH FRIZZELL,1527,02:06:43,NZL,50-59,36,Male,450,02:06:43
728,SOPHIE FRIZZELL,1528,02:06:44,NZL,20-29,105,Female,278,02:06:44
729,CHRISTOPHER CADMAN,1203,02:07:01,NZL,60-69,8,Male,451,02:07:01
730,AZARIA INGLEY,1764,02:07:05,NZL,20-29,106,Female,279,02:07:05
731,KATE PATTERSON,2231,02:07:05,NZL,30-39,88,Female,280,02:07:05
732,NATASHA SWAN,2536,02:07:05,NZL,50-59,24,Female,281,02:07:05
733,ELLA HOGAN,1722,02:07:05,NZL,16-19,7,Female,282,02:07:05
734,ELLA MORRISON,2117,02:07:06,NZL,20-29,107,Female,283,02:07:06
735,KATIE MOFFATT,2099,02:07:07,NZL,20-29,108,Female,284,02:07:07
736,MAX STEPHENSON,2515,02:07:10,NZL,20-29,154,Male,452,02:07:10
737,RACHEL ANDERSON-CORMACK,1022,02:07:13,NZL,50-59,25,Female,285,02:07:13
738,OLIVIA DARK,1347,02:07:13,NZL,20-29,109,Female,286,02:07:13
739,LANS HASSELMAN,1667,02:07:14,NZL,40-49,75,Male,453,02:07:14
740,JOELLE GATENBY,1549,02:07:19,NZL,20-29,110,Female,287,02:07:19
741,ALEXANDER MCKENZIE,2870,02:07:28,NZL,60-69,9,Male,454,02:07:28
742,WAYNE CLARKE,1270,02:07:28,NZL,40-49,76,Male,455,02:07:28
743,PETER WOOD,2754,02:07:30,NZL,60-69,10,Male,456,02:07:30
744,EMILY WOOD,2751,02:07:30,NZL,20-29,111,Female,288,02:07:30
745,JAMES RUSSELL,2370,02:07:31,NZL,20-29,155,Male,457,02:07:31
746,SARA RYAN,2376,02:07:31,NZL,20-29,112,Female,289,02:07:31
747,JONO KING,1840,02:07:32,NZL,20-29,156,Male,458,02:07:32
748,SHEREE VAN DEN BROEK,2631,02:07:34,NZL,30-39,89,Female,290,02:07:34
749,LEONIE HENDERSON,1690,02:07:36,NZL,30-39,90,Female,291,02:07:36
750,CATHERINE REED,2310,02:07:39,NZL,20-29,113,Female,292,02:07:39
751,FLEUR ANNAN,1028,02:07:39,NZL,40-49,54,Female,293,02:07:39
752,RENEE DEGERHOLM,1374,02:07:48,NZL,30-39,91,Female,294,02:07:48
753,PHOEBE BURNS,1194,02:07:48,NZL,16-19,8,Female,295,02:07:48
754,JO BRUNING,1182,02:07:50,NZL,40-49,55,Female,296,02:07:50
755,ABBIGAIL ROBINSON,2340,02:07:53,NZL,20-29,114,Female,297,02:07:53
756,QINGRONG ZENG,2784,02:07:54,NZL,30-39,168,Male,459,02:07:54
757,JENNA HUBER,1748,02:07:54,CAN,20-29,115,Female,298,02:07:54
758,NIKI CHAWLA,1249,02:08:02,NZL,20-29,116,Female,299,02:08:02
759,NATALIE FULTON,1532,02:08:04,AUS,40-49,56,Female,300,02:08:04
760,ASPEN KIRK,1848,02:08:06,NZL,20-29,117,Female,301,02:08:06
761,ASTRID NUNNS,2180,02:08:13,NZL,40-49,57,Female,302,02:08:13
762,DANIEL HAMMOND,1640,02:08:22,NZL,40-49,77,Male,460,02:08:22
763,ELLA THOMPSON,2576,02:08:23,NZL,20-29,118,Female,303,02:08:23
764,LORENZ STEINKOHL,2512,02:08:25,DEU,20-29,157,Male,461,02:08:25
765,CHRIS ROBB,2861,02:08:27,NZL,50-59,37,Male,462,02:08:27
766,COLIN YOUNG,2780,02:08:28,NZL,50-59,38,Male,463,02:08:28
767,MILLIE HANNAM,1646,02:08:29,NZL,20-29,119,Female,304,02:08:29
768,WERNER JANSE VAN RENSBURG,1776,02:08:29,ZAF,30-39,169,Male,464,02:08:29
769,JULIA MARCHAND,1981,02:08:29,NZL,20-29,120,Female,305,02:08:29
770,MARK PHILLIPS,2252,02:08:29,NZL,20-29,158,Male,465,02:08:29
771,JUDI GODBOLD,1576,02:08:34,NZL,40-49,58,Female,306,02:08:34
772,JAMES GODBOLD,1575,02:08:35,NZL,40-49,78,Male,466,02:08:35
773,JACOB WHITEHEAD,2923,02:08:43,NZL,30-39,170,Male,467,02:08:43
774,LINDSAY DA SILVA,1340,02:08:48,NZL,40-49,59,Female,307,02:08:48
775,GEORGE BREMNER,1161,02:08:49,NZL,40-49,79,Male,468,02:08:49
776,MIGUEL DA SILVA,1341,02:08:49,NZL,40-49,80,Male,469,02:08:49
777,COURTNEY MOLLOY,2100,02:08:53,NZL,30-39,92,Female,308,02:08:53
778,SEAN MCHUGH,2035,02:08:57,NZL,50-59,39,Male,470,02:08:57
779,KELSEY SCHRODER,2403,02:08:58,NZL,30-39,93,Female,309,02:08:58
780,KAT SKINNER,2461,02:08:58,NZL,50-59,26,Female,310,02:08:58
781,JOHN MACIVER,1962,02:09:03,NZL,50-59,40,Male,471,02:09:03
782,KERRY DONOVAN,1396,02:09:05,NZL,30-39,94,Female,311,02:09:05
783,GRACE BRANDON,1156,02:09:08,NZL,30-39,95,Female,312,02:09:08
784,BLAIR MCCABE,2008,02:09:08,NZL,30-39,171,Male,472,02:09:08
785,RAOUL NASH,2871,02:09:12,GBR,20-29,159,Male,473,02:09:12
786,DELOROS LITHERLAND,1919,02:09:15,NZL,50-59,27,Female,313,02:09:15
787,JARED JENKIN,1779,02:09:16,NZL,30-39,172,Male,474,02:09:16
788,ELLA SPARROW,2496,02:09:17,NZL,20-29,121,Female,314,02:09:17
789,KYLE WALKER,2657,02:09:20,NZL,30-39,173,Male,475,02:09:20
790,BETH THOMPSON,2574,02:09:24,NZL,30-39,96,Female,315,02:09:24
791,JACK ADAMS,2965,02:09:24,NZL,20-29,160,Male,476,02:09:24
792,SARA-LOUISE WILLIAMS,2728,02:09:24,NZL,20-29,122,Female,316,02:09:24
793,BRETT MERCER,2071,02:09:31,NZL,20-29,161,Male,477,02:09:31
794,MARK PRINCE,2280,02:09:32,NZL,40-49,81,Male,478,02:09:32
795,ADAM BROWN,1177,02:09:32,NZL,30-39,174,Male,479,02:09:32
796,ALICIA LONERGAN,1925,02:09:32,NZL,30-39,97,Female,317,02:09:32
797,HEIDI BREMNER,1160,02:09:34,NZL,40-49,60,Female,318,02:09:34
798,NATASHA LABAN,1876,02:09:37,NZL,40-49,61,Female,319,02:09:37
799,KELSEY ALEXANDER,1012,02:09:37,NZL,20-29,123,Female,320,02:09:37
800,CLAIRE ALEXANDER,1011,02:09:38,NZL,50-59,28,Female,321,02:09:38
801,BELLA MITCHELL,2811,02:09:39,NZL,20-29,124,Female,322,02:09:39
802,JULIE CLAROTTO,2807,02:09:44,CAN,20-29,125,Female,323,02:09:44
803,JOAO CUNHA,1331,02:09:45,BRA,40-49,82,Male,480,02:09:45
804,GEORGIA WILLIS,2732,02:09:45,NZL,20-29,126,Female,324,02:09:45
805,ISLAY RACKHAM,2293,02:09:51,NZL,30-39,98,Female,325,02:09:51
806,EMILY EVERETT,1460,02:09:52,NZL,20-29,127,Female,326,02:09:52
807,TINA GRAY,1599,02:09:54,NZL,40-49,62,Female,327,02:09:54
808,TOBY SAATHOF,2378,02:09:56,NZL,20-29,162,Male,481,02:09:56
809,ANNEKE BAKKER,1060,02:09:56,NZL,20-29,128,Female,328,02:09:56
810,ALICE HARRISON,1661,02:10:06,NZL,20-29,129,Female,329,02:10:06
811,LOGAN SAYER,2394,02:10:08,NZL,30-39,175,Male,482,02:10:08
812,KAITLYN MARTIN,1990,02:10:08,NZL,20-29,130,Female,330,02:10:08
813,CRAIG HOLDER,1724,02:10:09,NZL,30-39,176,Male,483,02:10:09
814,GEORGIA HENSTOCK,1695,02:10:09,NZL,20-29,131,Female,331,02:10:09
815,DANIEL KIBBLEWHITE,2889,02:10:13,NZL,20-29,163,Male,484,02:10:13
816,SIMON DUNN,1417,02:10:14,NZL,50-59,41,Male,485,02:10:14
817,ALEX HAPE-TONIHI,1650,02:10:15,NZL,20-29,132,Female,332,02:10:15
818,SHIN KOIZUMI,1858,02:10:16,JPN,50-59,42,Male,486,02:10:16
819,AILISH SWINBANK,2538,02:10:17,GBR,30-39,99,Female,333,02:10:17
820,TONI COOKSON,1293,02:10:20,NZL,30-39,100,Female,334,02:10:20
821,ISABELLE BRINSLEY-PIRIE,1166,02:10:22,NZL,30-39,101,Female,335,02:10:22
822,PAUL FLUTEY,2951,02:10:29,NZL,30-39,177,Male,487,02:10:29
823,STEPHANIE KELLER-BUSQUE,2990,02:10:36,NZL,30-39,102,Female,336,02:10:36
824,BEN LINTS,1916,02:10:43,NZL,30-39,178,Male,488,02:10:43
825,ANNA STEWART,2790,02:10:48,NZL,30-39,103,Female,337,02:10:48
826,GORDON SPENCER,2502,02:10:49,NZL,50-59,43,Male,489,02:10:49
827,HINERANGI TEMARA,2564,02:10:57,NZL,20-29,133,Female,338,02:10:57
828,GARETH ELLIS,1441,02:10:59,NZL,30-39,179,Male,490,02:10:59
829,GEREMY FOXLEY,1517,02:11:02,NZL,40-49,83,Male,491,02:11:02
830,JESSE HUTT,1759,02:11:05,NZL,30-39,180,Male,492,02:11:05
831,BRITTANY MOORE,2105,02:11:13,NZL,20-29,134,Female,339,02:11:13
832,BRITTANY SCOULLER,2414,02:11:20,NZL,20-29,135,Female,340,02:11:20
833,ALIX HASTE,1668,02:11:23,NZL,20-29,136,Female,341,02:11:23
834,CODY DAWSON,2852,02:11:25,NZL,20-29,164,Male,493,02:11:25
835,CATHERINE STELLA BURNETT,1192,02:11:25,NZL,50-59,29,Female,342,02:11:25
836,JAMIE LYNCH,1947,02:11:25,NZL,20-29,165,Male,494,02:11:25
837,DAVID LUNNY,1941,02:11:27,NZL,50-59,44,Male,495,02:11:27
838,TARYN PAUL,2232,02:11:28,NZL,20-29,137,Female,343,02:11:28
839,DAISY FISHER,1490,02:11:28,NZL,20-29,138,Female,344,02:11:28
840,ANASTASIA PEACHEY,2236,02:11:28,GBR,20-29,139,Female,345,02:11:28
841,ALICE O'SULLIVAN,2204,02:11:29,NZL,40-49,63,Female,346,02:11:29
842,EVIE FEIERABEND,1474,02:11:40,NZL,20-29,140,Female,347,02:11:40
843,KRISTEN ROSENBROOK,2356,02:11:40,NZL,30-39,104,Female,348,02:11:40
844,ANNA HAWKES,1677,02:11:41,NZL,40-49,64,Female,349,02:11:41
845,HANNAH MACKAY,1965,02:11:51,NZL,20-29,141,Female,350,02:11:51
846,EMMA SPIERS,2506,02:11:55,NZL,20-29,142,Female,351,02:11:55
847,MEG MACASKILL,1951,02:11:59,NZL,20-29,143,Female,352,02:11:59
848,GEOFF ESTERMAN,1451,02:12:00,NZL,60-69,11,Male,496,02:12:00
849,CHARLOTTE BARRY,1080,02:12:00,NZL,40-49,65,Female,353,02:12:00
850,JACK BULLICK,1190,02:12:01,NZL,20-29,166,Male,497,02:12:01
851,TASJA HAWTHORNE,1681,02:12:05,NZL,50-59,30,Female,354,02:12:05
852,LAUREN HOLLOWAY,1728,02:12:18,NZL,20-29,144,Female,355,02:12:18
853,MATT BISHOP,1122,02:12:19,NZL,40-49,84,Male,498,02:12:19
854,RAJU GANDA,1541,02:12:21,NZL,60-69,12,Male,499,02:12:21
855,KIMBERLEY TIMMINS,2594,02:12:26,NZL,40-49,66,Female,356,02:12:26
856,DUNCAN TIMMINS,2593,02:12:26,NZL,40-49,85,Male,500,02:12:26
857,FRANCES HU,1746,02:12:32,NZL,50-59,31,Female,357,02:12:32
858,ABBIE SCHURINK,2405,02:12:34,NZL,30-39,105,Female,358,02:12:34
859,LAUREN DENNY,3720,02:12:41,NZL,30-39,106,Female,359,02:12:41
860,TE EKE HAAPU,1628,02:12:43,NZL,30-39,181,Male,501,02:12:43
861,DUNE OCAY,2189,02:12:46,NZL,20-29,145,Female,360,02:12:46
862,ZACHARY BENHAM,1102,02:12:48,GBR,30-39,182,Male,502,02:12:48
863,JACQUI SINCLAIR,2453,02:12:51,NZL,50-59,32,Female,361,02:12:51
864,JAN BENZON CHAN,1243,02:12:53,NZL,30-39,183,Male,503,02:12:53
865,STEPHANIE HUNT,1756,02:13:02,NZL,30-39,107,Female,362,02:13:02
866,ANNA PENNINGTON,2835,02:13:03,GBR,20-29,146,Female,363,02:13:03
867,SARAH PICKERSGILL,2254,02:13:11,NZL,50-59,33,Female,364,02:13:11
868,JAN MCPHAIL,2062,02:13:12,NZL,60-69,5,Female,365,02:13:12
869,CAT EDWARDS,1434,02:13:16,NZL,20-29,147,Female,366,02:13:16
870,ANDREW LYNCH,1943,02:13:19,NZL,50-59,45,Male,504,02:13:19
871,ANTHONY TAYLOR,2555,02:13:20,NZL,30-39,184,Male,505,02:13:20
872,EILEEN MILLS,2089,02:13:25,NZL,60-69,6,Female,367,02:13:25
873,FIONA SHERWIN,2438,02:13:28,NZL,40-49,67,Female,368,02:13:28
874,YAHAIRA WILLIAMS,2882,02:13:29,NZL,20-29,148,Female,369,02:13:29
875,CARLA PORTELLI,2268,02:13:29,NZL,50-59,34,Female,370,02:13:29
876,EMMA BARNES,1072,02:13:31,NZL,20-29,149,Female,371,02:13:31
877,MELISSA DU TOIT,1410,02:13:33,NZL,20-29,150,Female,372,02:13:33
878,SONIA MIJATOV,2081,02:13:36,HRV,20-29,151,Female,373,02:13:36
879,STACEY SPARKS,2929,02:13:36,NZL,50-59,35,Female,374,02:13:36
880,JOSHUA SHANLEY,2936,02:13:40,NZL,40-49,86,Male,506,02:13:40
881,SUSAN BANNISTER,1067,02:13:42,NZL,40-49,68,Female,375,02:13:42
882,MASON MURROW,2148,02:13:44,NZL,20-29,167,Male,507,02:13:44
883,LEANNE HAMMOND,1641,02:13:46,NZL,40-49,69,Female,376,02:13:46
884,KYLIE KELLAND,1814,02:13:52,NZL,30-39,108,Female,377,02:13:52
885,GRACE COOMBER,1294,02:13:56,NZL,20-29,152,Female,378,02:13:56
886,BROOKE MARTIN,1986,02:13:58,NZL,20-29,153,Female,379,02:13:58
887,JANA HAMRALOVA,1642,02:13:59,CZE,30-39,109,Female,380,02:13:59
888,GUY MEECH,2068,02:14:02,NZL,50-59,46,Male,508,02:14:02
889,HELEN STEWART,2525,02:14:02,GBR,40-49,70,Female,381,02:14:02
890,GRACE DAVIDSON,1353,02:14:07,NZL,40-49,71,Female,382,02:14:07
891,JESS WILLIAMS,2724,02:14:08,NZL,30-39,110,Female,383,02:14:08
892,DAVE WASLEY,2673,02:14:20,NZL,40-49,87,Male,509,02:14:20
893,HAZEL WONG,2749,02:14:25,NZL,40-49,72,Female,384,02:14:25
894,MAY NING,2177,02:14:25,NZL,40-49,73,Female,385,02:14:25
895,ANNIE JERLING,1784,02:14:28,NZL,50-59,36,Female,386,02:14:28
896,NICOLA GEE,1552,02:14:35,NZL,30-39,111,Female,387,02:14:35
897,ORLA DONAGHY,1390,02:14:42,GBR,20-29,154,Female,388,02:14:42
898,HAYLEY MCLEAN,2052,02:14:44,NZL,30-39,112,Female,389,02:14:44
899,DOMINIC WILSON,2741,02:14:50,NZL,30-39,185,Male,510,02:14:50
900,SHEZ MIHLAR,2080,02:14:52,NZL,20-29,155,Female,390,02:14:52
901,GRETCHEN WILLIAMSON,2731,02:14:52,NZL,40-49,74,Female,391,02:14:52
902,NATASHA BURNETT,1193,02:14:53,NZL,40-49,75,Female,392,02:14:53
903,EMMA GROOMBRIDGE,1618,02:14:56,NZL,20-29,156,Female,393,02:14:56
904,KEVIN MARTIN,1992,02:14:56,NZL,60-69,13,Male,511,02:14:56
905,RUTH BEERE,1093,02:14:56,NZL,40-49,76,Female,394,02:14:56
906,EMILY DAVIDSON,1352,02:14:59,NZL,40-49,77,Female,395,02:14:59
907,BRAXTON DINNAN,1384,02:15:00,NZL,20-29,157,Female,396,02:15:00
908,MADISON WIFFEN,2708,02:15:02,NZL,20-29,158,Female,397,02:15:02
909,JAN KENDALL,254,02:15:03,NZL,60-69,7,Female,398,02:15:03
910,ANDREW KIBBLEWHITE,1832,02:15:05,NZL,50-59,47,Male,512,02:15:05
911,VALERIA TOKOAR,2900,02:15:07,NZL,30-39,113,Female,399,02:15:07
912,LIAM WILD,2873,02:15:07,NZL,20-29,168,Male,513,02:15:07
913,NICOLA HUBBARD,2801,02:15:11,NZL,30-39,114,Female,400,02:15:11
914,HANNAH HUNT,1754,02:15:18,NZL,20-29,159,Female,401,02:15:18
915,STEPHANIE WIDODO,2707,02:15:20,NZL,30-39,115,Female,402,02:15:20
916,ARCHIE HUGHES,1751,02:15:20,AUS,30-39,186,Male,514,02:15:20
917,IRIS MCGARVA,2031,02:15:20,NZL,20-29,160,Female,403,02:15:20
918,GARETH GREER,1607,02:15:26,NZL,30-39,187,Male,515,02:15:26
919,SOPHIE GREER,1606,02:15:26,NZL,30-39,116,Female,404,02:15:26
920,PAUL SCHRADER,2401,02:15:29,NZL,50-59,48,Male,516,02:15:29
921,SUZANNE ROBERTSON,2338,02:15:41,NZL,50-59,37,Female,405,02:15:41
922,MARIE PHILLIPS,2253,02:15:45,AUS,40-49,78,Female,406,02:15:45
923,KRISTEN CLARKE,2833,02:15:46,NZL,40-49,79,Female,407,02:15:46
924,JESSICA SCOTT,2411,02:15:47,NZL,30-39,117,Female,408,02:15:47
925,SAM BOUCHER,1141,02:15:48,NZL,20-29,169,Male,517,02:15:48
926,JEFFREY PORTELLI,2269,02:15:51,USA,60-69,14,Male,518,02:15:51
927,DYLAN WAKEFIELD,2649,02:15:52,NZL,30-39,188,Male,519,02:15:52
928,CHARLOTTE GRIEVE,1610,02:15:56,NZL,20-29,161,Female,409,02:15:56
929,ANNA BECROFT,1091,02:16:02,NZL,20-29,162,Female,410,02:16:02
930,CRAIG WALTON,2665,02:16:02,NZL,60-69,15,Male,520,02:16:02
931,KATE DE LAUTOUR,1366,02:16:02,NZL,30-39,118,Female,411,02:16:02
932,BRIDGETTE PEAL,2238,02:16:02,NZL,40-49,80,Female,412,02:16:02
933,BRIAN FERGUSON,1478,02:16:12,NZL,50-59,49,Male,521,02:16:12
934,JUDIE ORAIZ CLIMIE,1277,02:16:12,NZL,30-39,119,Female,413,02:16:12
935,BAYLEY MACDONALD,1952,02:16:15,NZL,20-29,163,Female,414,02:16:15
936,CAM OSBORNE,2959,02:16:17,NZL,30-39,189,Male,522,02:16:17
937,ADAM JENKINS,1780,02:16:18,NZL,30-39,190,Male,523,02:16:18
938,REBECCA ROCKE,2950,02:16:18,NZL,40-49,81,Female,415,02:16:18
939,CALEB STORY,2526,02:16:28,NZL,20-29,170,Male,524,02:16:28
940,ALICE BELL,1095,02:16:29,NZL,30-39,120,Female,416,02:16:29
941,CHARLOTTE KIDDLE,1833,02:16:31,NZL,30-39,121,Female,417,02:16:31
942,HEMI WHAANGA,2689,02:16:34,NZL,50-59,50,Male,525,02:16:34
943,LIBBY DEAN,2843,02:16:37,NZL,20-29,164,Female,418,02:16:37
944,CHIYORI YASU,2776,02:16:40,JPN,20-29,165,Female,419,02:16:40
945,RACHEL CARROLL,1225,02:16:43,GBR,20-29,166,Female,420,02:16:43
946,HANNAH DU PLESSIS,1405,02:16:44,NZL,40-49,82,Female,421,02:16:44
947,SAMANTHA ROBERTSON,2335,02:16:45,NZL,20-29,167,Female,422,02:16:45
948,MONICA BAE,1051,02:16:45,NZL,20-29,168,Female,423,02:16:45
949,MATILDA HOFFMAN-WALL,1721,02:16:49,NZL,20-29,169,Female,424,02:16:49
950,PAUL DE ROSE,1370,02:16:52,NZL,30-39,191,Male,526,02:16:52
951,NICOLA SMITH,2474,02:16:52,NZL,40-49,83,Female,425,02:16:52
952,MAHESH PANDIT,2217,02:17:02,NZL,40-49,88,Male,527,02:17:02
953,SUSAN VATHER,2638,02:17:04,NZL,40-49,84,Female,426,02:17:04
954,MARCIA NELSON,2161,02:17:07,NZL,40-49,85,Female,427,02:17:07
955,JO-MARI DU PLESSIS,1406,02:17:11,NZL,30-39,122,Female,428,02:17:11
956,NICOLETTE OWEN,2209,02:17:14,NZL,20-29,170,Female,429,02:17:14
957,KRYSTA FREW,2937,02:17:15,NZL,30-39,123,Female,430,02:17:15
958,ANN COPLESTONE,1299,02:17:18,NZL,60-69,8,Female,431,02:17:18
959,SOPHIE BROCKELSBY,2970,02:17:19,NZL,20-29,171,Female,432,02:17:19
960,KARIN DALGLEISH,1343,02:17:22,NZL,60-69,9,Female,433,02:17:22
961,JOSIE FITZSIMONS,1497,02:17:35,NZL,30-39,124,Female,434,02:17:35
962,JOHN LEWIS,1908,02:17:40,NZL,50-59,51,Male,528,02:17:40
963,ALANNAH HOLT,1731,02:17:45,NZL,30-39,125,Female,435,02:17:45
964,LILY JUNG-PUGH,1800,02:17:48,NZL,20-29,172,Female,436,02:17:48
965,SARAH HENDERSON,1692,02:17:48,NZL,40-49,86,Female,437,02:17:48
966,EMMA NICOLL,2173,02:17:49,NZL,40-49,87,Female,438,02:17:49
967,SINEA NICOLSON,2174,02:17:54,NZL,20-29,173,Female,439,02:17:54
968,NEIL RENOWDEN,2317,02:17:55,NZL,30-39,192,Male,529,02:17:55
969,JINNY AMOS,1019,02:17:57,NZL,40-49,88,Female,440,02:17:57
970,AMY JOHNSTON,1789,02:18:04,NZL,20-29,174,Female,441,02:18:04
971,ANNEMARIE WINTERS,2744,02:18:07,NZL,40-49,89,Female,442,02:18:07
972,CAITLIN ADLAM,1005,02:18:17,NZL,20-29,175,Female,443,02:18:17
973,JANNEKE SWANEPOEL,2537,02:18:20,ZAF,30-39,126,Female,444,02:18:20
974,ANNA BIGENI,1118,02:18:21,NZL,30-39,127,Female,445,02:18:21
975,KATE MCCABE,2010,02:18:31,NZL,20-29,176,Female,446,02:18:31
976,DANI BACON,1049,02:18:39,NZL,40-49,90,Female,447,02:18:39
977,SHARYN MURPHY,2141,02:18:39,NZL,50-59,38,Female,448,02:18:39
978,SIOBHANE CHARLTON,2885,02:18:47,NZL,30-39,128,Female,449,02:18:47
979,SARAH HARRIS,1659,02:18:56,NZL,50-59,39,Female,450,02:18:56
980,AMANDA HERON-BEST,1698,02:18:57,NZL,30-39,129,Female,451,02:18:57
981,ALANA KLEIN,1851,02:19:00,NZL,20-29,177,Female,452,02:19:00
982,JANICE HO,1712,02:19:00,NZL,20-29,178,Female,453,02:19:00
983,NIKKI LAW,1892,02:19:05,NZL,30-39,130,Female,454,02:19:05
984,FIONA BAILEY,1054,02:19:08,NZL,50-59,40,Female,455,02:19:08
985,ROLAND HANCOCK,1645,02:19:08,NZL,50-59,52,Male,530,02:19:08
986,VICTOR DU PREEZ,1408,02:19:09,NZL,30-39,193,Male,531,02:19:09
987,BARRY COFFEY,1283,02:19:11,NZL,50-59,53,Male,532,02:19:11
988,ANDREW LYSAGHT,1949,02:19:13,NZL,40-49,89,Male,533,02:19:13
989,MARY-ANNE LINDSAY,1914,02:19:15,NZL,60-69,10,Female,456,02:19:15
990,JUSTINE MERCER-MOORE,2795,02:19:17,AUS,50-59,41,Female,457,02:19:17
991,STEPHEN WISE,2746,02:19:25,NZL,40-49,90,Male,534,02:19:25
992,SONNA NARAYANAN,2154,02:19:25,NZL,20-29,179,Female,458,02:19:25
993,CLAIRE WOOD,2750,02:19:28,NZL,30-39,131,Female,459,02:19:28
994,NATALIE HILLIS,1708,02:19:50,CAN,20-29,180,Female,460,02:19:50
995,WILLIAM PETERSEN,2904,02:19:55,NZL,30-39,194,Male,535,02:19:55
996,S P CHUA,1259,02:20:02,NZL,50-59,42,Female,461,02:20:02
997,BROUGHTON TUPARA,593,02:20:04,NZL,30-39,195,Male,536,02:20:04
998,ALICE JENSEN,1783,02:20:06,NZL,20-29,181,Female,462,02:20:06
999,NICOLAS ROGERS,2347,02:20:07,NZL,40-49,91,Male,537,02:20:07
1000,ANNA KANG,1806,02:20:07,NZL,30-39,132,Female,463,02:20:07
1001,YILIN LEE,1899,02:20:13,TWN,30-39,196,Male,538,02:20:13
1002,PATRICK SELLARS,2417,02:20:14,NZL,30-39,197,Male,539,02:20:14
1003,ELIZABETH CHOYCE,1258,02:20:17,GBR,30-39,133,Female,464,02:20:17
1004,JENNY CHEONG,1253,02:20:17,NZL,30-39,134,Female,465,02:20:17
1005,SASHA LASCELLES,1888,02:20:18,NZL,20-29,182,Female,466,02:20:18
1006,NICHOLAS WILLIAMS,2725,02:20:19,NZL,20-29,171,Male,540,02:20:19
1007,OLLIE WOOD,2753,02:20:21,NZL,20-29,172,Male,541,02:20:21
1008,ANNA THOROUGHGOOD,2587,02:20:23,NZL,20-29,183,Female,467,02:20:23
1009,HANNAH MONAGHAN,2101,02:20:30,NZL,20-29,184,Female,468,02:20:30
1010,SHINWON KIM,1836,02:20:37,KOR,30-39,135,Female,469,02:20:37
1011,MELISSA MCCORMACK,2018,02:20:43,NZL,20-29,185,Female,470,02:20:43
1012,BRENDON BARTLEY,2850,02:20:52,NZL,40-49,92,Male,542,02:20:52
1013,AL JAMISON,1773,02:20:58,NZL,50-59,54,Male,543,02:20:58
1014,STEPHANIE MILNE,2090,02:20:59,NZL,30-39,136,Female,471,02:20:59
1015,JUSTINE ARASARATNAM,1031,02:20:59,NZL,50-59,43,Female,472,02:20:59
1016,SHAYNE CRABTREE,1315,02:21:05,NZL,60-69,16,Male,544,02:21:05
1017,CHRIS WILSON,2736,02:21:10,NZL,60-69,11,Female,473,02:21:10
1018,KATHRYN MOUNTAIN,2124,02:21:11,NZL,40-49,91,Female,474,02:21:11
1019,MATT BEAUMONT,2844,02:21:13,NZL,20-29,173,Male,545,02:21:13
1020,NICOLE DEALEY,1372,02:21:19,NZL,20-29,186,Female,475,02:21:19
1021,RENEE MARSHALL,1985,02:21:19,NZL,30-39,137,Female,476,02:21:19
1022,JENNY SIMPSON,2447,02:21:20,NZL,20-29,187,Female,477,02:21:20
1023,ABI CLARKE,1265,02:21:28,NZL,20-29,188,Female,478,02:21:28
1024,WARREN MORRITT,2119,02:21:28,NZL,50-59,55,Male,546,02:21:28
1025,STACEY WOODWARD,2764,02:21:40,NZL,40-49,92,Female,479,02:21:40
1026,NICOLA HIBBERD,1699,02:21:45,NZL,30-39,138,Female,480,02:21:45
1027,MONIQUE DONALD,1391,02:22:15,AUS,50-59,44,Female,481,02:22:15
1028,EMMA SANDS,2387,02:22:21,NZL,30-39,139,Female,482,02:22:21
1029,ANDY KERR,1827,02:22:24,NZL,50-59,56,Male,547,02:22:24
1030,JO WRIGHT,2768,02:22:29,NZL,30-39,140,Female,483,02:22:29
1031,MICHELLE BOUND,1142,02:22:42,NZL,40-49,93,Female,484,02:22:42
1032,HUGH CHESTERMAN,1255,02:22:44,NZL,20-29,174,Male,548,02:22:44
1033,TOBY MAYERS,2004,02:22:45,NZL,30-39,198,Male,549,02:22:45
1034,CRAIG THOMAS,2568,02:22:45,NZL,30-39,199,Male,550,02:22:45
1035,ANGUS BEWS,1112,02:22:45,NZL,20-29,175,Male,551,02:22:45
1036,TINA BRAY,1159,02:22:48,NZL,50-59,45,Female,485,02:22:48
1037,EMMA JARVIS,2894,02:22:50,NZL,16-19,9,Female,486,02:22:50
1038,LEE SATURN VILLANUEVA,2828,02:22:57,PHL,20-29,176,Male,552,02:22:57
1039,KALEB KRAUSE,1861,02:23:08,NZL,40-49,93,Male,553,02:23:08
1040,MARCUS JACKSON,1767,02:23:12,NZL,20-29,177,Male,554,02:23:12
1041,BLAIR ALABASTER,2960,02:23:15,NZL,40-49,94,Male,555,02:23:15
1042,SANDY ANDERSON,1021,02:23:17,NZL,60-69,12,Female,487,02:23:17
1043,ALLY JACKSON,2818,02:23:28,NZL,20-29,189,Female,488,02:23:28
1044,MARIE CANNON,1217,02:23:35,NZL,60-69,13,Female,489,02:23:35
1045,ALEXANDRA DICKSON,1383,02:23:38,NZL,20-29,190,Female,490,02:23:38
1046,RAY HASTE,1669,02:23:40,NZL,50-59,57,Male,556,02:23:40
1047,IRENE VAN DYK,2634,02:23:41,NZL,50-59,46,Female,491,02:23:41
1048,BIANCA VAN DYK,2633,02:23:41,NZL,20-29,191,Female,492,02:23:41
1049,EVANGELINE LANGLANDS,1883,02:23:47,NZL,20-29,192,Female,493,02:23:47
1050,JACOB PARKES,2223,02:23:49,NZL,40-49,95,Male,557,02:23:49
1051,CHERYL NEWMAN,2170,02:23:56,NZL,40-49,94,Female,494,02:23:56
1052,MADDISON BOWEN,1145,02:23:58,NZL,20-29,193,Female,495,02:23:58
1053,ANNA FOLLETT,1503,02:24:04,NZL,40-49,95,Female,496,02:24:04
1054,JAMES MORIARTY,2110,02:24:26,NZL,30-39,200,Male,558,02:24:26
1055,KAREN NIETHE,2175,02:24:33,NZL,40-49,96,Female,497,02:24:33
1056,MELANIE DAVIS,2932,02:24:34,NZL,40-49,97,Female,498,02:24:34
1057,LAND SON,3670,02:24:35,NZL,30-39,201,Male,559,02:24:35
1058,MARCO ALVAREZ RIVERA,2840,02:24:36,CHL,30-39,202,Male,560,02:24:36
1059,JACINTA STRAKER,2527,02:24:37,NZL,40-49,98,Female,499,02:24:37
1060,BERNARD BOWDEN,1143,02:24:40,NZL,70+,5,Male,561,02:24:40
1061,HUGO THOMSON,2580,02:24:42,NZL,20-29,178,Male,562,02:24:42
1062,SHAKIRAH GREEN,1602,02:24:59,NZL,20-29,194,Female,500,02:24:59
1063,GENEVIEVE SAHLIE,2380,02:25:04,NZL,20-29,195,Female,501,02:25:04
1064,EMMA KRUSZONA,1864,02:25:15,NZL,20-29,196,Female,502,02:25:15
1065,SUZIE BENNETT,1104,02:25:17,NZL,30-39,141,Female,503,02:25:17
1066,CATHERINE MCDONALD,2026,02:25:17,NZL,40-49,99,Female,504,02:25:17
1067,LISA GOODEVE,1585,02:25:17,NZL,40-49,100,Female,505,02:25:17
1068,SUHWAN KIM,1837,02:25:26,KOR,30-39,203,Male,563,02:25:26
1069,TRENT PINET,2256,02:25:31,NZL,30-39,204,Male,564,02:25:31
1070,KAITLYN BARNFATHER,1074,02:25:32,NZL,20-29,197,Female,506,02:25:32
1071,DEUKKYUN CHO,1256,02:25:34,KOR,20-29,179,Male,565,02:25:34
1072,OLAF HIRCZY,1711,02:25:36,NZL,60-69,17,Male,566,02:25:36
1073,JORDAN TAN,2545,02:25:37,NZL,30-39,142,Female,507,02:25:37
1074,ADELE JEFFERIES,1778,02:25:40,NZL,40-49,101,Female,508,02:25:40
1075,LUIZA LIMA,1912,02:25:40,NZL,20-29,198,Female,509,02:25:40
1076,CAROLYN KING,1839,02:25:41,NZL,40-49,102,Female,510,02:25:41
1077,IHAKA PINK,2257,02:25:41,NZL,20-29,180,Male,567,02:25:41
1078,VICKY COTTERELL,1309,02:25:45,NZL,30-39,143,Female,511,02:25:45
1079,PRIYANKA RAJAKUMARAN,2295,02:25:46,NZL,20-29,199,Female,512,02:25:46
1080,TRACEY RENWICK,2318,02:25:48,NZL,40-49,103,Female,513,02:25:48
1081,SEONGEUN HWANG,1761,02:25:48,KOR,20-29,200,Female,514,02:25:48
1082,NINA MICHAELSEN,2076,02:26:04,NZL,30-39,144,Female,515,02:26:04
1083,MICHAEL JENKINSON,1781,02:26:06,NZL,50-59,58,Male,568,02:26:06
1084,CEINWEN MCNEIL,2059,02:26:08,AUS,40-49,104,Female,516,02:26:08
1085,KELLIE HIGGINS,1702,02:26:08,AUS,40-49,105,Female,517,02:26:08
1086,SHIRLEY THOMPSON,2579,02:26:26,AUS,40-49,106,Female,518,02:26:26
1087,NINA MANNERING,1976,02:26:26,NZL,20-29,201,Female,519,02:26:26
1088,NAOMI MANNERING,1975,02:26:26,NZL,20-29,202,Female,520,02:26:26
1089,ORLA SCANLON,2398,02:26:27,NZL,20-29,203,Female,521,02:26:27
1090,FREYA BRUCE,1181,02:26:29,NZL,20-29,204,Female,522,02:26:29
1091,TINEKA VAN DEN HOVEN,2632,02:26:30,NZL,40-49,107,Female,523,02:26:30
1092,DEAN SEWELL,2421,02:26:30,NZL,40-49,96,Male,569,02:26:30
1093,DAVID SHALLCRASS,2426,02:26:36,NZL,60-69,18,Male,570,02:26:36
1094,JAMES FIELD,1484,02:26:55,NZL,30-39,205,Male,571,02:26:55
1095,CHRIS RAMSAY,2298,02:26:56,NZL,30-39,206,Male,572,02:26:56
1096,HANNAH CHOAT,1257,02:27:14,NZL,20-29,205,Female,524,02:27:14
1097,KYLIE YOUNG,2782,02:27:20,NZL,40-49,108,Female,525,02:27:20
1098,ELLA FOREMAN,1509,02:27:31,NZL,20-29,206,Female,526,02:27:31
1099,JAMES KENNETH OVERTON,2207,02:27:37,NZL,30-39,207,Male,573,02:27:37
1100,THOMAS GRANT,2798,02:27:41,NZL,20-29,181,Male,574,02:27:41
1101,ZAHN PHILIP,2249,02:27:41,NZL,20-29,182,Male,575,02:27:41
1102,KIRSTEN RAYNOR,2305,02:27:55,NZL,20-29,207,Female,527,02:27:55
1103,KELLY TRAVERS,2611,02:27:56,NZL,30-39,145,Female,528,02:27:56
1104,GLENYS TRAVERS,2610,02:27:56,NZL,60-69,14,Female,529,02:27:56
1105,LOUISE DALLAS,1344,02:28:02,NZL,50-59,47,Female,530,02:28:02
1106,ERICA FULLERTON,1531,02:28:03,NZL,20-29,208,Female,531,02:28:03
1107,TERRY HERCOCK,1697,02:28:07,NZL,50-59,59,Male,576,02:28:07
1108,TONI LE LIEVRE,1896,02:28:08,NZL,20-29,209,Female,532,02:28:08
1109,TONY SPELMAN,2497,02:28:09,NZL,50-59,60,Male,577,02:28:09
1110,RICK WILLIAMSON,2730,02:28:19,NZL,60-69,19,Male,578,02:28:19
1111,LOUISE WARD,2668,02:28:24,NZL,50-59,48,Female,533,02:28:24
1112,RICHARD HORTON,1742,02:28:25,NZL,50-59,61,Male,579,02:28:25
1113,BRETT HANCOCK,1643,02:28:27,NZL,50-59,62,Male,580,02:28:27
1114,TONI HAWKES-BOARD,1678,02:28:37,NZL,20-29,210,Female,534,02:28:37
1115,JAMIE KERR,1828,02:29:04,NZL,40-49,97,Male,581,02:29:04
1116,RACHEL FISCHER,1489,02:29:15,NZL,20-29,211,Female,535,02:29:15
1117,HUBRE DU TOIT,1409,02:29:16,ZAF,20-29,212,Female,536,02:29:16
1118,PUI-SEE SHADWELL,2423,02:29:22,NZL,40-49,109,Female,537,02:29:22
1119,CRYSTAL-MARI GELDENHUYS,1553,02:29:24,NZL,30-39,146,Female,538,02:29:24
1120,CATHERINE ELVINA,1444,02:29:24,NZL,30-39,147,Female,539,02:29:24
1121,SAMANTHA COLLINS,1287,02:29:27,NZL,20-29,213,Female,540,02:29:27
1122,DANIEL MUNRO,2133,02:29:32,NZL,40-49,98,Male,582,02:29:32
1123,ZOE BEWS-HAIR,1113,02:29:39,NZL,16-19,10,Female,541,02:29:39
1124,JEANETTE RIDDLE,2327,02:29:43,NZL,50-59,49,Female,542,02:29:43
1125,ANDREW RIDDLE,2326,02:29:43,NZL,50-59,63,Male,583,02:29:43
1126,KIRSTEN CROOKE,1325,02:29:46,NZL,40-49,110,Female,543,02:29:46
1127,SIWAN SHAW,2434,02:29:53,NZL,40-49,111,Female,544,02:29:53
1128,MAURA KENNELLY,1824,02:29:58,IRL,30-39,148,Female,545,02:29:58
1129,MARLEEN LOPES VAN DER VOS,1926,02:30:08,NZL,30-39,149,Female,546,02:30:08
1130,SOPHIE SANGSTER,2390,02:30:09,NZL,20-29,214,Female,547,02:30:09
1131,IRINA KISELYOVA,1849,02:30:16,BLR,30-39,150,Female,548,02:30:16
1132,IONE HODGE,1718,02:30:20,NZL,20-29,215,Female,549,02:30:20
1133,CHARLOTTE SPENCE,2498,02:30:34,NZL,20-29,216,Female,550,02:30:34
1134,JESSICA JUST,1802,02:30:39,NZL,20-29,217,Female,551,02:30:39
1135,RACHEL CORBETT,1302,02:30:44,NZL,40-49,112,Female,552,02:30:44
1136,CARISSA KRUTZ,1865,02:30:55,NZL,20-29,218,Female,553,02:30:55
1137,SARAH EYLES,1465,02:30:55,NZL,20-29,219,Female,554,02:30:55
1138,PAMELA MILLARD,2084,02:31:16,NZL,60-69,15,Female,555,02:31:16
1139,JAMES MACINTOSH,1961,02:31:19,NZL,40-49,99,Male,584,02:31:19
1140,PETTRENA WILKINSON,2716,02:31:24,NZL,30-39,151,Female,556,02:31:24
1141,VELIA WOODS,2760,02:31:29,NZL,50-59,50,Female,557,02:31:29
1142,JAKE LIMMER,2868,02:31:31,NZL,20-29,183,Male,585,02:31:31
1143,RUBY RAPHAEL,2301,02:31:34,NZL,16-19,11,Female,558,02:31:34
1144,SARAH ROBINSON,2343,02:31:39,NZL,30-39,152,Female,559,02:31:39
1145,JESS CORSBIE,1307,02:31:39,NZL,40-49,113,Female,560,02:31:39
1146,NICOLA ENGLAND,1446,02:31:43,NZL,30-39,153,Female,561,02:31:43
1147,NATALIE ARNOLD,1039,02:31:49,NZL,30-39,154,Female,562,02:31:49
1148,SEAN BUTCHER,1198,02:31:51,NZL,50-59,64,Male,586,02:31:51
1149,SAMANTHA KNAUF,1854,02:31:52,NZL,30-39,155,Female,563,02:31:52
1150,THEOLA MOODLEY,2104,02:32:03,NZL,40-49,114,Female,564,02:32:03
1151,MADELEINE BELL,1099,02:32:08,NZL,20-29,220,Female,565,02:32:08
1152,ANNA LAMBERT,1878,02:32:14,NZL,20-29,221,Female,566,02:32:14
1153,SOANE MISILOI,2095,02:32:19,NZL,30-39,208,Male,587,02:32:19
1154,HIROE KAWAI,1810,02:32:26,NZL,40-49,115,Female,567,02:32:26
1155,VICTORIA COOPER,1296,02:32:27,NZL,30-39,156,Female,568,02:32:27
1156,HALEY STEPHENS,2891,02:32:55,NZL,20-29,222,Female,569,02:32:55
1157,CARA BERNSTONE,1108,02:32:55,NZL,30-39,157,Female,570,02:32:55
1158,JOSIE MULGREW,2130,02:33:02,NZL,20-29,223,Female,571,02:33:02
1159,MELISHA STOPS,2927,02:33:04,NZL,30-39,158,Female,572,02:33:04
1160,DANIEL CROSSWELL,1327,02:33:21,NZL,20-29,184,Male,588,02:33:21
1161,LAURIE MCMASTER,2057,02:33:33,NZL,40-49,116,Female,573,02:33:33
1162,CHERYL PRICE,2278,02:33:38,NZL,50-59,51,Female,574,02:33:38
1163,ANNA MORETE,2108,02:33:49,NZL,20-29,224,Female,575,02:33:49
1164,BRIAN MCDONNELL,2029,02:33:56,NZL,50-59,65,Male,589,02:33:56
1165,SHANNON TAN,2547,02:33:58,SGP,20-29,225,Female,576,02:33:58
1166,IAN MORTON,3704,02:34:04,NZL,60-69,20,Male,590,02:34:04
1167,ROBYN WOLFSBAUER,3699,02:34:04,NZL,70+,1,Female,577,02:34:04
1168,KATIE ADAMS,2864,02:34:21,NZL,40-49,117,Female,578,02:34:21
1169,MELISSA SPICER,2946,02:34:29,NZL,50-59,52,Female,579,02:34:29
1170,MATTHEW TAN,2546,02:34:31,NZL,30-39,209,Male,591,02:34:31
1171,CHLOE HOPMAN,1737,02:34:40,NZL,30-39,159,Female,580,02:34:40
1172,CALLUM HOBBS-TURNER,1713,02:34:51,NZL,20-29,185,Male,592,02:34:51
1173,KELLY MARTIN,1991,02:34:56,NZL,30-39,160,Female,581,02:34:56
1174,JENNY PRINCE,2279,02:34:56,NZL,50-59,53,Female,582,02:34:56
1175,TALAPO UIVAA,2969,02:35:11,WSM,20-29,186,Male,593,02:35:11
1176,GEZZEL LOUISE REYES,2319,02:35:17,NZL,30-39,161,Female,583,02:35:17
1177,ANNA-LOUISE BROOKMAN,1171,02:35:33,NZL,30-39,162,Female,584,02:35:33
1178,GREG BALLANTYNE,1065,02:35:37,NZL,50-59,66,Male,594,02:35:37
1179,GLENDA ROBERTS,2331,02:35:56,NZL,50-59,54,Female,585,02:35:56
1180,ANGELA SMITH,2466,02:35:58,NZL,30-39,163,Female,586,02:35:58
1181,SARAH JOHNSON,1788,02:36:15,NZL,20-29,226,Female,587,02:36:15
1182,MARCEL TURI,2619,02:36:22,NZL,40-49,100,Male,595,02:36:22
1183,PIIATA HEENAN,1689,02:36:22,NZL,50-59,55,Female,588,02:36:22
1184,DYLAN JAMES,1770,02:36:51,NZL,40-49,101,Male,596,02:36:51
1185,DOUGAL CLARKE,3528,02:37:00,NZL,60-69,21,Male,597,02:37:00
1186,TAHLIA ARMSTRONG,1037,02:37:12,NZL,20-29,227,Female,589,02:37:12
1187,JANE LEE,2908,02:37:15,NZL,70+,2,Female,590,02:37:15
1188,MICHAEL SCALLY,2397,02:37:17,NZL,30-39,210,Male,598,02:37:17
1189,LILI SCALLY,2396,02:37:17,NZL,30-39,164,Female,591,02:37:17
1190,CATHERINE HIKO,1705,02:37:24,NZL,20-29,228,Female,592,02:37:24
1191,REWI POHATU,2261,02:37:25,NZL,30-39,211,Male,599,02:37:25
1192,JUAN ROJAS,2348,02:37:26,COL,30-39,212,Male,600,02:37:26
1193,MARIE FLEMING,1499,02:37:33,NZL,50-59,56,Female,593,02:37:33
1194,JUDE CHAMBERS,1242,02:37:38,NZL,50-59,57,Female,594,02:37:38
1195,SAMUEL TANFIELD,2549,02:37:39,NZL,40-49,102,Male,601,02:37:39
1196,BEN TANFIELD,2548,02:37:40,NZL,40-49,103,Male,602,02:37:40
1197,BEN SORENSEN,2489,02:37:41,NZL,20-29,187,Male,603,02:37:41
1198,EBBA BURTON,1196,02:37:46,NZL,30-39,165,Female,595,02:37:46
1199,MELISSA RUTHERFURD,2374,02:37:52,NZL,30-39,166,Female,596,02:37:52
1200,HARRIET TWINN,2624,02:37:52,NZL,30-39,167,Female,597,02:37:52
1201,HUGO SINGH,2454,02:37:55,NZL,30-39,213,Male,604,02:37:55
1202,AMY RICHARDSON,2323,02:38:01,NZL,20-29,229,Female,598,02:38:01
1203,PHIL SHAKESPEARE,2425,02:38:04,NZL,50-59,67,Male,605,02:38:04
1204,GRACE CALDER,1206,02:38:17,NZL,16-19,12,Female,599,02:38:17
1205,STEPHANIE ERCEG,1449,02:38:20,NZL,40-49,118,Female,600,02:38:20
1206,KIM FEATHERSTONE,1473,02:38:27,NZL,40-49,119,Female,601,02:38:27
1207,REBECCA WRIGHT,2766,02:38:29,NZL,40-49,120,Female,602,02:38:29
1208,RENEE DAWSON,1362,02:38:31,NZL,30-39,168,Female,603,02:38:31
1209,HARRIET SYLVA,2541,02:38:34,NZL,30-39,169,Female,604,02:38:34
1210,KATHLEEN PRATT,2276,02:39:00,NZL,50-59,58,Female,605,02:39:00
1211,MELISSA O'CONNOR,2992,02:39:08,NZL,40-49,121,Female,606,02:39:08
1212,STEPHANIE HIGGINS,1704,02:39:13,NZL,20-29,230,Female,607,02:39:13
1213,SARAH GUTSELL,1626,02:39:18,NZL,16-19,13,Female,608,02:39:18
1214,TARAH DAY,1364,02:39:19,NZL,20-29,231,Female,609,02:39:19
1215,SHARON SPENCER,2501,02:39:41,NZL,50-59,59,Female,610,02:39:41
1216,REBECCA GRAHAM,1592,02:39:44,NZL,20-29,232,Female,611,02:39:44
1217,CHLOE LOVELL-SHANNON,1929,02:40:01,NZL,30-39,170,Female,612,02:40:01
1218,MICHELLE OAKLEY,3705,02:40:06,NZL,50-59,60,Female,613,02:40:06
1219,EIREANN HUDNER,1749,02:40:12,NZL,20-29,233,Female,614,02:40:12
1220,BRIANNA DICKINSON,1381,02:40:13,NZL,20-29,234,Female,615,02:40:13
1221,MALA BISHOP,2859,02:41:14,NZL,40-49,122,Female,616,02:41:14
1222,ELAINE WILSON,2737,02:41:17,NZL,60-69,16,Female,617,02:41:17
1223,DAVID GODDARD,3571,02:41:17,NZL,60-69,22,Male,606,02:41:17
1224,FREINA SANDS,2388,02:41:18,NZL,40-49,123,Female,618,02:41:18
1225,FILI TAPA,2825,02:41:19,NZL,40-49,104,Male,607,02:41:19
1226,ANNA MILDON,2082,02:41:26,NZL,16-19,14,Female,619,02:41:26
1227,DANIKA GRANT,1596,02:41:50,NZL,20-29,235,Female,620,02:41:50
1228,CHRIS WILLIAMS,2719,02:41:50,NZL,50-59,68,Male,608,02:41:50
1229,JAMES BELL,1096,02:41:51,CAN,40-49,105,Male,609,02:41:51
1230,TONYA HARRISON,1662,02:42:11,NZL,30-39,171,Female,621,02:42:11
1231,HAZEL PHILLIPS,2251,02:42:12,NZL,40-49,124,Female,622,02:42:12
1232,EZEKIEL HAUWAHO,1674,02:42:13,NZL,30-39,214,Male,610,02:42:13
1233,ANGELA UNDERWOOD,2627,02:42:15,NZL,30-39,172,Female,623,02:42:15
1234,ABIGALE KEWIN,1830,02:42:45,GBR,20-29,236,Female,624,02:42:45
1235,ERIN JAMES,2837,02:42:55,NZL,30-39,173,Female,625,02:42:55
1236,CIARA MCLEAN,2854,02:43:05,IRL,30-39,174,Female,626,02:43:05
1237,MORAGH GRAHAM,1595,02:43:07,NZL,20-29,237,Female,627,02:43:07
1238,JESS MALLALIEU,1973,02:43:10,NZL,30-39,175,Female,628,02:43:10
1239,TAM RUDD,2366,02:43:23,NZL,40-49,125,Female,629,02:43:23
1240,FIONA DUNFORD,3547,02:43:54,NZL,40-49,126,Female,630,02:43:54
1241,CARLA CARTER,1226,02:43:55,NZL,30-39,176,Female,631,02:43:55
1242,JOHN BOND,1137,02:44:01,NZL,40-49,106,Male,611,02:44:01
1243,PETER FLYNN,3558,02:44:13,NZL,50-59,69,Male,612,02:44:13
1244,SUE GRUNDY,1621,02:44:28,NZL,60-69,17,Female,632,02:44:28
1245,KRYSTAL KRAUS,1860,02:44:34,NZL,20-29,238,Female,633,02:44:34
1246,ROHIT KUMAR,1869,02:44:35,NZL,30-39,215,Male,613,02:44:35
1247,ANDREW SHEARER,2437,02:45:05,NZL,30-39,216,Male,614,02:45:05
1248,SARAN READ,2306,02:45:05,NZL,50-59,61,Female,634,02:45:05
1249,ERYN-LOUISE KYLE-FOULDS,3606,02:45:23,NZL,30-39,177,Female,635,02:45:23
1250,WENDY FOULDS,3562,02:45:24,NZL,60-69,18,Female,636,02:45:24
1251,CHUNGHUA KUO,1871,02:45:42,TWN,40-49,107,Male,615,02:45:42
1252,DEBRA LYNCH,1945,02:45:50,NZL,50-59,62,Female,637,02:45:50
1253,SARAH METWELL,2074,02:46:07,NZL,50-59,63,Female,638,02:46:07
1254,CHARLOTTE DUNNING,1421,02:46:21,NZL,20-29,239,Female,639,02:46:21
1255,JOANNA SPERRING,2503,02:46:25,NZL,30-39,178,Female,640,02:46:25
1256,SARAH HADLEY,1630,02:46:27,NZL,30-39,179,Female,641,02:46:27
1257,SOPHIE WHITE,2702,02:46:34,NZL,16-19,15,Female,642,02:46:34
1258,LIZ ROSEINGRAVE,2354,02:46:37,NZL,30-39,180,Female,643,02:46:37
1259,JESS BROAD,1169,02:46:47,NZL,16-19,16,Female,644,02:46:47
1260,SAMANTHA ANDREW,1023,02:46:58,NZL,40-49,127,Female,645,02:46:58
1261,BRIDGET HANNAN,1647,02:47:08,NZL,20-29,240,Female,646,02:47:08
1262,LOUILY CAMARGO,1209,02:47:21,NZL,20-29,241,Female,647,02:47:21
1263,LISA SOUTHALL,2491,02:47:23,NZL,30-39,181,Female,648,02:47:23
1264,KARLA ROSEWARNE,2357,02:47:24,NZL,40-49,128,Female,649,02:47:24
1265,BERNADETTE SKINNER,3721,02:47:26,NZL,40-49,129,Female,650,02:47:26
1266,EMMA WHITE,2703,02:47:37,NZL,30-39,182,Female,651,02:47:37
1267,PENELOPE MCCULLOUGH,2020,02:47:55,NZL,50-59,64,Female,652,02:47:55
1268,ISABEL ROSS,2358,02:48:01,NZL,30-39,183,Female,653,02:48:01
1269,NATALIE KITTOW,1850,02:48:07,NZL,30-39,184,Female,654,02:48:07
1270,GRACE EGLINTON,1436,02:48:17,NZL,20-29,242,Female,655,02:48:17
1271,MARK ASHBY,2856,02:48:17,NZL,50-59,70,Male,616,02:48:17
1272,ERAINA ATTWOOD,1045,02:48:27,NZL,60-69,19,Female,656,02:48:27
1273,PAIGE BRADEY,1151,02:48:33,NZL,30-39,185,Female,657,02:48:33
1274,JO MAHER,2910,02:48:37,NZL,40-49,130,Female,658,02:48:37
1275,SOPHIE SOWMAN,2494,02:48:39,NZL,40-49,131,Female,659,02:48:39
1276,OLIVIA TIEL,2589,02:48:42,NZL,20-29,243,Female,660,02:48:42
1277,AMANDA DAVIES,1357,02:49:31,NZL,40-49,132,Female,661,02:49:31
1278,PAUL BURKE,1191,02:49:33,NZL,60-69,23,Male,617,02:49:33
1279,REBECCA TILL,2591,02:50:01,NZL,20-29,244,Female,662,02:50:01
1280,GAVIN BROWN,1175,02:50:03,NZL,30-39,217,Male,618,02:50:03
1281,RACHEL SPERRING,2504,02:50:19,NZL,40-49,133,Female,663,02:50:19
1282,SOUMYA MOORTHY,2106,02:50:23,NZL,40-49,134,Female,664,02:50:23
1283,EMMA LYNCH,1946,02:50:31,NZL,30-39,186,Female,665,02:50:31
1284,LISA BECK,1090,02:50:33,NZL,50-59,65,Female,666,02:50:33
1285,SIAN WOODHAM,3700,02:50:34,NZL,30-39,187,Female,667,02:50:34
1286,EWAN FRASER,1522,02:50:52,NZL,50-59,71,Male,619,02:50:52
1287,BERNARD MCCLELLAND,3619,02:52:18,NZL,60-69,24,Male,620,02:52:18
1288,RONALDUS KESSELS,1829,02:52:20,NZL,40-49,108,Male,621,02:52:20
1289,SHERRY O'SULLIVAN,3640,02:52:24,NZL,60-69,20,Female,668,02:52:24
1290,KATHLEEN COMPTON-BEYER,3531,02:52:24,NZL,60-69,21,Female,669,02:52:24
1291,KRYSTAL LIN,3611,02:53:06,NZL,20-29,245,Female,670,02:53:06
1292,ELLIE WOODS,2761,02:53:16,NZL,30-39,188,Female,671,02:53:16
1293,ROSAMOND CONNELLY,1289,02:53:18,NZL,40-49,135,Female,672,02:53:18
1294,JOANNA KAPA,1807,02:53:24,NZL,50-59,66,Female,673,02:53:24
1295,KATE NORRIS,2179,02:53:50,NZL,16-19,17,Female,674,02:53:50
1296,JOHANNA LEIGHTON,1902,02:53:57,NZL,30-39,189,Female,675,02:53:57
1297,HAZEL SIMONS,2445,02:54:11,NZL,40-49,136,Female,676,02:54:11
1298,MERILYN MCCANN,2015,02:54:16,AUS,50-59,67,Female,677,02:54:16
1299,DARRYLL ELIASON,3552,02:54:16,NZL,40-49,109,Male,622,02:54:16
1300,BRADLEY MCCANN,2014,02:54:16,AUS,50-59,72,Male,623,02:54:16
1301,MAUREEN BODDINGTON,2824,02:54:38,NZL,60-69,22,Female,678,02:54:38
1302,ANDREW ETTLES,1453,02:54:56,NZL,20-29,188,Male,624,02:54:56
1303,IZZY FOLEY,1500,02:55:06,GBR,30-39,190,Female,679,02:55:06
1304,CHLOE FOSTER,3561,02:55:48,NZL,30-39,191,Female,680,02:55:48
1305,ANGELA WALLACE,2659,02:56:05,NZL,50-59,68,Female,681,02:56:05
1306,FRASER QUINN,2290,02:56:16,NZL,30-39,218,Male,625,02:56:16
1307,JEANETTE DAVIDSON,1354,02:56:34,NZL,60-69,23,Female,682,02:56:34
1308,MEGAN PAISH,2212,02:56:39,NZL,40-49,137,Female,683,02:56:39
1309,RAEWYNNE ACHTEN,1002,02:56:44,NZL,50-59,69,Female,684,02:56:44
1310,KATE DONOVAN,1395,02:56:52,IRL,20-29,246,Female,685,02:56:52
1311,BETH KREITZER,1862,02:57:11,NZL,40-49,138,Female,686,02:57:11
1312,AMANDA GODDERIDGE,1578,02:57:12,NZL,40-49,139,Female,687,00:00:00
1313,CATH REIMER,3653,02:57:22,ZWE,50-59,70,Female,688,02:57:22
1314,GLYN HODGSON,3586,02:57:23,NZL,60-69,25,Male,626,02:57:23
1315,KELLY BROAD,1170,02:57:43,NZL,40-49,140,Female,689,02:57:43
1316,CAROLINE COLLARD,1285,02:58:02,NZL,30-39,192,Female,690,02:58:02
1317,ROGER GILLATT,3567,02:58:05,NZL,70+,6,Male,627,02:58:05
1318,GONKAMOL DECHCHOTIRAT,1373,02:58:10,THA,40-49,141,Female,691,02:58:10
1319,SHANE RAYNEL,2304,02:58:25,NZL,50-59,73,Male,628,02:58:25
1320,CHRISTINA MARSHALL,2860,02:58:40,NZL,30-39,193,Female,692,02:58:40
1321,JO ELIASON,3553,02:59:18,NZL,40-49,142,Female,693,02:59:18
1322,MURRAY BROWN,1179,02:59:19,NZL,40-49,110,Male,629,02:59:19
1323,KAREN BELL,1098,02:59:30,NZL,40-49,143,Female,694,02:59:30
1324,REBECCA GREENLEES,1605,02:59:43,NZL,50-59,71,Female,695,02:59:43
1325,SUZIE MCCLELLAND,2017,02:59:55,NZL,60-69,24,Female,696,02:59:55
1326,HAYLEIGH WALKER,2656,02:59:57,NZL,30-39,194,Female,697,02:59:57
1327,ANGELA WALKER,2655,03:00:00,NZL,30-39,195,Female,698,03:00:00
1328,ISABELLA BRADLEY,1153,03:00:15,NZL,16-19,18,Female,699,03:00:15
1329,JENNI SNOWDON,2485,03:00:16,NZL,50-59,72,Female,700,03:00:16
1330,DAVID COPESTAKE,1297,03:00:17,NZL,50-59,74,Male,630,03:00:17
1331,TRENT BRADLEY,1154,03:00:17,NZL,40-49,111,Male,631,03:00:17
1332,MEG SNOWDON,2486,03:00:17,NZL,20-29,247,Female,701,03:00:17
1333,LARA TOYNE,3687,03:00:25,NZL,50-59,73,Female,702,03:00:25
1334,BRYCE WEIR,2821,03:00:35,NZL,40-49,112,Male,632,03:00:35
1335,CAMPBELL NELSON,2160,03:00:35,NZL,20-29,189,Male,633,03:00:35
1336,SHEA PONDS,2805,03:00:35,NZL,30-39,219,Male,634,03:00:35
1337,JACK BALL,2820,03:00:35,NZL,30-39,220,Male,635,03:00:35
1338,EMILY STANNARD,2508,03:00:52,NZL,30-39,196,Female,703,03:00:52
1339,NIGEL ROOK,2349,03:01:47,NZL,40-49,113,Male,636,03:01:47
1340,TRACY PAUL-UTIERA,2233,03:02:06,NZL,50-59,74,Female,704,03:02:06
1341,HAYLEY TAWHITI,2554,03:02:14,NZL,40-49,144,Female,705,03:02:14
1342,THANH THAI,2566,03:02:15,NZL,40-49,145,Female,706,03:02:15
1343,JENI HARRISON,1663,03:02:23,NZL,50-59,75,Female,707,03:02:23
1344,NIKK RYNIKER-DOULL,3715,03:02:29,NZL,50-59,76,Female,708,03:02:29
1345,RACHEAL FARMER,1470,03:02:29,NZL,40-49,146,Female,709,03:02:29
1346,ARUNTHY PAVAN,2234,03:02:29,NZL,50-59,77,Female,710,03:02:29
1347,CLAUDIA STERLING,2516,03:03:03,NZL,16-19,19,Female,711,03:03:03
1348,JODI STERLING,3673,03:03:03,NZL,40-49,147,Female,712,03:03:03
1349,EMMA PAIRMAN,2211,03:03:06,NZL,20-29,248,Female,713,03:03:06
1350,REBECCA FULTON,1533,03:03:06,NZL,30-39,197,Female,714,03:03:06
1351,MICHELLE MENZIES,3623,03:03:16,NZL,40-49,148,Female,715,03:03:16
1352,DONNA STARNES,3671,03:03:17,NZL,50-59,78,Female,716,03:03:17
1353,CAITLIN CURLEY,1334,03:03:46,NZL,20-29,249,Female,717,03:03:46
1354,JENNY JAMIESON,2953,03:04:02,NZL,50-59,79,Female,718,03:04:02
1355,TONYA HARTSTONE,3581,03:04:03,NZL,40-49,149,Female,719,03:04:03
1356,CAROLYNN PHILLIPS,2250,03:04:05,NZL,60-69,25,Female,720,03:04:05
1357,AMANDA COULSON,1312,03:04:08,NZL,30-39,198,Female,721,03:04:08
1358,MONIQUE STEAD,3672,03:04:09,NZL,30-39,199,Female,722,03:04:09
1359,KYLIE TAYLOR-KINKEAD,2561,03:04:16,AUS,50-59,80,Female,723,03:04:16
1360,LIZ FRANCE,1519,03:05:05,NZL,60-69,26,Female,724,03:05:05
1361,TIHEMA ROBINSON,2975,03:05:16,NZL,20-29,250,Female,725,03:05:16
1362,SHAKILA WHAANGA,2691,03:05:16,NZL,20-29,251,Female,726,03:05:16
1363,KELLI LALICH,3609,03:05:32,NZL,50-59,81,Female,727,03:05:32
1364,NATASHA TIMMS,3686,03:05:35,NZL,40-49,150,Female,728,03:05:35
1365,KAYLA O'DOWD,2192,03:06:07,NZL,20-29,252,Female,729,03:06:07
1366,SAMANTHA TAAKA,2543,03:06:08,NZL,20-29,253,Female,730,03:06:08
1367,BETHANY MALCOLM,1972,03:06:08,NZL,30-39,200,Female,731,03:06:08
1368,SANDRA CORNELIUS,2958,03:06:15,NZL,50-59,82,Female,732,03:06:15
1369,LYNDSAY BROWNE,3521,03:06:28,NZL,70+,3,Female,733,03:06:28
1370,VANESSA NELSON,2163,03:06:37,NZL,40-49,151,Female,734,03:06:37
1371,LOIS DAWSON-MIKAERE,2962,03:06:39,NZL,60-69,27,Female,735,03:06:39
1372,NATALIA MUNRO,2134,03:06:57,NZL,40-49,152,Female,736,03:06:57
1373,DAVID KENN MABALCON,1950,03:07:46,PHL,20-29,190,Male,637,03:07:46
1374,BARBARA MEAR,2066,03:08:35,NZL,40-49,153,Female,737,03:08:35
1375,SARAH WALMSLEY,2662,03:08:35,NZL,40-49,154,Female,738,03:08:35
1376,AMRINDER SINGH,3667,03:09:12,NZL,30-39,221,Male,638,03:09:12
1377,AMY SHEARS,3708,03:09:15,NZL,30-39,201,Female,739,03:09:15
1378,WILLIAM PARKER,3643,03:09:37,NZL,30-39,222,Male,639,03:09:37
1379,GABBY CASHMORE,3713,03:09:44,NZL,30-39,202,Female,740,03:09:44
1380,ANANT PRAKASH,2273,03:09:57,NZL,40-49,114,Male,640,03:09:57
1381,JO CAMERON,1210,03:10:08,NZL,30-39,203,Female,741,03:10:08
1382,LETITIA STEVENSON,2520,03:10:09,NZL,40-49,155,Female,742,03:10:09
1383,TAMMY JOHNSON,2802,03:10:29,NZL,20-29,254,Female,743,03:10:29
1384,MIYOUNG KIM,1835,03:10:29,NZL,30-39,204,Female,744,03:10:29
1385,VICKI WALKER,2654,03:10:55,NZL,50-59,83,Female,745,03:10:55
1386,SARAH NATION,2899,03:11:30,NZL,40-49,156,Female,746,03:11:30
1387,MARGARET MUIR,3630,03:11:35,NZL,60-69,28,Female,747,03:11:35
1388,LIZ MUIR,3629,03:11:36,NZL,50-59,84,Female,748,03:11:36
1389,DAVID MAPLESDEN,3614,03:11:37,NZL,60-69,26,Male,641,03:11:37
1390,KANE BASS,3714,03:11:39,NZL,30-39,223,Male,642,03:11:39
1391,CHRISTINA HOWARD,3592,03:11:57,NZL,50-59,85,Female,749,03:11:57
1392,PHILLIP HUSBAND,2817,03:12:20,NZL,60-69,27,Male,643,03:12:20
1393,ROSEMARIE WHITE,3693,03:12:24,NZL,60-69,29,Female,750,03:12:24
1394,ROBYN BURNS,3523,03:12:25,NZL,50-59,86,Female,751,03:12:25
1395,SUMMER STAPLES,2509,03:12:41,NZL,40-49,157,Female,752,03:12:41
1396,REBECCA JONES,3598,03:12:42,NZL,40-49,158,Female,753,03:12:42
1397,SOPHIE BREW,1162,03:13:10,NZL,30-39,205,Female,754,03:13:10
1398,SALLY FORBES,3559,03:14:03,NZL,40-49,159,Female,755,03:14:03
1399,GINA HUTCHINSON,3595,03:14:06,NZL,40-49,160,Female,756,03:14:06
1400,TOM BRODIE,3519,03:14:07,NZL,60-69,28,Male,644,03:14:07
1401,DAVE HUTCHINSON,3594,03:14:07,NZL,40-49,115,Male,645,03:14:07
1402,UDARA RANASINGHE,3651,03:14:14,NZL,30-39,224,Male,646,03:14:14
1403,SARAH BUTT,1199,03:14:16,NZL,20-29,255,Female,757,03:14:16
1404,JULIA BELFORD,1094,03:14:41,NZL,30-39,206,Female,758,03:14:41
1405,CYNTHIA NEAL,3633,03:15:05,NZL,40-49,161,Female,759,03:15:05
1406,KIRSTY ELLIS,1442,03:15:35,NZL,50-59,87,Female,760,03:15:35
1407,MELISSA TROCHON,3689,03:15:43,NZL,50-59,88,Female,761,03:15:43
1408,LIESLE THERON,3684,03:15:49,NZL,40-49,162,Female,762,03:15:49
1409,MARTIN HARRINGTON,3580,03:15:54,NZL,50-59,75,Male,647,03:15:54
1410,LISA HARRINGTON,3579,03:15:56,NZL,50-59,89,Female,763,03:15:56
1411,ROSALIE DAVISON,3539,03:16:12,NZL,50-59,90,Female,764,03:16:12
1412,PENELOPE MEADS,3622,03:16:14,NZL,60-69,30,Female,765,03:16:14
1413,RACHAEL KAIRAU,1804,03:16:52,NZL,40-49,163,Female,766,03:16:52
1414,LAUREN COOMBE,3533,03:17:11,NZL,20-29,256,Female,767,03:17:11
1415,NUI OMALLEY,2198,03:17:21,NZL,50-59,76,Male,648,03:17:21
1416,RICHARD KOHEY,1857,03:17:21,NZL,30-39,225,Male,649,03:17:21
1417,MICHELLE O'MALLEY,2199,03:17:22,NZL,50-59,91,Female,768,03:17:22
1418,TANAEYA GOLDSMITH,1583,03:17:39,NZL,20-29,257,Female,769,03:17:39
1419,JOHN-PAUL HOEPO-SCOTT,1720,03:17:39,NZL,20-29,191,Male,650,03:17:39
1420,VAUGHAN WILLIAMS,2964,03:17:43,NZL,40-49,116,Male,651,03:17:43
1421,LISA KELLY,1816,03:17:43,NZL,50-59,92,Female,770,03:17:43
1422,CHARLOTTE COTTRELL,3534,03:18:12,NZL,40-49,164,Female,771,03:18:12
1423,JUSTINE HARDING,3578,03:18:38,NZL,50-59,93,Female,772,03:18:38
1424,ALISON MONTAPERTO-WELLS,3628,03:19:26,NZL,40-49,165,Female,773,03:19:26
1425,LYNDA FORREST,3560,03:19:26,NZL,40-49,166,Female,774,03:19:26
1426,RANJI PRAKASH,2274,03:19:48,NZL,50-59,94,Female,775,03:19:48
1427,SHANE PALMER,2216,03:20:05,NZL,40-49,117,Male,652,03:20:05
1428,LYNN MCBAIN,3618,03:20:13,NZL,60-69,31,Female,776,03:20:13
1429,ELISA COOK,3532,03:20:28,NZL,50-59,95,Female,777,03:20:28
1430,MICHELLE HOUSTON,3591,03:20:32,NZL,50-59,96,Female,778,03:20:32
1431,TALIA SATTLER,3662,03:20:32,NZL,30-39,207,Female,779,03:20:32
1432,JACQUI LUMSDEN,3707,03:20:32,NZL,40-49,167,Female,780,03:20:32
1433,BRETT ENNIS,3554,03:20:49,NZL,60-69,29,Male,653,03:20:49
1434,HEIDI DUNLOP,1416,03:20:54,NZL,30-39,208,Female,781,03:20:54
1435,EMMA HALL,1635,03:20:56,NZL,40-49,168,Female,782,03:20:56
1436,NAINA WATENE,2674,03:20:59,NZL,50-59,97,Female,783,03:20:59
1437,VAIOMATA FETALAIGA,1482,03:21:00,NZL,20-29,258,Female,784,03:21:00
1438,SHARON CADMAN,1204,03:21:01,NZL,50-59,98,Female,785,03:21:01
1439,KATHERINE DURRANT,3549,03:21:27,NZL,50-59,99,Female,786,03:21:27
1440,JENNIFER HOPE,3588,03:21:28,NZL,50-59,100,Female,787,03:21:28
1441,HAMISH DURRANT,3548,03:21:28,NZL,50-59,77,Male,654,03:21:28
1442,VICKI HOPPING,3589,03:21:32,NZL,60-69,32,Female,788,03:21:32
1443,HERA WINITANA,3698,03:21:41,NZL,30-39,209,Female,789,03:21:41
1444,KALESHA ARAIA,3504,03:21:41,NZL,20-29,259,Female,790,03:21:41
1445,GEMMA NICKEL,3634,03:21:48,NZL,30-39,210,Female,791,03:21:48
1446,DAISY BLYTH,1134,03:21:48,NZL,40-49,169,Female,792,03:21:48
1447,ERICA BREWSTER,3709,03:21:49,NZL,40-49,170,Female,793,03:21:49
1448,SZUHSIEN WU,2770,03:22:23,TWN,40-49,118,Male,655,03:22:23
1449,RAY GREENWOOD,3573,03:22:50,NZL,40-49,119,Male,656,03:22:50
1450,KEN DEIHL,2845,03:23:29,NZL,50-59,78,Male,657,03:23:29
1451,KATE COUGHLAN,3535,03:23:44,NZL,60-69,33,Female,794,03:23:44
1452,AL VAN ZONNEVELD,2858,03:23:54,NZL,50-59,79,Male,658,03:23:54
1453,EMMA KARAPETYAN,3600,03:24:13,NZL,30-39,211,Female,795,03:24:13
1454,ISAAC BAKER,2897,03:24:15,NZL,20-29,192,Male,659,03:24:15
1455,KATIE STRATTON,3677,03:24:20,NZL,30-39,212,Female,796,03:24:20
1456,SALLY STRATTON,3678,03:24:21,NZL,50-59,101,Female,797,03:24:21
1457,JOSHUA RHODES,2321,03:24:27,AUS,20-29,193,Male,660,03:24:27
1458,KEITH STEWART,3674,03:24:27,NZL,60-69,30,Male,661,03:24:27
1459,KELLY HENDERSON,3583,03:25:00,NZL,30-39,213,Female,798,03:25:00
1460,JO THOMSON,2583,03:25:06,AUS,50-59,102,Female,799,03:25:06
1461,LINDA SORENSEN,2488,03:25:24,AUS,60-69,34,Female,800,03:25:24
1462,HOLLY CLAYTON,3529,03:26:01,NZL,30-39,214,Female,801,03:26:01
1463,JULIE PETERSON,3648,03:26:02,NZL,60-69,35,Female,802,03:26:02
1464,TIM KAY,3601,03:26:05,NZL,60-69,31,Male,662,03:26:05
1465,DAVE BILDERBECK,3513,03:26:06,NZL,50-59,80,Male,663,03:26:06
1466,IAN ENSOR,3555,03:26:17,NZL,70+,7,Male,664,03:26:17
1467,SUSAN ENSOR,3556,03:26:18,NZL,60-69,36,Female,803,03:26:18
1468,SARAH BICKNELL,3512,03:26:47,NZL,40-49,171,Female,804,03:26:47
1469,RICHARD MCONIE,3621,03:26:49,NZL,50-59,81,Male,665,03:26:49
1470,NATALIE PATERSON,3645,03:27:15,NZL,30-39,215,Female,805,03:27:15
1471,LOUISE GRAY,1597,03:27:16,NZL,40-49,172,Female,806,03:27:16
1472,LEANNE HANSON,3576,03:27:16,NZL,50-59,103,Female,807,03:27:16
1473,STEVEN DAVIES,1359,03:27:19,NZL,40-49,120,Male,666,03:27:19
1474,CHERIE SHARP,2428,03:27:30,NZL,40-49,173,Female,808,03:27:30
1475,AMANDA GARTHWAITE,1546,03:27:32,NZL,40-49,174,Female,809,03:27:32
1476,JODI LOMAX,1924,03:28:37,NZL,40-49,175,Female,810,03:28:37
1477,LINDA OLIVER,3638,03:29:24,NZL,60-69,37,Female,811,03:29:24
1478,MEEGAN BOLLAND,3716,03:29:50,NZL,40-49,176,Female,812,03:29:50
1479,AMANDA GROVES,1620,03:29:55,AUS,50-59,104,Female,813,03:29:55
1480,LAURA MARHAM,3615,03:29:58,NZL,30-39,216,Female,814,03:29:58
1481,BRONWYN FREW,1525,03:29:58,NZL,50-59,105,Female,815,03:29:58
1482,ROB HARBERS,3577,03:30:28,NZL,50-59,82,Male,667,03:30:28
1483,ELISABETH BRUNT,3522,03:30:52,NZL,40-49,177,Female,816,03:30:52
1484,BRAD WALSH,2928,03:31:00,NZL,30-39,226,Male,668,03:31:00
1485,THERESE OLIVER,3718,03:31:48,NZL,40-49,178,Female,817,03:31:48
1486,JOHN OLIVER,3637,03:31:49,NZL,70+,8,Male,669,03:31:49
1487,DAWN HOPE,3717,03:32:28,NZL,60-69,38,Female,818,03:32:28
1488,NELLA STRICKLAND,3679,03:32:28,NZL,40-49,179,Female,819,03:32:28
1489,JANICE TAYLOR,3682,03:32:29,NZL,50-59,106,Female,820,03:32:29
1490,DEBRA KNOX,3605,03:32:30,NZL,60-69,39,Female,821,03:32:30
1491,VICTORIA BLOOMER,3517,03:32:31,NZL,30-39,217,Female,822,03:32:31
1492,SARAH GRIGSBY,1614,03:32:44,NZL,40-49,180,Female,823,03:32:44
1493,MAX WOOD,2752,03:33:26,NZL,20-29,194,Male,670,03:33:26
1494,ANNABEL BATES,1082,03:33:27,NZL,20-29,260,Female,824,03:33:27
1495,ROSALIND CLEWLEY,1276,03:33:47,NZL,40-49,181,Female,825,03:33:47
1496,SOPHIE KIRBY,1847,03:33:48,NZL,20-29,261,Female,826,03:33:48
1497,GERARDINE CLIFFORD-LIDSTONE,3530,03:34:00,NZL,50-59,107,Female,827,03:34:00
1498,KATRINA PETAGNA,3647,03:34:01,NZL,50-59,108,Female,828,03:34:01
1499,VAILA HEDGES,3582,03:34:04,NZL,20-29,262,Female,829,03:34:04
1500,JACOB HEYWARD,3712,03:34:05,NZL,20-29,195,Male,671,03:34:05
1501,CHONTELLE O'CONNOR,3635,03:34:22,NZL,20-29,263,Female,830,03:34:22
1502,ROCHELLE THOMAS,3685,03:34:37,NZL,50-59,109,Female,831,03:34:37
1503,DANIEL DE JESUS,3540,03:34:41,NZL,40-49,121,Male,672,03:34:41
1504,KEITH CRAWLEY,3536,03:34:43,NZL,30-39,227,Male,673,03:34:43
1505,KAY JOHNSON,3597,03:35:08,NZL,60-69,40,Female,832,03:35:08
1506,PAVINDU THANTHREE,3683,03:36:17,NZL,30-39,228,Male,674,03:36:17
1507,JANEY CHAMBERLAIN,1241,03:36:28,NZL,40-49,182,Female,833,03:36:28
1508,JODIE MAIN,1969,03:36:30,NZL,40-49,183,Female,834,03:36:30
1509,SARAH LAKE,3607,03:37:19,NZL,60-69,41,Female,835,03:37:19
1510,MICHELLE BEEDELL,3509,03:37:20,NZL,50-59,110,Female,836,03:37:20
1511,LISA BOWKER,3518,03:37:26,NZL,50-59,111,Female,837,03:37:26
1512,KERRY FLETCHER,3711,03:37:34,NZL,40-49,184,Female,838,03:37:34
1513,MICHELE MCMAHON,3706,03:37:35,IRL,50-59,112,Female,839,03:37:35
1514,AMANDA JUNG,3599,03:37:38,NZL,40-49,185,Female,840,03:37:38
1515,SAMANTHA YORGASON,3701,03:37:39,NZL,40-49,186,Female,841,03:37:39
1516,ELISE SANDKUIJL,3660,03:37:40,NZL,40-49,187,Female,842,03:37:40
1517,MICHELLE GILLIES,3568,03:37:51,NZL,30-39,218,Female,843,03:37:51
1518,MARWATI KARYONO,1809,03:38:38,IDN,30-39,219,Female,844,03:38:38
1519,GAVIN MARSH,1984,03:40:42,NZL,40-49,122,Male,675,03:40:42
1520,BRIDIE HORSFALL,2980,03:41:25,NZL,60-69,42,Female,845,03:41:25
1521,SEAN KOCH,2979,03:41:26,NZL,40-49,123,Male,676,03:41:26
1522,PAMELA PARKER,3642,03:42:13,NZL,50-59,113,Female,846,03:42:13
1523,JANE GADSBY,1537,03:43:11,NZL,50-59,114,Female,847,03:43:11
1524,JENNY RYAN,3657,03:43:59,NZL,60-69,43,Female,848,03:43:59
1525,JENNY MICHIE,3624,03:44:00,NZL,60-69,44,Female,849,03:44:00
1526,ELLENMARIE ZUGEL,3703,03:44:01,NZL,50-59,115,Female,850,03:44:01
1527,CANDICE EVANS,3557,03:45:01,NZL,30-39,220,Female,851,03:45:01
1528,SARA ROWAN,3655,03:45:02,NZL,40-49,188,Female,852,03:45:02
1529,SEO WOO YANG,2775,03:46:14,NZL,30-39,229,Male,677,03:46:14
1530,LISA FRASER,3563,03:46:16,NZL,50-59,116,Female,853,03:46:16
1531,TANYA CELLIERS,3527,03:46:42,NZL,40-49,189,Female,854,03:46:42
1532,HANNAH SCOTT-BENNIE,3664,03:46:42,NZL,20-29,264,Female,855,03:46:42
1533,KIM DAVIES,3538,03:50:29,NZL,50-59,117,Female,856,03:50:29
1534,VICTORIA CASEY,3526,03:50:32,NZL,50-59,118,Female,857,03:50:32
1535,RANUI POULSEN,2272,03:51:00,NZL,40-49,124,Male,678,03:51:00
1536,HSICHI CHEN,1250,03:51:49,TWN,50-59,83,Male,679,03:51:49
1537,GEORGIA HANARA,2793,03:55:08,NZL,20-29,265,Female,858,03:55:08
1538,LYNETTE HARTY,3710,03:55:29,NZL,50-59,119,Female,859,03:55:29
1539,DONNA GIBSON,3566,03:55:29,NZL,40-49,190,Female,860,03:55:29
1540,KIRSTEN OREC,3639,03:55:31,NZL,40-49,191,Female,861,03:55:31
1541,TRACY ANDERSON,3503,03:55:31,NZL,40-49,192,Female,862,03:55:31
1542,SHARON MATTHEWS-SMITH,3617,03:58:39,NZL,40-49,193,Female,863,03:58:39
1543,FLORENCE BLONDEAU,3516,03:58:40,FRA,20-29,266,Female,864,03:58:40
1544,NATASHA HIRA,3585,04:00:33,NZL,30-39,221,Female,865,04:00:33
1545,VERONICA LAPHAM,1884,04:03:42,NZL,50-59,120,Female,866,04:03:42
1546,KIRSTEN MACINTOSH,3613,04:04:59,NZL,40-49,194,Female,867,04:04:59
1547,DEANNA HACKNEY,1629,04:05:00,NZL,40-49,195,Female,868,04:05:00
1548,SERENA ROBERTSON,2336,04:05:00,NZL,40-49,196,Female,869,04:05:00
1549,DEBBIE MILNE,3626,04:06:35,NZL,50-59,121,Female,870,04:06:35
1550,ANN PHILLIPS,3650,04:06:36,NZL,60-69,45,Female,871,04:06:36
1551,FIONA GUNN,3574,04:17:41,NZL,50-59,122,Female,872,04:17:41
1552,CHRISTINA SUNLEY,3681,04:17:41,NZL,40-49,197,Female,873,04:17:41
1553,LEI SUN,3680,04:18:17,NZL,40-49,198,Female,874,04:18:17
1554,KAREN MAECY SANTE,3661,04:18:18,NZL,20-29,267,Female,875,04:18:18
DNS,OLIVIA ABERNETHY,1001,,NZL,20-29,,Female,,
DNS,KATJA ACKERLEY,1003,,NZL,40-49,,Female,,
DNS,TREVOR ADAMS,1004,,AUS,30-39,,Male,,
DNS,MSDDISON AIREY,1007,,NZL,20-29,,Female,,
DNS,ROXANA ALFORD,1015,,NZL,50-59,,Female,,
DNS,NATHAN ALEXANDER,1013,,NZL,20-29,,Male,,
DNS,KIRI ALLAN,1016,,NZL,30-39,,Female,,
DNS,JULIETTE ALLEN,1017,,NZL,30-39,,Female,,
DNS,NICOLAS ALLOO,1018,,NZL,20-29,,Male,,
DNS,LAURA ANDREWS,1025,,NZL,30-39,,Female,,
DNS,MILTON ANDREWS,1024,,NZL,50-59,,Male,,
DNS,SAM ANGLISS,1027,,NZL,30-39,,Male,,
DNS,DAVIS ARAMOANA,1030,,NZL,30-39,,Male,,
DNS,PARIS ARMSTRONG,1035,,NZL,20-29,,Female,,
DNS,JULIE ATKIN,1042,,NZL,40-49,,Female,,
DNS,RAY ATTWOOD,1046,,NZL,60-69,,Male,,
DNS,TIM AUSTEN,1048,,NZL,20-29,,Male,,
DNS,STEPHEN BAKER,1059,,NZL,40-49,,Male,,
DNS,SHIRLEY BAILEY,1055,,NZL,40-49,,Female,,
DNS,BRETT BAKKERUS,1061,,NZL,20-29,,Male,,
DNS,TINEKE BALCOMBE,1062,,NZL,40-49,,Female,,
DNS,DONNA BALDEY,1063,,NZL,50-59,,Female,,
DNS,CATHERINE BARKER,1070,,NZL,40-49,,Female,,
DNS,CAROLINE BARR,1075,,NZL,50-59,,Female,,
DNS,GAVIN BARR,1076,,NZL,50-59,,Male,,
DNS,JORDEN BARRON,1079,,NZL,30-39,,Female,,
DNS,OLIVER BAXTER,1086,,NZL,30-39,,Male,,
DNS,ELLA BENCE,1100,,USA,16-19,,Female,,
DNS,THOMAS BIDNE,1116,,USA,30-39,,Male,,
DNS,PAUL BINGHAM,1119,,NZL,50-59,,Male,,
DNS,GRACIE BISSELL,1123,,NZL,30-39,,Female,,
DNS,SCOTT BISHOP,1121,,NZL,30-39,,Male,,
DNS,AYLA BLAKEY,1129,,NZL,20-29,,Female,,
DNS,ANDREW BOIVIN,1135,,GBR,40-49,,Male,,
DNS,MARK BOON,1138,,NZL,30-39,,Male,,
DNS,VANESSA BOYLE,1148,,NZL,40-49,,Female,,
DNS,AGATHA BRAGA REIS,1155,,BRA,30-39,,Female,,
DNS,ADAM BRAY,1158,,NZL,40-49,,Male,,
DNS,NICK BRANDON,1157,,NZL,30-39,,Male,,
DNS,NATALIE BRIGGS,1165,,NZL,30-39,,Female,,
DNS,MYSTIQUE BROUGHTON,1174,,NZL,30-39,,Female,,
DNS,KATE BROWN,1176,,NZL,30-39,,Female,,
DNS,ELZIVOR BROWN,1178,,NZL,20-29,,Male,,
DNS,CARLEY BRUNNING,1183,,NZL,40-49,,Female,,
DNS,KATRINA BRUNTON,1184,,NZL,40-49,,Female,,
DNS,CRAIG BUCKWELL,1188,,NZL,40-49,,Male,,
DNF,BEN KEEN,1812,,NZL,20-29,,Male,,
DNF,OLLIE MCCULLOUGH,2021,,NZL,20-29,,Male,,