Position,Name,Bib,Time,Category,Category Position,Gender,Gender Position,Split1,Split2,Club
1,Cullern Thorby,2232,1:06:43,Male Open (20-39 Years),1,Male,1,35:42,31:01,
2,Michael Voss,2771,1:09:42,Male Open (20-39 Years),2,Male,2,36:04,33:38,
3,Ben Wilson,2372,1:14:32,Male Teens (13-19 Years),1,Male,3,39:36,34:57,
4,Alex Mackenzie,2609,1:14:55,Male Open (20-39 Years),3,Male,4,40:03,34:51,
5,Ollie Brazier,1110,1:14:56,Male Open (20-39 Years),4,Male,5,39:36,35:20,
6,Campbell Gray,1475,1:15:25,Male Open (20-39 Years),5,Male,6,39:36,35:48,
7,Robbie Lee,1710,1:16:25,Male Open (20-39 Years),6,Male,7,40:05,36:20,
8,Andrew Farquhar,1365,1:17:06,Male Open (20-39 Years),7,Male,8,40:59,36:07,
9,Will O'Connor,2671,1:17:42,Male Open (20-39 Years),8,Male,9,40:53,36:49,
10,Oliver Heal,1542,1:18:13,Male Open (20-39 Years),9,Male,10,40:55,37:18,
11,Joel Stansloski,2734,1:18:18,Male Open (20-39 Years),10,Male,11,41:00,37:18,
12,Barry Watts,2318,1:18:25,Male Master (40-49 Years),1,Male,12,42:01,36:24,BFT Taupō
13,Jamie Reid,2024,1:18:42,Male Open (20-39 Years),11,Male,13,41:34,37:08,
14,Will Alexander,1009,1:18:48,Male Master (40-49 Years),2,Male,14,41:03,37:45,
15,Nathan Martin,2622,1:19:15,Male Master (40-49 Years),3,Male,15,41:53,37:22,
16,Gregory Cameron,1156,1:19:17,Male Open (20-39 Years),12,Male,16,42:03,37:13,
17,Ben Luffman,1756,1:19:45,Male Open (20-39 Years),13,Male,17,42:26,37:19,
18,David Lovelock,2859,1:19:59,Male Open (20-39 Years),14,Male,18,42:28,37:31,
19,Joseph Cantwell,1162,1:20:52,Male Open (20-39 Years),15,Male,19,42:35,38:18,
20,Logan Amey,2430,1:21:31,Male Open (20-39 Years),16,Male,20,43:39,37:52,Amey bros
21,Sarah Gardner,1437,1:21:32,Female Master (40-49 Years),1,Female,1,42:44,38:48,
22,Henry Fox,1408,1:21:41,Male Open (20-39 Years),17,Male,21,43:35,38:06,
23,Miller Ferguson,1375,1:22:40,Male Teens (13-19 Years),2,Male,22,44:36,38:04,Ferguson Family
24,Stewart Morrin,2842,1:22:41,Male Open (20-39 Years),18,Male,23,44:21,38:20,
25,Jacob McLean,2639,1:22:42,Male Master (40-49 Years),4,Male,24,44:21,38:21,
26,Daniel Neumann,2868,1:22:47,Male Open (20-39 Years),19,Male,25,43:33,39:14,
27,EOIN O RATHALLAIGH,1932,1:22:51,Male Master (40-49 Years),5,Male,26,43:39,39:13,
28,Ben Bibby,2795,1:23:13,Male Open (20-39 Years),20,Male,27,43:56,39:16,FYPOS
29,Hayden Brewerton,2451,1:23:29,Male Master (40-49 Years),6,Male,28,44:26,39:03,
30,Adam Berry,2445,1:23:46,Male Master (40-49 Years),7,Male,29,43:49,39:57,
31,Seth Herbert,1554,1:24:57,Male Open (20-39 Years),21,Male,30,44:47,40:10,
32,Shay Dickson,2491,1:24:58,Male Open (20-39 Years),22,Male,31,44:25,40:33,
33,Jan Theron,2222,1:25:08,Male Master (40-49 Years),8,Male,32,44:47,40:21,GetRunning
34,James Tanulak,2744,1:25:21,Male Open (20-39 Years),23,Male,33,45:54,39:27,
35,Anna Williams,2360,1:25:22,Female Open (20-39 Years),1,Female,2,46:07,39:15,Y Marathon Club
36,Simon Swift,2199,1:25:50,Male Master (40-49 Years),9,Male,34,44:57,40:53,
37,Callum Walsh,2303,1:26:18,Male Open (20-39 Years),24,Male,35,44:58,41:20,
38,Carl Robb,2043,1:26:23,Male Master (40-49 Years),10,Male,36,44:27,41:55,
39,Lindsay McCord,1812,1:26:36,Male Master (40-49 Years),11,Male,37,45:04,41:33,
40,Alex de Freitas,1272,1:26:42,Male Master (40-49 Years),12,Male,38,46:12,40:30,
41,Mick McBeth,2632,1:26:52,Male Open (20-39 Years),25,Male,39,45:38,41:14,
42,Brody Matheson,2628,1:27:00,Male Teens (13-19 Years),3,Male,40,45:55,41:05,
43,clark ellice,1351,1:27:10,Male Master (40-49 Years),13,Male,41,46:09,41:01,
44,Jamie Roles,2840,1:27:13,Male Open (20-39 Years),26,Male,42,46:03,41:10,
45,Glenn Forster,2515,1:27:20,Male Veteran (50-59 Years),1,Male,43,46:10,41:11,
46,Courtney Pratt,2690,1:27:27,Female Open (20-39 Years),2,Female,3,46:03,41:23,
47,Dan Bisley,1081,1:27:29,Male Open (20-39 Years),27,Male,44,46:39,40:50,
48,Elijah Lafaele,2595,1:27:39,Male Open (20-39 Years),28,Male,45,46:52,40:47,
49,Adam Ebrahim,2500,1:27:40,Male Open (20-39 Years),29,Male,46,46:09,41:30,Not Fast Just Furious
50,Roy Chi-Kit KAN,1654,1:27:40,Male Master (40-49 Years),14,Male,47,46:37,41:03,
51,Oliver Gilbertson,1454,1:27:42,Male Open (20-39 Years),30,Male,48,46:12,41:30,
52,Henry Moffat,1873,1:27:52,Male Teens (13-19 Years),4,Male,49,46:08,41:44,
53,Hamish Ellingham,1352,1:28:01,Male Open (20-39 Years),31,Male,50,46:27,41:35,
54,Werner Malan,2613,1:28:07,Male Open (20-39 Years),32,Male,51,46:37,41:30,
55,Baptite Raymond Olivier Carrasset,1167,1:28:31,Male Open (20-39 Years),33,Male,52,46:48,41:43,
56,Thomas Deighton,1276,1:28:35,Male Open (20-39 Years),34,Male,53,46:44,41:51,
57,Hannah Knighton,1684,1:28:42,Female Open (20-39 Years),3,Female,4,46:23,42:19,
58,Alex Gilbert,1450,1:29:00,Male Open (20-39 Years),35,Male,54,46:43,42:17,
59,Sam Beale,1064,1:29:00,Male Open (20-39 Years),36,Male,55,46:42,42:18,
60,Tom Libby,1718,1:29:02,Male Open (20-39 Years),37,Male,56,47:43,41:19,GetRunning
61,Jamie Loveridge,1747,1:29:11,Male Open (20-39 Years),38,Male,57,46:08,43:04,
62,Ben Raven,2698,1:29:17,Male Open (20-39 Years),39,Male,58,46:52,42:25,
63,Kieran Dalton,1261,1:29:42,Male Open (20-39 Years),40,Male,59,47:26,42:15,
64,MARK CARRYER,2463,1:29:52,Male Master (40-49 Years),15,Male,60,47:01,42:51,
65,Nathan Carey,1164,1:30:21,Male Master (40-49 Years),16,Male,61,47:30,42:52,
66,Jessica Bray,1109,1:30:36,Female Teens (13-19 Years),1,Female,5,48:46,41:49,
67,Rohan MacMahon,2611,1:30:45,Male Veteran (50-59 Years),2,Male,62,47:27,43:18,
68,Warren Stevens,2181,1:30:56,Male Open (20-39 Years),41,Male,63,47:02,43:53,
69,Sarah Imbush,1612,1:31:07,Female Open (20-39 Years),4,Female,6,46:55,44:12,
70,Veronica Maree,2619,1:31:20,Female Master (40-49 Years),2,Female,7,48:20,43:00,
71,Hugh Abbiss,2858,1:31:29,Male Open (20-39 Years),42,Male,64,48:21,43:08,
72,Ollie Needham,1908,1:31:30,Male Master (40-49 Years),17,Male,65,47:33,43:57,
73,Lucas Peterson,1979,1:31:32,Male Open (20-39 Years),43,Male,66,48:09,43:23,Lake Taupo Chiropractic
74,Jason Dentice,1281,1:31:34,Male Open (20-39 Years),44,Male,67,48:43,42:52,2mile2good
75,Max Timmermans,2239,1:31:39,Male Open (20-39 Years),45,Male,68,48:40,42:59,
76,Hayden White,2344,1:32:01,Male Open (20-39 Years),46,Male,69,49:25,42:36,Lake Taupo Chiropractic
77,Richard Hine,1571,1:32:05,Male Veteran (50-59 Years),3,Male,70,48:42,43:24,Lake Taupo Chiropractic
78,Finn Dunbar,1315,1:32:09,Male Teens (13-19 Years),5,Male,71,47:49,44:21,
79,Gareth Edlin,1332,1:32:22,Male Master (40-49 Years),18,Male,72,48:40,43:42,
80,Ming Lim,1724,1:32:25,Male Open (20-39 Years),47,Male,73,49:37,42:48,
81,Quintin Adlam,2427,1:32:32,Male Open (20-39 Years),48,Male,74,48:02,44:30,
82,CAMERON GRANT MASSIE,2626,1:32:37,Male Open (20-39 Years),49,Male,75,49:38,42:59,
83,Sam Dronsfield,2869,1:32:49,Male Open (20-39 Years),50,Male,76,49:15,43:34,
84,David Prince,2837,1:32:54,Male Open (20-39 Years),51,Male,77,50:22,42:33,
85,Bryn Morgan,1880,1:32:59,Male Teens (13-19 Years),6,Male,78,49:11,43:48,
86,Caleb Waugh,2319,1:33:04,Male Open (20-39 Years),52,Male,79,50:16,42:47,
87,Trent Deighton,1275,1:33:07,Male Open (20-39 Years),53,Male,80,50:29,42:38,
88,Steven Holloway,1590,1:33:13,Male Open (20-39 Years),54,Male,81,46:56,46:17,
89,Joseph Hughes,2562,1:33:16,Male Open (20-39 Years),55,Male,82,49:24,43:52,
90,Marcus Fellowes,2510,1:33:17,Male Veteran (50-59 Years),4,Male,83,48:44,44:33,
91,Damian Jacobs,1622,1:33:21,Male Open (20-39 Years),56,Male,84,49:37,43:44,
92,Will Dekker,2489,1:33:22,Male Open (20-39 Years),57,Male,85,49:55,43:27,
93,Shane Vincent,2770,1:33:24,Male Veteran (50-59 Years),5,Male,86,47:51,45:33,
94,Shaun McFarlane,2637,1:33:32,Male Open (20-39 Years),58,Male,87,48:34,44:57,
95,Alastair Foster,1403,1:33:55,Male Master (40-49 Years),19,Male,88,48:19,45:36,
96,Stein Mandjes,1781,1:34:06,Male Open (20-39 Years),59,Male,89,50:48,43:19,
97,Owen Satchwill,2714,1:34:15,Male Open (20-39 Years),60,Male,90,52:22,41:53,
98,Regan McKiernan,1829,1:34:22,Male Open (20-39 Years),61,Male,91,51:35,42:48,
99,Joshua Solomann,2152,1:34:24,Male Open (20-39 Years),62,Male,92,49:11,45:13,
100,Jake Lambert,2598,1:34:25,Male Open (20-39 Years),63,Male,93,49:58,44:27,
101,Katie Stone,2738,1:34:29,Female Open (20-39 Years),5,Female,8,51:40,42:50,Heart & Sole
102,Kurt Amey,2431,1:34:46,Male Open (20-39 Years),64,Male,94,49:22,45:24,Amey bros
103,Brandon Roberts Roberts,2047,1:34:49,Male Open (20-39 Years),65,Male,95,49:29,45:20,
104,Jonathan Curtis,1253,1:34:55,Male Open (20-39 Years),66,Male,96,50:38,44:17,Lake Taupo Chiropractic
105,Sophie Hine,1572,1:35:05,Female Open (20-39 Years),6,Female,9,51:03,44:02,Lake Taupo Chiropractic
106,Connor Garner,1438,1:35:06,Male Open (20-39 Years),67,Male,97,51:04,44:02,Lake Taupo Chiropractic
107,Josh Keighley,1661,1:35:12,Male Open (20-39 Years),68,Male,98,50:30,44:43,
108,Amy Kalan,2581,1:35:20,Female Master (40-49 Years),3,Female,10,50:30,44:50,
109,Corey Julian,1652,1:35:39,Male Master (40-49 Years),20,Male,99,49:53,45:46,
110,Matt Jensen,1630,1:35:42,Male Veteran (50-59 Years),6,Male,100,49:29,46:13,
111,Michael Thornhill,2233,1:35:52,Male Open (20-39 Years),69,Male,101,51:31,44:21,
112,Shaun McAloon,2631,1:36:01,Male Open (20-39 Years),70,Male,102,49:48,46:13,
113,Bron Healey,2551,1:36:07,Male Veteran (50-59 Years),7,Male,103,50:28,45:40,
114,Blake Candish,2798,1:36:13,Male Teens (13-19 Years),7,Male,104,50:48,45:25,Young and the Breathless
115,Kent Weeks,2326,1:36:17,Male Open (20-39 Years),71,Male,105,49:16,47:01,
116,Todd Cameron,2834,1:36:22,Male Open (20-39 Years),72,Male,106,50:44,45:39,
117,Logan MacKinnon,1772,1:36:24,Male Open (20-39 Years),73,Male,107,51:50,44:34,
118,Josh Pilet,1989,1:36:29,Male Open (20-39 Years),74,Male,108,50:11,46:18,
119,Frederic Guilloux,1492,1:36:31,Male Open (20-39 Years),75,Male,109,49:43,46:49,
120,Blue Wynn,2791,1:36:34,Male Open (20-39 Years),76,Male,110,51:27,45:07,Lake Taupo Chiropractic
121,Jordan Stevenson,2182,1:36:35,Male Open (20-39 Years),77,Male,111,50:32,46:03,
122,Jeremy Lawson,1703,1:36:39,Male Open (20-39 Years),78,Male,112,52:50,43:49,
123,Dessie Gourlay,2527,1:36:39,Male Veteran (50-59 Years),8,Male,113,51:20,45:19,
124,Matthew Hughes,146,1:36:49,Male Open (20-39 Years),79,Male,114,51:22,45:27,
125,Rayne Mokaraka,2650,1:36:56,Male Open (20-39 Years),80,Male,115,51:01,45:56,
126,Brittany Morgan,1884,1:37:03,Female Open (20-39 Years),7,Female,11,51:49,45:14,
127,Matt Cook,1214,1:37:05,Male Open (20-39 Years),81,Male,116,52:01,45:04,
128,Tim Robinson,2704,1:37:05,Male Veteran (50-59 Years),9,Male,117,51:36,45:29,
129,Liam Riches,2702,1:37:06,Male Open (20-39 Years),82,Male,118,52:31,44:36,
130,Jack Harris,2541,1:37:10,Male Open (20-39 Years),83,Male,119,52:22,44:49,
131,Matt Price,2008,1:37:11,Male Open (20-39 Years),84,Male,120,51:33,45:38,
132,Penny Brown,1125,1:37:16,Female Master (40-49 Years),4,Female,12,52:27,44:49,
133,Ethan Te Tai,2214,1:37:19,Male Open (20-39 Years),85,Male,121,52:44,44:35,
134,Daniel Arnott,1030,1:37:26,Male Open (20-39 Years),86,Male,122,51:07,46:19,
135,Daniel Fleming,1385,1:37:34,Male Open (20-39 Years),87,Male,123,51:15,46:20,
136,Harriet Frechtling,1421,1:37:35,Female Open (20-39 Years),8,Female,13,52:14,45:22,GetRunning
137,Maddy Parnwell,2677,1:37:39,Female Open (20-39 Years),9,Female,14,51:05,46:35,
138,Tracy Hill,1567,1:37:42,Female Master (40-49 Years),5,Female,15,52:11,45:31,Y Marathon Club
139,Jack Gorton,1468,1:37:44,Male Open (20-39 Years),88,Male,124,52:41,45:03,
140,Tom Mounsey,1891,1:37:44,Male Master (40-49 Years),21,Male,125,51:46,45:58,2mile2good
141,Richard Cliff,1201,1:37:50,Male Veteran (50-59 Years),10,Male,126,50:34,47:16,
142,Samuel Edens,1331,1:37:53,Male Open (20-39 Years),89,Male,127,52:50,45:03,
143,Brad Hayward,1540,1:37:56,Male Open (20-39 Years),90,Male,128,52:10,45:46,
144,Ben Teekman,2748,1:37:56,Male Teens (13-19 Years),8,Male,129,52:33,45:24,
145,Lukas Helmer,2552,1:37:58,Male Open (20-39 Years),91,Male,130,51:47,46:11,
146,Jarred Williamson,2365,1:38:04,Male Open (20-39 Years),92,Male,131,53:30,44:34,
147,Sam Poulsen,2001,1:38:07,Male Open (20-39 Years),93,Male,132,50:55,47:13,The Trackers
148,Calvin Kwong,1690,1:38:08,Male Open (20-39 Years),94,Male,133,52:24,45:44,
149,Siobhan Griffiths,1484,1:38:08,Female Veteran (50-59 Years),1,Female,16,52:00,46:08,
150,Rosie Blount,1087,1:38:11,Female Open (20-39 Years),10,Female,17,51:59,46:12,
151,Lilli Pritchard,2011,1:38:13,Female Open (20-39 Years),11,Female,18,52:07,46:06,
152,Michael Hughes,2561,1:38:18,Male Open (20-39 Years),95,Male,134,52:26,45:52,
153,Ben Morris,2653,1:38:21,Male Open (20-39 Years),96,Male,135,51:18,47:02,
154,Fatima Wheeler,2341,1:38:23,Female Open (20-39 Years),12,Female,19,53:00,45:22,Lake Taupo Chiropractic
155,Willoughby Fraser,1417,1:38:25,Male Open (20-39 Years),97,Male,136,52:06,46:19,2mile2good
156,Lucy Fleming,1386,1:38:26,Female Open (20-39 Years),13,Female,20,53:45,44:41,
157,Reece Pickering,1986,1:38:35,Male Legend (60-69 Years),1,Male,137,52:08,46:27,
158,Nicole Niehues,1925,1:38:41,Female Master (40-49 Years),6,Female,21,52:18,46:23,
159,Cole Newport,2830,1:38:46,Male Open (20-39 Years),98,Male,138,53:19,45:27,
160,Fynn Mcculloch,2636,1:39:02,Male Open (20-39 Years),99,Male,139,51:05,47:57,
161,Lewis Dunn,2495,1:39:18,Male Open (20-39 Years),100,Male,140,53:46,45:32,
162,George Block,2448,1:39:18,Male Open (20-39 Years),101,Male,141,51:54,47:24,
163,Ben Goodman,1463,1:39:19,Male Open (20-39 Years),102,Male,142,52:40,46:39,
164,Harry Ward,2306,1:39:19,Male Open (20-39 Years),103,Male,143,52:28,46:51,
165,Riley Williamson,2367,1:39:24,Female Open (20-39 Years),14,Female,22,53:36,45:48,
166,Ben O'Neill,2831,1:39:25,Male Open (20-39 Years),104,Male,144,53:20,46:05,
167,zheng ruan,2707,1:39:30,Male Master (40-49 Years),22,Male,145,52:32,46:58,
168,Naomi Boynton,2450,1:39:30,Female Open (20-39 Years),15,Female,23,52:32,46:59,
169,Jodi Burton,2457,1:39:35,Female Open (20-39 Years),16,Female,24,52:59,46:36,
170,BERRIE O'CONNOR,2670,1:39:42,Female Open (20-39 Years),17,Female,25,51:54,47:48,BFT Taupō
171,Guy Harrison,1522,1:39:43,Male Open (20-39 Years),105,Male,146,51:53,47:50,
172,Brad Mosen,2654,1:39:46,Male Open (20-39 Years),106,Male,147,52:40,47:05,
173,Richard Brown,1127,1:39:48,Male Master (40-49 Years),23,Male,148,52:57,46:52,
174,Christina Corbidge,1220,1:39:51,Female Open (20-39 Years),18,Female,26,52:18,47:33,
175,Ross Hanson,1512,1:39:53,Male Open (20-39 Years),107,Male,149,52:54,46:59,
176,Hamish Martin,1790,1:39:54,Male Open (20-39 Years),108,Male,150,53:09,46:45,
177,Leyton Coutts,1227,1:39:56,Male Open (20-39 Years),109,Male,151,53:26,46:30,
178,Elijah Souster,2156,1:39:57,Male Teens (13-19 Years),9,Male,152,52:20,47:37,
179,Jonah Leng,2601,1:39:58,Male Open (20-39 Years),110,Male,153,53:22,46:36,
180,Kyle Hall,1500,1:40:07,Male Master (40-49 Years),24,Male,154,52:34,47:33,
181,Ross Bowie,2449,1:40:16,Male Veteran (50-59 Years),11,Male,155,51:32,48:44,
182,Martin Edwards,1336,1:40:17,Male Veteran (50-59 Years),12,Male,156,54:07,46:10,
183,Max Washer,2773,1:40:21,Male Open (20-39 Years),111,Male,157,53:56,46:25,
184,Li Zhou,2421,1:40:30,Male Master (40-49 Years),25,Male,158,53:12,47:18,
185,Tim Dimock,1289,1:40:33,Male Open (20-39 Years),112,Male,159,52:52,47:41,Team Summit
186,Dan Forder,1394,1:40:36,Male Open (20-39 Years),113,Male,160,54:34,46:02,
187,Russell Evans,1360,1:40:36,Male Veteran (50-59 Years),13,Male,161,52:00,48:36,
188,Matt Pearce,1968,1:40:43,Male Open (20-39 Years),114,Male,162,54:48,45:55,
189,Ben Flighty,2513,1:40:45,Male Open (20-39 Years),115,Male,163,54:29,46:16,
190,Richard Smith,2144,1:40:47,Male Open (20-39 Years),116,Male,164,50:28,50:19,
191,David Wilson,2385,1:40:50,Male Open (20-39 Years),117,Male,165,53:34,47:16,
192,Andy Jensen,1629,1:40:59,Male Veteran (50-59 Years),14,Male,166,52:41,48:18,Lake Taupo Chiropractic
193,Grace Hanlon,2539,1:41:00,Female Open (20-39 Years),19,Female,27,54:11,46:49,
194,Clare Barratt Wood,2865,1:41:08,Female Open (20-39 Years),20,Female,28,51:45,49:23,
195,Michael Wiggill,2349,1:41:11,Male Open (20-39 Years),118,Male,167,52:40,48:31,
196,Oscar Wilson,2785,1:41:24,Male Open (20-39 Years),119,Male,168,52:19,49:05,
197,Jason Ward,2305,1:41:34,Male Open (20-39 Years),120,Male,169,52:41,48:53,
198,Terry Bright,1114,1:41:34,Male Open (20-39 Years),121,Male,170,52:17,49:17,
199,Duaan Beer,1067,1:41:35,Male Open (20-39 Years),122,Male,171,54:33,47:02,
200,Corey Price,2010,1:41:36,Male Open (20-39 Years),123,Male,172,51:27,50:09,
201,Flynn Simpson,2134,1:41:39,Male Open (20-39 Years),124,Male,173,53:42,47:57,
202,Kylee Jacobsen,1623,1:41:41,Female Master (40-49 Years),7,Female,29,54:10,47:32,
203,Jenna Barugh,1061,1:41:45,Female Open (20-39 Years),21,Female,30,53:45,48:00,
204,Micaela Grayson,2529,1:41:49,Female Open (20-39 Years),22,Female,31,52:59,48:50,
205,Riley Beaton,2441,1:41:56,Male Teens (13-19 Years),10,Male,174,55:07,46:49,
206,Stevan Dunn,1321,1:42:01,Male Veteran (50-59 Years),15,Male,175,52:49,49:12,
207,Sanna Jepson,2567,1:42:03,Female Master (40-49 Years),8,Female,32,53:32,48:32,
208,Matthew Fahy,1362,1:42:14,Male Open (20-39 Years),125,Male,176,52:03,50:12,
209,Mitchell Waugh,2320,1:42:18,Male Teens (13-19 Years),11,Male,177,55:44,46:34,
210,Mathew Harty,1531,1:42:22,Male Open (20-39 Years),126,Male,178,55:02,47:20,
211,Emily Richardson,2035,1:42:27,Female Open (20-39 Years),23,Female,33,53:29,48:58,
212,Roy Easton,1326,1:42:36,Male Veteran (50-59 Years),16,Male,179,54:18,48:19,GetRunning
213,Alisha Wilkinson,2357,1:42:37,Female Open (20-39 Years),24,Female,34,54:47,47:50,
214,Oliver Lamb,1694,1:42:46,Male Open (20-39 Years),127,Male,180,53:11,49:35,
215,Steve Jamieson,1625,1:42:47,Male Open (20-39 Years),128,Male,181,53:42,49:05,
216,Vinny Pillay,2687,1:42:52,Male Open (20-39 Years),129,Male,182,53:08,49:44,
217,Nikita Wain,2296,1:42:52,Female Open (20-39 Years),25,Female,35,54:15,48:37,
218,Jack Mather,1802,1:42:59,Male Open (20-39 Years),130,Male,183,51:52,51:08,
219,James Brooking,1120,1:43:03,Male Master (40-49 Years),26,Male,184,57:00,46:03,Lake Taupo Chiropractic
220,ALLYSON PASCUA,1960,1:43:09,Male Open (20-39 Years),131,Male,185,55:00,48:09,
221,Emma Brooks,1122,1:43:15,Female Open (20-39 Years),26,Female,36,53:14,50:01,2mile2good
222,Rob Longuet,1743,1:43:17,Male Open (20-39 Years),132,Male,186,52:12,51:05,
223,Michellie Gourlay,2528,1:43:30,Female Open (20-39 Years),27,Female,37,54:25,49:05,
224,Christopher Kennedy,1668,1:43:41,Male Open (20-39 Years),133,Male,187,56:26,47:15,
225,Vinay Raman,2697,1:43:49,Male Open (20-39 Years),134,Male,188,55:07,48:42,
226,Aimee Elliott,1353,1:43:50,Female Master (40-49 Years),9,Female,38,53:13,50:38,
227,Simon Pritchard,2692,1:43:53,Male Open (20-39 Years),135,Male,189,54:30,49:22,
228,Brad Crawford,1236,1:43:56,Male Master (40-49 Years),27,Male,190,53:17,50:38,Te Puke has beens
229,Thomas Stokes,2817,1:43:58,Male Open (20-39 Years),136,Male,191,53:04,50:54,
230,John Bartley,1057,1:43:58,Male Master (40-49 Years),28,Male,192,53:02,50:57,
231,Peter Lacey,1691,1:44:00,Male Open (20-39 Years),137,Male,193,53:06,50:55,
232,Sam Bentham,2861,1:44:03,Male Open (20-39 Years),138,Male,194,57:31,46:31,
233,Riley Staddon,2170,1:44:03,Male Teens (13-19 Years),12,Male,195,56:18,47:46,
234,Tanya Chan,1176,1:44:09,Female Open (20-39 Years),28,Female,39,54:26,49:43,
235,Jason Brookes,1119,1:44:11,Male Veteran (50-59 Years),17,Male,196,55:30,48:42,
236,Maximus Hawkes,1538,1:44:25,Male Master (40-49 Years),29,Male,197,56:50,47:35,Te Puke has beens
237,Pip Dalley,2484,1:44:26,Female Open (20-39 Years),29,Female,40,53:06,51:19,
238,Louise Soulsby,2154,1:44:27,Female Master (40-49 Years),10,Female,41,54:25,50:02,
239,David Henderson,2860,1:44:32,Male Open (20-39 Years),139,Male,198,57:31,47:01,
240,Cameron Dunn,1322,1:44:32,Male Open (20-39 Years),140,Male,199,55:06,49:26,
241,Abby Fox,1406,1:44:34,Female Open (20-39 Years),30,Female,42,54:39,49:55,
242,Alex Jacobsen,1624,1:44:35,Male Open (20-39 Years),141,Male,200,55:37,48:58,
243,John Tasker,2745,1:44:37,Male Open (20-39 Years),142,Male,201,51:20,53:17,
244,Tim Preston,2007,1:44:37,Male Open (20-39 Years),143,Male,202,55:53,48:44,
245,Sean Carlo Echano,1329,1:44:38,Male Open (20-39 Years),144,Male,203,54:56,49:42,
246,Brad Mancer,2616,1:44:38,Male Open (20-39 Years),145,Male,204,55:30,49:08,
247,Simon Ambridge,1013,1:44:43,Male Legend (60-69 Years),2,Male,205,57:08,47:35,GetRunning
248,Manaaki Kaumoana,2583,1:44:48,Male Open (20-39 Years),146,Male,206,55:02,49:46,
249,Jonny Barton,1060,1:44:59,Male Open (20-39 Years),147,Male,207,55:24,49:36,
250,Christina Needham,1909,1:45:00,Female Veteran (50-59 Years),2,Female,43,54:49,50:12,
251,Jana Puttkammer,2694,1:45:01,Female Open (20-39 Years),31,Female,44,54:42,50:19,
252,Damian Eades,2499,1:45:05,Male Master (40-49 Years),30,Male,208,57:20,47:46,
253,Sharnan Pitcher,1992,1:45:06,Male Open (20-39 Years),148,Male,209,54:58,50:07,Hear4U
254,Cody Sinclair,2845,1:45:10,Male Open (20-39 Years),149,Male,210,55:16,49:54,
255,Donna Maxwell,1805,1:45:12,Female Master (40-49 Years),11,Female,45,55:46,49:27,Night Ninjas
256,Dean Southey,2158,1:45:22,Male Master (40-49 Years),31,Male,211,54:58,50:24,2mile2good
257,Paula Maitland,1777,1:45:26,Female Open (20-39 Years),32,Female,46,55:14,50:13,
258,Ashley Burton,1144,1:45:27,Male Open (20-39 Years),150,Male,212,55:02,50:25,
259,Jono Clement,2473,1:45:29,Male Open (20-39 Years),151,Male,213,55:38,49:51,
260,Danika Tupaea,2261,1:45:31,Female Open (20-39 Years),33,Female,47,54:58,50:33,
261,Bridget Francis,1414,1:45:35,Female Open (20-39 Years),34,Female,48,54:55,50:39,
262,Cory Goodwin,1467,1:45:36,Male Teens (13-19 Years),13,Male,214,55:28,50:08,
263,Douglas Newlands,2660,1:45:38,Male Open (20-39 Years),152,Male,215,53:17,52:20,Hear4U
264,Charlie David,1266,1:45:40,Male Open (20-39 Years),153,Male,216,54:58,50:42,Hear4U
265,James Keeley,2584,1:45:45,Male Teens (13-19 Years),14,Male,217,56:58,48:47,
266,Henry Verstappen,2286,1:45:48,Male Open (20-39 Years),154,Male,218,52:06,53:42,
267,Ben Small,2723,1:45:49,Male Master (40-49 Years),32,Male,219,56:49,49:00,
268,Brittany Small,2890,1:45:49,Female Open (20-39 Years),35,Female,49,56:49,49:00,
269,Laurence Van Dam,2763,1:45:52,Male Veteran (50-59 Years),18,Male,220,56:27,49:25,
270,Josh Korte,2593,1:45:52,Male Teens (13-19 Years),15,Male,221,55:51,50:01,
271,Fern Harper,1517,1:45:53,Female Open (20-39 Years),36,Female,50,55:47,50:05,
272,John-Jacques Malan,1778,1:45:54,Male Open (20-39 Years),155,Male,222,56:01,49:53,
273,Carne Groube,2531,1:45:54,Male Open (20-39 Years),156,Male,223,59:23,46:32,
274,Arola Moreras Marti,1878,1:45:57,Female Open (20-39 Years),37,Female,51,57:17,48:39,
275,Michael Hancock,2538,1:45:58,Male Teens (13-19 Years),16,Male,224,56:18,49:40,Team Hancock
276,Nik Dropulich,2836,1:45:59,Male Open (20-39 Years),157,Male,225,54:42,51:17,
277,Isaac Griffiths,2803,1:46:08,Male Open (20-39 Years),158,Male,226,56:03,50:05,Easter Plans
278,Victoria Cave - Higgins,2465,1:46:13,Female Open (20-39 Years),38,Female,52,56:01,50:12,
279,Wendy Ingham,2564,1:46:16,Female Veteran (50-59 Years),3,Female,53,55:40,50:37,
280,Nikita Adlam,2426,1:46:17,Female Open (20-39 Years),39,Female,54,54:23,51:54,
281,Natalie Richards,2031,1:46:17,Female Master (40-49 Years),12,Female,55,56:05,50:12,
282,Adrian Aplin,1020,1:46:22,Male Open (20-39 Years),159,Male,227,55:36,50:46,
283,Shane Devitt,1284,1:46:25,Male Legend (60-69 Years),3,Male,228,54:44,51:41,
284,Mat Tunnicliffe,2260,1:46:33,Male Master (40-49 Years),33,Male,229,56:48,49:45,
285,Michael Gepp,1447,1:46:34,Male Master (40-49 Years),34,Male,230,52:07,54:27,
286,Sarah Stockton,2189,1:46:40,Female Open (20-39 Years),40,Female,56,56:02,50:38,
287,Sonia Arthur,2433,1:46:41,Female Veteran (50-59 Years),4,Female,57,56:40,50:01,
288,Shane Lyg,2823,1:46:42,Male Legend (60-69 Years),4,Male,231,56:40,50:02,
289,Megan McArthur,1807,1:46:54,Female Open (20-39 Years),41,Female,58,55:40,51:14,
290,Remi Halpin,1506,1:46:55,Male Open (20-39 Years),160,Male,232,53:02,53:53,
291,Yee Tong Lau,2599,1:46:59,Female Open (20-39 Years),42,Female,59,56:00,50:58,
292,Victor Chong,2469,1:47:02,Male Veteran (50-59 Years),19,Male,233,56:01,51:01,
293,cody johnson,1638,1:47:02,Male Open (20-39 Years),161,Male,234,56:23,50:39,
294,Josephine Cutfield,1254,1:47:03,Female Open (20-39 Years),43,Female,60,54:59,52:04,The Cutty Coasters
295,Sammy Scott,2097,1:47:06,Male Open (20-39 Years),162,Male,235,56:48,50:18,
296,Tim Mclay,1832,1:47:08,Male Open (20-39 Years),163,Male,236,56:14,50:55,
297,Tim McBain,1809,1:47:20,Male Master (40-49 Years),35,Male,237,56:49,50:30,
298,Tom Ho,1576,1:47:27,Male Open (20-39 Years),164,Male,238,56:34,50:53,
299,Mike Coutts,1228,1:47:34,Male Veteran (50-59 Years),20,Male,239,56:27,51:07,
300,Cassie Nicholson,1921,1:47:37,Female Open (20-39 Years),44,Female,61,55:42,51:56,Lake Taupo Chiropractic
301,Haylee Balzer,2437,1:47:39,Female Master (40-49 Years),13,Female,62,56:23,51:16,
302,Torben Landl,1697,1:47:41,Male Master (40-49 Years),36,Male,240,56:03,51:38,2mile2good
303,Kirsten Richards,2032,1:47:43,Female Open (20-39 Years),45,Female,63,56:04,51:39,
304,Kylie Fayen,1367,1:47:48,Female Master (40-49 Years),14,Female,64,56:51,50:57,
305,Jake Pemberton,1972,1:47:50,Male Open (20-39 Years),165,Male,241,52:49,55:01,
306,Abigail Liggins,1719,1:47:51,Female Open (20-39 Years),46,Female,65,56:22,51:29,
307,Peter Mann,1783,1:47:55,Male Legend (60-69 Years),5,Male,242,57:04,50:51,
308,Holly Tarrant,2202,1:47:57,Female Open (20-39 Years),47,Female,66,57:09,50:48,
309,Lloyd Shirley,2120,1:48:14,Male Open (20-39 Years),166,Male,243,55:30,52:43,Kia Ora Strength & Conditioning
310,Matthew Hartles,1526,1:48:15,Male Open (20-39 Years),167,Male,244,58:39,49:36,
311,Sam Teppett,217,1:48:17,Male Open (20-39 Years),168,Male,245,57:03,51:14,
312,Thomas Herbison,2851,1:48:22,Male Open (20-39 Years),169,Male,246,56:36,51:45,
313,Peter Cosgrove,1223,1:48:27,Male Veteran (50-59 Years),21,Male,247,56:10,52:17,
314,Con Williams,2361,1:48:28,Male Master (40-49 Years),37,Male,248,55:57,52:31,
315,Rich Drake,1308,1:48:29,Male Master (40-49 Years),38,Male,249,57:02,51:27,
316,Jess Campbell,2797,1:48:30,Female Open (20-39 Years),48,Female,67,57:16,51:14,
317,Lourens Duvenhage,1323,1:48:30,Male Veteran (50-59 Years),22,Male,250,57:34,50:56,
318,Kade Saxton,2815,1:48:33,Male Open (20-39 Years),170,Male,251,55:26,53:06,
319,Leon Venter,2826,1:48:33,Male Veteran (50-59 Years),23,Male,252,57:35,50:58,
320,Charlie Durber,2496,1:48:41,Female Open (20-39 Years),49,Female,68,58:42,49:58,
321,Lucia Cook,2476,1:48:42,Female Open (20-39 Years),50,Female,69,55:54,52:49,
322,Natasha Hartigan,1525,1:48:46,Female Open (20-39 Years),51,Female,70,56:26,52:21,
323,Peter Liggins,1720,1:48:49,Male Veteran (50-59 Years),24,Male,253,56:23,52:26,
324,William McQueen,1840,1:48:56,Male Veteran (50-59 Years),25,Male,254,59:06,49:50,GetRunning
325,Sam Cummins,1249,1:49:03,Male Open (20-39 Years),171,Male,255,57:46,51:17,
326,Harry Gibbs,1449,1:49:06,Male Open (20-39 Years),172,Male,256,58:23,50:42,
327,Paddy Kellow,1662,1:49:07,Male Open (20-39 Years),173,Male,257,58:23,50:44,
328,karen Holder,2558,1:49:13,Female Master (40-49 Years),15,Female,71,57:46,51:28,
329,Stacey Birch,1078,1:49:13,Female Open (20-39 Years),52,Female,72,56:05,53:08,
330,Henry Christian-Slane,2470,1:49:15,Male Open (20-39 Years),174,Male,258,57:55,51:20,
331,Philip Gaffaney,2519,1:49:17,Male Master (40-49 Years),39,Male,259,57:19,51:58,
332,Phillip Thompson,2226,1:49:19,Male Veteran (50-59 Years),26,Male,260,57:27,51:52,
333,Sophie Kerr,1670,1:49:28,Female Open (20-39 Years),53,Female,73,56:44,52:43,
334,Zachary Conchie,1211,1:49:30,Male Open (20-39 Years),175,Male,261,57:08,52:22,
335,Leanne Berkahn,2444,1:49:31,Female Legend (60-69 Years),1,Female,74,58:37,50:53,GetRunning
336,christophe heyert,2553,1:49:36,Male Master (40-49 Years),40,Male,262,58:30,51:06,
337,Trish Stockman,2737,1:49:46,Female Legend (60-69 Years),2,Female,75,58:14,51:32,
338,Liam Muller,2658,1:49:49,Male Teens (13-19 Years),17,Male,263,55:24,54:24,
339,Dena hindess,1570,1:49:49,Female Open (20-39 Years),54,Female,76,57:59,51:50,
340,Myles Davis,1269,1:49:51,Male Open (20-39 Years),176,Male,264,56:41,53:10,
341,Will Tran,2253,1:49:52,Male Master (40-49 Years),41,Male,265,59:49,50:02,
342,Olivia Kirkpatrick,1679,1:49:53,Female Open (20-39 Years),55,Female,77,57:44,52:09,Hear4U
343,Shellee Wilson,2383,1:49:54,Female Veteran (50-59 Years),5,Female,78,56:58,52:56,
344,Marilyn Loe,1738,1:49:57,Female Open (20-39 Years),56,Female,79,58:14,51:43,
345,Claire Culver,1248,1:49:58,Female Open (20-39 Years),57,Female,80,57:44,52:14,
346,Debra Staddon,2169,1:49:59,Female Master (40-49 Years),16,Female,81,57:14,52:45,
347,Toby Proude,2693,1:50:02,Male Open (20-39 Years),177,Male,266,58:48,51:14,
348,Rosie Miller,2647,1:50:03,Female Open (20-39 Years),58,Female,82,59:50,50:13,
349,Jinnene Shrubsall,2125,1:50:03,Female Veteran (50-59 Years),6,Female,83,58:05,51:58,
350,Dan Powell,2688,1:50:15,Male Open (20-39 Years),178,Male,267,58:25,51:51,
351,Peter Dempsey,2490,1:50:18,Male Open (20-39 Years),179,Male,268,1:00:30,49:47,
352,Olivia Sutcliffe,2197,1:50:18,Female Open (20-39 Years),59,Female,84,56:31,53:47,
353,Greg Lister,2604,1:50:19,Male Legend (60-69 Years),6,Male,269,58:14,52:05,
354,Sam Holborow,1587,1:50:35,Male Open (20-39 Years),180,Male,270,58:18,52:17,Tenon 2024
355,Jessica David,2485,1:50:43,Female Open (20-39 Years),60,Female,85,54:59,55:44,Hear4U
356,Luke Willis,2368,1:50:44,Male Open (20-39 Years),181,Male,271,1:01:54,48:51,
357,Alex Boyce,1099,1:50:47,Female Open (20-39 Years),61,Female,86,59:57,50:50,
358,Laura Stutz,2193,1:50:48,Female Open (20-39 Years),62,Female,87,58:19,52:30,
359,Nicolas Mir,1863,1:50:49,Male Open (20-39 Years),182,Male,272,1:00:18,50:31,
360,Charlotte Gillespie,2524,1:50:51,Female Open (20-39 Years),63,Female,88,59:32,51:19,
361,Thomas Sturch,2742,1:50:54,Male Open (20-39 Years),183,Male,273,57:59,52:54,FYPOS
362,Lucinda Candy,1160,1:50:54,Female Master (40-49 Years),17,Female,89,59:13,51:41,Hear4U
363,Lewis Anderson,1016,1:50:54,Male Open (20-39 Years),184,Male,274,1:00:13,50:41,JOE running
364,Julian Benefield,1070,1:50:55,Male Master (40-49 Years),42,Male,275,58:45,52:10,
365,Bree Speck,2161,1:51:03,Female Open (20-39 Years),64,Female,90,57:16,53:47,
366,Jeremy Keys,1672,1:51:05,Male Open (20-39 Years),185,Male,276,59:12,51:53,
367,William Wild,2354,1:51:05,Male Open (20-39 Years),186,Male,277,1:00:12,50:53,JOE running
368,Nicole Murphy,1897,1:51:05,Female Master (40-49 Years),18,Female,91,58:10,52:55,Heart & Sole
369,Anthony Ham,2536,1:51:17,Male Veteran (50-59 Years),27,Male,278,58:03,53:14,
370,Jethro Campbell,2461,1:51:20,Male Open (20-39 Years),187,Male,279,1:01:04,50:16,Team Karis
371,Aaron Graham,226,1:51:22,Male Open (20-39 Years),188,Male,280,1:00:31,50:51,
372,Mark Coffey,1206,1:51:23,Male Veteran (50-59 Years),28,Male,281,59:28,51:55,
373,Tom Elton,2505,1:51:27,Male Open (20-39 Years),189,Male,282,1:01:10,50:17,
374,Retha Theron,2221,1:51:32,Female Master (40-49 Years),19,Female,92,58:41,52:51,GetRunning
375,Maddison Jensen,2566,1:51:33,Female Open (20-39 Years),65,Female,93,59:53,51:39,
376,Sophie Heald,1543,1:51:34,Female Teens (13-19 Years),2,Female,94,1:01:16,50:18,
377,Deneitz Geyser,1448,1:51:38,Male Open (20-39 Years),190,Male,283,58:58,52:40,
378,Rachael Frew,1425,1:51:45,Female Open (20-39 Years),66,Female,95,57:33,54:13,
379,Sven Clarkson,1198,1:51:47,Male Open (20-39 Years),191,Male,284,1:02:12,49:35,
380,Emma Lupton,1758,1:51:55,Female Open (20-39 Years),67,Female,96,58:12,53:43,
381,Kathrin Siller,2127,1:52:07,Female Master (40-49 Years),20,Female,97,58:29,53:38,
382,Nikki Chapman,2467,1:52:09,Female Open (20-39 Years),68,Female,98,1:01:13,50:56,
383,Rylan Honey,218,1:52:11,Male Teens (13-19 Years),18,Male,285,57:50,54:20,
384,Rory Inglis,1613,1:52:14,Male Open (20-39 Years),192,Male,286,1:02:24,49:50,
385,Sasha Nicholson,1922,1:52:16,Female Open (20-39 Years),69,Female,99,59:17,53:00,
386,steve lawson,2600,1:52:18,Male Legend (60-69 Years),7,Male,287,58:53,53:25,
387,David Livingstone,1732,1:52:18,Male Veteran (50-59 Years),29,Male,288,1:01:20,50:58,Tenon 2024
388,Brei King,1674,1:52:18,Female Master (40-49 Years),21,Female,100,56:21,55:58,
389,Beth Cuming,2483,1:52:19,Female Open (20-39 Years),70,Female,101,59:52,52:27,
390,Corinne Thinnes,2223,1:52:25,Female Open (20-39 Years),71,Female,102,,,
391,Demme Simkin,2811,1:52:27,Female Open (20-39 Years),72,Female,103,59:12,53:16,FYPOS
392,Cam Maslin,1795,1:52:34,Male Open (20-39 Years),193,Male,289,58:18,54:16,
393,Julie McKay,2638,1:52:37,Female Master (40-49 Years),22,Female,104,59:44,52:53,2mile2good
394,Nathan LOHEAC,1739,1:52:38,Male Open (20-39 Years),194,Male,290,59:09,53:29,
395,Shane hancock,2537,1:52:43,Male Veteran (50-59 Years),30,Male,291,58:47,53:57,Team Hancock
396,Shannon Lockton,1736,1:52:44,Female Open (20-39 Years),73,Female,105,59:14,53:30,
397,Hamish Cox,1233,1:52:46,Male Veteran (50-59 Years),31,Male,292,58:41,54:05,
398,Sarah Srayko Robinson,2168,1:52:48,Female Open (20-39 Years),74,Female,106,58:04,54:43,
399,Isla Norman,2809,1:52:50,Female Open (20-39 Years),75,Female,107,58:58,53:52,Easter Plans
400,Diana Hood,2559,1:52:50,Female Master (40-49 Years),23,Female,108,59:52,52:58,
401,Juliette Dowland,2822,1:52:56,Female Open (20-39 Years),76,Female,109,55:34,57:21,
402,Ben MacKay,1770,1:52:56,Male Open (20-39 Years),195,Male,293,56:21,56:35,
403,John Morrison,1887,1:52:56,Male Veteran (50-59 Years),32,Male,294,57:08,55:48,
404,George Manaton,2615,1:53:08,Male Open (20-39 Years),196,Male,295,1:00:32,52:36,
405,Gemma Kennedy,2588,1:53:09,Female Open (20-39 Years),77,Female,110,58:30,54:38,
406,Hamish Clareburt,1190,1:53:10,Male Open (20-39 Years),197,Male,296,56:36,56:34,Puresport
407,Georgie Clareburt,1191,1:53:10,Female Master (40-49 Years),24,Female,111,56:38,56:33,Puresport
408,Grace Senior,2107,1:53:10,Female Open (20-39 Years),78,Female,112,58:05,55:05,BFT Taupō
409,Aleida Muller,2657,1:53:11,Female Open (20-39 Years),79,Female,113,1:01:01,52:10,
410,Neal Rutherford,2072,1:53:11,Male Master (40-49 Years),43,Male,297,1:00:38,52:33,Hear4U
411,Liam Burke,2455,1:53:12,Male Open (20-39 Years),198,Male,298,57:27,55:44,
412,Megan Thompson,2854,1:53:12,Female Open (20-39 Years),80,Female,114,59:36,53:36,
413,Kate Baddeley,2435,1:53:13,Female Open (20-39 Years),81,Female,115,1:01:21,51:51,
414,Laura Lee,1709,1:53:13,Female Open (20-39 Years),82,Female,116,1:00:54,52:19,
415,Ryan Smith,2145,1:53:18,Male Open (20-39 Years),199,Male,299,57:50,55:28,
416,Shaun McCarthy,2634,1:53:18,Male Legend (60-69 Years),8,Male,300,59:42,53:35,
417,Matthew Turner,2265,1:53:18,Male Open (20-39 Years),200,Male,301,1:00:31,52:47,
418,Jess Wilson,2377,1:53:19,Female Open (20-39 Years),83,Female,117,55:17,58:01,2mile2good
419,Fletcher Ferguson,1374,1:53:19,Male Open (20-39 Years),201,Male,302,58:55,54:25,
420,Jodie Nailard,1903,1:53:21,Female Open (20-39 Years),84,Female,118,1:00:43,52:38,
421,Jake Glasby,1458,1:53:22,Male Open (20-39 Years),202,Male,303,1:00:43,52:38,
422,Betty Davis,2488,1:53:24,Female Open (20-39 Years),85,Female,119,59:38,53:46,
423,Natalie Robbs,2045,1:53:25,Female Veteran (50-59 Years),7,Female,120,59:46,53:40,
424,Cheol Jeong,1632,1:53:26,Male Master (40-49 Years),44,Male,304,1:01:36,51:50,
425,Suzanne Branford,1107,1:53:29,Female Veteran (50-59 Years),8,Female,121,59:54,53:35,
426,Alysa O'Donnell,2672,1:53:31,Female Open (20-39 Years),86,Female,122,,,
427,Lauren Hall,2534,1:53:35,Female Open (20-39 Years),87,Female,123,58:51,54:44,
428,Emily Dalton,1262,1:53:46,Female Open (20-39 Years),88,Female,124,57:56,55:50,
429,Kirsty Peterson,2683,1:53:50,Female Veteran (50-59 Years),9,Female,125,1:02:05,51:46,
430,Anna Field,1378,1:53:56,Female Open (20-39 Years),89,Female,126,59:28,54:28,
431,Caroline Guy,1495,1:53:58,Female Master (40-49 Years),25,Female,127,58:08,55:49,
432,Louie Primeau,2691,1:53:58,Male Open (20-39 Years),203,Male,305,1:00:44,53:14,
433,Hannah Hoffman,1585,1:54:01,Female Teens (13-19 Years),3,Female,128,58:39,55:22,
434,Emily Wallace,2301,1:54:03,Female Open (20-39 Years),90,Female,129,57:33,56:31,
435,Cleo Duncan,1318,1:54:05,Female Open (20-39 Years),91,Female,130,1:01:18,52:47,
436,Veronika Plemediale,2832,1:54:09,Female Open (20-39 Years),92,Female,131,58:40,55:30,Hear4U
437,Ashleigh Barrett,2438,1:54:13,Female Open (20-39 Years),93,Female,132,1:02:05,52:07,
438,Riley Shepard,2718,1:54:14,Male Open (20-39 Years),204,Male,306,58:33,55:41,
439,Jesse Arends,1024,1:54:17,Male Open (20-39 Years),205,Male,307,1:01:00,53:18,
440,Loren Harvie,1533,1:54:17,Female Open (20-39 Years),94,Female,133,59:51,54:26,
441,Jessica Miller,2648,1:54:19,Female Open (20-39 Years),95,Female,134,1:00:14,54:05,
442,Emarina Nikora,2663,1:54:20,Female Open (20-39 Years),96,Female,135,59:28,54:51,Heart & Sole
443,David Draffin,1307,1:54:22,Male Master (40-49 Years),45,Male,308,1:00:08,54:14,Te Puke has beens
444,Amy Perez,1976,1:54:27,Female Master (40-49 Years),26,Female,136,59:35,54:51,
445,Grace Edmonds,1335,1:54:29,Female Open (20-39 Years),97,Female,137,1:01:18,53:12,Freedom 4 Palestine
446,Suzanne Wilson,2382,1:54:34,Female Veteran (50-59 Years),10,Female,138,1:00:40,53:54,
447,Georgina Ross,2066,1:54:35,Female Open (20-39 Years),98,Female,139,1:00:41,53:54,
448,James van der Maas,2766,1:54:39,Male Open (20-39 Years),206,Male,309,58:03,56:36,
449,Benjamin Mason,1796,1:54:41,Male Open (20-39 Years),207,Male,310,59:11,55:30,
450,Hayley Gotlieb,1469,1:54:42,Female Open (20-39 Years),99,Female,140,1:01:26,53:16,
451,Sophie Lysaght,1761,1:54:48,Female Open (20-39 Years),100,Female,141,59:51,54:57,
452,Tala Nottage,2666,1:54:52,Female Open (20-39 Years),101,Female,142,57:10,57:41,
453,Gabi Green,1478,1:54:54,Female Open (20-39 Years),102,Female,143,1:01:07,53:47,
454,Libby Coster,1224,1:54:55,Female Open (20-39 Years),103,Female,144,1:01:12,53:43,
455,Darren Hayes,1539,1:54:57,Male Master (40-49 Years),46,Male,311,1:00:22,54:35,
456,James Russell,2070,1:54:58,Male Open (20-39 Years),208,Male,312,59:57,55:01,
457,Rowan Light,1721,1:55:02,Male Open (20-39 Years),209,Male,313,1:02:26,52:36,
458,Joseph-Fritz Clearkin,1199,1:55:08,Male Open (20-39 Years),210,Male,314,1:02:59,52:09,
459,Monty Petrie,1980,1:55:10,Male Open (20-39 Years),211,Male,315,1:01:43,53:28,
460,Tom Eastwick,1327,1:55:13,Male Open (20-39 Years),212,Male,316,1:01:43,53:30,
461,Alex Croucher,1245,1:55:18,Male Open (20-39 Years),213,Male,317,1:02:56,52:22,
462,Laura Salmon,2075,1:55:18,Male Open (20-39 Years),214,Male,318,1:02:56,52:22,
463,Melanie Walker,2300,1:55:22,Female Master (40-49 Years),27,Female,145,1:00:20,55:02,Te Puke has beens
464,Matt Cope,1219,1:55:24,Male Open (20-39 Years),215,Male,319,59:28,55:56,
465,Jodi Starr,2177,1:55:25,Female Open (20-39 Years),104,Female,146,1:00:22,55:02,
466,Melanie Forsman,1398,1:55:26,Female Open (20-39 Years),105,Female,147,1:00:59,54:27,
467,Troy Cuttriss,1257,1:55:28,Male Open (20-39 Years),216,Male,320,1:01:27,54:01,
468,Kirsty Perrin,1977,1:55:28,Female Open (20-39 Years),106,Female,148,1:00:49,54:39,
469,Nicholas Williams,2362,1:55:31,Male Open (20-39 Years),217,Male,321,58:48,56:43,
470,Tre Mamea-Beales,2614,1:55:35,Male Open (20-39 Years),218,Male,322,1:03:19,52:16,
471,Joseph Gilbert,2522,1:55:36,Male Open (20-39 Years),219,Male,323,58:40,56:55,
472,Kirsten Millar,1859,1:55:36,Female Open (20-39 Years),107,Female,149,59:46,55:50,
473,Nicholas Hewson,1559,1:55:39,Male Master (40-49 Years),47,Male,324,59:17,56:22,
474,Matthew Codd,1204,1:55:42,Male Open (20-39 Years),220,Male,325,1:00:59,54:43,
475,Troy Milgate,1858,1:55:49,Male Open (20-39 Years),221,Male,326,1:01:52,53:58,Lake Taupo Chiropractic
476,Kelly Willoughby,2369,1:55:50,Female Master (40-49 Years),28,Female,150,1:02:17,53:33,
477,Angus Jones,2577,1:55:56,Male Open (20-39 Years),222,Male,327,56:56,59:01,
478,Hugh Denton,1282,1:55:57,Male Master (40-49 Years),48,Male,328,58:16,57:41,
479,Zoe Dekker,1277,1:56:04,Female Open (20-39 Years),108,Female,151,59:30,56:34,
480,Kamogelo Mogakabe,1874,1:56:05,Female Open (20-39 Years),109,Female,152,1:02:17,53:48,
481,Sam Sapsford,2713,1:56:07,Male Teens (13-19 Years),19,Male,329,59:44,56:23,
482,David Rice,2029,1:56:07,Male Legend (60-69 Years),9,Male,330,1:00:26,55:41,
483,Daniel Wells,2330,1:56:08,Male Open (20-39 Years),223,Male,331,1:00:18,55:50,
484,Jack Watson,2775,1:56:08,Male Teens (13-19 Years),20,Male,332,55:55,1:00:14,
485,Gavin O’Brien,1934,1:56:11,Male Open (20-39 Years),224,Male,333,1:02:13,53:58,
486,Ronan Spence,2163,1:56:12,Male Open (20-39 Years),225,Male,334,1:02:12,54:00,
487,Brittany Stratton,2739,1:56:14,Female Open (20-39 Years),110,Female,153,1:01:12,55:02,
488,John Bright,1115,1:56:16,Male Open (20-39 Years),226,Male,335,57:33,58:43,
489,Richard Roberts,2046,1:56:17,Male Open (20-39 Years),227,Male,336,59:40,56:37,
490,Georgia Lee,1711,1:56:18,Female Open (20-39 Years),111,Female,154,1:00:18,56:01,
491,Phoebe Hall,1504,1:56:21,Female Open (20-39 Years),112,Female,155,1:00:35,55:47,
492,Dave Brown,1129,1:56:25,Male Open (20-39 Years),228,Male,337,56:51,59:34,
493,Kieron Rollinson,2060,1:56:25,Male Open (20-39 Years),229,Male,338,58:36,57:49,
494,simon waite,2298,1:56:25,Male Open (20-39 Years),230,Male,339,1:01:13,55:13,
495,Kiana Mclean,1833,1:56:26,Female Open (20-39 Years),113,Female,156,59:35,56:51,
496,Hayley Noll,2808,1:56:28,Female Open (20-39 Years),114,Female,157,1:02:26,54:01,
497,Kern Hoffman,1584,1:56:29,Male Open (20-39 Years),231,Male,340,1:02:20,54:09,
498,Ronya McConachy,1811,1:56:34,Female Veteran (50-59 Years),11,Female,158,1:00:02,56:32,
499,Don Russell,2071,1:56:35,Male Legend (60-69 Years),10,Male,341,59:45,56:50,
500,Tom Williamson,2366,1:56:36,Male Open (20-39 Years),232,Male,342,1:00:36,56:00,
501,Alex Ritchie,2703,1:56:37,Male Open (20-39 Years),233,Male,343,1:02:00,54:37,
502,John Stainton,2172,1:56:38,Male Open (20-39 Years),234,Male,344,1:00:32,56:06,
503,Kate Mackay,1768,1:56:39,Female Open (20-39 Years),115,Female,159,1:00:47,55:52,
504,Stefan Pirie,1991,1:56:41,Male Master (40-49 Years),49,Male,345,1:03:52,52:48,
505,Richard Williams,2364,1:56:47,Male Open (20-39 Years),235,Male,346,1:02:20,54:27,
506,Tracey Smith,2727,1:56:52,Female Master (40-49 Years),29,Female,160,1:01:01,55:51,
507,Huxley Raikes,2695,1:56:56,Male Open (20-39 Years),236,Male,347,1:00:20,56:36,
508,Danielle Findlay,2511,1:56:57,Female Open (20-39 Years),116,Female,161,1:02:30,54:27,
509,Sarah Hetherington,1558,1:56:58,Female Open (20-39 Years),117,Female,162,1:01:59,54:59,
510,Madeleine Starck,2173,1:57:00,Female Open (20-39 Years),118,Female,163,1:02:15,54:45,
511,Nick Starck,2174,1:57:00,Male Open (20-39 Years),237,Male,348,1:02:16,54:45,
512,Kurt Monkley,1876,1:57:03,Male Open (20-39 Years),238,Male,349,1:02:03,55:00,
513,Andrew Siddles,2719,1:57:04,Male Veteran (50-59 Years),33,Male,350,57:56,59:08,
514,Mack Mullany,1893,1:57:05,Male Open (20-39 Years),239,Male,351,1:01:20,55:45,
515,Anthony Sexton,2108,1:57:11,Male Master (40-49 Years),50,Male,352,1:02:17,54:54,
516,Val Wilson,2379,1:57:14,Female Master (40-49 Years),30,Female,164,1:01:39,55:35,
517,Kyle Grimsley,1486,1:57:15,Male Open (20-39 Years),240,Male,353,1:02:39,54:35,
518,Mandy Donald,2801,1:57:18,Female Master (40-49 Years),31,Female,165,1:02:21,54:57,
519,Ridzuan Yusoh,2793,1:57:20,Male Master (40-49 Years),51,Male,354,1:01:05,56:15,
520,Geoffrey Lowe,1751,1:57:23,Male Legend (60-69 Years),11,Male,355,1:02:12,55:11,Y Marathon Club
521,Linda Gilbert,1452,1:57:24,Female Legend (60-69 Years),3,Female,166,1:01:58,55:26,
522,Kevin Gilbert,1451,1:57:24,Male Legend (60-69 Years),12,Male,356,1:01:58,55:26,
523,Brendan Faith,1364,1:57:26,Male Veteran (50-59 Years),34,Male,357,1:01:07,56:19,
524,Mike Jones,1646,1:57:28,Male Open (20-39 Years),241,Male,358,1:02:16,55:12,
525,Soane Vallabh,2271,1:57:29,Male Open (20-39 Years),242,Male,359,1:02:24,55:05,
526,Will Scalioni,2082,1:57:31,Male Master (40-49 Years),52,Male,360,1:01:18,56:13,GetRunning
527,Justin Ross,2706,1:57:32,Male Open (20-39 Years),243,Male,361,57:29,1:00:02,
528,Eva Mirko,1864,1:57:36,Female Open (20-39 Years),119,Female,167,1:02:13,55:23,
529,Laila Murphy,1895,1:57:38,Female Open (20-39 Years),120,Female,168,1:00:50,56:48,Team Summit
530,morehu kara,1655,1:57:41,Male Open (20-39 Years),244,Male,362,1:01:28,56:13,
531,Michelle Thornton,2235,1:57:42,Female Open (20-39 Years),121,Female,169,1:02:23,55:19,
532,Caleb Westerdaal,2777,1:57:42,Male Open (20-39 Years),245,Male,363,1:06:42,51:00,ELLERY Fam
533,Jason Mclachlan,1831,1:57:42,Male Master (40-49 Years),53,Male,364,1:00:07,57:35,
534,John Auld,1038,1:57:43,Male Master (40-49 Years),54,Male,365,58:39,59:05,
535,Briar Taylor-Silva,2747,1:57:44,Female Open (20-39 Years),122,Female,170,1:01:17,56:28,
536,Richard Thurston,2236,1:57:45,Male Master (40-49 Years),55,Male,366,1:00:59,56:46,
537,Monty Jones,1647,1:57:47,Male Open (20-39 Years),246,Male,367,1:02:44,55:04,
538,Jordie Thomas,2751,1:57:48,Male Open (20-39 Years),247,Male,368,54:54,1:02:54,
539,Hamish Johnstone,1644,1:57:49,Male Open (20-39 Years),248,Male,369,1:03:35,54:14,
540,Mark Broadbent,2452,1:57:52,Male Master (40-49 Years),56,Male,370,1:02:55,54:57,
541,Graeme Branford,1108,1:57:56,Male Legend (60-69 Years),13,Male,371,1:01:56,56:00,
542,Alisa Sukdhoe,2195,1:57:57,Female Open (20-39 Years),123,Female,171,1:02:20,55:37,
543,Shandelle Battersby,2439,1:57:59,Female Master (40-49 Years),32,Female,172,1:02:17,55:43,
544,Richard Lawrence,1700,1:57:59,Male Unstoppables (70+ Years),1,Male,372,1:02:18,55:41,
545,Simon Wilson,2781,1:58:02,Male Open (20-39 Years),249,Male,373,1:02:07,55:55,
546,Daniel Tofts,2754,1:58:03,Male Open (20-39 Years),250,Male,374,1:02:51,55:12,
547,Rob Newman,2661,1:58:06,Male Veteran (50-59 Years),35,Male,375,1:02:56,55:10,Hear4U
548,Aidan Crossman,1244,1:58:08,Male Master (40-49 Years),57,Male,376,1:01:35,56:32,
549,Helen Barnham,1052,1:58:08,Female Master (40-49 Years),33,Female,173,1:02:21,55:47,
550,Fiona Fox,1409,1:58:09,Female Legend (60-69 Years),4,Female,174,1:05:22,52:47,GetRunning
551,Jackie Jones,2575,1:58:09,Female Master (40-49 Years),34,Female,175,1:00:35,57:34,
552,Lindsay Haggart,1497,1:58:10,Female Open (20-39 Years),124,Female,176,1:01:51,56:20,
553,Julia Osielczak,1949,1:58:11,Female Open (20-39 Years),125,Female,177,1:03:50,54:22,
554,Anje Notyawe,1931,1:58:13,Male Open (20-39 Years),251,Male,377,1:02:46,55:26,
555,Cody Heath,1545,1:58:27,Male Open (20-39 Years),252,Male,378,1:02:39,55:48,
556,Nicole Dunn,1319,1:58:28,Female Master (40-49 Years),35,Female,178,1:02:39,55:49,
557,Sam Crossley,1243,1:58:30,Female Open (20-39 Years),126,Female,179,1:03:28,55:02,
558,Moana Guthrie,2532,1:58:36,Female Open (20-39 Years),127,Female,180,1:03:19,55:17,
559,Sarah Alexander,1008,1:58:37,Female Open (20-39 Years),128,Female,181,1:00:15,58:21,
560,Logan Hume,1602,1:58:45,Male Open (20-39 Years),253,Male,379,59:29,59:15,
561,MADDIE FLETCHER,1390,1:58:47,Female Open (20-39 Years),129,Female,182,1:02:49,55:58,
562,Nick Goodchild,2526,1:58:49,Male Open (20-39 Years),254,Male,380,1:02:25,56:24,
563,Quintin Newby-Fraser,1913,1:58:53,Male Master (40-49 Years),58,Male,381,1:02:30,56:23,
564,Stuart Edwards,1339,1:59:07,Male Open (20-39 Years),255,Male,382,1:00:40,58:27,
565,Steph Verbokkem,2284,1:59:12,Female Open (20-39 Years),130,Female,183,1:04:00,55:12,
566,Sean Rowe,2067,1:59:13,Male Open (20-39 Years),256,Male,383,1:04:01,55:12,
567,Trent Lyon,1759,1:59:17,Male Open (20-39 Years),257,Male,384,59:05,1:00:11,
568,Brooke Castle,1170,1:59:20,Female Open (20-39 Years),131,Female,184,1:03:28,55:52,GetRunning
569,Kacey Sika,2720,1:59:29,Male Open (20-39 Years),258,Male,385,1:00:25,59:03,
570,Jennifer Pugh,2012,1:59:29,Female Open (20-39 Years),132,Female,185,1:04:22,55:07,
571,Sharon Young,2414,1:59:29,Female Veteran (50-59 Years),12,Female,186,1:03:35,55:55,Y Marathon Club
572,Jesse Toto,2250,1:59:31,Male Open (20-39 Years),259,Male,386,1:02:25,57:05,
573,Ella Saxby,2715,1:59:31,Female Open (20-39 Years),133,Female,187,1:04:14,55:17,
574,Renae Tomelty,2246,1:59:35,Female Open (20-39 Years),134,Female,188,1:01:20,58:15,
575,Michael Pfister,2684,1:59:36,Male Veteran (50-59 Years),36,Male,387,1:02:19,57:17,
576,Paul Gamble,1434,1:59:39,Male Veteran (50-59 Years),37,Male,388,1:01:39,58:00,
577,gordon white,2812,1:59:42,Male Master (40-49 Years),59,Male,389,1:02:21,57:21,Y Marathon Club
578,Nick Biss,2862,1:59:45,Male Open (20-39 Years),260,Male,390,1:03:39,56:06,
579,Wesley Clarke,155,1:59:46,Male Master (40-49 Years),60,Male,391,1:04:58,54:48,
580,Jessica Harwood,1534,1:59:48,Female Open (20-39 Years),135,Female,189,1:02:41,57:07,
581,Georgia Bullock,1135,1:59:49,Female Open (20-39 Years),136,Female,190,1:02:22,57:27,
582,Bevan Fraser,2517,1:59:51,Male Open (20-39 Years),261,Male,392,54:49,1:05:02,
583,Monique Kuik,1688,1:59:51,Female Open (20-39 Years),137,Female,191,1:00:23,59:28,
584,Ryan Souster,2155,1:59:54,Male Master (40-49 Years),61,Male,393,1:04:45,55:09,
585,Laurika Hazelhurst,1541,1:59:56,Female Veteran (50-59 Years),13,Female,192,1:02:27,57:28,
586,Emma Bessey,1076,1:59:56,Female Master (40-49 Years),36,Female,193,1:03:55,56:02,
587,Deb Rolls,2062,1:59:59,Female Master (40-49 Years),37,Female,194,1:04:03,55:56,Lake Taupo Chiropractic
588,Elaisha Martis,1792,2:00:01,Female Open (20-39 Years),138,Female,195,1:01:46,58:14,
589,Hilaire Blanchett,1082,2:00:05,Female Open (20-39 Years),139,Female,196,59:56,1:00:09,
590,Abbey Hall,1503,2:00:06,Female Open (20-39 Years),140,Female,197,1:02:38,57:28,
591,Susannah Hansen,2540,2:00:08,Female Open (20-39 Years),141,Female,198,1:02:56,57:12,
592,Casey Jenner,2565,2:00:10,Female Open (20-39 Years),142,Female,199,1:01:29,58:41,
593,Geoffrey Hoang,1577,2:00:15,Male Open (20-39 Years),262,Male,394,1:03:28,56:47,
594,Sophie Arbo,1022,2:00:16,Female Open (20-39 Years),143,Female,200,1:01:55,58:21,
595,Georgia Freeman,1424,2:00:18,Female Open (20-39 Years),144,Female,201,59:48,1:00:30,
596,Tenecia Hingston,1573,2:00:27,Female Open (20-39 Years),145,Female,202,1:05:12,55:15,
597,Sam Fletcher,1387,2:00:28,Male Open (20-39 Years),263,Male,395,1:04:27,56:01,Hear4U
598,Harriet Cox,2479,2:00:28,Female Open (20-39 Years),146,Female,203,1:04:55,55:33,
599,Tamati Samuels,2077,2:00:28,Male Open (20-39 Years),264,Male,396,1:06:46,53:43,
600,Arama Wigmore,2350,2:00:31,Male Open (20-39 Years),265,Male,397,1:02:26,58:05,
601,Hannah Thomson,2753,2:00:33,Female Open (20-39 Years),147,Female,204,1:03:46,56:47,
602,Luke Womack,2789,2:00:33,Male Open (20-39 Years),266,Male,398,1:03:46,56:47,
603,Larissa Lockyer,1737,2:00:34,Female Open (20-39 Years),148,Female,205,1:03:27,57:07,2mile2good
604,Zara Mends,1845,2:00:39,Female Master (40-49 Years),38,Female,206,1:02:00,58:39,
605,Steph O’Neill,2668,2:00:41,Female Open (20-39 Years),149,Female,207,1:01:27,59:14,
606,Kristen Beattie,2442,2:00:41,Female Open (20-39 Years),150,Female,208,1:04:48,55:54,JB Morrison
607,Gemma Herbison,1555,2:00:43,Female Open (20-39 Years),151,Female,209,1:05:21,55:22,
608,Milly Bayfield,2440,2:00:43,Female Open (20-39 Years),152,Female,210,1:03:28,57:15,
609,Caleb Mcglynn,1817,2:00:47,Male Open (20-39 Years),267,Male,399,1:04:15,56:33,
610,Benjamin Dais,1258,2:00:53,Male Open (20-39 Years),268,Male,400,1:01:38,59:15,
611,Joshua Palmer,2674,2:00:56,Male Open (20-39 Years),269,Male,401,1:01:13,59:43,Backbones
612,Chloe Leach,1707,2:01:03,Female Open (20-39 Years),153,Female,211,1:02:49,58:14,
613,Shenka Reiser,2026,2:01:04,Female Open (20-39 Years),154,Female,212,1:01:56,59:07,
614,Katie Higgie,1563,2:01:10,Female Open (20-39 Years),155,Female,213,1:01:48,59:23,
615,Stéphanie Keller-Busque,2586,2:01:11,Female Open (20-39 Years),156,Female,214,1:02:22,58:49,
616,Rob foster,1404,2:01:12,Male Master (40-49 Years),62,Male,402,1:01:37,59:36,
617,Sam Moroney,1885,2:01:14,Male Open (20-39 Years),270,Male,403,59:17,1:01:57,
618,Brad Fris,1427,2:01:15,Male Master (40-49 Years),63,Male,404,1:02:25,58:49,
619,Jenna Noelle Dickson,1288,2:01:18,Female Open (20-39 Years),157,Female,215,1:05:52,55:26,
620,Jamie Vallance,2272,2:01:18,Male Legend (60-69 Years),14,Male,405,1:03:27,57:51,
621,Ashlea Stanford,2733,2:01:22,Female Open (20-39 Years),158,Female,216,1:03:45,57:37,
622,Jess Meister,1843,2:01:24,Female Open (20-39 Years),159,Female,217,1:04:10,57:14,
623,Jess de Joux,2800,2:01:26,Female Open (20-39 Years),160,Female,218,1:02:59,58:27,
624,Daniel Hooper,1595,2:01:29,Male Master (40-49 Years),64,Male,406,1:04:53,56:36,
625,Deanna Forsyth,2802,2:01:33,Female Open (20-39 Years),161,Female,219,1:03:13,58:20,
626,Nathan Chaney,1177,2:01:37,Male Open (20-39 Years),271,Male,407,1:01:36,1:00:01,
627,Mairi MacKay,2608,2:01:40,Female Open (20-39 Years),162,Female,220,1:03:03,58:36,
628,Jason Hill,1566,2:01:42,Male Veteran (50-59 Years),38,Male,408,1:03:36,58:06,Team Hill
629,Alana Wouters,2401,2:01:45,Female Open (20-39 Years),163,Female,221,1:02:09,59:36,
630,Alice Murphy,1896,2:01:47,Female Open (20-39 Years),164,Female,222,1:02:21,59:25,
631,takashi ishikawa,1617,2:01:51,Male Veteran (50-59 Years),39,Male,409,1:02:49,59:02,KAWAIshI’S
632,Jordan Houston,2560,2:01:53,Female Open (20-39 Years),165,Female,223,1:01:16,1:00:37,
633,Brigitte Robertson,2048,2:01:55,Female Open (20-39 Years),166,Female,224,1:07:03,54:52,
634,Merran Brockie-David,2453,2:01:55,Female Open (20-39 Years),167,Female,225,1:05:25,56:30,
635,Nik Zoraja,2829,2:01:56,Male Open (20-39 Years),272,Male,410,1:03:46,58:09,
636,Saskia Baldwin,2436,2:01:57,Female Open (20-39 Years),168,Female,226,1:06:45,55:13,
637,Eliza Mudgway,2655,2:02:04,Female Open (20-39 Years),169,Female,227,1:02:33,59:31,
638,Sasha Powell,2004,2:02:04,Female Open (20-39 Years),170,Female,228,1:05:04,57:01,
639,Aaron Queree,2016,2:02:10,Male Master (40-49 Years),65,Male,411,1:03:54,58:16,
640,Ben Dodson,1293,2:02:11,Male Open (20-39 Years),273,Male,412,1:05:57,56:14,
641,Miles O'Connor,1939,2:02:12,Male Legend (60-69 Years),15,Male,413,1:05:58,56:14,
642,Amelia Stickland,2185,2:02:16,Female Open (20-39 Years),171,Female,229,1:03:38,58:37,
643,Janneke Grundemann,1488,2:02:17,Female Open (20-39 Years),172,Female,230,1:03:32,58:45,
644,Janina Tritscher,2257,2:02:17,Female Open (20-39 Years),173,Female,231,1:04:22,57:56,
645,Ben Wilson,2380,2:02:20,Male Open (20-39 Years),274,Male,414,1:03:51,58:30,
646,Jess Wingate,2786,2:02:21,Female Open (20-39 Years),174,Female,232,1:04:44,57:37,
647,Nicole Lambert,2597,2:02:24,Female Open (20-39 Years),175,Female,233,1:05:38,56:46,
648,Anna Pepper,2679,2:02:27,Female Master (40-49 Years),39,Female,234,1:05:13,57:14,
649,Harris Raikes,2696,2:02:30,Male Teens (13-19 Years),21,Male,415,1:07:21,55:09,
650,Matthew Ward,2307,2:02:31,Male Open (20-39 Years),275,Male,416,1:06:17,56:14,
651,Julia Feliu Margalef,1370,2:02:31,Female Open (20-39 Years),176,Female,235,1:07:30,55:02,
652,Elvina Yung,2416,2:02:33,Female Open (20-39 Years),177,Female,236,1:04:14,58:19,
653,Paula Neilson,3542,2:02:38,Female Open (20-39 Years),178,Female,237,1:07:42,54:56,
654,Georgina Moorehead,1877,2:02:39,Female Open (20-39 Years),179,Female,238,1:06:45,55:54,
655,Mat Staddon,2171,2:02:40,Male Master (40-49 Years),66,Male,417,1:04:09,58:31,
656,Satoshi Hata,2546,2:02:40,Male Open (20-39 Years),276,Male,418,1:06:35,56:05,
657,Bradley Fairbairn,1363,2:02:41,Male Veteran (50-59 Years),40,Male,419,1:02:34,1:00:07,
658,Fergus Coyne,1234,2:02:41,Male Legend (60-69 Years),16,Male,420,1:03:11,59:31,
659,Baxter Mansfield,2618,2:02:43,Male Teens (13-19 Years),22,Male,421,1:06:35,56:07,
660,Shanece Hartstone,1528,2:02:43,Female Open (20-39 Years),180,Female,239,1:07:01,55:42,
661,Nichola McMahon,1836,2:02:44,Female Veteran (50-59 Years),14,Female,240,1:04:43,58:01,
662,Margaret Vaughan,2279,2:02:45,Female Open (20-39 Years),181,Female,241,1:06:45,56:00,
663,Owen Rose,2063,2:02:46,Male Veteran (50-59 Years),41,Male,422,1:03:57,58:49,
664,Helen Gunn,1493,2:02:54,Female Open (20-39 Years),182,Female,242,1:05:19,57:34,
665,Lydia Campbell,2460,2:02:58,Female Open (20-39 Years),183,Female,243,1:06:46,56:12,
666,Angelica Velasco,2282,2:03:01,Female Open (20-39 Years),184,Female,244,1:05:28,57:34,
667,Lawrence Harper,1515,2:03:08,Male Veteran (50-59 Years),42,Male,423,1:06:16,56:52,
668,Tom Doorish,1301,2:03:15,Male Open (20-39 Years),277,Male,424,1:02:38,1:00:37,
669,Dina Darkoh,1264,2:03:16,Female Open (20-39 Years),185,Female,245,1:03:28,59:48,
670,Gilbert Watson,2776,2:03:22,Male Legend (60-69 Years),17,Male,425,1:05:06,58:16,GetRunning
671,Kaiya Johnson-Walker,1639,2:03:23,Female Open (20-39 Years),186,Female,246,1:06:32,56:51,
672,Ariana Tata,2204,2:03:23,Female Open (20-39 Years),187,Female,247,1:04:54,58:29,
673,Greg Lay,1705,2:03:23,Male Open (20-39 Years),278,Male,426,1:04:53,58:30,
674,Jordan Hofmann,2557,2:03:27,Male Open (20-39 Years),279,Male,427,1:07:26,56:01,
675,Farren Halliday,1505,2:03:27,Female Open (20-39 Years),188,Female,248,1:07:26,56:01,
676,Paora Teamoke,2216,2:03:27,Male Legend (60-69 Years),18,Male,428,1:04:05,59:23,
677,Amanda Chen,1185,2:03:30,Female Open (20-39 Years),189,Female,249,1:07:54,55:36,
678,Darren Hume,2563,2:03:30,Male Veteran (50-59 Years),43,Male,429,1:00:34,1:02:56,
679,Kate Doherty,1295,2:03:32,Female Master (40-49 Years),40,Female,250,1:03:32,59:59,GetRunning
680,Lucy Harris,1519,2:03:34,Female Open (20-39 Years),190,Female,251,1:00:42,1:02:52,
681,Richard Melia,2645,2:03:45,Male Open (20-39 Years),280,Male,430,1:07:33,56:12,
682,Nicole Eichstaedt,1343,2:03:46,Female Open (20-39 Years),191,Female,252,1:04:21,59:25,
683,Katie Dimond,1290,2:03:46,Female Open (20-39 Years),192,Female,253,1:05:24,58:22,
684,Lucy Noble,1929,2:03:50,Female Open (20-39 Years),193,Female,254,1:06:31,57:19,
685,Chris Reid,2701,2:03:50,Male Open (20-39 Years),281,Male,431,1:05:10,58:40,
686,Marlies Anderson,1015,2:03:53,Female Legend (60-69 Years),5,Female,255,1:03:08,1:00:46,
687,Tina Turcianska,2761,2:03:54,Female Open (20-39 Years),194,Female,256,1:06:12,57:42,
688,Grace Davidson,2799,2:03:55,Female Master (40-49 Years),41,Female,257,1:04:44,59:11,
689,Connor Baas,1041,2:03:57,Male Open (20-39 Years),282,Male,432,1:07:27,56:30,
690,Jena Scott,2100,2:03:59,Female Open (20-39 Years),195,Female,258,1:02:17,1:01:42,
691,Dan Ballard,1050,2:04:01,Male Open (20-39 Years),283,Male,433,1:02:31,1:01:30,
692,Shae Townend,2251,2:04:09,Female Open (20-39 Years),196,Female,259,1:04:06,1:00:03,
693,Sally Gillies,1457,2:04:11,Female Master (40-49 Years),42,Female,260,1:03:30,1:00:40,2mile2good
694,Bishard Mutepfa,1902,2:04:12,Male Veteran (50-59 Years),44,Male,434,1:03:49,1:00:23,
695,Megan Bayliss,1063,2:04:12,Female Open (20-39 Years),197,Female,261,1:07:02,57:10,Team Summit
696,Petra Ellery-Mead,1350,2:04:12,Female Open (20-39 Years),198,Female,262,1:06:42,57:30,
697,Niamh Ellery,1347,2:04:13,Female Open (20-39 Years),199,Female,263,1:06:42,57:31,
698,Hannah Jackson,1620,2:04:14,Female Open (20-39 Years),200,Female,264,1:07:27,56:46,GetRunning
699,Scott Hutchison,1610,2:04:14,Male Open (20-39 Years),284,Male,435,1:00:23,1:03:51,
700,Emma Spiers,2730,2:04:22,Female Open (20-39 Years),201,Female,265,1:05:41,58:41,
701,Trudy Cox,2480,2:04:22,Female Master (40-49 Years),43,Female,266,1:05:22,59:00,
702,marty finch,1379,2:04:23,Male Legend (60-69 Years),19,Male,436,1:06:47,57:36,
703,Kelsey Warnock,2311,2:04:23,Female Open (20-39 Years),202,Female,267,1:06:29,57:54,Lake Taupo Chiropractic
704,Don Poulgrain,135,2:04:25,Male Unstoppables (70+ Years),2,Male,437,1:04:50,59:35,
705,Rachael Paranihi,1956,2:04:31,Female Veteran (50-59 Years),15,Female,268,1:04:27,1:00:04,
706,Harley Toki,2245,2:04:41,Male Open (20-39 Years),285,Male,438,1:04:55,59:46,
707,Chloe Price,2009,2:04:42,Female Open (20-39 Years),203,Female,269,1:05:16,59:25,Freedom 4 Palestine
708,Keelan Jeram-Patel,1633,2:04:46,Male Open (20-39 Years),286,Male,439,1:06:56,57:50,JOE running
709,Holly Allen,1012,2:04:47,Female Open (20-39 Years),204,Female,270,1:06:19,58:29,
710,Shannon Skelton-Morris,2139,2:04:47,Female Open (20-39 Years),205,Female,271,1:04:28,1:00:19,
711,Saffron French,2518,2:04:52,Female Open (20-39 Years),206,Female,272,1:06:19,58:33,
712,Romy Hurwitz,1609,2:04:54,Female Open (20-39 Years),207,Female,273,1:02:41,1:02:13,
713,Elise Pickford,1987,2:04:55,Female Teens (13-19 Years),4,Female,274,1:03:17,1:01:38,
714,Annaliese Jenner,1627,2:04:56,Female Teens (13-19 Years),5,Female,275,1:03:17,1:01:38,
715,Sarah Carter,2827,2:04:57,Female Master (40-49 Years),44,Female,276,1:06:34,58:24,
716,Paula Wright,2405,2:04:58,Female Master (40-49 Years),45,Female,277,1:05:00,59:58,
717,Steve Barrott,1055,2:04:58,Male Veteran (50-59 Years),45,Male,440,1:01:26,1:03:32,
718,Laura Baker,1048,2:05:00,Female Open (20-39 Years),208,Female,278,1:03:24,1:01:35,
719,Kirsty Mourits,1892,2:05:11,Female Open (20-39 Years),209,Female,279,1:04:26,1:00:44,
720,Flick Hanton,1513,2:05:12,Female Master (40-49 Years),46,Female,280,1:04:22,1:00:50,
721,Sarah Portas,2843,2:05:19,Female Open (20-39 Years),210,Female,281,1:03:56,1:01:23,
722,sarah schnell,2087,2:05:20,Female Veteran (50-59 Years),16,Female,282,1:07:36,57:44,
723,Tuggie Aucamp,1036,2:05:24,Male Open (20-39 Years),287,Male,441,1:04:05,1:01:19,
724,Andy Bloomer,1084,2:05:27,Male Unstoppables (70+ Years),3,Male,442,1:05:26,1:00:00,
725,Tania Potts,1999,2:05:32,Female Veteran (50-59 Years),17,Female,283,1:05:51,59:41,
726,Sophie Carpenter,1166,2:05:41,Female Open (20-39 Years),211,Female,284,1:02:17,1:03:24,
727,Chris Baring,2844,2:05:42,Male Open (20-39 Years),288,Male,443,1:05:53,59:49,
728,Sarah Wilson,2782,2:05:44,Female Open (20-39 Years),212,Female,285,1:07:05,58:39,
729,Kim Maisey,1776,2:05:45,Female Open (20-39 Years),213,Female,286,1:07:21,58:24,
730,Emily Jurd,1653,2:05:45,Female Open (20-39 Years),214,Female,287,1:07:21,58:24,
731,William Worth,2400,2:05:47,Male Open (20-39 Years),289,Male,444,1:02:45,1:03:02,
732,Bryce Dalton,1263,2:05:56,Male Open (20-39 Years),290,Male,445,1:05:41,1:00:15,
733,Kris Johansen,1635,2:05:57,Male Master (40-49 Years),67,Male,446,1:05:09,1:00:48,
734,Lisa Halsall,2535,2:05:58,Female Master (40-49 Years),47,Female,288,1:04:08,1:01:50,
735,Michelle Shaw,2111,2:05:58,Female Master (40-49 Years),48,Female,289,1:03:33,1:02:25,
736,Chris Sherborne,2116,2:05:58,Female Veteran (50-59 Years),18,Female,290,1:06:09,59:50,
737,Natarsha O’Flaherty,1935,2:05:59,Female Open (20-39 Years),215,Female,291,1:03:13,1:02:47,
738,William Sok,2151,2:06:02,Male Open (20-39 Years),291,Male,447,1:08:16,57:46,
739,Gerrit Mueller,2656,2:06:05,Male Veteran (50-59 Years),46,Male,448,1:13:26,52:38,
740,Mac Humphries,1604,2:06:07,Male Teens (13-19 Years),23,Male,449,1:02:20,1:03:47,
741,cam Orr,1947,2:06:12,Male Open (20-39 Years),292,Male,450,1:06:29,59:43,
742,Morgan van Veldhuizen,2278,2:06:12,Female Teens (13-19 Years),6,Female,292,1:06:30,59:42,
743,Rachel Hiew,1561,2:06:16,Female Open (20-39 Years),216,Female,293,1:06:43,59:34,
744,John Jiang,1634,2:06:18,Male Veteran (50-59 Years),47,Male,451,1:08:06,58:12,
745,Olivia Ludgate,1755,2:06:23,Female Open (20-39 Years),217,Female,294,1:08:25,57:57,
746,Joseph Robinson,2051,2:06:26,Male Open (20-39 Years),293,Male,452,58:48,1:07:38,
747,Rachael Jones,1650,2:06:35,Female Veteran (50-59 Years),19,Female,295,1:07:34,59:01,
748,Gai Marie Smart,2724,2:06:36,Female Legend (60-69 Years),6,Female,296,1:05:17,1:01:20,
749,Simon Dunn,1320,2:06:39,Male Veteran (50-59 Years),48,Male,453,1:05:26,1:01:14,
750,Hannah Spear,2160,2:06:42,Female Open (20-39 Years),218,Female,297,1:09:05,57:37,
751,Rachel Porter,1998,2:06:42,Female Open (20-39 Years),219,Female,298,1:06:45,59:56,
752,Pip Campbell,2849,2:06:44,Female Master (40-49 Years),49,Female,299,1:07:45,58:59,
753,Nicola McGavock,1816,2:06:51,Female Master (40-49 Years),50,Female,300,1:07:24,59:28,
754,Aaron Rolls,2061,2:06:54,Male Veteran (50-59 Years),49,Male,454,1:06:57,59:57,Lake Taupo Chiropractic
755,Lilie ishikawa,1618,2:06:55,Female Teens (13-19 Years),7,Female,301,1:03:52,1:03:03,
756,Robert Sullivan,2196,2:06:58,Male Open (20-39 Years),294,Male,455,1:07:30,59:28,
757,Ven Vergara,2285,2:06:59,Male Open (20-39 Years),295,Male,456,1:06:02,1:00:57,
758,Marie Shepherd,2113,2:07:05,Female Open (20-39 Years),220,Female,302,1:03:09,1:03:56,
759,Lee-Anne Young,2828,2:07:09,Male Legend (60-69 Years),20,Male,457,1:07:28,59:41,
760,Caitlin Holmes,1591,2:07:10,Female Open (20-39 Years),221,Female,303,1:03:57,1:03:13,
761,Ed Van den broek,2765,2:07:11,Male Legend (60-69 Years),21,Male,458,1:05:55,1:01:17,
762,Anna Hunt,1607,2:07:12,Female Open (20-39 Years),222,Female,304,1:07:59,59:13,
763,Cliff Ellery,1348,2:07:13,Male Veteran (50-59 Years),50,Male,459,1:06:43,1:00:30,ELLERY Fam
764,Renee Ellery,1349,2:07:14,Female Open (20-39 Years),223,Female,305,1:06:43,1:00:31,ELLERY Fam
765,MILLIE FREEMAN,1423,2:07:22,Female Open (20-39 Years),224,Female,306,1:06:29,1:00:53,
766,Tilomai Lilomaiava,1722,2:07:30,Female Open (20-39 Years),225,Female,307,1:07:51,59:38,
767,Ivan Taumaoe,2205,2:07:30,Male Open (20-39 Years),296,Male,460,1:07:50,59:40,
768,Jason Paranihi,1955,2:07:33,Male Veteran (50-59 Years),51,Male,461,1:04:58,1:02:35,
769,Anna Goldsmith,1461,2:07:34,Female Master (40-49 Years),51,Female,308,1:05:30,1:02:04,
770,Madeline Taylor,2207,2:07:34,Female Open (20-39 Years),226,Female,309,1:07:26,1:00:09,Team Summit
771,Glory Lawrence,1701,2:07:35,Female Open (20-39 Years),227,Female,310,1:07:26,1:00:09,Team Summit
772,Chris Aplin,1019,2:07:36,Male Master (40-49 Years),68,Male,462,1:02:47,1:04:48,
773,Georgia Fox,1410,2:07:37,Female Teens (13-19 Years),8,Female,311,1:07:32,1:00:04,
774,Ella Thomson,2231,2:07:40,Female Open (20-39 Years),228,Female,312,1:05:40,1:01:59,
775,Andrew Forsman,2514,2:07:41,Male Master (40-49 Years),69,Male,463,1:07:44,59:57,
776,Ryno Marx,1794,2:07:43,Male Open (20-39 Years),297,Male,464,1:07:25,1:00:17,
777,Shannon Florence,1391,2:07:43,Female Open (20-39 Years),229,Female,313,1:07:25,1:00:17,
778,Glenn Wilson,2783,2:07:46,Male Legend (60-69 Years),22,Male,465,1:05:49,1:01:57,
779,Cushla Carey,1163,2:07:47,Female Open (20-39 Years),230,Female,314,1:05:52,1:01:55,
780,Mitcha Bentu,1075,2:07:48,Male Open (20-39 Years),298,Male,466,1:12:36,55:12,
781,Keerthi Prabaharan,2005,2:07:50,Male Open (20-39 Years),299,Male,467,1:07:11,1:00:39,JOE running
782,Hazel McCulloch,2635,2:07:52,Female Open (20-39 Years),231,Female,315,1:05:02,1:02:50,
783,Stuart Carrood,2839,2:07:57,Male Master (40-49 Years),70,Male,468,1:05:33,1:02:24,
784,Jack Taylor,2209,2:08:01,Male Open (20-39 Years),300,Male,469,1:07:20,1:00:41,
785,Rosie van de Linde,2764,2:08:02,Female Open (20-39 Years),232,Female,316,1:08:00,1:00:02,
786,Natalie Groundwater,1487,2:08:09,Female Open (20-39 Years),233,Female,317,1:08:04,1:00:05,
787,Alistair Denton,1283,2:08:12,Male Master (40-49 Years),71,Male,470,1:05:37,1:02:35,
788,Georgia Guy,1494,2:08:12,Female Open (20-39 Years),234,Female,318,1:06:19,1:01:53,
789,Stacey Thomsen,2228,2:08:15,Female Master (40-49 Years),52,Female,319,1:08:13,1:00:03,
790,Rebecca Thomas,2224,2:08:17,Female Veteran (50-59 Years),20,Female,320,1:05:20,1:02:58,
791,Maria Guerra,1490,2:08:18,Female Master (40-49 Years),53,Female,321,1:08:40,59:38,
792,Jane Ward,2772,2:08:19,Female Open (20-39 Years),235,Female,322,1:02:49,1:05:31,
793,Ihalee Pink,152,2:08:20,Male Open (20-39 Years),301,Male,471,1:04:50,1:03:30,
794,Steph Charles,1181,2:08:24,Female Veteran (50-59 Years),21,Female,323,1:07:39,1:00:45,
795,Dylan Creighton,1238,2:08:29,Male Open (20-39 Years),302,Male,472,1:05:51,1:02:38,Tenon 2024
796,Will Workman,2398,2:08:34,Male Veteran (50-59 Years),52,Male,473,1:08:08,1:00:26,Will & Honor
797,Tegan Edwards,1338,2:08:35,Female Open (20-39 Years),236,Female,324,1:03:35,1:05:01,
798,Jack Howsham,1600,2:08:38,Male Open (20-39 Years),303,Male,474,1:05:52,1:02:46,2mile2good
799,Monique Greig,1480,2:08:38,Female Open (20-39 Years),237,Female,325,1:04:27,1:04:12,
800,Meg Thomas,2750,2:08:42,Female Open (20-39 Years),238,Female,326,1:05:33,1:03:10,Tenon 2024
801,Hannah Barnsley,1053,2:08:42,Female Open (20-39 Years),239,Female,327,1:02:26,1:06:17,
802,Kat Borowczyk,1094,2:08:44,Female Open (20-39 Years),240,Female,328,1:05:45,1:02:58,GetRunning
803,Waseeq Vorajee,2292,2:08:44,Male Open (20-39 Years),304,Male,475,1:05:05,1:03:38,Matanga Projects
804,Broden Wood,2391,2:08:50,Male Open (20-39 Years),305,Male,476,1:00:17,1:08:33,
805,Laura Cobbett,1202,2:08:53,Female Master (40-49 Years),54,Female,329,1:05:10,1:03:44,
806,Hannah McQueen,1839,2:08:54,Female Master (40-49 Years),55,Female,330,1:07:08,1:01:46,GetRunning
807,Dylan Robinson,1066,2:08:54,Male Open (20-39 Years),306,Male,477,1:04:56,1:03:59,
808,Dominique Hinchliffe,1569,2:09:06,Female Open (20-39 Years),241,Female,331,1:08:07,1:00:59,
809,Som Cariappa,1165,2:09:08,Male Open (20-39 Years),307,Male,478,1:04:37,1:04:31,
810,Abby mcmullan,2641,2:09:09,Female Open (20-39 Years),242,Female,332,1:09:40,59:29,
811,Aileen Matthews,1803,2:09:14,Female Master (40-49 Years),56,Female,333,1:08:30,1:00:44,
812,Tom Kennedy,1667,2:09:20,Male Open (20-39 Years),308,Male,479,1:10:03,59:16,
813,Vicki Tattle,2746,2:09:20,Female Master (40-49 Years),57,Female,334,1:07:59,1:01:21,
814,Maretta Twentyman,2762,2:09:24,Female Open (20-39 Years),243,Female,335,1:07:50,1:01:34,JB Morrison
815,Steve Donnelly,1297,2:09:28,Male Veteran (50-59 Years),53,Male,480,1:04:56,1:04:32,
816,Arran Smith,2142,2:09:28,Male Open (20-39 Years),309,Male,481,1:03:49,1:05:39,
817,Herman Combrink,1209,2:09:29,Male Master (40-49 Years),72,Male,482,1:04:56,1:04:33,
818,Kayne Wallis,2302,2:09:30,Male Open (20-39 Years),310,Male,483,1:05:17,1:04:13,
819,Isaac Lai,2596,2:09:37,Male Open (20-39 Years),311,Male,484,1:08:24,1:01:13,
820,Kate McGuinness,1822,2:09:37,Female Open (20-39 Years),244,Female,336,1:07:19,1:02:17,
821,Sophie Forster,2516,2:09:38,Female Open (20-39 Years),245,Female,337,1:07:37,1:02:02,
822,Liliana Prado,2689,2:09:40,Female Master (40-49 Years),58,Female,338,1:08:24,1:01:16,
823,Melissa Rogers,2053,2:09:41,Female Open (20-39 Years),246,Female,339,1:09:10,1:00:31,
824,Shona Haggart,1496,2:09:44,Female Veteran (50-59 Years),22,Female,340,1:06:33,1:03:11,
825,vidya mathavan,1801,2:09:45,Female Master (40-49 Years),59,Female,341,1:09:09,1:00:36,
826,Brendon Bartley,1058,2:09:48,Male Master (40-49 Years),73,Male,485,1:11:04,58:44,
827,Ann Mitchell,1869,2:09:56,Female Veteran (50-59 Years),23,Female,342,1:08:17,1:01:39,Taupo Adventures
828,Ben Gamble,1433,2:09:59,Male Open (20-39 Years),312,Male,486,1:04:35,1:05:23,
829,Ben Heath,1544,2:09:59,Male Open (20-39 Years),313,Male,487,1:07:19,1:02:40,
830,Olivia Gamble,1432,2:10:00,Female Open (20-39 Years),247,Female,343,1:04:38,1:05:22,
831,Sean Carter,1168,2:10:05,Male Open (20-39 Years),314,Male,488,1:09:18,1:00:47,
832,Flora Tavish,2206,2:10:05,Female Open (20-39 Years),248,Female,344,1:07:04,1:03:02,
833,Shelley Keighley,1660,2:10:06,Female Open (20-39 Years),249,Female,345,1:09:18,1:00:47,
834,Ashleigh Trainor,2252,2:10:08,Female Open (20-39 Years),250,Female,346,1:05:56,1:04:13,BFT Taupō
835,Glenyss Johnston,1641,2:10:14,Female Legend (60-69 Years),7,Female,347,1:07:02,1:03:12,Taupo Adventures
836,Grant Trethewey,2255,2:10:20,Male Legend (60-69 Years),23,Male,489,1:08:44,1:01:35,GetRunning
837,Riley Hathaway,2846,2:10:22,Female Open (20-39 Years),251,Female,348,1:10:41,59:40,Team Hath
838,Dylan Hathaway,2547,2:10:23,Male Open (20-39 Years),315,Male,490,1:10:43,59:40,Team Hath
839,Ryan Stanyer,2735,2:10:23,Male Open (20-39 Years),316,Male,491,1:10:43,59:40,Team Hath
840,Fraser Belgrave,1068,2:10:26,Male Open (20-39 Years),317,Male,492,1:01:02,1:09:24,
841,Moira Cameron,1155,2:10:37,Female Master (40-49 Years),60,Female,349,1:03:41,1:06:56,
842,Rob Hill,2853,2:10:43,Male Master (40-49 Years),74,Male,493,1:10:37,1:00:06,Hear4U
843,N.N. 1568,1568,2:10:43,Male Open (20-39 Years),318,Male,494,1:10:37,1:00:06,
844,Gavin Poole,1996,2:10:44,Male Open (20-39 Years),319,Male,495,1:06:58,1:03:46,
845,Emma Dooney,1300,2:10:46,Female Open (20-39 Years),252,Female,350,1:12:00,58:45,
846,Gurjot samra,2711,2:10:50,Male Master (40-49 Years),75,Male,496,1:07:27,1:03:24,
847,Paul Johnson,2571,2:10:51,Male Master (40-49 Years),76,Male,497,1:11:02,59:49,
848,James Carrick,2852,2:10:52,Male Open (20-39 Years),320,Male,498,1:11:03,59:49,
849,Paul Rollin,2059,2:10:53,Male Veteran (50-59 Years),54,Male,499,1:08:29,1:02:24,
850,Ryan Parry,2810,2:10:53,Male Open (20-39 Years),321,Male,500,1:04:07,1:06:47,
851,Svetlana Hawke,1537,2:10:58,Female Open (20-39 Years),253,Female,351,1:06:40,1:04:18,
852,Alexandra Bos,1095,2:10:58,Female Open (20-39 Years),254,Female,352,1:07:43,1:03:15,
853,Stephen Usmar,2270,2:11:02,Male Veteran (50-59 Years),55,Male,501,1:08:52,1:02:10,
854,Rebecca Jones,2574,2:11:02,Female Open (20-39 Years),255,Female,353,1:09:17,1:01:44,
855,Kika sierra,2126,2:11:02,Female Master (40-49 Years),61,Female,354,1:09:18,1:01:44,
856,Lucy Tofield,2244,2:11:03,Female Open (20-39 Years),256,Female,355,1:09:02,1:02:00,
857,Cherie Smith,2146,2:11:04,Female Master (40-49 Years),62,Female,356,1:07:58,1:03:06,
858,Kaye King,1676,2:11:04,Female Legend (60-69 Years),8,Female,357,1:09:31,1:01:34,
859,Quinn Spiers,2167,2:11:10,Male Open (20-39 Years),322,Male,502,1:07:52,1:03:18,
860,Paige Kingston,1677,2:11:11,Female Open (20-39 Years),257,Female,358,1:07:22,1:03:49,
861,amy fischman,1381,2:11:17,Female Open (20-39 Years),258,Female,359,1:09:45,1:01:31,
862,Melissa Scheirlinck,2084,2:11:19,Female Open (20-39 Years),259,Female,360,1:07:51,1:03:28,
863,Leanne Hofer,2556,2:11:23,Female Open (20-39 Years),260,Female,361,1:06:53,1:04:30,
864,Angela Schur,2094,2:11:27,Female Teens (13-19 Years),9,Female,362,1:04:45,1:06:41,
865,Kim Allen,1011,2:11:32,Female Open (20-39 Years),261,Female,363,1:05:52,1:05:40,
866,Zindy Haligado,1499,2:11:34,Female Open (20-39 Years),262,Female,364,1:08:03,1:03:31,
867,April Young,2412,2:11:36,Female Open (20-39 Years),263,Female,365,1:07:19,1:04:16,
868,Georgie Geard,1443,2:11:36,Female Open (20-39 Years),264,Female,366,1:07:20,1:04:16,
869,Tyla Brookes,1118,2:11:43,Female Open (20-39 Years),265,Female,367,1:07:54,1:03:49,
870,Denise Pearson,1969,2:11:48,Female Legend (60-69 Years),9,Female,368,1:08:04,1:03:44,
871,Christina Hall,2533,2:11:49,Female Master (40-49 Years),63,Female,369,1:05:00,1:06:49,Heart & Sole
872,Gloria Fraser,1418,2:11:54,Female Open (20-39 Years),266,Female,370,1:10:10,1:01:44,
873,Jess Shaw,2112,2:11:56,Female Open (20-39 Years),267,Female,371,1:02:14,1:09:42,
874,Clayton Te huia,2213,2:12:02,Male Open (20-39 Years),323,Male,503,1:05:29,1:06:32,
875,Hafoka Veatupu,2768,2:12:02,Male Open (20-39 Years),324,Male,504,1:05:29,1:06:33,
876,Michael Milligan,1860,2:12:06,Male Veteran (50-59 Years),56,Male,505,1:07:51,1:04:16,GetRunning
877,Meghan Hughes,1601,2:12:09,Female Teens (13-19 Years),10,Female,372,1:07:10,1:04:59,
878,Mike Bush,1148,2:12:09,Male Legend (60-69 Years),24,Male,506,1:12:40,59:29,
879,Emmerson Toomaga,2755,2:12:09,Female Open (20-39 Years),268,Female,373,1:08:58,1:03:12,
880,Ana Mcilroy,1824,2:12:18,Female Open (20-39 Years),269,Female,374,1:05:54,1:06:24,
881,Ashlyn Pedersen,2678,2:12:24,Female Open (20-39 Years),270,Female,375,1:10:44,1:01:40,Heart & Sole
882,Kary Rogers,2055,2:12:24,Female Veteran (50-59 Years),24,Female,376,1:08:47,1:03:37,
883,Jane Stevenson,2183,2:12:25,Female Veteran (50-59 Years),25,Female,377,1:07:49,1:04:35,Taupo Adventures
884,Kelsey Kosoof,1686,2:12:26,Female Open (20-39 Years),271,Female,378,1:09:38,1:02:48,
885,Donna Baguley,1044,2:12:27,Female Veteran (50-59 Years),26,Female,379,1:08:45,1:03:42,
886,Maria de los Angeles Ortega Uribe,1948,2:12:29,Female Open (20-39 Years),272,Female,380,1:13:01,59:28,
887,Candice Harrison,2542,2:12:30,Female Open (20-39 Years),273,Female,381,1:12:17,1:00:12,
888,Kathryn Forsyth,1399,2:12:38,Female Veteran (50-59 Years),27,Female,382,1:09:24,1:03:13,2mile2good
889,Terina Magee,1774,2:12:40,Female Open (20-39 Years),274,Female,383,1:08:35,1:04:05,
890,Emma Scoringe,2096,2:12:48,Female Master (40-49 Years),64,Female,384,1:08:06,1:04:42,2mile2good
891,Amanda Smith,2726,2:12:51,Female Open (20-39 Years),275,Female,385,1:11:18,1:01:34,
892,Chloe Blannin,1083,2:12:54,Female Open (20-39 Years),276,Female,386,1:10:32,1:02:22,
893,India Davis,1270,2:12:58,Female Open (20-39 Years),277,Female,387,1:08:45,1:04:13,
894,Zoe Simpson,2133,2:12:59,Female Master (40-49 Years),65,Female,388,1:08:54,1:04:05,
895,Rebecca Beattie,1065,2:13:03,Female Open (20-39 Years),278,Female,389,1:12:05,1:00:58,
896,Eilish Malloch,1779,2:13:11,Female Open (20-39 Years),279,Female,390,1:11:33,1:01:38,
897,Tash Coutts,2478,2:13:14,Female Open (20-39 Years),280,Female,391,1:13:07,1:00:07,
898,Faith Spice,2166,2:13:15,Female Open (20-39 Years),281,Female,392,1:11:06,1:02:09,
899,Sassafraz Marshall-Johnson,1789,2:13:16,Female Open (20-39 Years),282,Female,393,1:08:55,1:04:21,
900,lily cameron,1153,2:13:21,Female Teens (13-19 Years),11,Female,394,1:07:34,1:05:47,
901,Nicky Hodson,1583,2:13:22,Female Master (40-49 Years),66,Female,395,1:11:00,1:02:22,Taupo Adventures
902,Sandie Lloyd,1733,2:13:27,Female Veteran (50-59 Years),28,Female,396,1:13:10,1:00:17,
903,Jamie Nicholls,1918,2:13:29,Male Veteran (50-59 Years),57,Male,507,1:06:43,1:06:46,
904,Carwyn Blosch,1086,2:13:30,Male Open (20-39 Years),325,Male,508,1:14:17,59:12,
905,Marcus Blosch,1085,2:13:30,Male Legend (60-69 Years),25,Male,509,1:14:17,59:13,
906,David Winspear,2388,2:13:30,Male Master (40-49 Years),77,Male,510,1:09:06,1:04:24,
907,Trac Walker,2299,2:13:32,Female Open (20-39 Years),283,Female,397,1:09:34,1:03:58,Hear4U
908,Sabrina Butler,2458,2:13:33,Female Open (20-39 Years),284,Female,398,1:15:30,58:03,
909,Claire Stewart,2736,2:13:33,Female Open (20-39 Years),285,Female,399,1:15:30,58:03,
910,Emma Foss,2848,2:13:34,Female Open (20-39 Years),286,Female,400,1:11:54,1:01:40,
911,Paige Win,2386,2:13:38,Female Open (20-39 Years),287,Female,401,1:08:03,1:05:35,
912,Robert Wellwood,2847,2:13:39,Male Open (20-39 Years),326,Male,511,1:09:31,1:04:08,
913,Ryan Hitchcock,2555,2:13:40,Male Open (20-39 Years),327,Male,512,1:12:29,1:01:11,
914,Nick Zeniou,2794,2:13:40,Male Open (20-39 Years),328,Male,513,1:12:29,1:01:11,
915,Mikkah Drake,2494,2:13:41,Male Open (20-39 Years),329,Male,514,1:12:29,1:01:11,
916,Emma Wynne,2407,2:13:45,Female Open (20-39 Years),288,Female,402,1:05:40,1:08:05,
917,Kasey McMaster Stoeten,1837,2:13:48,Female Open (20-39 Years),289,Female,403,1:06:45,1:07:04,Lake Taupo Chiropractic
918,Kenzie Genet,1446,2:13:59,Female Open (20-39 Years),290,Female,404,1:07:20,1:06:39,
919,Janis Robb,2044,2:14:00,Female Legend (60-69 Years),10,Female,405,1:11:53,1:02:07,
920,Sarah Frankish,1415,2:14:03,Female Open (20-39 Years),291,Female,406,1:06:07,1:07:55,
921,Scott Bolten,1089,2:14:14,Male Veteran (50-59 Years),58,Male,515,1:08:24,1:05:50,
922,Caroline Yuill,2792,2:14:14,Female Open (20-39 Years),292,Female,407,1:08:28,1:05:46,
923,Paige Harvey,1532,2:14:15,Female Open (20-39 Years),293,Female,408,1:10:49,1:03:27,
924,Jorja Philips-Hall,1983,2:14:15,Female Open (20-39 Years),294,Female,409,1:09:23,1:04:52,
925,Eden Dowling-Mitchell,1303,2:14:20,Male Open (20-39 Years),330,Male,516,1:06:33,1:07:47,
926,Michael Wells,2332,2:14:21,Male Open (20-39 Years),331,Male,517,1:07:04,1:07:17,
927,Samantha Woodward,2397,2:14:24,Female Open (20-39 Years),295,Female,410,1:10:15,1:04:09,
928,Jana Zimmermann,2422,2:14:26,Female Teens (13-19 Years),12,Female,411,1:09:55,1:04:32,
929,MARK MITCHELL,1870,2:14:32,Male Master (40-49 Years),78,Male,518,1:08:53,1:05:40,
930,Mandy Coulson,1225,2:14:33,Female Open (20-39 Years),296,Female,412,1:17:51,56:41,2mile2good
931,Patricia Soh,2150,2:14:41,Female Open (20-39 Years),297,Female,413,1:13:20,1:01:21,
932,Nicola Atkin,1034,2:14:41,Female Master (40-49 Years),67,Female,414,1:10:20,1:04:21,
933,Nicholas Herries,1557,2:14:44,Male Open (20-39 Years),332,Male,519,1:03:06,1:11:38,
934,Gavin Neal,1907,2:14:44,Male Master (40-49 Years),79,Male,520,1:08:01,1:06:43,
935,Mick Lister,1728,2:14:45,Male Open (20-39 Years),333,Male,521,1:11:15,1:03:29,
936,Helen Salt,2076,2:14:45,Female Open (20-39 Years),298,Female,415,1:10:35,1:04:10,BFT Taupō
937,Cam de Leijer,1274,2:14:45,Male Open (20-39 Years),334,Male,522,1:11:16,1:03:29,
938,Tarin Duncan,1317,2:14:48,Female Open (20-39 Years),299,Female,416,1:10:01,1:04:48,
939,Peter Kennedy,2589,2:14:53,Male Unstoppables (70+ Years),4,Male,523,1:10:18,1:04:35,
940,Lilah Lind,1725,2:15:03,Female Open (20-39 Years),300,Female,417,1:12:05,1:02:58,
941,Maria Ahipene,1004,2:15:04,Female Master (40-49 Years),68,Female,418,1:12:04,1:02:59,YTG
942,Jenny Gemmell,1445,2:15:04,Female Open (20-39 Years),301,Female,419,1:12:05,1:02:59,YTG
943,Lucy Rush,2708,2:15:13,Female Open (20-39 Years),302,Female,420,1:07:56,1:07:17,
944,Cathie Blade,2447,2:15:18,Female Legend (60-69 Years),11,Female,421,1:12:13,1:03:05,
945,Christine Cosgrove,1222,2:15:25,Female Veteran (50-59 Years),29,Female,422,1:09:01,1:06:24,
946,Katrina Selfe,2105,2:15:25,Female Open (20-39 Years),303,Female,423,1:12:04,1:03:21,
947,Phil Grayson,2530,2:15:25,Male Master (40-49 Years),80,Male,524,1:09:10,1:06:15,
948,Philippa Taylor,2211,2:15:27,Female Open (20-39 Years),304,Female,424,1:08:32,1:06:56,
949,Garry Taylor,2210,2:15:28,Male Veteran (50-59 Years),59,Male,525,1:08:31,1:06:57,
950,Katie Mooyman,2652,2:15:31,Female Open (20-39 Years),305,Female,425,1:11:49,1:03:42,
951,Calah Duncan,1316,2:15:33,Female Open (20-39 Years),306,Female,426,1:11:28,1:04:05,
952,George Higgie,1562,2:15:35,Male Open (20-39 Years),335,Male,526,1:07:50,1:07:45,
953,Tom Lindley,2603,2:15:37,Male Open (20-39 Years),336,Male,527,1:09:04,1:06:32,
954,Orla Scanlon,2083,2:15:38,Female Open (20-39 Years),307,Female,427,1:12:14,1:03:24,
955,Eliza Clarkson,1197,2:15:44,Female Teens (13-19 Years),13,Female,428,1:06:22,1:09:22,
956,Sarah McKinnon,1830,2:15:45,Female Master (40-49 Years),69,Female,429,1:13:11,1:02:34,
957,Liz Lumbus,1757,2:15:48,Female Legend (60-69 Years),12,Female,430,1:09:35,1:06:13,
958,Jade Cheung,1186,2:15:48,Female Open (20-39 Years),308,Female,431,1:10:45,1:05:04,
959,Zoë Stewart,2184,2:15:49,Female Teens (13-19 Years),14,Female,432,1:10:53,1:04:56,
960,Stuart Helm,1548,2:15:51,Male Master (40-49 Years),81,Male,528,1:11:43,1:04:08,Hear4U
961,Jared McHardy,1823,2:16:05,Male Open (20-39 Years),337,Male,529,1:10:43,1:05:21,
962,Chamod Ratnayake,2022,2:16:05,Male Open (20-39 Years),338,Male,530,1:12:52,1:03:13,JOE running
963,Sophie Elstone-Sara,1357,2:16:09,Female Open (20-39 Years),309,Female,433,1:12:04,1:04:05,
964,Siobhan Kelly,1663,2:16:11,Female Open (20-39 Years),310,Female,434,1:07:26,1:08:45,
965,Jordan Lewis,1716,2:16:19,Male Open (20-39 Years),339,Male,531,1:06:04,1:10:15,
966,Catherine Pask,1961,2:16:19,Female Open (20-39 Years),311,Female,435,1:12:26,1:03:53,
967,Clare Duffett,1313,2:16:22,Female Master (40-49 Years),70,Female,436,1:11:01,1:05:21,Taupo Adventures
968,Zoe Englefield,1358,2:16:31,Female Open (20-39 Years),312,Female,437,1:13:04,1:03:26,
969,Reahn Dobbie,2492,2:16:33,Female Open (20-39 Years),313,Female,438,1:07:54,1:08:38,
970,Tia Lewis,2870,2:16:39,Female Open (20-39 Years),314,Female,439,1:07:15,1:09:23,
971,Emma Stenhouse,2180,2:16:41,Female Open (20-39 Years),315,Female,440,1:08:47,1:07:54,
972,Presly Hood,1594,2:16:41,Female Open (20-39 Years),316,Female,441,1:10:41,1:06:00,
973,Rebecca Kiesanowski,1673,2:16:42,Female Master (40-49 Years),71,Female,442,1:07:33,1:09:08,
974,Sophia Rietema,2039,2:16:43,Female Open (20-39 Years),317,Female,443,1:13:30,1:03:13,
975,James Smith,2141,2:16:50,Male Master (40-49 Years),82,Male,532,1:09:39,1:07:11,
976,Andy Che-Wei Chang,1178,2:17:02,Male Master (40-49 Years),83,Male,533,1:11:58,1:05:04,Team Tomo
977,Katie Adams,1003,2:17:05,Female Open (20-39 Years),318,Female,444,1:10:43,1:06:22,
978,Juana Vincent,2855,2:17:05,Female Master (40-49 Years),72,Female,445,1:07:59,1:09:07,Hear4U
979,Megan Richardson,2034,2:17:06,Female Open (20-39 Years),319,Female,446,1:10:43,1:06:23,
980,N.N. 2289,2289,2:17:07,Male Open (20-39 Years),340,Male,534,1:07:59,1:09:07,
981,Ellie Newton,1914,2:17:12,Female Open (20-39 Years),320,Female,447,1:09:50,1:07:22,
982,Kaine Merriman,1849,2:17:12,Male Master (40-49 Years),84,Male,535,1:11:36,1:05:37,
983,Brooke Stirling,2188,2:17:15,Female Open (20-39 Years),321,Female,448,1:10:35,1:06:39,
984,Tiana Merriman,1850,2:17:15,Female Open (20-39 Years),322,Female,449,1:11:39,1:05:36,
985,Billie Mae Mackintosh,2857,2:17:16,Female Teens (13-19 Years),15,Female,450,1:10:28,1:06:48,
986,Philip Smurthwaite,2728,2:17:18,Male Master (40-49 Years),85,Male,536,1:10:25,1:06:53,
987,Mitchell McDonald,1814,2:17:19,Male Open (20-39 Years),341,Male,537,1:12:15,1:05:04,Glastry running club
988,Marcus Nolan,1930,2:17:19,Male Open (20-39 Years),342,Male,538,1:12:15,1:05:04,Glastry running club
989,Jack Kendall,2587,2:17:23,Male Open (20-39 Years),343,Male,539,1:01:04,1:16:19,
990,Godwishes Chitauro,2468,2:17:24,Male Master (40-49 Years),86,Male,540,1:08:30,1:08:54,
991,Sarah McLeod,1835,2:17:25,Female Open (20-39 Years),323,Female,451,1:11:29,1:05:56,
992,Jason Waru,2314,2:17:26,Male Open (20-39 Years),344,Male,541,1:12:03,1:05:23,Waru's
993,Petra White,2343,2:17:29,Female Open (20-39 Years),324,Female,452,1:10:41,1:06:48,
994,Kirstie Wells,2329,2:17:32,Female Open (20-39 Years),325,Female,453,1:11:04,1:06:29,
995,Millie Galloway,1431,2:17:34,Female Teens (13-19 Years),16,Female,454,1:10:54,1:06:39,
996,Chris Starck,2175,2:17:35,Male Open (20-39 Years),345,Male,542,1:11:13,1:06:22,
997,Richard Webby,2323,2:17:35,Male Open (20-39 Years),346,Male,543,1:10:32,1:07:03,Hear4U
998,Renel Naidoo,2659,2:17:45,Female Open (20-39 Years),326,Female,455,1:12:39,1:05:07,
999,Rachelle Pimm,1990,2:17:46,Female Master (40-49 Years),73,Female,456,1:09:31,1:08:15,
1000,Tegan Butler,1152,2:17:48,Female Open (20-39 Years),327,Female,457,1:10:47,1:07:01,
1001,Devin Te Tai,2215,2:17:49,Male Open (20-39 Years),347,Male,544,1:05:26,1:12:23,
1002,Alex Vellekoop,2283,2:17:53,Female Open (20-39 Years),328,Female,458,1:12:11,1:05:41,
1003,Georgia Rose,2064,2:17:53,Female Open (20-39 Years),329,Female,459,1:12:11,1:05:42,
1004,Philip Doolan,1299,2:17:54,Male Master (40-49 Years),87,Male,545,1:08:47,1:09:06,
1005,Mandy Hita,1575,2:18:09,Female Veteran (50-59 Years),30,Female,460,1:13:38,1:04:31,
1006,Samantha Morrison,1888,2:18:10,Female Master (40-49 Years),74,Female,461,1:09:06,1:09:05,
1007,Ava Bennett,1073,2:18:11,Female Teens (13-19 Years),17,Female,462,1:10:20,1:07:51,
1008,Francesca Pengelly,1973,2:18:11,Female Teens (13-19 Years),18,Female,463,1:10:19,1:07:52,
1009,Ruby Cato,1173,2:18:11,Female Teens (13-19 Years),19,Female,464,1:10:19,1:07:52,
1010,Amy Metcalfe,1852,2:18:12,Female Teens (13-19 Years),20,Female,465,1:10:20,1:07:51,
1011,Bronwyn Hartstone,1529,2:18:12,Female Open (20-39 Years),330,Female,466,1:12:53,1:05:19,
1012,kayle vosloo,2293,2:18:15,Female Open (20-39 Years),331,Female,467,1:11:31,1:06:44,
1013,François Guillots,1491,2:18:29,Male Veteran (50-59 Years),60,Male,546,1:09:34,1:08:55,
1014,Larry Bradley,1103,2:18:30,Male Legend (60-69 Years),26,Male,547,1:11:53,1:06:37,Y Marathon Club
1015,Carolyn Drabble,1306,2:18:33,Female Veteran (50-59 Years),31,Female,468,1:13:03,1:05:29,
1016,Ebany Pierre Louis,1988,2:18:33,Male Master (40-49 Years),88,Male,548,1:08:00,1:10:33,
1017,Abe Tito,2243,2:18:34,Male Open (20-39 Years),348,Male,549,1:08:10,1:10:24,
1018,Georgia Robinson,2052,2:18:36,Female Open (20-39 Years),332,Female,469,1:10:34,1:08:02,Tenon 2024
1019,Maddy Edwards,1342,2:18:40,Female Open (20-39 Years),333,Female,470,1:09:51,1:08:49,
1020,Hannah Lowry,1753,2:18:40,Female Open (20-39 Years),334,Female,471,1:13:10,1:05:29,
1021,Yoshiko Lowry,1752,2:18:40,Female Veteran (50-59 Years),32,Female,472,1:13:11,1:05:29,
1022,Sarah Watson,2316,2:18:41,Female Open (20-39 Years),335,Female,473,1:13:14,1:05:27,
1023,Deborah Brown,2454,2:18:41,Female Master (40-49 Years),75,Female,474,1:14:15,1:04:26,
1024,Sarah Pickering,2685,2:18:42,Female Veteran (50-59 Years),33,Female,475,1:14:15,1:04:27,
1025,Esther Long,1742,2:18:45,Female Open (20-39 Years),336,Female,476,1:11:08,1:07:38,
1026,Audrey Jing,2569,2:18:55,Female Open (20-39 Years),337,Female,477,1:10:58,1:07:57,
1027,Lakisha Hartstone,1530,2:19:14,Female Open (20-39 Years),338,Female,478,1:16:17,1:02:57,
1028,Grace Northern,2665,2:19:19,Female Open (20-39 Years),339,Female,479,1:15:57,1:03:23,
1029,Zara Gillies,1456,2:19:20,Female Teens (13-19 Years),21,Female,480,1:09:08,1:10:12,
1030,N.N. 2806,2806,2:19:20,Male Open (20-39 Years),349,Male,550,1:12:29,1:06:51,
1031,Kaitlyn Nickel,1923,2:19:21,Female Open (20-39 Years),340,Female,481,1:08:11,1:11:10,
1032,Cameron Burt,1143,2:19:22,Male Open (20-39 Years),350,Male,551,1:14:10,1:05:12,
1033,Rob Woodman,2394,2:19:36,Male Open (20-39 Years),351,Male,552,1:10:13,1:09:22,
1034,Leon Jacobs,2867,2:19:42,Male Open (20-39 Years),352,Male,553,53:44,1:25:58,
1035,Ellen Wang,2304,2:19:47,Female Master (40-49 Years),76,Female,482,1:13:01,1:06:45,
1036,Blair Alabaster,1006,2:19:48,Male Master (40-49 Years),89,Male,554,1:10:13,1:09:35,Team 360
1037,Catherine Nixon,2664,2:19:49,Female Unstoppables (70+ Years),1,Female,483,1:15:01,1:04:48,
1038,Josh Macaulay,1764,2:19:56,Male Open (20-39 Years),353,Male,555,1:12:57,1:06:59,
1039,Sammy O'Hara,1941,2:19:56,Female Open (20-39 Years),341,Female,484,1:12:58,1:06:59,
1040,Jess Ludgate,1754,2:19:58,Female Open (20-39 Years),342,Female,485,1:08:26,1:11:32,
1041,Ruby Brunton,1132,2:20:07,Female Open (20-39 Years),343,Female,486,1:14:31,1:05:36,
1042,Stacey Sparks,2729,2:20:13,Female Veteran (50-59 Years),34,Female,487,1:15:17,1:04:55,
1043,Aidyn Wright,2820,2:20:27,Male Open (20-39 Years),354,Male,556,1:08:54,1:11:33,
1044,Fi Winger,2387,2:20:33,Female Open (20-39 Years),344,Female,488,1:12:04,1:08:29,
1045,Kyla Harrison,2543,2:20:37,Female Open (20-39 Years),345,Female,489,1:09:47,1:10:50,
1046,Edward Leeder,1712,2:20:38,Male Open (20-39 Years),355,Male,557,1:14:25,1:06:13,
1047,Campion Mcshane,2643,2:20:43,Female Open (20-39 Years),346,Female,490,1:15:02,1:05:41,
1048,Gabrielle Griffiths,1485,2:20:48,Female Master (40-49 Years),77,Female,491,1:11:47,1:09:01,
1049,Danielle Cunningham,1251,2:20:50,Female Open (20-39 Years),347,Female,492,1:12:14,1:08:36,
1050,Chris Cunningham,1252,2:20:50,Male Open (20-39 Years),356,Male,558,1:12:14,1:08:36,
1051,Matthew Forsyth,1400,2:20:54,Male Open (20-39 Years),357,Male,559,1:11:22,1:09:32,
1052,Hannah Mackay,1769,2:20:57,Female Open (20-39 Years),348,Female,493,1:08:15,1:12:42,
1053,Quinn Ryan,2709,2:21:05,Male Open (20-39 Years),358,Male,560,1:11:05,1:10:00,Central Service Stations
1054,Kamilla Andersson,1018,2:21:14,Female Veteran (50-59 Years),35,Female,494,1:15:58,1:05:16,
1055,Kate Port,2821,2:21:19,Female Open (20-39 Years),349,Female,495,1:13:30,1:07:49,
1056,Tom Bosworth,1097,2:21:20,Male Open (20-39 Years),359,Male,561,1:08:38,1:12:42,
1057,Logan Menzies,2646,2:21:25,Male Open (20-39 Years),360,Male,562,1:11:28,1:09:57,
1058,Anna Börjesson,2796,2:21:26,Female Veteran (50-59 Years),36,Female,496,1:14:22,1:07:03,
1059,Bryleigh Bentley,2443,2:21:26,Female Open (20-39 Years),350,Female,497,1:11:28,1:09:58,
1060,Alicia Claridge,1193,2:21:27,Female Teens (13-19 Years),22,Female,498,1:13:21,1:08:06,Angela Claridge Wellness
1061,Angela Claridge,1192,2:21:27,Female Master (40-49 Years),78,Female,499,1:13:25,1:08:02,Angela Claridge Wellness
1062,Jade Edmonds,1334,2:21:28,Female Open (20-39 Years),351,Female,500,1:16:37,1:04:51,
1063,Jessie Quinn,2018,2:21:30,Female Open (20-39 Years),352,Female,501,1:13:01,1:08:30,
1064,Ryan Brady,1104,2:21:33,Male Open (20-39 Years),361,Male,563,1:09:13,1:12:20,
1065,Charlotte Spence,2165,2:21:35,Female Open (20-39 Years),353,Female,502,1:16:28,1:05:07,
1066,Janice Lim,2602,2:21:35,Female Open (20-39 Years),354,Female,503,1:12:04,1:09:31,
1067,Kelsey Tills,2238,2:21:38,Female Open (20-39 Years),355,Female,504,1:13:38,1:08:00,
1068,Ella Rei Mildren-Sheath,1856,2:21:40,Female Open (20-39 Years),356,Female,505,1:13:09,1:08:31,
1069,madi booker,1090,2:21:41,Female Open (20-39 Years),357,Female,506,1:14:31,1:07:10,
1070,Jack Riesterer,2037,2:21:42,Male Open (20-39 Years),362,Male,564,1:12:50,1:08:52,JOE running
1071,Gemma Whyte,2347,2:21:43,Female Open (20-39 Years),358,Female,507,1:14:23,1:07:20,Run Cubro Run
1072,Harry Booth,1092,2:21:43,Male Open (20-39 Years),363,Male,565,1:14:32,1:07:11,
1073,Mak McKenzie,1828,2:21:51,Male Legend (60-69 Years),27,Male,566,1:10:29,1:11:22,
1074,Sadie Miles,1857,2:21:52,Female Open (20-39 Years),359,Female,508,1:15:39,1:06:13,Freedom 4 Palestine
1075,Laura Macfarlane,1766,2:21:54,Female Open (20-39 Years),360,Female,509,1:17:11,1:04:43,
1076,Ginene Vallance,2273,2:22:03,Female Legend (60-69 Years),13,Female,510,1:14:17,1:07:46,
1077,Maddie Bell,1069,2:22:06,Female Open (20-39 Years),361,Female,511,1:13:04,1:09:02,
1078,Molly Thompson,2225,2:22:12,Female Open (20-39 Years),362,Female,512,1:12:46,1:09:26,
1079,Chloe Ashford,1032,2:22:22,Female Open (20-39 Years),363,Female,513,1:16:28,1:05:54,
1080,Georgia Rixson,2042,2:22:25,Female Open (20-39 Years),364,Female,514,1:14:28,1:07:57,
1081,Sharelle Creswell,1241,2:22:26,Female Open (20-39 Years),365,Female,515,1:15:06,1:07:20,Hear4U
1082,John Grayling,2819,2:22:26,Male Open (20-39 Years),364,Male,567,1:08:15,1:14:12,
1083,Svarn Creswell,1242,2:22:27,Male Master (40-49 Years),90,Male,568,1:15:07,1:07:20,Hear4U
1084,Kayley Knight,1683,2:22:33,Female Open (20-39 Years),366,Female,516,1:15:49,1:06:44,
1085,Tessa Turner,2263,2:22:40,Female Open (20-39 Years),367,Female,517,1:11:48,1:10:52,
1086,Molly MacKenzie,1771,2:22:51,Female Open (20-39 Years),368,Female,518,1:15:04,1:07:47,
1087,Jared Garvey,1440,2:22:52,Male Open (20-39 Years),365,Male,569,1:06:49,1:16:02,
1088,Tanya Ali_Aziz,1010,2:22:58,Female Open (20-39 Years),369,Female,519,1:11:06,1:11:52,
1089,Tayla Nicholson,1920,2:23:00,Female Open (20-39 Years),370,Female,520,1:10:25,1:12:34,
1090,Megan Arden,1023,2:23:02,Female Veteran (50-59 Years),37,Female,521,1:16:25,1:06:37,
1091,Brandon Alderson,2429,2:23:11,Male Open (20-39 Years),366,Male,570,1:12:27,1:10:44,
1092,Adelaide Hodges,1579,2:23:17,Female Open (20-39 Years),371,Female,522,1:10:05,1:13:12,
1093,Mitz Neilson,1911,2:23:21,Female Master (40-49 Years),79,Female,523,1:12:45,1:10:37,Taupo Adventures
1094,Jordan Parker wood,2676,2:23:25,Male Open (20-39 Years),367,Male,571,1:15:09,1:08:16,
1095,Alana Mace,2607,2:23:26,Female Open (20-39 Years),372,Female,524,1:15:10,1:08:16,
1096,Liam Quinn,2017,2:23:31,Male Open (20-39 Years),368,Male,572,1:05:26,1:18:06,Hear4U
1097,Jess Schnell,2088,2:23:33,Female Open (20-39 Years),373,Female,525,1:13:28,1:10:05,
1098,Vladan Jovanovic,1651,2:23:34,Male Open (20-39 Years),369,Male,573,1:12:19,1:11:15,
1099,Grace Vining,2290,2:23:48,Female Open (20-39 Years),374,Female,526,1:15:17,1:08:31,
1100,Rachel Jenkins,1626,2:23:49,Female Open (20-39 Years),375,Female,527,1:16:37,1:07:11,
1101,Rose Clement,2474,2:24:02,Female Open (20-39 Years),376,Female,528,1:15:38,1:08:23,
1102,Anna Zuraeva,2423,2:24:04,Female Open (20-39 Years),377,Female,529,1:13:27,1:10:37,Stars
1103,Jude Stinson,2186,2:24:09,Female Veteran (50-59 Years),38,Female,530,1:12:56,1:11:14,
1104,Honor Workman,2399,2:24:10,Female Veteran (50-59 Years),39,Female,531,1:14:45,1:09:26,Will & Honor
1105,shelley keane,1659,2:24:11,Female Open (20-39 Years),378,Female,532,1:11:47,1:12:25,
1106,Sian Paterson,1002,2:24:12,Female Open (20-39 Years),379,Female,533,1:14:07,1:10:05,
1107,Hayley Sinclair,2136,2:24:15,Female Open (20-39 Years),380,Female,534,1:14:09,1:10:06,
1108,Patrick Schofield,2089,2:24:17,Male Legend (60-69 Years),28,Male,574,1:14:05,1:10:12,
1109,Maurice Casey,1169,2:24:27,Male Veteran (50-59 Years),61,Male,575,1:17:35,1:06:52,
1110,Amelia Palmer,1954,2:24:28,Female Open (20-39 Years),381,Female,535,1:13:26,1:11:01,
1111,Maysie Palmer,1953,2:24:28,Female Open (20-39 Years),382,Female,536,1:13:26,1:11:02,
1112,Paul Morgan,1879,2:24:28,Male Veteran (50-59 Years),62,Male,576,1:17:36,1:06:53,
1113,Brendan Mason,2625,2:24:48,Male Master (40-49 Years),91,Male,577,1:20:19,1:04:29,
1114,Kelsi McAsey,1808,2:24:50,Female Open (20-39 Years),383,Female,537,1:13:28,1:11:21,
1115,Ella McQuilkin,1841,2:24:58,Female Open (20-39 Years),384,Female,538,1:15:08,1:09:50,2mile2good
1116,Jenny Lovegrove,1746,2:25:06,Female Master (40-49 Years),80,Female,539,1:15:01,1:10:05,
1117,Angela Crumpe,2482,2:25:12,Female Open (20-39 Years),385,Female,540,1:15:16,1:09:56,
1118,Sue Hooper,1596,2:25:14,Female Veteran (50-59 Years),40,Female,541,1:19:18,1:05:56,
1119,Sam Avery,1040,2:25:15,Female Open (20-39 Years),386,Female,542,1:18:42,1:06:33,
1120,Emily Cleland,2472,2:25:15,Female Open (20-39 Years),387,Female,543,1:15:58,1:09:17,
1121,Barbara Scarfe,2716,2:25:16,Female Unstoppables (70+ Years),2,Female,544,1:15:10,1:10:06,Y Marathon Club
1122,Julia Humphries,1603,2:25:23,Female Open (20-39 Years),388,Female,545,1:10:07,1:15:16,
1123,Robyn Crouth,1246,2:25:32,Female Legend (60-69 Years),14,Female,546,1:14:51,1:10:41,Taupo Adventures
1124,Garbi Olsen,1942,2:25:33,Female Teens (13-19 Years),23,Female,547,1:17:01,1:08:33,
1125,Bronwen Pepperell,1975,2:25:34,Female Master (40-49 Years),81,Female,548,1:17:30,1:08:03,
1126,Sharyn Mitchell,1871,2:25:39,Female Veteran (50-59 Years),41,Female,549,1:15:03,1:10:36,
1127,Brian Fisher,1382,2:25:40,Male Veteran (50-59 Years),63,Male,578,1:17:23,1:08:17,
1128,Lee Burrill,2456,2:25:49,Female Open (20-39 Years),389,Female,550,1:14:00,1:11:49,
1129,Abigail Thornton,2234,2:25:50,Female Open (20-39 Years),390,Female,551,1:11:38,1:14:12,
1130,Jaime Conger,1212,2:25:54,Female Open (20-39 Years),391,Female,552,1:19:03,1:06:51,
1131,Steve Frewin,1426,2:25:55,Male Open (20-39 Years),370,Male,579,1:10:44,1:15:11,
1132,Zoe Bartlett,1056,2:25:55,Male Master (40-49 Years),92,Male,580,1:15:36,1:10:20,2mile2good
1133,Rosemary van der Velden,2277,2:25:56,Female Open (20-39 Years),392,Female,553,1:10:45,1:15:11,
1134,Caitlyn Orr,1945,2:25:58,Female Teens (13-19 Years),24,Female,554,1:12:18,1:13:40,
1135,Kam Lewis,1717,2:25:58,Male Open (20-39 Years),371,Male,581,1:14:50,1:11:08,Matanga Projects
1136,Andrew Mitchell,1867,2:26:08,Male Veteran (50-59 Years),64,Male,582,1:12:18,1:13:50,
1137,Kate Rapson,2021,2:26:11,Female Master (40-49 Years),82,Female,555,1:14:55,1:11:16,
1138,Maggie Davies,1268,2:26:12,Female Veteran (50-59 Years),42,Female,556,1:15:01,1:11:11,
1139,Michelle Cuttriss,1256,2:26:13,Female Veteran (50-59 Years),43,Female,557,1:15:16,1:10:57,
1140,Cath Vincent,2288,2:26:16,Female Veteran (50-59 Years),44,Female,558,1:16:56,1:09:19,
1141,Lauren Te Kurapa,2813,2:26:17,Female Open (20-39 Years),393,Female,559,1:15:40,1:10:36,
1142,Rob Paul,1963,2:26:26,Male Legend (60-69 Years),29,Male,583,1:16:06,1:10:19,
1143,Orla Drylie,1310,2:26:34,Female Open (20-39 Years),394,Female,560,1:16:51,1:09:43,
1144,Melanie Sumompat,2743,2:26:34,Female Master (40-49 Years),83,Female,561,1:15:59,1:10:35,
1145,Kimberley Richards,2864,2:26:36,Female Open (20-39 Years),395,Female,562,1:16:10,1:10:27,
1146,Jaden Klopper,2592,2:26:48,Male Teens (13-19 Years),24,Male,584,1:12:18,1:14:29,
1147,Fiona Rice,2028,2:26:49,Female Veteran (50-59 Years),45,Female,563,1:19:24,1:07:25,
1148,Bridget Graham,1472,2:26:54,Female Open (20-39 Years),396,Female,564,1:13:30,1:13:23,
1149,Lydia Burns,1141,2:27:02,Female Teens (13-19 Years),25,Female,565,1:11:00,1:16:02,
1150,Emily Liu,1731,2:27:08,Female Open (20-39 Years),397,Female,566,1:15:53,1:11:14,
1151,Kenneth Wong,2790,2:27:13,Male Master (40-49 Years),93,Male,585,1:17:23,1:09:49,
1152,Martin Leitch,1714,2:27:22,Male Veteran (50-59 Years),65,Male,586,1:18:02,1:09:19,
1153,Danielle Leitch,1715,2:27:22,Female Open (20-39 Years),398,Female,567,1:18:02,1:09:20,
1154,Megan Diamond,1285,2:27:24,Female Open (20-39 Years),399,Female,568,1:14:18,1:13:05,Hear4U
1155,Kirsten Bird,1080,2:27:24,Female Open (20-39 Years),400,Female,569,1:17:10,1:10:14,
1156,Seonaid Macmillan,1773,2:27:34,Female Master (40-49 Years),84,Female,570,1:18:23,1:09:10,Heart & Sole
1157,Jimmylee Foreman,1396,2:27:44,Male Open (20-39 Years),372,Male,587,1:14:54,1:12:50,Foreman FITT
1158,Tanya Wei,2327,2:27:56,Female Open (20-39 Years),401,Female,571,1:18:11,1:09:44,Bruno’s Running Club
1159,Aaron Ellis,1355,2:28:03,Male Open (20-39 Years),373,Male,588,1:12:39,1:15:24,
1160,Ian Johnston,1642,2:28:12,Male Legend (60-69 Years),30,Male,589,1:16:24,1:11:48,
1161,frankie nasey,1904,2:28:16,Male Teens (13-19 Years),25,Male,590,1:14:18,1:13:58,Y Marathon Club
1162,zinnia dawn felices,1369,2:28:17,Female Open (20-39 Years),402,Female,572,1:13:39,1:14:38,
1163,Benny Lim,1723,2:28:20,Male Open (20-39 Years),374,Male,591,1:10:34,1:17:46,
1164,Ruby Taylor,2208,2:28:24,Female Open (20-39 Years),403,Female,573,1:08:55,1:19:29,2mile2good
1165,Lauren Collins,1208,2:28:28,Female Open (20-39 Years),404,Female,574,1:17:05,1:11:23,
1166,Brad McKenzie,1827,2:28:29,Male Open (20-39 Years),375,Male,592,1:19:20,1:09:09,Matanga Projects
1167,Laura Acton,1001,2:28:32,Female Open (20-39 Years),405,Female,575,1:18:03,1:10:30,
1168,Gemma Acton,2425,2:28:36,Female Open (20-39 Years),406,Female,576,1:18:04,1:10:32,
1169,Sophie McCarthy,1810,2:28:37,Female Open (20-39 Years),407,Female,577,1:16:08,1:12:29,
1170,Phil Hathaway,1535,2:28:56,Male Veteran (50-59 Years),66,Male,593,1:16:48,1:12:08,5HATHS+
1171,Amy Press,2006,2:28:59,Female Open (20-39 Years),408,Female,578,1:14:44,1:14:15,
1172,Adelle McBeth,2633,2:29:02,Female Open (20-39 Years),409,Female,579,1:18:42,1:10:20,
1173,Molly Cardno,2462,2:29:02,Female Open (20-39 Years),410,Female,580,1:07:17,1:21:45,
1174,Flavia Purnomo,2014,2:29:02,Female Open (20-39 Years),411,Female,581,1:17:46,1:11:16,
1175,Charlote Weston-Sanders,2337,2:29:06,Female Open (20-39 Years),412,Female,582,1:16:23,1:12:43,
1176,Casey Chapman,1179,2:29:06,Female Open (20-39 Years),413,Female,583,1:16:48,1:12:18,
1177,gareth tupaea,2760,2:29:06,Male Veteran (50-59 Years),67,Male,594,1:18:03,1:11:03,
1178,Danielle Grant,1473,2:29:18,Female Master (40-49 Years),85,Female,584,1:19:46,1:09:33,
1179,Penny Lovegrove,1744,2:29:22,Female Teens (13-19 Years),26,Female,585,1:18:39,1:10:43,
1180,Aimee Jones,1648,2:29:23,Female Open (20-39 Years),414,Female,586,1:14:37,1:14:46,
1181,Johanna Olsen,1943,2:29:38,Female Master (40-49 Years),86,Female,587,1:13:32,1:16:06,
1182,Emily Rogers,2057,2:29:40,Female Open (20-39 Years),415,Female,588,1:17:43,1:11:56,Hear4U
1183,Rebecca Charteris,1183,2:29:56,Female Master (40-49 Years),87,Female,589,1:18:30,1:11:26,
1184,Lisa Hartnett,1527,2:29:56,Female Veteran (50-59 Years),46,Female,590,1:18:30,1:11:26,
1185,Katharina Visser,2291,2:30:12,Female Open (20-39 Years),416,Female,591,1:14:55,1:15:17,Tulips
1186,Melissa Waru,2313,2:30:34,Female Open (20-39 Years),417,Female,592,1:15:53,1:14:41,Waru's
1187,Caitlin Johnston,1640,2:30:47,Female Open (20-39 Years),418,Female,593,1:14:17,1:16:30,
1188,Sonia Hampton,1509,2:30:55,Female Legend (60-69 Years),15,Female,594,1:19:54,1:11:01,
1189,Chloe Easton,1324,2:31:12,Female Teens (13-19 Years),27,Female,595,1:18:39,1:12:33,
1190,James Christie,2471,2:31:34,Male Open (20-39 Years),376,Male,595,1:15:55,1:15:39,
1191,Connor Riley,2040,2:31:35,Male Open (20-39 Years),377,Male,596,1:16:42,1:14:52,
1192,Becca Perry,2681,2:31:37,Female Open (20-39 Years),419,Female,596,1:17:05,1:14:32,
1193,Jessica Perry,2682,2:31:37,Female Open (20-39 Years),420,Female,597,1:17:03,1:14:34,
1194,Ane McGrail,1818,2:31:42,Female Open (20-39 Years),421,Female,598,1:21:28,1:10:14,
1195,Monique Vosslamber,2294,2:31:58,Female Open (20-39 Years),422,Female,599,1:12:46,1:19:12,
1196,Yvonne Harper,1516,2:31:59,Female Veteran (50-59 Years),47,Female,600,1:19:10,1:12:48,
1197,finn simmonds,2129,2:32:00,Male Teens (13-19 Years),26,Male,597,1:09:04,1:22:56,
1198,Deanglis Pedo,1970,2:32:00,Male Open (20-39 Years),378,Male,598,1:19:16,1:12:45,Legend Has It
1199,KD KONG,1685,2:32:00,Female Open (20-39 Years),423,Female,601,1:19:15,1:12:45,
1200,Victoria Hathaway,1536,2:32:08,Female Veteran (50-59 Years),48,Female,602,1:16:59,1:15:08,5HATHS+
1201,Shaylee Creighton,1239,2:32:13,Female Open (20-39 Years),424,Female,603,1:15:24,1:16:49,Tenon 2024
1202,Vincent Shortland,2123,2:32:28,Male Veteran (50-59 Years),68,Male,599,1:16:01,1:16:26,
1203,Sarah Jones,1645,2:32:30,Female Open (20-39 Years),425,Female,604,1:20:43,1:11:47,
1204,Alex Porritt,1997,2:32:32,Female Open (20-39 Years),426,Female,605,1:14:51,1:17:42,BFT Taupō
1205,Phillipa Oranje,1944,2:32:48,Female Master (40-49 Years),88,Female,606,1:21:21,1:11:26,
1206,Bridget Pearce,1967,2:32:49,Female Master (40-49 Years),89,Female,607,1:21:21,1:11:28,
1207,Lynne Harrison,1521,2:32:50,Female Veteran (50-59 Years),49,Female,608,1:17:21,1:15:30,
1208,Justin Vodane,148,2:32:56,Male Legend (60-69 Years),31,Male,600,1:19:45,1:13:11,
1209,Victoria Cooper,1217,2:33:12,Female Open (20-39 Years),427,Female,609,1:20:44,1:12:27,
1210,Jasmine Kupa,1689,2:33:15,Female Open (20-39 Years),428,Female,610,1:19:33,1:13:42,
1211,Sammy Jury,2804,2:33:16,Female Open (20-39 Years),429,Female,611,1:16:43,1:16:33,
1212,Rebecca Peihopa,1971,2:33:22,Female Open (20-39 Years),430,Female,612,1:15:53,1:17:29,Waru's
1213,Aimee Fletcher,1388,2:33:25,Female Open (20-39 Years),431,Female,613,1:22:15,1:11:10,
1214,Georgia Warwick,2315,2:33:31,Female Open (20-39 Years),432,Female,614,1:17:11,1:16:21,
1215,Kirstie Mayo,2630,2:33:32,Female Veteran (50-59 Years),50,Female,615,1:21:19,1:12:13,
1216,Sarah Daubney,1265,2:33:33,Female Veteran (50-59 Years),51,Female,616,1:21:19,1:12:15,
1217,Rachael Elmslie,1356,2:33:35,Female Open (20-39 Years),433,Female,617,1:15:58,1:17:37,
1218,Regan Ujara,2268,2:33:46,Male Open (20-39 Years),379,Male,601,1:14:29,1:19:17,Not Fast but Furious
1219,Madelein Kriel,1687,2:34:04,Female Open (20-39 Years),434,Female,618,1:18:39,1:15:25,2mile2good
1220,Kereama Littin,1729,2:34:06,Male Open (20-39 Years),380,Male,602,1:14:55,1:19:10,
1221,Jessica Ebrey,2501,2:34:12,Female Veteran (50-59 Years),52,Female,619,1:18:55,1:15:17,
1222,Kim Burgess,1136,2:34:26,Female Open (20-39 Years),435,Female,620,1:18:54,1:15:32,
1223,Kate Pepperell,1974,2:34:27,Female Open (20-39 Years),436,Female,621,1:17:31,1:16:55,
1224,Dion Everest,2508,2:34:37,Male Master (40-49 Years),94,Male,603,1:15:55,1:18:42,
1225,Jaide Ede,1330,2:34:53,Female Open (20-39 Years),437,Female,622,1:17:21,1:17:32,
1226,Shakara Johnstone,1643,2:34:54,Female Open (20-39 Years),438,Female,623,1:18:13,1:16:41,
1227,Aimee Burgess,1137,2:35:19,Female Open (20-39 Years),439,Female,624,1:15:51,1:19:29,
1228,Debra Frederick,1422,2:35:26,Female Open (20-39 Years),440,Female,625,1:20:44,1:14:41,
1229,Rosie Wills,2370,2:35:27,Female Open (20-39 Years),441,Female,626,1:16:45,1:18:42,
1230,Cherie Scott,2099,2:35:41,Female Veteran (50-59 Years),53,Female,627,1:17:35,1:18:07,
1231,Julian Courtney,2477,2:35:53,Male Open (20-39 Years),381,Male,604,1:17:21,1:18:32,
1232,Nick Wiki,2353,2:36:16,Male Veteran (50-59 Years),69,Male,605,1:20:03,1:16:13,
1233,Anke Dippenaar,1291,2:36:35,Female Open (20-39 Years),442,Female,628,1:17:50,1:18:45,
1234,Vanessa Wooding,2393,2:36:53,Female Open (20-39 Years),443,Female,629,1:17:41,1:19:11,
1235,Vincent Keremete-Davies,2590,2:37:04,Male Open (20-39 Years),382,Male,606,1:15:06,1:21:58,
1236,Ciara Donaghy,1296,2:37:07,Female Master (40-49 Years),90,Female,630,1:25:30,1:11:36,Taupo Adventures
1237,JESSE BRENNAN,1111,2:37:13,Female Open (20-39 Years),444,Female,631,1:20:38,1:16:35,
1238,Joe Whare,2338,2:37:35,Male Legend (60-69 Years),32,Male,607,1:12:26,1:25:09,
1239,Hannah mcmillan,1838,2:37:49,Female Open (20-39 Years),445,Female,632,1:20:07,1:17:42,
1240,Juliette Conchie,1210,2:37:52,Female Open (20-39 Years),446,Female,633,1:20:41,1:17:10,
1241,Marcus Hendrickse,1550,2:37:53,Male Master (40-49 Years),95,Male,608,1:14:27,1:23:25,
1242,Megan Snelleksz,2148,2:37:54,Female Open (20-39 Years),447,Female,634,1:25:03,1:12:51,
1243,Lesley Mochan,1872,2:37:55,Female Legend (60-69 Years),16,Female,635,1:17:21,1:20:34,
1244,Zen Tipace,2241,2:38:09,Female Master (40-49 Years),91,Female,636,1:21:08,1:17:01,Bruno’s Running Club
1245,Cholo Tipace,2240,2:38:10,Male Master (40-49 Years),96,Male,609,1:21:07,1:17:03,Bruno’s Running Club
1246,Lucas Fennell,1371,2:38:15,Male Open (20-39 Years),383,Male,610,1:17:26,1:20:48,Hear4U
1247,Hannah Scholefield,2090,2:38:15,Female Open (20-39 Years),448,Female,637,1:17:27,1:20:48,Hear4U
1248,Andriette Greyling,1481,2:38:19,Female Teens (13-19 Years),28,Female,638,1:20:52,1:17:26,
1249,Andrew Den Haan,1278,2:38:40,Male Open (20-39 Years),384,Male,611,1:19:20,1:19:20,Matanga Projects
1250,Leigh Rutherford,2073,2:38:49,Female Master (40-49 Years),92,Female,639,1:21:57,1:16:52,Hear4U
1251,Hana Pollard,1995,2:38:55,Female Open (20-39 Years),449,Female,640,1:20:34,1:18:22,
1252,Jayden Elkington,2503,2:39:02,Male Open (20-39 Years),385,Male,612,1:28:06,1:10:56,
1253,Anna Cochrane,1203,2:39:03,Female Open (20-39 Years),450,Female,641,1:21:24,1:17:38,
1254,Rod Gill,2523,2:39:13,Male Unstoppables (70+ Years),5,Male,613,1:23:56,1:15:18,
1255,Vivian Dallas,1260,2:39:43,Female Open (20-39 Years),451,Female,642,1:25:56,1:13:48,
1256,Jordyn Crawford,1237,2:39:47,Female Open (20-39 Years),452,Female,643,1:20:35,1:19:12,
1257,James Duthaler,194,2:40:10,Male Open (20-39 Years),386,Male,614,1:19:46,1:20:24,
1258,Sally Woodman,2395,2:40:18,Female Master (40-49 Years),93,Female,644,1:20:05,1:20:14,
1259,Simon Farrow,1366,2:40:25,Male Veteran (50-59 Years),70,Male,615,1:23:27,1:16:59,
1260,Andre Abadilla,2424,2:40:31,Male Open (20-39 Years),387,Male,616,1:16:04,1:24:27,
1261,Keriana Ruru,2069,2:40:34,Female Open (20-39 Years),453,Female,645,1:17:05,1:23:29,
1262,Amanda Webby,2322,2:40:37,Female Master (40-49 Years),94,Female,646,1:20:31,1:20:06,Hear4U
1263,Niamh Shewell-Cooper,2119,2:40:43,Female Open (20-39 Years),454,Female,647,,,
1264,Jasmyn Purves,2015,2:40:54,Female Teens (13-19 Years),29,Female,648,1:22:04,1:18:50,
1265,Jayden Fraser,1419,2:40:56,Male Open (20-39 Years),388,Male,617,1:22:05,1:18:51,
1266,Mitchel Southey,2841,2:41:01,Male Open (20-39 Years),389,Male,618,1:24:38,1:16:23,
1267,Sasha Rietema,2038,2:41:01,Female Open (20-39 Years),455,Female,649,1:25:04,1:15:57,
1268,Aimee Ngawhika,2662,2:41:01,Female Open (20-39 Years),456,Female,650,1:24:38,1:16:22,
1269,Emma Wildon,2355,2:41:03,Female Master (40-49 Years),95,Female,651,1:22:42,1:18:21,
1270,Brent Hall,1502,2:41:19,Male Veteran (50-59 Years),71,Male,619,1:22:18,1:19:01,
1271,Brianna Hall,1501,2:41:19,Female Open (20-39 Years),457,Female,652,1:22:18,1:19:01,
1272,Tiffany Rogers,2056,2:41:32,Female Master (40-49 Years),96,Female,653,1:20:52,1:20:41,
1273,Amber Duckett,1311,2:41:36,Female Open (20-39 Years),458,Female,654,1:23:45,1:17:51,
1274,Annabel Heywood,1560,2:41:38,Female Open (20-39 Years),459,Female,655,1:27:39,1:14:00,
1275,Raymond Brown,1128,2:41:49,Male Open (20-39 Years),390,Male,620,1:23:05,1:18:44,
1276,Rumer Smith,2143,2:42:02,Female Open (20-39 Years),460,Female,656,1:24:55,1:17:07,
1277,Damon Wharewhiti,2339,2:42:10,Male Open (20-39 Years),391,Male,621,1:15:45,1:26:25,
1278,Ethan Matekuare,1797,2:42:11,Male Open (20-39 Years),392,Male,622,1:14:00,1:28:11,
1279,Kelsey Merriman,1848,2:42:13,Female Open (20-39 Years),461,Female,657,1:20:44,1:21:29,
1280,Renee Matekuare,1799,2:42:13,Female Open (20-39 Years),462,Female,658,1:21:32,1:20:41,
1281,Bonnie Cooper,1215,2:42:13,Female Open (20-39 Years),463,Female,659,1:21:21,1:20:53,
1282,Dave Hohneck,1586,2:42:19,Male Open (20-39 Years),393,Male,623,1:19:36,1:22:43,
1283,Melissa Partridge,1959,2:42:47,Female Master (40-49 Years),97,Female,660,1:21:33,1:21:14,
1284,Robyn Meikle,1842,2:42:49,Female Veteran (50-59 Years),54,Female,661,1:29:48,1:13:01,Taupo Adventures
1285,Bill Hodge,1578,2:42:54,Male Unstoppables (70+ Years),6,Male,624,1:24:48,1:18:06,
1286,Jasmine Ahmu,2428,2:42:56,Female Open (20-39 Years),464,Female,662,1:19:58,1:22:58,
1287,Elaine Wilson,2381,2:43:31,Female Legend (60-69 Years),17,Female,663,1:21:18,1:22:13,
1288,Bronwyn Foreman,1395,2:43:37,Female Open (20-39 Years),465,Female,664,1:22:40,1:20:58,
1289,Leigh Bennett,1074,2:43:51,Female Open (20-39 Years),466,Female,665,1:22:20,1:21:31,
1290,Libby Gloyn,1459,2:44:03,Female Master (40-49 Years),98,Female,666,1:24:18,1:19:45,
1291,Hamish Gloyn,1460,2:44:03,Male Master (40-49 Years),97,Male,625,1:24:18,1:19:45,
1292,Nicole Ware,2308,2:44:56,Female Open (20-39 Years),467,Female,667,1:25:35,1:19:21,
1293,Emilie Sadler,2074,2:44:56,Female Open (20-39 Years),468,Female,668,1:22:53,1:22:03,
1294,Rob Shouldice,2124,2:44:57,Male Open (20-39 Years),394,Male,626,1:22:51,1:22:06,
1295,Bodie Flavell,2512,2:44:57,Male Open (20-39 Years),395,Male,627,1:22:52,1:22:05,
1296,Bradley de Klerk,1273,2:44:57,Male Open (20-39 Years),396,Male,628,1:25:35,1:19:22,
1297,Natalie Hillis,2554,2:44:57,Female Open (20-39 Years),469,Female,669,1:22:52,1:22:05,
1298,Libby O’Brien,2667,2:45:00,Female Open (20-39 Years),470,Female,670,1:27:57,1:51:39,Team Karis
1299,Stevie Reid McAllum,2025,2:45:06,Female Teens (13-19 Years),30,Female,671,1:25:47,1:19:20,
1300,Max Morgan,1882,2:45:16,Male Open (20-39 Years),397,Male,629,1:25:02,1:20:15,Legend Has It
1301,Caitlin Southon,2159,2:45:34,Female Open (20-39 Years),471,Female,672,1:25:58,1:19:36,
1302,Felicity Keane,1658,2:46:03,Female Open (20-39 Years),472,Female,673,1:24:40,1:21:24,
1303,Mark Ashby,1031,2:46:07,Male Veteran (50-59 Years),72,Male,630,1:24:14,1:21:53,
1304,Holly Rabone,2019,2:46:21,Female Open (20-39 Years),473,Female,674,1:29:03,1:17:17,
1305,Paige Gray,1474,2:47:02,Female Open (20-39 Years),474,Female,675,1:23:28,1:23:34,
1306,Jessica O reilly smallman,1933,2:47:06,Female Open (20-39 Years),475,Female,676,1:27:12,1:19:54,
1307,Tony Jury,2805,2:47:08,Male Legend (60-69 Years),33,Male,631,1:18:38,1:28:30,
1308,Reg Scarfe,2717,2:47:11,Male Unstoppables (70+ Years),7,Male,632,1:24:57,1:22:14,Y Marathon Club
1309,Shannon Brown,1126,2:47:15,Female Open (20-39 Years),476,Female,677,1:25:05,1:22:11,
1310,Ihaia Edwards,1341,2:47:15,Male Open (20-39 Years),398,Male,633,1:17:00,1:30:15,
1311,Georgia Nelson,1912,2:47:22,Female Teens (13-19 Years),31,Female,678,1:23:56,1:23:26,
1312,Nicole Bush,1149,2:47:22,Female Master (40-49 Years),99,Female,679,1:24:21,1:23:02,
1313,Kayla Hodson,1582,2:47:23,Female Teens (13-19 Years),32,Female,680,1:23:57,1:23:26,
1314,Jenna Chambers,1175,2:47:23,Female Teens (13-19 Years),33,Female,681,1:19:17,1:28:06,
1315,Millie Mabey,1763,2:47:43,Female Open (20-39 Years),477,Female,682,1:25:06,1:22:37,
1316,Tayla Robinson,2705,2:47:54,Female Open (20-39 Years),478,Female,683,1:27:44,1:20:11,
1317,Georgia Franssen,1416,2:48:02,Female Open (20-39 Years),479,Female,684,1:36:07,1:11:55,
1318,Lucy Doyle,1305,2:48:03,Female Master (40-49 Years),100,Female,685,1:25:43,1:22:20,
1319,Pamela Hemopo-Shortland,1549,2:48:09,Female Veteran (50-59 Years),55,Female,686,1:23:37,1:24:32,
1320,Vanessa Butcher,1150,2:48:26,Female Veteran (50-59 Years),56,Female,687,1:29:54,1:18:32,
1321,Sam Good,2525,2:48:36,Female Open (20-39 Years),480,Female,688,1:22:53,1:25:43,
1322,Gurdeep Singh,2137,2:48:43,Female Veteran (50-59 Years),57,Female,689,1:29:27,1:19:15,
1323,Elizabeth Ebrey,1328,2:48:48,Female Master (40-49 Years),101,Female,690,1:27:56,1:20:52,
1324,Bee Lee Phuah,1985,2:48:59,Female Veteran (50-59 Years),58,Female,691,1:27:56,1:21:03,
1325,Toni-Jane Treanor,2254,2:49:03,Female Open (20-39 Years),481,Female,692,1:20:20,1:28:43,
1326,Tylah Dennison,1280,2:49:04,Male Open (20-39 Years),399,Male,634,1:12:18,1:36:46,
1327,Sam Cameron,1154,2:49:11,Male Teens (13-19 Years),27,Male,635,1:23:14,1:25:57,
1328,Cassie Botes,1098,2:49:13,Female Teens (13-19 Years),34,Female,693,1:23:15,1:25:58,
1329,Bethwen Crockett,2481,2:49:15,Female Legend (60-69 Years),18,Female,694,1:20:44,1:28:31,
1330,Lisa Jesson,2568,2:49:19,Female Veteran (50-59 Years),59,Female,695,1:29:38,1:19:41,
1331,Jacinta Gascoigne,2521,2:49:19,Female Master (40-49 Years),102,Female,696,1:29:37,1:19:42,
1332,Rose Doolan,1298,2:49:23,Female Master (40-49 Years),103,Female,697,1:25:51,1:23:31,
1333,Kate Braidwood,1105,2:49:37,Female Open (20-39 Years),482,Female,698,1:22:39,1:26:58,
1334,Maria Keliher,2585,2:49:38,Female Open (20-39 Years),483,Female,699,1:25:16,1:24:22,
1335,Joanne Short,2122,2:49:39,Female Master (40-49 Years),104,Female,700,1:32:17,1:17:22,Taupo Adventures
1336,Kathryn Tasker,2203,2:49:42,Female Open (20-39 Years),484,Female,701,1:23:46,1:25:57,
1337,Margie Dennehy,1279,2:49:46,Female Legend (60-69 Years),19,Female,702,1:28:20,1:21:26,
1338,Rachael Chadderton,1174,2:50:00,Female Veteran (50-59 Years),60,Female,703,1:26:02,1:23:58,
1339,Natalie Edwards,1337,2:50:15,Female Veteran (50-59 Years),61,Female,704,1:24:50,1:25:26,
1340,Tash Parsons,1958,2:50:16,Female Open (20-39 Years),485,Female,705,1:24:51,1:25:25,
1341,Nichole Jacobs,1621,2:50:34,Female Open (20-39 Years),486,Female,706,1:27:16,1:23:18,Hear4U
1342,Turei Kaka,2580,2:50:50,Male Veteran (50-59 Years),73,Male,636,,,TME LTD
1343,Tayla Swanwick,2198,2:50:50,Female Open (20-39 Years),487,Female,707,1:27:26,1:23:24,
1344,S Herdson,1556,2:51:03,Female Veteran (50-59 Years),62,Female,708,1:26:37,1:24:26,The Trackers
1345,Heaven Schwalger,2095,2:51:03,Female Open (20-39 Years),488,Female,709,1:20:59,1:30:05,Te Whariki Aroha
1346,ELLIS LOVETT,1748,2:51:08,Female Open (20-39 Years),489,Female,710,1:27:22,1:23:46,
1347,Heather Wickett,2348,2:51:12,Female Master (40-49 Years),105,Female,711,1:27:33,1:23:38,
1348,Kate O'Fee,1940,2:51:23,Female Open (20-39 Years),490,Female,712,1:25:08,1:26:15,
1349,Caitlin Izatt,1619,2:51:42,Female Open (20-39 Years),491,Female,713,1:25:44,1:25:58,
1350,Mike Insull,1614,2:51:48,Male Master (40-49 Years),98,Male,637,1:40:08,1:11:40,2mile2good
1351,Nelson Madoka,2612,2:51:51,Male Veteran (50-59 Years),74,Male,638,1:29:45,1:22:07,
1352,Kezia Spence,2164,2:52:00,Female Open (20-39 Years),492,Female,714,1:24:01,1:27:59,
1353,Kiel Warren,2312,2:52:09,Male Master (40-49 Years),99,Male,639,1:26:23,1:25:45,
1354,Shyanne Higginson,1565,2:52:10,Female Open (20-39 Years),493,Female,715,1:30:59,1:21:11,
1355,Sophie Harrison,1523,2:52:36,Female Open (20-39 Years),494,Female,716,1:26:37,1:25:59,
1356,Natalie Feek,1368,2:52:50,Female Master (40-49 Years),106,Female,717,1:29:58,1:22:52,
1357,Kristin Rich,2030,2:52:50,Female Open (20-39 Years),495,Female,718,1:27:16,1:25:35,
1358,Ethan Dornan,2493,2:52:54,Male Open (20-39 Years),400,Male,640,1:28:01,1:24:53,
1359,Sarah-Jean Campbell,1157,2:53:00,Female Open (20-39 Years),496,Female,719,1:27:16,1:25:44,
1360,Yvette Campbell,1159,2:53:49,Female Veteran (50-59 Years),63,Female,720,1:25:42,1:28:07,Taupo Adventures
1361,Rachael Merwood,1851,2:53:53,Female Open (20-39 Years),497,Female,721,1:26:06,1:27:47,
1362,Rana Arif,1025,2:53:58,Female Open (20-39 Years),498,Female,722,1:22:33,1:31:25,Freedom 4 Palestine
1363,Summer Lovegrove,1745,2:54:35,Female Teens (13-19 Years),35,Female,723,1:24:12,1:30:24,
1364,reuben williams,2363,2:55:03,Male Open (20-39 Years),401,Male,641,1:20:43,1:34:20,
1365,Kayla Edlinger Robertson,1333,2:55:20,Female Open (20-39 Years),499,Female,724,1:28:33,1:26:47,
1366,Ella Floyd,1392,2:55:38,Female Open (20-39 Years),500,Female,725,1:27:28,1:28:10,
1367,Kane Bass,145,2:55:47,Male Open (20-39 Years),402,Male,642,1:32:10,1:23:37,
1368,Nicky Melville,1844,2:56:04,Female Open (20-39 Years),501,Female,726,1:27:21,1:28:43,
1369,Suzanne Watson,2774,2:56:06,Female Master (40-49 Years),107,Female,727,1:28:30,1:27:37,
1370,John Le Riche,1706,2:56:15,Male Veteran (50-59 Years),75,Male,643,1:34:46,1:21:29,
1371,Mike Lloyd,1734,2:56:19,Male Veteran (50-59 Years),76,Male,644,1:34:49,1:21:30,
1372,Tania Zein,2418,2:56:23,Female Open (20-39 Years),502,Female,728,1:27:13,1:29:11,
1373,Jay Otsuka,1950,2:56:40,Male Open (20-39 Years),403,Male,645,1:24:58,1:31:42,Tenon 2024
1374,Chris Black,2446,2:56:58,Male Open (20-39 Years),404,Male,646,1:25:12,1:31:46,
1375,Paul Burke,1140,2:57:16,Male Legend (60-69 Years),34,Male,647,1:29:12,1:28:04,
1376,Celeste Tui,2758,2:57:24,Female Open (20-39 Years),503,Female,729,1:28:06,1:29:19,TME LTD
1377,Tarryn Reid,2700,2:57:43,Female Open (20-39 Years),504,Female,730,1:27:56,1:29:46,Hear4U
1378,Barbara Laracy,1699,2:57:53,Female Legend (60-69 Years),20,Female,731,1:32:23,1:25:31,
1379,Hoana Pili,2686,2:57:59,Female Master (40-49 Years),108,Female,732,1:28:02,1:29:57,TME LTD
1380,Brianna Manson,1785,2:58:47,Female Open (20-39 Years),505,Female,733,1:29:57,1:28:50,
1381,Monique Middleton,1854,2:58:48,Female Open (20-39 Years),506,Female,734,1:34:15,1:24:33,
1382,Yoon Ho Im,1611,2:58:57,Male Open (20-39 Years),405,Male,648,1:27:55,1:31:01,
1383,Tessa Forlong,1397,2:59:05,Female Master (40-49 Years),109,Female,735,1:33:47,1:25:18,Taupo Adventures
1384,Anna Chapman,1180,2:59:06,Female Master (40-49 Years),110,Female,736,1:33:48,1:25:18,Taupo Adventures
1385,Kylie Leineweber,1713,2:59:38,Female Open (20-39 Years),507,Female,737,1:29:36,1:30:02,
1386,Dick Breukink,1112,3:00:06,Male Legend (60-69 Years),35,Male,649,1:31:13,1:28:53,
1387,Keri Giles,1455,3:00:26,Female Open (20-39 Years),508,Female,738,1:29:57,1:30:28,
1388,Philip Wraight,2402,3:00:30,Male Veteran (50-59 Years),77,Male,650,1:26:11,1:34:19,Lake Taupo Chiropractic
1389,Levi Wells,2331,3:00:51,Male Open (20-39 Years),406,Male,651,1:32:30,1:28:21,
1390,Jessica Vaotuua,2767,3:00:55,Female Open (20-39 Years),509,Female,739,1:31:02,1:29:53,Hear4U
1391,Baylee Hodges,1580,3:01:01,Female Open (20-39 Years),510,Female,740,1:31:06,1:29:55,
1392,Selda Meneses,1846,3:01:14,Female Open (20-39 Years),511,Female,741,1:32:09,1:29:05,Bruno’s Running Club
1393,Isy Pou,2000,3:01:28,Female Open (20-39 Years),512,Female,742,1:27:31,1:33:57,
1394,Ginny Trethewey,2256,3:01:45,Female Veteran (50-59 Years),64,Female,743,1:33:40,1:28:06,
1395,Jack Gallagher,1430,3:02:18,Male Open (20-39 Years),407,Male,652,1:30:11,1:32:07,
1396,Melissa Mead,2644,3:03:27,Female Open (20-39 Years),513,Female,744,1:33:55,1:29:32,
1397,Rayna Stacey,2732,3:03:52,Female Open (20-39 Years),514,Female,745,1:30:26,1:33:26,BFT Taupō
1398,Leilani Hartung,2544,3:03:57,Female Veteran (50-59 Years),65,Female,746,1:31:32,1:32:25,
1399,Mikayla Graham,1471,3:04:03,Female Open (20-39 Years),515,Female,747,1:30:29,1:33:34,Tulips
1400,Shanti Harrison,1524,3:04:16,Male Open (20-39 Years),408,Male,653,1:32:03,1:32:13,
1401,Liz France,1412,3:04:23,Female Legend (60-69 Years),21,Female,748,1:34:34,1:29:49,2mile2good
1402,Fern Harpham,1518,3:04:27,Female Open (20-39 Years),516,Female,749,1:31:08,1:33:19,
1403,Lisa Baughan,1062,3:04:55,Female Master (40-49 Years),111,Female,750,1:35:27,1:29:28,
1404,Michelle Coffey,1207,3:05:00,Female Veteran (50-59 Years),66,Female,751,1:33:27,1:31:33,
1405,Meena Singh,2138,3:05:21,Female Open (20-39 Years),517,Female,752,1:33:32,1:31:48,
1406,Joaquin Tipace,2242,3:05:42,Male Teens (13-19 Years),28,Male,654,1:52:16,1:13:26,Bruno’s Running Club
1407,Lucy Frater,1420,3:06:24,Female Master (40-49 Years),112,Female,753,1:40:15,1:26:09,WTF - Where's The Finish
1408,Julia Fuller,1428,3:06:26,Female Master (40-49 Years),113,Female,754,1:40:15,1:26:11,WTF - Where's The Finish
1409,Grace Klein,1681,3:06:33,Female Open (20-39 Years),518,Female,755,1:31:15,1:35:17,
1410,Te Ataarangi Nathan,1905,3:06:33,Female Open (20-39 Years),519,Female,756,1:31:15,1:35:18,
1411,Joanna London,1741,3:06:42,Female Master (40-49 Years),114,Female,757,1:37:11,1:29:31,
1412,Laura Johnson,1637,3:07:07,Female Open (20-39 Years),520,Female,758,1:30:48,1:36:19,
1413,Honey Abraham,1000,3:07:23,Female Open (20-39 Years),521,Female,759,1:36:15,1:31:08,
1414,Whetumarama Mita,1866,3:07:45,Female Veteran (50-59 Years),67,Female,760,1:33:13,1:34:32,Hear4U
1415,Laura Evaga,1359,3:07:49,Female Master (40-49 Years),115,Female,761,1:37:15,1:30:34,2mile2good
1416,Jessica Nickel,1924,3:08:39,Female Teens (13-19 Years),36,Female,762,1:35:35,1:33:04,
1417,Avinash Kumar Chirimalla,1187,3:08:46,Male Open (20-39 Years),409,Male,655,1:42:19,1:26:28,
1418,Carly Atkin,1035,3:09:10,Female Teens (13-19 Years),37,Female,763,1:23:47,1:45:23,
1419,Destiny Gilbertson,1453,3:09:11,Female Open (20-39 Years),522,Female,764,1:23:47,1:45:24,
1420,Paul Willuams,2371,3:10:00,Male Unstoppables (70+ Years),8,Male,656,1:39:24,1:30:35,
1421,Sebastian Meneses,1847,3:10:09,Male Open (20-39 Years),410,Male,657,1:38:05,1:32:04,Bruno’s Running Club
1422,Monique TeAre,2217,3:11:33,Female Veteran (50-59 Years),68,Female,765,1:30:30,1:41:03,
1423,Cherie Anderson,1017,3:11:34,Female Master (40-49 Years),116,Female,766,1:30:14,1:41:20,
1424,Laura McGregor,1819,3:12:58,Female Open (20-39 Years),523,Female,767,1:34:42,1:38:16,
1425,Brooke Saunders,2081,3:13:45,Female Open (20-39 Years),524,Female,768,1:36:52,1:36:52,
1426,Karen Scholefield,2091,3:14:25,Female Veteran (50-59 Years),69,Female,769,1:35:54,1:38:32,Hear4U
1427,Ashleigh Bindon,1077,3:15:09,Female Open (20-39 Years),525,Female,770,1:23:47,1:51:23,
1428,Shav Page,1951,3:18:43,Female Open (20-39 Years),526,Female,771,1:37:59,1:40:43,
1429,Richard McKay,2833,3:19:13,Male Open (20-39 Years),411,Male,658,1:36:55,1:42:18,
1430,Grace Caunter,2464,3:20:20,Female Open (20-39 Years),527,Female,772,1:42:45,1:37:35,Heart & Sole
1431,Emma Mills,2649,3:20:21,Female Open (20-39 Years),528,Female,773,1:42:46,1:37:35,Heart & Sole
1432,Kathryn Parker,2675,3:20:31,Female Legend (60-69 Years),22,Female,774,1:43:16,1:37:14,
1433,Kainen Kini,1678,3:20:33,Male Open (20-39 Years),412,Male,659,1:35:51,1:44:42,
1434,Amanda Fischer,1380,3:20:35,Female Open (20-39 Years),529,Female,775,1:40:31,1:40:04,
1435,Lily Balderston,1049,3:21:41,Female Open (20-39 Years),530,Female,776,1:34:17,1:47:24,
1436,Pahemotu Vilipaama,2769,3:21:59,Male Open (20-39 Years),413,Male,660,1:39:46,1:42:12,
1437,Andrew Yourn,2415,3:25:58,Male Veteran (50-59 Years),78,Male,661,1:42:11,1:43:47,
1438,Ngaru Smiler,2725,3:26:06,Female Open (20-39 Years),531,Female,777,1:40:11,1:45:55,TME LTD
1439,Julie Vidal,2287,3:26:30,Female Open (20-39 Years),532,Female,778,1:43:19,1:43:10,
1440,Tauroa Martin,2624,3:26:51,Male Open (20-39 Years),414,Male,662,1:43:24,1:43:27,TME LTD
1441,Jessie Sherman,2118,3:27:30,Female Junior (U13 Years),1,Female,779,1:42:41,1:44:50,
1442,Dali Cowie,1229,3:27:31,Female Junior (U13 Years),2,Female,780,1:42:41,1:44:50,
1443,Theresa Griffith,1482,3:28:07,Female Open (20-39 Years),533,Female,781,1:47:22,1:40:45,
1444,Cynthia Ellis,1354,3:28:13,Female Legend (60-69 Years),23,Female,782,1:50:47,1:37:26,
1445,Ava Fox,1407,3:30:38,Female Open (20-39 Years),534,Female,783,1:49:12,1:41:26,Young and the Breathless
1446,Michelle Turner,2264,3:31:06,Female Master (40-49 Years),117,Female,784,1:51:31,1:39:34,Young and the Breathless
1447,Sarah Nicoll,2838,3:32:30,Female Master (40-49 Years),118,Female,785,1:50:21,1:42:08,
1448,Eve Nuu,2824,3:37:36,Female Teens (13-19 Years),38,Female,786,1:52:18,1:45:18,
1449,Tracy Thomson,2229,3:38:21,Female Master (40-49 Years),119,Female,787,1:55:41,1:42:40,Young and the Breathless
1450,MaiaDean Martin,2621,3:39:45,Female Open (20-39 Years),535,Female,788,1:48:25,1:51:20,TME LTD
1451,Awhi Martin,2620,3:47:07,Female Veteran (50-59 Years),70,Female,789,1:55:50,1:51:17,TME LTD
1452,Evelyn Curtis,2814,3:49:22,Female Legend (60-69 Years),24,Female,790,1:58:21,1:51:00,
1453,Puataata Matekuare,2627,3:51:45,Female Open (20-39 Years),536,Female,791,1:54:16,1:57:29,
1454,Tori Matekuare,1800,3:51:45,Female Open (20-39 Years),537,Female,792,1:54:16,1:57:30,
1455,Morgan Woodhouse,2392,3:52:52,Female Open (20-39 Years),538,Female,793,1:59:01,1:53:51,
1456,Allison Holden,1588,3:52:53,Female Master (40-49 Years),120,Female,794,1:59:02,1:53:51,
1457,Kapura Kaka,2579,3:53:12,Female Master (40-49 Years),121,Female,795,1:48:28,2:04:45,TME LTD
1458,Koli Vea,2281,3:53:59,Male Open (20-39 Years),415,Male,663,1:58:42,1:55:17,
1459,Brendon Eriksen-Downs,2506,3:55:05,Male Veteran (50-59 Years),79,Male,664,1:59:47,1:55:18,Te Whariki Aroha
1460,William Olds,2673,3:55:07,Male Open (20-39 Years),416,Male,665,1:59:48,1:55:19,Te Whariki Aroha
1461,Kim Eriksen-Downs,2507,3:55:07,Female Veteran (50-59 Years),71,Female,796,1:59:50,1:55:17,Te Whariki Aroha
1462,Savanna Koteka-Martin,2594,3:55:10,Female Open (20-39 Years),539,Female,797,1:59:50,1:55:19,Te Whariki Aroha
1463,Rina Wikatene,2351,3:55:10,Female Legend (60-69 Years),25,Female,798,1:59:50,1:55:20,Te Whariki Aroha
1464,Dalvin Brunning,1131,3:55:11,Male Veteran (50-59 Years),80,Male,666,1:59:49,1:55:22,Tenon 2024
1465,Candis Brunning,1130,3:55:11,Female Open (20-39 Years),540,Female,799,1:59:50,1:55:21,Tenon 2024
1466,Xena Martin,2623,3:55:42,Female Open (20-39 Years),541,Female,800,1:56:44,1:58:58,TME LTD
1467,Adele Schur,2093,3:57:37,Female Veteran (50-59 Years),72,Female,801,1:59:25,1:58:12,
1468,Rikki Hargreaves,1514,3:57:38,Female Open (20-39 Years),542,Female,802,1:59:26,1:58:13,
1469,James Udy,2267,4:05:36,Male Veteran (50-59 Years),81,Male,667,2:02:17,2:03:19,
1470,Tui Matekuare,1798,4:08:17,Female Open (20-39 Years),543,Female,803,2:02:08,2:06:09,