Position,Name,Bib,Time,Nationality,Category,Category Position,Gender,Gender Position,Run
1,DAVID HAUNSCHMIDT,49,3:33:03,NZL,30-39,1,Male,1,3:33:03
2,PIOTR BABIS,3,3:40:02,POL,30-39,2,Male,2,3:40:02
3,CHARLES HAMILTON,2,3:40:47,AUS,18-29,1,Male,3,3:40:47
4,JONATHAN JACKSON,15,3:41:38,NZL,30-39,3,Male,4,3:41:38
5,BEN GATTING,6134,3:41:57,NZL,18-29,2,Male,5,3:41:57
6,ERIC CONCÉ,5172,3:42:22,NCL,40-49,1,Male,6,3:42:22
7,GERALD MACPHERSON,5458,3:42:41,AUS,30-39,4,Male,7,3:42:41
8,ALLIE MCLAUGHLIN,61,3:43:38,USA,30-39,1,Female,1,3:43:43
9,DAVID KILGORE,6113,3:44:03,USA,30-39,5,Male,8,3:44:03
10,FABIAN RAHN,18,3:46:42,DEU,30-39,6,Male,9,3:46:42
11,CAITLIN FIELDER,19,3:46:59,NZL,30-39,2,Female,2,3:46:59
12,KATE AVERY,30,3:54:52,GBR,30-39,3,Female,3,3:54:52
13,JACK OATES,5548,3:55:00,GBR,18-29,3,Male,10,3:55:00
14,NICK MUXLOW,5902,3:58:56,AUS,30-39,7,Male,11,3:58:56
15,RENEE CARDINAALS,35,3:59:10,NLD,18-29,1,Female,4,3:59:10
16,ANTON WEATHERHEAD,5809,3:59:33,GBR,18-29,4,Male,12,3:59:33
17,TROY HAROLD,4380,4:00:03,NZL,50-59,1,Male,13,4:00:03
18,MATTHEW PAYNE,38,4:00:10,NZL,30-39,8,Male,14,4:00:10
19,MORGAN PAYNE,4732,4:02:36,AUS,30-39,9,Male,15,4:02:36
20,JAMES HEGGIE,5341,4:02:49,AUS,30-39,10,Male,16,4:02:49
21,IAIN MACDONALD,5975,4:06:21,NZL,30-39,11,Male,17,4:06:21
22,ANDREW O'BRIEN,5549,4:07:36,AUS,50-59,2,Male,18,4:07:36
23,BERT KEMPENAERS,5391,4:10:52,BEL,30-39,12,Male,19,4:10:52
24,SEAMUS KELLY,5390,4:11:27,NZL,18-29,5,Male,20,4:11:27
25,GAUTHIER DURET,5241,4:12:16,FRA,18-29,6,Male,21,4:12:16
26,JACO DU PLESSIS,5233,4:15:26,NZL,40-49,2,Male,22,4:15:26
27,AMELIA LYTHE,5451,4:15:32,NZL,18-29,2,Female,5,4:15:32
28,MARION DELESPIERRE,25,4:15:39,FRA,30-39,4,Female,6,4:15:39
29,DUNCAN MORRISON,4674,4:17:33,NZL,30-39,13,Male,23,4:17:33
30,ROBBIE RAWLES,5620,4:17:40,NZL,30-39,14,Male,24,4:17:40
31,CAMERON GAVIN,4310,4:19:21,NZL,30-39,15,Male,25,4:19:21
32,JOE MURPHY,5984,4:20:52,NZL,40-49,3,Male,26,4:20:52
33,RICKY MULLINS,5529,4:22:00,AUS,18-29,7,Male,27,4:22:00
34,CONNOR MCKAY,5492,4:22:45,AUS,18-29,8,Male,28,4:22:45
35,NICHOLAS COX,6124,4:26:24,NZL,30-39,16,Male,29,4:26:24
36,PHILLIPA MEO,4644,4:28:05,NZL,30-39,5,Female,7,4:28:05
37,THOMAS DRISCOLL,5232,4:29:29,AUS,18-29,9,Male,30,4:29:29
38,JARED SCHNELL,4818,4:31:21,NZL,18-29,10,Male,31,4:31:21
39,MIKE RIDDLE,4784,4:31:22,NZL,50-59,3,Male,32,4:31:22
40,TOM IWAN,5371,4:32:01,NZL,30-39,17,Male,33,4:32:01
41,TOM BARR,5080,4:32:31,NZL,30-39,18,Male,34,4:32:31
42,FRANCIS MCKEEFRY,4628,4:32:53,NZL,18-29,11,Male,35,4:32:53
43,CAMPBELL ATTWOOD,4037,4:33:54,NZL,18-29,12,Male,36,4:33:54
44,GRETA TRUSCOTT,5916,4:35:24,AUS,40-49,1,Female,8,4:35:24
45,DAMIN WHITTLE,5004,4:37:17,NZL,40-49,4,Male,37,4:37:17
46,STEPHEN WILLIS,5014,4:37:19,IRL,30-39,19,Male,38,4:37:19
47,JULIAN GRAY,4336,4:38:32,NZL,40-49,5,Male,39,4:38:32
48,KEITH BURROWS,4128,4:39:12,GBR,40-49,6,Male,40,4:39:12
49,BILLY BRAGG,5113,4:39:43,AUS,30-39,20,Male,41,4:39:43
50,NATHAN JONES,4474,4:41:55,NZL,40-49,7,Male,42,4:41:55
51,ANDRES SAUMA,5668,4:41:59,CHL,50-59,4,Male,43,4:41:59
52,THOMAS CURRIE,5193,4:42:28,NZL,18-29,13,Male,44,4:42:28
53,WERNER MALAN,5977,4:44:11,NZL,18-29,14,Male,45,4:44:11
54,SAM STURGISS,5736,4:44:11,NZL,30-39,21,Male,46,4:44:11
55,LIONEL GRENIER,5318,4:45:51,FRA,40-49,8,Male,47,4:45:51
56,TOM MCKENZIE,5495,4:46:58,GBR,30-39,22,Male,48,4:46:58
57,JULIA BICKEL,5095,4:47:08,ZAF,30-39,6,Female,9,4:47:08
58,BRIDGET DOUGLAS,5223,4:48:42,NZL,50-59,1,Female,10,4:48:42
59,ALEXANDER LEIGHTON,5968,4:48:44,NZL,18-29,15,Male,49,4:48:44
60,JORDAN STUBBS,4894,4:49:10,NZL,30-39,23,Male,50,4:49:10
61,JUSTIN LESTER,5969,4:49:15,NZL,40-49,9,Male,51,4:49:15
62,SEBASTIEN FERNANDES,5267,4:51:01,FRA,40-49,10,Male,52,4:51:01
63,CRAIG STEWART,6001,4:51:03,AUS,40-49,11,Male,53,4:51:03
64,CHARLOTTE MILNE,5981,4:51:41,NZL,30-39,7,Female,11,4:51:41
65,GREER LOGUE,5446,4:51:42,NZL,40-49,2,Female,12,4:51:42
66,JOHN CHARLTON,4159,4:52:06,NZL,40-49,12,Male,54,4:52:06
67,MALCOLM KERR,4496,4:52:07,GBR,30-39,24,Male,55,4:52:07
68,DENIS MCCARTHY,4613,4:52:13,IRL,30-39,25,Male,56,4:52:13
69,JORDAN HANNA,4373,4:54:16,AUS,18-29,16,Male,57,4:54:16
70,PETER ROBINSON,5642,4:54:19,NZL,30-39,26,Male,58,4:54:19
71,KELSEY DUBAR,5234,4:54:31,AUS,18-29,3,Female,13,4:54:31
72,LOUISE CLIFTON,6104,4:54:32,AUS,50-59,2,Female,14,4:54:32
73,NICHOLAS CRAIG,5184,4:54:35,NZL,30-39,27,Male,59,4:54:35
74,MATT MERRICK,5508,4:55:01,NZL,40-49,13,Male,60,4:55:01
75,BEN DANDY,5195,4:55:46,NZL,40-49,14,Male,61,4:55:46
76,THOMAS TURFREY,6011,4:55:52,NZL,30-39,28,Male,62,4:55:52
77,ALI BROWNLEE,5123,4:56:14,NZL,30-39,29,Male,63,4:56:14
78,OWEN KING,5404,4:56:14,NZL,30-39,30,Male,64,4:56:14
79,JODIE DE HOOG,5205,4:57:11,AUS,18-29,4,Female,15,4:57:11
80,WAYNE MCINDOE,4623,4:58:25,NZL,50-59,5,Male,65,4:58:25
81,JOSH SPEIGHT,4870,4:58:33,NZL,18-29,17,Male,66,4:58:33
82,JOSHUA BRETT,5932,4:59:13,NZL,30-39,31,Male,67,4:59:13
83,ALEKSANDRA WESTFAL,5815,4:59:44,DEU,30-39,8,Female,16,4:59:44
84,BELINDA JAMES,5376,4:59:55,AUS,40-49,3,Female,17,4:59:55
85,LAURA BUNGARD,4122,5:01:08,NZL,18-29,5,Female,18,5:01:08
86,DEAN HICKEY,5344,5:01:16,NZL,40-49,15,Male,68,5:01:16
87,ZAC WOODS,5842,5:01:26,NZL,30-39,32,Male,69,5:01:26
88,LINDA STANBOROUGH,4874,5:02:32,AUS,40-49,4,Female,19,5:02:32
89,STEVE BROWN,5122,5:02:55,NZL,30-39,33,Male,70,5:02:55
90,TOM JOHNSTON,4471,5:03:11,NZL,60-69,1,Male,71,5:03:11
91,MICHELE DEAN,5209,5:03:22,NZL,50-59,3,Female,20,5:03:22
92,PABLO URE±A VEGA,5771,5:03:28,CRI,18-29,18,Male,72,5:03:28
93,ANNA BERGIN,5090,5:03:38,NZL,18-29,6,Female,21,5:03:38
94,ANNA WILLIAMS,5827,5:04:45,NZL,30-39,9,Female,22,5:04:45
95,ALAN SHRIMPTON,4839,5:04:47,NZL,50-59,6,Male,73,5:04:47
96,KEITH WAKELIN,5791,5:05:08,CAN,60-69,2,Male,74,5:05:08
97,RICHARD COOK,4188,5:05:26,NZL,40-49,16,Male,75,5:05:26
98,JAMES MCDAID,5979,5:05:41,NZL,30-39,34,Male,76,5:05:41
99,ZHI TAN,5743,5:06:11,AUS,40-49,17,Male,77,5:06:11
100,MAT DARBY,5196,5:06:11,NZL,30-39,35,Male,78,5:06:11
101,PAUL DIVERS,5218,5:07:17,NZL,50-59,7,Male,79,5:07:17
102,ASHLEY HARDING,4375,5:07:22,AUS,30-39,36,Male,80,5:07:22
103,RALPH BURTON,5138,5:07:27,CAN,18-29,19,Male,81,5:07:27
104,SAM BODNAR,5107,5:08:13,NZL,18-29,20,Male,82,5:08:13
105,JONO TWYMAN,5770,5:08:37,NZL,30-39,37,Male,83,5:08:37
106,STEVE TRASS,5763,5:08:47,NZL,60-69,3,Male,84,5:08:47
107,MATHEW MARTELLI,4599,5:09:00,NZL,40-49,18,Male,85,5:09:00
108,TODD ROWAN,5654,5:09:07,NZL,30-39,38,Male,86,5:09:07
109,BLAIR MUGGERIDGE,4678,5:09:11,NZL,30-39,39,Male,87,5:09:11
110,KRISTY EYLES,4263,5:10:22,NZL,30-39,10,Female,23,5:10:22
111,CRAIG DODD,4228,5:10:31,AUS,40-49,19,Male,88,5:10:31
112,SAM HARRISON,5954,5:11:19,GBR,18-29,21,Male,89,5:11:19
113,VENN HARDY,4377,5:11:20,AUS,40-49,20,Male,90,5:11:20
114,DAVID PIRIE,6121,5:12:25,NZL,40-49,21,Male,91,5:12:25
115,ADRIAN HEGYVARY,5342,5:12:34,USA,30-39,40,Male,92,5:12:34
116,ANDREW TREASURE,5764,5:12:39,AUS,30-39,41,Male,93,5:12:39
117,STEVE TURNER,4940,5:12:44,NZL,30-39,42,Male,94,5:12:44
118,BEN GREEN,4339,5:12:45,NZL,30-39,43,Male,95,5:12:45
119,SHAMINI MAHADEVAN,5461,5:12:49,NZL,18-29,7,Female,24,5:12:49
120,LUKE MCCONNELL,5481,5:13:30,AUS,40-49,22,Male,96,5:13:30
121,ROSS BARNETT,4049,5:13:50,NZL,40-49,23,Male,97,5:13:50
122,KIRSTEN PODMORE,5600,5:13:55,NZL,40-49,5,Female,25,5:13:55
123,JESS WINTER,5834,5:13:55,NZL,30-39,11,Female,26,5:13:55
124,BENJAMIN CLOSE,4170,5:14:41,NZL,30-39,44,Male,98,5:14:41
125,JEAN-NOÙL ROYER,5993,5:15:34,NCL,30-39,45,Male,99,5:15:34
126,ROB TAYLOR,4911,5:15:35,NZL,30-39,46,Male,100,5:15:35
127,JOAQUIN ESCANELLAS LOPEZ,5253,5:15:44,ESP,30-39,47,Male,101,5:15:44
128,ANTHONY SEXTON,5689,5:15:52,NZL,40-49,24,Male,102,5:15:52
129,KAYLA DE WAAL,5208,5:16:25,AUS,18-29,8,Female,27,5:16:25
130,MARC KEMP,5962,5:16:29,ZAF,40-49,25,Male,103,5:16:29
131,DAVE MUDFORD,4677,5:16:31,NZL,50-59,8,Male,104,5:16:31
132,MAXIME DE RAEYMAEKER,5206,5:16:56,BEL,18-29,22,Male,105,5:16:56
133,SCOTT IMHOFF,4447,5:17:12,AUS,40-49,26,Male,106,5:17:12
134,JAMIE MACREDIE,4585,5:17:26,NZL,50-59,9,Male,107,5:17:26
135,JEREMY BARTAK,5082,5:17:48,AUS,40-49,27,Male,108,5:17:48
136,LUCY RUSS,5659,5:18:09,NZL,18-29,9,Female,28,5:18:09
137,BRODEN RACE,4766,5:19:09,NZL,18-29,23,Male,109,5:19:09
138,ADRIAN ROYCE,5656,5:19:34,AUS,50-59,10,Male,110,5:19:34
139,JO NOESGAARD,4699,5:19:36,AUS,30-39,12,Female,29,5:19:36
140,ANNA RUSSELL,5660,5:20:03,NZL,40-49,6,Female,30,5:20:03
141,CLINTON PARKES,4727,5:20:53,NZL,40-49,28,Male,111,5:20:53
142,ASHLEY HAWKS,5335,5:21:05,USA,30-39,13,Female,31,5:21:05
143,DANIEL WOODS,5840,5:21:07,AUS,40-49,29,Male,112,5:21:07
144,OZNI AINSLIE,5048,5:21:08,AUS,18-29,24,Male,113,5:21:08
145,GILES PEARSON,5585,5:21:14,NZL,50-59,11,Male,114,5:21:14
146,MARTIN RAUDNIC,5990,5:21:57,NZL,30-39,48,Male,115,5:21:57
147,MARK MATHIESON,5474,5:22:03,AUS,50-59,12,Male,116,5:22:03
148,GIOIA MURRAY,5985,5:22:05,AUS,40-49,7,Female,32,5:22:05
149,CALLUM WALSH,5796,5:22:23,NZL,30-39,49,Male,117,5:22:23
150,GEORGE HULLEY,5361,5:22:26,NZL,18-29,25,Male,118,5:22:26
151,HELEN ROLFE,5647,5:22:53,NZL,50-59,4,Female,33,5:22:53
152,BRYCE STEEL,4878,5:23:52,NZL,30-39,50,Male,119,5:23:52
153,CAIN SOOLE,5719,5:24:14,NZL,30-39,51,Male,120,5:24:14
154,MATT FISK,5273,5:24:24,NZL,18-29,26,Male,121,5:24:24
155,ALEXANDER BISSELL,5101,5:25:15,NZL,18-29,27,Male,122,5:25:15
156,THOMAS O'CONNOR,4705,5:25:55,NZL,30-39,52,Male,123,5:25:55
157,YASMIN CAMPBELL,5934,5:26:41,NZL,18-29,10,Female,34,5:26:41
158,SERENA HAMMOND,4370,5:27:31,NZL,40-49,8,Female,35,5:27:31
159,JAMES ALDEN,5052,5:27:31,NZL,40-49,30,Male,124,5:27:31
160,SANDRA STURGESS,4895,5:28:14,NZL,18-29,11,Female,36,5:28:14
161,JAKE PILGRIM,4753,5:28:26,GBR,30-39,53,Male,125,5:28:26
162,LISA ALGIE,5053,5:28:34,AUS,30-39,14,Female,37,5:28:34
163,JIWAN RAI,5617,5:28:45,NZL,30-39,54,Male,126,5:28:45
164,GLEN STRONG,4890,5:29:20,NZL,40-49,31,Male,127,5:29:20
165,SHIGEKA KODA,5422,5:29:34,JPN,50-59,13,Male,128,5:29:34
166,BEN MEDWIN,5502,5:29:35,NZL,40-49,32,Male,129,5:29:35
167,KUNIHIRO HOSOI,5357,5:29:45,JPN,50-59,14,Male,130,5:29:45
168,CIAN FURLONG,5289,5:30:01,AUS,18-29,28,Male,131,5:30:01
169,KATHLEEN PEARCE,4734,5:30:30,NZL,50-59,5,Female,38,5:30:30
170,ERIC GOMEZ FONT,4328,5:30:47,ESP,30-39,55,Male,132,5:30:47
171,SIMON YOCK,5925,5:31:04,NZL,50-59,15,Male,133,5:31:04
172,BLAIRE SMITH,5708,5:31:23,USA,30-39,15,Female,39,5:31:23
173,MICHAEL WOOD,5839,5:31:47,NZL,40-49,33,Male,134,5:31:47
174,AIMEE ELLIOTT,4253,5:32:03,NZL,40-49,9,Female,40,5:32:03
175,GUY THOMPSON,6007,5:32:22,NZL,18-29,29,Male,135,5:32:22
176,BRIAN DUNBAR,4240,5:32:35,NZL,40-49,34,Male,136,5:32:35
177,RYAN FROST,4300,5:33:05,NZL,40-49,35,Male,137,5:33:05
178,GRAEME KIRKPATRICK,4507,5:33:30,AUS,60-69,4,Male,138,5:33:30
179,RICHARD SINCLAIR,4849,5:33:46,NZL,40-49,36,Male,139,5:33:46
180,EVAN SUTTER,5739,5:33:50,AUS,30-39,56,Male,140,5:33:50
181,CHRIS CHAPMAN,5863,5:34:01,AUS,30-39,57,Male,141,5:34:01
182,HAYDEN POWER,5988,5:34:06,NZL,40-49,37,Male,142,5:34:06
183,RYAN GWYNN,5323,5:34:11,NZL,18-29,30,Male,143,5:34:11
184,LACHLAN BROMLEY,5119,5:34:17,AUS,30-39,58,Male,144,5:34:17
185,GRAHAM JAGO,4455,5:34:18,GBR,30-39,59,Male,145,5:34:18
186,MARTY LOWRY,5448,5:34:29,NZL,40-49,38,Male,146,5:34:29
187,PENNY GRIMES,4350,5:34:33,AUS,40-49,10,Female,41,5:34:33
188,VERONIKA KUBACKA,4523,5:34:33,POL,30-39,16,Female,42,5:34:33
189,SAM HALSTEAD,4362,5:34:34,NZL,40-49,39,Male,147,5:34:34
190,JUSTYNA BLAJERSKA,5104,5:35:32,NZL,30-39,17,Female,43,5:35:32
191,RICHARD BROWN,4110,5:35:32,NZL,40-49,40,Male,148,5:35:32
192,SHAUN VAN BUNNIK,4943,5:36:07,NZL,30-39,60,Male,149,5:36:07
193,GRAEME WILSON,5830,5:36:12,NZL,40-49,41,Male,150,5:36:12
194,SOTA KAMIYA,4483,5:36:14,NZL,18-29,31,Male,151,5:36:14
195,XANTHE PATTERSON,5580,5:36:16,NZL,30-39,18,Female,44,5:36:16
196,CHARLOTTE VAN DER LEE,4947,5:36:30,NZL,18-29,12,Female,45,5:36:30
197,TYLER LEWIS,6125,5:36:47,NZL,18-29,32,Male,152,5:36:47
198,LOCHLAN KITCHEN,4508,5:36:48,NZL,18-29,33,Male,153,5:36:48
199,SARAH THOM,4921,5:37:13,NZL,30-39,19,Female,46,5:37:13
200,JOY CLEMENTS,5164,5:37:17,AUS,30-39,20,Female,47,5:37:17
201,MATTHEW FUSCIC,4303,5:37:46,NZL,30-39,61,Male,154,5:37:46
202,AMANDA WILSON,5829,5:37:54,AUS,40-49,11,Female,48,5:37:54
203,KAREL VAN WYK,4953,5:38:01,NZL,40-49,42,Male,155,5:38:01
204,SARAH BAILEY,5069,5:38:31,CAN,30-39,21,Female,49,5:38:31
205,ALEX BUCKMAN,5127,5:38:38,NZL,30-39,62,Male,156,5:38:38
206,ISABELLE HEAL,5337,5:38:40,GBR,18-29,13,Female,50,5:38:40
207,DAVID JARMAN,4460,5:38:49,AUS,50-59,16,Male,157,5:38:49
208,AARON EYLES,4264,5:38:54,NZL,30-39,63,Male,158,5:38:54
209,JULIE ROMANET-PERROUX,5650,5:39:08,FRA,40-49,12,Female,51,5:39:08
210,MARION BRYAN,5124,5:39:21,CAN,40-49,13,Female,52,5:39:21
211,GLENN ELLERY,4252,5:39:32,NZL,50-59,17,Male,159,5:39:32
212,MIKE FISHER,5271,5:39:40,NZL,40-49,43,Male,160,5:39:40
213,KIP MATHER,4605,5:39:48,NZL,30-39,64,Male,161,5:39:48
214,KATRINA BAKER,5073,5:40:01,AUS,40-49,14,Female,53,5:40:01
215,SAM KLYEN,5417,5:40:04,NZL,18-29,34,Male,162,5:40:04
216,JEREMY GRANT,5313,5:40:11,NZL,30-39,65,Male,163,5:40:11
217,MATT GREEN,5948,5:40:22,NZL,30-39,66,Male,164,5:40:22
218,SIMON TOLSTRUP,5759,5:40:47,AUS,40-49,44,Male,165,5:40:47
219,DARREN COX,5183,5:40:47,AUS,40-49,45,Male,166,5:40:47
220,MATTHEW SARGENT,6118,5:41:01,GBR,18-29,35,Male,167,5:41:01
221,STEFFAN LEVET,4540,5:41:28,NZL,30-39,67,Male,168,5:41:28
222,JOHANNA MILIUS,5510,5:41:40,NZL,30-39,22,Female,54,5:41:40
223,RUPERT WOCKNER,5836,5:42:01,NZL,18-29,36,Male,169,5:42:01
224,HAYDEN COULTON,5181,5:42:21,NZL,40-49,46,Male,170,5:42:21
225,JASON WOLMARANS,5837,5:42:25,ZAF,30-39,68,Male,171,5:42:25
226,KENNETH KNIPE,5420,5:42:26,ZAF,30-39,69,Male,172,5:42:26
227,KIERAN VAN DORSTEN,4949,5:42:35,NZL,30-39,70,Male,173,5:42:35
228,DAWN ASHKETTLE,5061,5:43:24,NZL,50-59,6,Female,55,5:43:24
229,SHAUN BRANNIGAN,5115,5:43:25,NZL,30-39,71,Male,174,5:43:25
230,HENRY BARFOOT,6202,5:43:27,NZL,40-49,47,Male,175,5:43:27
231,ERIN MCHUGH,4622,5:43:49,NZL,30-39,23,Female,56,5:43:49
232,SIMONE KOLB,5423,5:44:11,AUS,40-49,15,Female,57,5:44:11
233,CLÚMENT RIPOCHE,5640,5:44:11,PYF,30-39,72,Male,176,5:44:11
234,DAVID TOKIOS,6009,5:44:14,NZL,50-59,18,Male,177,5:44:14
235,MESSY ERCEG,5251,5:44:31,NZL,18-29,14,Female,58,5:44:31
236,JOSHUA BUCKLER,5126,5:45:15,NZL,30-39,73,Male,178,5:45:15
237,DARRYL FERENCZ,6136,5:45:16,NZL,30-39,74,Male,179,5:45:16
238,RILEY SAMSOM,5667,5:45:17,NZL,30-39,75,Male,180,5:45:17
239,PHILIP HULCOME,5360,5:45:32,AUS,40-49,48,Male,181,5:45:32
240,ROB RAND,5618,5:45:35,AUS,40-49,49,Male,182,5:45:35
241,MURRAY INWOOD,4451,5:46:03,NZL,50-59,19,Male,183,5:46:03
242,MATTHEW COLLISON,5940,5:46:30,NZL,30-39,76,Male,184,5:46:30
243,JAMES WOOD,5838,5:46:59,NZL,30-39,77,Male,185,5:46:59
244,ANDREW DAVIES,5199,5:47:20,AUS,30-39,78,Male,186,5:47:20
245,DYLAN BROOME,5121,5:47:20,NZL,18-29,37,Male,187,5:47:20
246,EMMA BURNS,4127,5:47:25,NZL,40-49,16,Female,59,5:47:25
247,IAN WELSH,4995,5:47:25,NZL,40-49,50,Male,188,5:47:25
248,WAYNE CATHCART,4150,5:47:26,NZL,40-49,51,Male,189,5:47:26
249,FRANCESCO CHERUSEO,5157,5:47:29,NZL,18-29,38,Male,190,5:47:29
250,PETER DOWZALL,5225,5:47:45,NZL,30-39,79,Male,191,5:47:45
251,KRISTY HALLETT,4357,5:47:55,AUS,40-49,17,Female,60,5:47:55
252,RENALD GALLIS,4306,5:47:57,AUS,50-59,20,Male,192,5:47:57
253,JOEL HJELTE,6103,5:48:18,CAN,30-39,80,Male,193,5:48:18
254,CHIHARU ALANSON,5051,5:48:22,NZL,40-49,18,Female,61,5:48:22
255,ALLI COOKE,4190,5:48:42,AUS,40-49,19,Female,62,5:48:42
256,EMILY TREASURE,5765,5:49:06,AUS,30-39,24,Female,63,5:49:06
257,LUCAS HILL,5346,5:49:21,NZL,30-39,81,Male,194,5:49:21
258,ILJA KORNYSHEV,4517,5:49:24,NZL,30-39,82,Male,195,5:49:24
259,TRENT GREEN,5317,5:49:30,AUS,30-39,83,Male,196,5:49:30
260,BRAD ALLEN,4012,5:49:38,NZL,40-49,52,Male,197,5:49:38
261,EMMANUEL MAILLAR,5463,5:49:39,PYF,60-69,5,Male,198,5:49:39
262,REBECCA MEHEW,5504,5:49:48,GBR,40-49,20,Female,64,5:49:48
263,DAVID CHAMPY,5155,5:49:51,FRA,40-49,53,Male,199,5:49:51
264,LEE BRETT,4101,5:49:55,NZL,40-49,21,Female,65,5:49:55
265,RICHARD ELLIS,5244,5:50:15,GBR,30-39,84,Male,200,5:50:15
266,CLAIRE BURLEY,5933,5:51:08,GBR,30-39,25,Female,66,5:51:08
267,PAUL EWART,5868,5:51:20,NZL,50-59,21,Male,201,5:51:20
268,JO ROWAN,4805,5:51:20,AUS,30-39,26,Female,67,5:51:20
269,MARK PILGRIM,5597,5:51:32,GBR,50-59,22,Male,202,5:51:32
270,BRENDAN HEAL,5955,5:51:32,NZL,40-49,54,Male,203,5:51:32
271,LUKE KELLY,5961,5:51:36,NZL,30-39,85,Male,204,5:51:36
272,CAMPBELL JACKSON,5372,5:51:46,NZL,18-29,39,Male,205,5:51:46
273,EVA DETHLEFSEN,5212,5:51:54,DNK,30-39,27,Female,68,5:51:54
274,JESSE PERCIVAL,5588,5:52:38,AUS,30-39,86,Male,206,5:52:38
275,NIC GRGEC,4348,5:52:39,NZL,30-39,87,Male,207,5:52:39
276,NICHOLAS HALPIN,4361,5:52:46,NZL,50-59,23,Male,208,5:52:46
277,MARK BAKER,5074,5:53:03,NZL,40-49,55,Male,209,5:53:03
278,JOHN CAPPER,4141,5:53:17,NZL,40-49,56,Male,210,5:53:17
279,COREY ROFF,5646,5:53:39,GBR,18-29,40,Male,211,5:53:39
280,GEMMA MITCHELL,5515,5:53:47,NZL,30-39,28,Female,69,5:53:47
281,SARAH-JANE CONNELL,5174,5:53:47,NZL,30-39,29,Female,70,5:53:47
282,LYNN MUSCAT,4685,5:53:49,NZL,40-49,22,Female,71,5:53:49
283,KATE GILES,4319,5:53:53,NZL,40-49,23,Female,72,5:53:53
284,MITCHELL SNOWDEN,5715,5:54:25,NZL,30-39,88,Male,212,5:54:25
285,JOANNA BYNGE,4133,5:54:29,AUS,40-49,24,Female,73,5:54:29
286,LISA SHERMAN,5908,5:54:34,AUS,40-49,25,Female,74,5:54:34
287,LEROY GOLABOSKI,4324,5:54:35,NZL,40-49,57,Male,213,5:54:35
288,EMMA MCEWEN,4616,5:55:04,NZL,30-39,30,Female,75,5:55:04
289,JASON TAYLOR,4913,5:55:20,AUS,40-49,58,Male,214,5:55:20
290,MARK BRASHER,5116,5:55:31,AUS,40-49,59,Male,215,5:55:31
291,MICHAEL BAKER,5076,5:55:37,AUS,40-49,60,Male,216,5:55:37
292,CHRISTOPHER FAIRBAIRN,5257,5:55:42,NZL,40-49,61,Male,217,5:55:42
293,HEMI BARSDELL,4053,5:55:50,NZL,40-49,62,Male,218,5:55:50
294,KAHORI KODA,5421,5:55:59,JPN,50-59,7,Female,76,5:55:59
295,ERIN WHEELER,5818,5:56:03,NZL,40-49,26,Female,77,5:56:03
296,NATHANAEL STERLING,4882,5:56:29,NZL,50-59,24,Male,219,5:56:29
297,BRETT ARENHOLD,4028,5:56:32,NZL,40-49,63,Male,220,5:56:32
298,DON SUTHERLAND,4900,5:56:44,NZL,50-59,25,Male,221,5:56:44
299,LYDIA WOODS,5841,5:57:03,NZL,30-39,31,Female,78,5:57:03
300,DAVID TRAUTVETTER,4937,5:57:21,NZL,40-49,64,Male,222,5:57:21
301,JAMES DAVIES,5200,5:57:24,GBR,30-39,89,Male,223,5:57:24
302,NICK LUXFORD,4570,5:57:25,NZL,40-49,65,Male,224,5:57:25
303,WILL WRIGHT,5845,5:57:31,NZL,40-49,66,Male,225,5:57:31
304,JOSEPH KONLECHNER,4516,5:57:46,NZL,30-39,90,Male,226,5:57:46
305,SAMANTHA TEAGUE,4917,5:57:51,AUS,30-39,32,Female,79,5:57:51
306,MARIA ELENA PARRA,5575,5:58:06,CHL,50-59,8,Female,80,5:58:06
307,BRAD WALLACE,4970,5:58:27,NZL,30-39,91,Male,227,5:58:27
308,MATTHEW KELLY,5388,5:58:30,GBR,30-39,92,Male,228,5:58:30
309,DAVID BRENTNALL,4100,5:58:39,AUS,50-59,26,Male,229,5:58:39
310,MICHAEL TEW,4920,5:58:41,AUS,30-39,93,Male,230,5:58:41
311,HUDSON NORTHROP,5544,5:58:51,USA,18-29,41,Male,231,5:58:51
312,TARA VAN HOORN,5778,5:58:52,USA,18-29,15,Female,81,5:58:52
313,NEENA KALSI,5385,5:58:53,NZL,30-39,33,Female,82,5:58:53
314,TOM ELLIS,5945,5:58:56,NZL,30-39,94,Male,232,5:58:56
315,KRISTY STAPLES,5726,5:59:08,NZL,40-49,27,Female,83,5:59:08
316,ADAM HOLLIDAY,4429,5:59:34,AUS,18-29,42,Male,233,5:59:34
317,ALISON COLLIER,5939,5:59:51,IRL,18-29,16,Female,84,5:59:51
318,TANYA MAXWELL,5476,5:59:55,AUS,40-49,28,Female,85,5:59:55
319,JAMES EVANS,4261,5:59:57,AUS,40-49,67,Male,234,5:59:57
320,DAVID MARETT,6132,5:59:57,NZL,30-39,95,Male,235,5:59:57
321,RACHAEL HEARNE,4401,6:00:29,USA,30-39,34,Female,86,6:00:29
322,ANNE TRAUTVETTER,4938,6:00:31,GBR,40-49,29,Female,87,6:00:31
323,BRENDON KINNAIRD,5408,6:00:42,NZL,30-39,96,Male,236,6:00:42
324,KRYSTIE HARRIS,5877,6:01:42,AUS,40-49,30,Female,88,6:01:42
325,KELLY STUBBS,4893,6:02:04,NZL,18-29,17,Female,89,6:02:04
326,MELANIE GOOCH,5305,6:02:06,NZL,40-49,31,Female,90,6:02:06
327,CAMILLA RYAN,5662,6:02:27,NZL,40-49,32,Female,91,6:02:27
328,BRIAN HALFORD,5950,6:02:34,NZL,50-59,27,Male,237,6:02:34
329,LIZZIE QUIRKE,5615,6:02:43,GBR,30-39,35,Female,92,6:02:43
330,DAVID CUNNINGHAM,5191,6:02:45,NZL,40-49,68,Male,238,6:02:45
331,LETITIA REILLY,5631,6:02:53,NZL,40-49,33,Female,93,6:02:53
332,MARTY ROOKE,5652,6:03:15,AUS,50-59,28,Male,239,6:03:15
333,RICK FEDERKEIL,6116,6:03:18,NZL,40-49,69,Male,240,6:03:18
334,RORY FARROW,5259,6:03:19,AUS,40-49,70,Male,241,6:03:19
335,DAVID TAHI,5740,6:03:25,NZL,30-39,97,Male,242,6:03:25
336,MARTYN HANCOCK,5951,6:03:43,NZL,50-59,29,Male,243,6:03:43
337,TINA WHITE,5001,6:03:57,NZL,40-49,34,Female,94,6:03:57
338,BEN GIBSON,6105,6:04:02,NZL,30-39,98,Male,244,6:04:02
339,KIM DE KOCK,4218,6:04:16,AUS,40-49,35,Female,95,6:04:16
340,DARREN THORNE,4929,6:04:18,NZL,40-49,71,Male,245,6:04:18
341,SOPHIE HAWKINS,5334,6:04:48,AUS,40-49,36,Female,96,6:04:48
342,ANDREW RICHARDSON,5637,6:05:01,GBR,30-39,99,Male,246,6:05:01
343,GARETH LEAK,4537,6:05:02,NZL,30-39,100,Male,247,6:05:02
344,COURTENAY SEE,4825,6:05:09,CAN,30-39,36,Female,97,6:05:09
345,ANTHONY MACKINTOSH,4584,6:05:14,NZL,18-29,43,Male,248,6:05:14
346,DEB O'SULLIVAN,5566,6:05:23,AUS,40-49,37,Female,98,6:05:23
347,TIM GIBBS,4316,6:05:41,NZL,18-29,44,Male,249,6:05:41
348,ANDREA TALLON,5741,6:06:00,NZL,40-49,38,Female,99,6:06:00
349,BEAU DONEY,4232,6:06:03,AUS,18-29,45,Male,250,6:06:03
350,PHIL ADAMS,4006,6:06:16,NZL,40-49,72,Male,251,6:06:16
351,ALEISHA PARKINSON,4728,6:06:38,NZL,30-39,37,Female,100,6:06:38
352,MELISSA BULLOCH,5132,6:06:39,AUS,50-59,9,Female,101,6:06:39
353,ALEX SLACK,5703,6:06:47,GBR,30-39,101,Male,252,6:06:47
354,LEE WENZLICK,4997,6:06:48,NZL,40-49,73,Male,253,6:06:48
355,GARTH INGLE,4450,6:06:49,NZL,50-59,30,Male,254,6:06:49
356,JENNY MCAULEY,4611,6:06:58,AUS,40-49,39,Female,102,6:06:58
357,SIMON LIGHTFOOT,5891,6:07:04,AUS,40-49,74,Male,255,6:07:04
358,JACK IFFLA,5366,6:07:07,GBR,18-29,46,Male,256,6:07:07
359,SALLY FITZGERALD,4277,6:07:21,NZL,40-49,40,Female,103,6:07:21
360,GAVIN GARLAND,5297,6:07:31,NZL,50-59,31,Male,257,6:07:31
361,DAVID ROBBINS,5992,6:07:36,NZL,18-29,47,Male,258,6:07:36
362,BRYCE DOYLE,5226,6:07:45,AUS,30-39,102,Male,259,6:07:45
363,GRAHAM HEALEY,4399,6:08:04,NZL,30-39,103,Male,260,6:08:04
364,LISA O'BRIEN,5550,6:08:10,AUS,40-49,41,Female,104,6:08:10
365,LESLIE ALLDRIDGE,5055,6:08:19,NZL,30-39,104,Male,261,6:08:19
366,AXEL WAKELIN,5790,6:08:23,NZL,40-49,75,Male,262,6:08:23
367,SIMON TRUONG,6010,6:08:29,AUS,30-39,105,Male,263,6:08:29
368,ANDREW GOODERSON,5307,6:08:35,NZL,50-59,32,Male,264,6:08:35
369,PAMELA LEE,5966,6:08:36,NZL,50-59,10,Female,105,6:08:36
370,KRISTINE REID,5630,6:08:48,NZL,50-59,11,Female,106,6:08:48
371,CLEA STIRLING,5733,6:08:52,ZWE,30-39,38,Female,107,6:08:52
372,TERRY SOUTHERN,5722,6:09:01,NZL,40-49,76,Male,265,6:09:01
373,KATE SOUTHERN,5721,6:09:01,NZL,40-49,42,Female,108,6:09:01
374,MICHAEL OGDEN,4709,6:09:14,NZL,30-39,106,Male,266,6:09:14
375,ROSS PHILIP,5594,6:09:20,NZL,18-29,48,Male,267,6:09:20
376,EMI LEGASPI,5433,6:09:27,NZL,18-29,18,Female,109,6:09:27
377,JOHANNES MARAIS,5467,6:09:56,GBR,18-29,49,Male,268,6:09:56
378,CAROLINE KNIGHT,5418,6:09:56,FRA,30-39,39,Female,110,6:09:56
379,OWEN MITCHELL,4660,6:09:56,GBR,30-39,107,Male,269,6:09:56
380,KRYSTYNA KNIGHT,4511,6:09:57,FRA,18-29,19,Female,111,6:09:57
381,PAUL SHARWOOD,4831,6:10:15,AUS,50-59,33,Male,270,6:10:15
382,KATHRYN SIGLEY,5909,6:10:35,NZL,40-49,43,Female,112,6:10:35
383,ANISH DHEDA,5213,6:10:43,NZL,18-29,50,Male,271,6:10:43
384,MIE RIISOM,4785,6:10:52,DNK,18-29,20,Female,113,6:10:52
385,ROB MITCHELL,4663,6:11:03,AUS,50-59,34,Male,272,6:11:03
386,RACHEL KLEINSMAN,4510,6:11:34,NZL,30-39,40,Female,114,6:11:34
387,THOMSA DAVISON,4215,6:11:54,NZL,40-49,77,Male,273,6:11:54
388,ALISTER MORAN,5520,6:11:56,NZL,30-39,108,Male,274,6:11:56
389,CHIH YUN LIAO,6110,6:11:58,CHN,40-49,44,Female,115,6:11:58
390,SIMON FENTON,5266,6:11:58,NZL,30-39,109,Male,275,6:11:58
391,LOREN MOLLOY,5517,6:11:59,NZL,18-29,21,Female,116,6:11:59
392,MIRIAM WITTEVEEN,5023,6:12:11,AUS,40-49,45,Female,117,6:12:11
393,BEN WITTEVEEN,5022,6:12:11,AUS,40-49,78,Male,276,6:12:11
394,SARAH LEYDEN,4542,6:12:37,AUS,30-39,41,Female,118,6:12:37
395,PETRA CROSBIE,5187,6:12:43,NZL,40-49,46,Female,119,6:12:43
396,JAN DUNLOP,5238,6:12:52,NZL,50-59,35,Male,277,6:12:52
397,VICKI FLEMING,4278,6:13:13,NZL,50-59,12,Female,120,6:13:13
398,STEVE PETERS,5592,6:13:16,NZL,50-59,36,Male,278,6:13:16
399,JONATHAN CRUZ,5190,6:13:17,NZL,18-29,51,Male,279,6:13:17
400,ADAM JONES,4476,6:13:27,GBR,30-39,110,Male,280,6:13:27
401,FRÚDÚRIC DANIEL,5942,6:13:27,FRA,40-49,79,Male,281,6:13:27
402,JOSH HARRE,4383,6:14:01,NZL,30-39,111,Male,282,6:14:01
403,JOE FALLOWFIELD,5258,6:14:11,NZL,40-49,80,Male,283,6:14:11
404,REBECCA DAVISON,4216,6:14:20,NZL,40-49,47,Female,121,6:14:20
405,SHELLEY MCKAY,4626,6:14:30,NZL,50-59,13,Female,122,6:14:30
406,KAITLYN BOOTH,5931,6:14:32,NZL,18-29,22,Female,123,6:14:32
407,DANIEL DRAYTON,5230,6:14:46,AUS,40-49,81,Male,284,6:14:46
408,TOM ANDERSON,5927,6:14:51,ABW,30-39,112,Male,285,6:14:51
409,HAZEL MAIN,4588,6:14:53,NZL,50-59,14,Female,124,6:14:53
410,LACHIE AITKEN,5050,6:15:01,NZL,18-29,52,Male,286,6:15:01
411,HELEN HALL-KING,4360,6:15:12,NZL,50-59,15,Female,125,6:15:12
412,GLORIA SMITH,5711,6:15:16,GBR,18-29,23,Female,126,6:15:16
413,CHRISTINE-LOUISE TAYLOR,6005,6:15:41,NZL,40-49,48,Female,127,6:15:41
414,RICK MANLEY,5466,6:15:56,NZL,30-39,113,Male,287,6:15:56
415,KIRSTY HAMLIN,4367,6:15:57,NZL,50-59,16,Female,128,6:15:57
416,ANGUS PRAIN,5606,6:16:26,NZL,40-49,82,Male,288,6:16:26
417,SUZANNE RATH,5619,6:16:40,IRL,30-39,42,Female,129,6:16:40
418,SYLVAIN GICQUEL,5302,6:17:12,PYF,50-59,37,Male,289,6:17:12
419,MICHELLE TOMLIN,4933,6:17:17,NZL,40-49,49,Female,130,6:17:17
420,ERIK YKEMA,5850,6:17:39,CAN,30-39,114,Male,290,6:17:39
421,SCOTT MACKENZIE,5454,6:17:40,AUS,30-39,115,Male,291,6:17:40
422,PAUL JACKSON,5374,6:17:59,NZL,18-29,53,Male,292,6:17:59
423,JEFF BURSON,5136,6:18:00,NZL,30-39,116,Male,293,6:18:00
424,DANIEL BOSSON,6131,6:18:01,NZL,18-29,54,Male,294,6:18:01
425,GARY LECKIE,4538,6:18:06,AUS,50-59,38,Male,295,6:18:06
426,YI ZENG,5855,6:18:10,NZL,30-39,117,Male,296,6:18:10
427,DANIEL MCKESSAR,4631,6:18:24,NZL,40-49,83,Male,297,6:18:24
428,EMILY STERK,5728,6:18:29,NZL,40-49,50,Female,131,6:18:29
429,SANDRA HERIOT,4409,6:18:52,AUS,60-69,1,Female,132,6:18:52
430,ALIAKSANDR LAPTSEU,5889,6:19:04,AUS,40-49,84,Male,298,6:19:04
431,HUAIQIAN LU,4564,6:19:10,NZL,40-49,85,Male,299,6:19:10
432,JOHN NAIRN,5537,6:19:19,NZL,60-69,6,Male,300,6:19:19
433,KAREN JACOBS-COOKE,4453,6:19:25,NZL,50-59,17,Female,133,6:19:25
434,LEONIE MONTGOMERY,4667,6:19:35,AUS,50-59,18,Female,134,6:19:35
435,MIKE ROBERTS,4788,6:19:44,NZL,30-39,118,Male,301,6:19:44
436,ROBERT TIU,4931,6:19:47,NZL,30-39,119,Male,302,6:19:47
437,JAMES PERRY,5591,6:20:17,AUS,30-39,120,Male,303,6:20:17
438,BAREND GELDENHUYS,5300,6:20:23,NZL,30-39,121,Male,304,6:20:23
439,LOES ST.ATHER,5725,6:20:25,NZL,30-39,43,Female,135,6:20:25
440,HEULWEN SIMM,5697,6:20:26,NZL,40-49,51,Female,136,6:20:26
441,CARL READ-JONES,5625,6:20:34,NZL,40-49,86,Male,305,6:20:34
442,SHANNON DUNBAR,5237,6:20:59,AUS,50-59,19,Female,137,6:20:59
443,OLIVER POWELL,4762,6:21:07,NZL,18-29,55,Male,306,6:21:07
444,SIMON FRAPPELL,4293,6:21:09,NZL,30-39,122,Male,307,6:21:09
445,PAULA WARD,5799,6:21:17,NZL,50-59,20,Female,138,6:21:17
446,SAMUEL GARBELLINI,5293,6:21:22,AUS,18-29,56,Male,308,6:21:22
447,JON STINEAR,5732,6:21:26,AUS,40-49,87,Male,309,6:21:26
448,MICHELE ZILIOTTO,5856,6:21:35,AUS,40-49,52,Female,139,6:21:35
449,LEA MELROSE,5506,6:21:38,NZL,30-39,44,Female,140,6:21:38
450,ROB PARKER,5572,6:21:43,GBR,18-29,57,Male,310,6:21:43
451,CHERIE SMITH,6106,6:21:44,NZL,40-49,53,Female,141,6:21:44
452,DOUGAL HAMILTON,4365,6:21:45,NZL,40-49,88,Male,311,6:21:45
453,AARON TURNER,6012,6:21:51,NZL,18-29,58,Male,312,6:21:51
454,MICHELLE PAULIN,5583,6:22:08,NZL,40-49,54,Female,142,6:22:08
455,MARCELA KRAJCIROVA,5425,6:22:11,SVK,40-49,55,Female,143,6:22:11
456,JESS MARTIN,4600,6:22:27,NZL,18-29,24,Female,144,6:22:27
457,AMIN OSAMA,5565,6:22:28,NZL,18-29,59,Male,313,6:22:28
458,BRIDGET BUCHANAN,5125,6:23:43,NZL,30-39,45,Female,145,6:23:43
459,ALAN NGO,5542,6:24:05,AUS,30-39,123,Male,314,6:24:05
460,JEMMA ROWE,4807,6:24:36,AUS,30-39,46,Female,146,6:24:36
461,STACY HARSH,5332,6:24:50,AUS,30-39,47,Female,147,6:24:50
462,JO MORLEY,5899,6:24:51,AUS,50-59,21,Female,148,6:24:51
463,NIKI WALKER,5793,6:25:03,NZL,18-29,60,Male,315,6:25:03
464,JIMMY NEWBOLD,5540,6:25:15,AUS,30-39,124,Male,316,6:25:15
465,NICHOLAS O'BRIEN,5551,6:25:25,NZL,40-49,89,Male,317,6:25:25
466,KATE JONES,5380,6:25:27,AUS,30-39,48,Female,149,6:25:27
467,KIRSTY CASHMORE,5151,6:25:39,NZL,40-49,56,Female,150,6:25:39
468,DOMINIQUE BECARD,5929,6:25:46,FRA,60-69,2,Female,151,6:25:46
469,NUNO FIGUEIREDO,5270,6:25:50,PRT,50-59,39,Male,318,6:25:50
470,SÚRGIO SIM§ES,5699,6:25:50,PRT,30-39,125,Male,319,6:25:50
471,DINESH CHAND,5156,6:25:54,AUS,50-59,40,Male,320,6:25:54
472,DORTE KIRK,5409,6:25:54,AUS,50-59,22,Female,152,6:25:54
473,STEPHANIE GUNN,5320,6:25:57,NZL,18-29,25,Female,153,6:25:57
474,SAM GRANT,5314,6:25:58,NZL,18-29,61,Male,321,6:25:58
475,CHERYL SHATROV,4832,6:26:25,AUS,30-39,49,Female,154,6:26:25
476,MONICA VERNON,5782,6:26:36,AUS,18-29,26,Female,155,6:26:36
477,JON MCINNES,5490,6:26:41,AUS,40-49,90,Male,322,6:26:41
478,MEGAN ROWE,5655,6:26:50,AUS,30-39,50,Female,156,6:26:50
479,PETER BOSCH,4089,6:26:56,NZL,40-49,91,Male,323,6:26:56
480,DANIELLE KLINGBERG,5414,6:27:01,AUS,30-39,51,Female,157,6:27:01
481,PHILLIP GREVILLE,4346,6:27:07,NZL,30-39,126,Male,324,6:27:07
482,CHARLES STOKES,5735,6:27:12,NZL,40-49,92,Male,325,6:27:12
483,DUNCAN ELLEY,5243,6:27:12,NZL,40-49,93,Male,326,6:27:12
484,NICOLE CAVES,4152,6:27:16,AUS,50-59,23,Female,158,6:27:16
485,JONATHAN ACOSTA,5046,6:27:17,MEX,40-49,94,Male,327,6:27:17
486,LANA VELLA,5780,6:27:24,AUS,50-59,24,Female,159,6:27:24
487,CHARLOTTE JONES,4478,6:27:25,AUS,40-49,57,Female,160,6:27:25
488,ADENA EMANUEL,5248,6:27:25,NZL,18-29,27,Female,161,6:27:25
489,ERAINA ATTWOOD,4036,6:27:32,NZL,60-69,3,Female,162,6:27:32
490,HARNAH SIMMONDS,5698,6:27:44,NZL,30-39,52,Female,163,6:27:44
491,GRACE WHITE,6015,6:27:45,NZL,30-39,53,Female,164,6:27:45
492,STEPHANIE THOMPSON,5754,6:28:20,AUS,40-49,58,Female,165,6:28:20
493,DEREK PAGE,5568,6:28:21,AUS,40-49,95,Male,328,6:28:21
494,KELVIN LIM LO SUY,5443,6:28:38,AUS,40-49,96,Male,329,6:28:38
495,PATRICIA HOSKING,5356,6:29:07,AUS,40-49,59,Female,166,6:29:07
496,MALCOLM HEWIN,4412,6:29:15,NZL,50-59,41,Male,330,6:29:15
497,MATTHEW MACMILLAN,5456,6:29:32,NZL,50-59,42,Male,331,6:29:32
498,ALEXEY MASOLOV,5472,6:30:04,AUS,30-39,127,Male,332,6:30:04
499,LIAM HAY,4392,6:30:15,NZL,30-39,128,Male,333,6:30:15
500,LACHLAN CARTWRIGHT,4147,6:30:24,NZL,30-39,129,Male,334,6:30:24
501,KATE LEWIS,5440,6:30:38,GBR,30-39,54,Female,167,6:30:38
502,SHELBY DAVIDSON,4211,6:30:43,AUS,30-39,55,Female,168,6:30:43
503,PHILIP HURST,4445,6:31:03,AUS,50-59,43,Male,335,6:31:03
504,GRAHAM HAZELWOOD,4397,6:31:07,AUS,50-59,44,Male,336,6:31:07
505,CALUM HAMILTON,5325,6:31:26,AUS,30-39,130,Male,337,6:31:26
506,SIMON HOAR,5347,6:31:26,NZL,40-49,97,Male,338,6:31:26
507,EMMA THOMPSON,4924,6:31:38,AUS,50-59,25,Female,169,6:31:38
508,RICHARD HOLTZ,4432,6:31:50,NZL,40-49,98,Male,339,6:31:50
509,STEVE KILGALLON,4501,6:32:05,NZL,40-49,99,Male,340,6:32:05
510,MICHELLE LIGHTFOOT,5442,6:32:11,AUS,50-59,26,Female,170,6:32:11
511,MEGAN BURKE,5133,6:32:25,NZL,40-49,60,Female,171,6:32:25
512,KEELIN MACDONALD,4577,6:32:51,IRL,30-39,56,Female,172,6:32:51
513,BEN SMITH,4860,6:32:53,NZL,40-49,100,Male,341,6:32:53
514,CLARE NUMSSEN,4703,6:33:13,NZL,50-59,27,Female,173,6:33:13
515,JESSE PACKMAN,4722,6:33:15,NZL,30-39,131,Male,342,6:33:15
516,KATRI AVARMAA,5066,6:33:21,FIN,30-39,57,Female,174,6:33:21
517,PETER OLIVER,5559,6:33:34,NZL,30-39,132,Male,343,6:33:34
518,STEPHEN ADAMS,4005,6:33:44,NZL,40-49,101,Male,344,6:33:44
519,ANITA HANNA,4372,6:33:53,NZL,40-49,61,Female,175,6:33:53
520,JEANETTE ROSS,4799,6:33:59,NZL,40-49,62,Female,176,6:33:59
521,JEN MCKINLEY,4633,6:34:14,CAN,50-59,28,Female,177,6:34:14
522,JULIANO SABATKE,5665,6:34:17,BRA,40-49,102,Male,345,6:34:17
523,METTE CHRISTENSEN,5161,6:34:17,DNK,40-49,63,Female,178,6:34:17
524,NIKKI TRASK,5762,6:34:33,NZL,50-59,29,Female,179,6:34:33
525,KIM ELSWOOD,4254,6:34:40,NZL,40-49,64,Female,180,6:34:40
526,LUKE COSGROVE,5179,6:34:47,NCL,30-39,133,Male,346,6:34:47
527,LOIS MCCULLOCH,6101,6:34:52,GBR,30-39,58,Female,181,6:34:52
528,CARL BARLEV,6133,6:34:55,NZL,40-49,103,Male,347,6:34:55
529,FANNY FANDOS,4267,6:34:57,FRA,18-29,28,Female,182,6:34:57
530,SALLY ROBSON,4794,6:35:02,AUS,40-49,65,Female,183,6:35:02
531,ZOÚ CROCCEL,5186,6:35:12,FRA,18-29,29,Female,184,6:35:12
532,PAUL WALLIS,4974,6:35:13,NZL,60-69,7,Male,348,6:35:13
533,JONATHAN PULLON,5611,6:35:16,NZL,30-39,134,Male,349,6:35:16
534,NIK ANDRÚ,5059,6:35:55,NZL,50-59,45,Male,350,6:35:55
535,MICHIEL JONKER,4480,6:35:58,ZAF,30-39,135,Male,351,6:35:58
536,YUTA HIRAMATSU,5958,6:36:14,AUS,30-39,136,Male,352,6:36:14
537,DONNI SMYTHE,5996,6:36:27,NZL,40-49,66,Female,185,6:36:27
538,SIMON HUNTLEY,5364,6:36:28,NZL,50-59,46,Male,353,6:36:28
539,ERROL AMYES,4015,6:36:29,NZL,60-69,8,Male,354,6:36:29
540,ANDREW PALLISER,4726,6:36:32,NZL,40-49,104,Male,355,6:36:32
541,PATRICK ABEL,4002,6:36:36,NZL,30-39,137,Male,356,6:36:36
542,ROBERT TOMKIES,4932,6:36:37,NZL,18-29,62,Male,357,6:36:37
543,KATH ASHTON,4031,6:36:51,GBR,40-49,67,Female,186,6:36:51
544,NEROLI SULLIVAN,6002,6:36:52,AUS,40-49,68,Female,187,6:36:52
545,KIMBERLY WATSON,4985,6:36:52,AUS,40-49,69,Female,188,6:36:52
546,KYNAN FARR,4271,6:37:06,NZL,40-49,105,Male,358,6:37:06
547,BRADLEY WARREN,4979,6:37:19,AUS,40-49,106,Male,359,6:37:19
548,NATALIE RICHARDS,5635,6:37:23,NZL,40-49,70,Female,189,6:37:23
549,RUI MA,5452,6:37:25,NZL,50-59,30,Female,190,6:37:25
550,JOY THOMAS,4922,6:37:35,NZL,60-69,4,Female,191,6:37:35
551,LARA BROOKER,4108,6:38:14,DEU,40-49,71,Female,192,6:38:14
552,JAMES TCHERNEGOVSKI,5749,6:38:15,NZL,18-29,63,Male,360,6:38:15
553,JEREMY ALKIRE,6128,6:38:16,USA,18-29,64,Male,361,6:38:16
554,YUMIKO HIEBERT,5345,6:38:17,CAN,50-59,31,Female,193,6:38:17
555,BAO KUN TANG,5744,6:38:22,NZL,50-59,47,Male,362,6:38:22
556,EMMA BERMINGHAM,5091,6:38:24,NZL,40-49,72,Female,194,6:38:24
557,JASE MCDOWALL,5486,6:38:28,NZL,40-49,107,Male,363,6:38:28
558,LAXMIKANT SINHA,6201,6:38:42,IND,40-49,108,Male,364,6:38:42
559,BEATRICE GALLIS,4305,6:38:53,AUS,50-59,32,Female,195,6:38:53
560,KYM RUSSELL,4811,6:39:35,AUS,40-49,73,Female,196,6:39:35
561,JOSH BRODIE,4107,6:39:38,NZL,30-39,138,Male,365,6:39:38
562,HUGH ESLER,5254,6:39:44,AUS,30-39,139,Male,366,6:39:44
563,NOEL O'MALLEY,5561,6:39:48,AUS,50-59,48,Male,367,6:39:48
564,MICHAEL O'KEEFFE,5555,6:39:48,AUS,50-59,49,Male,368,6:39:48
565,HAYLEY ARMSTRONG,5928,6:39:51,NZL,40-49,74,Female,197,6:39:51
566,FIONA JENKS,4465,6:40:05,NZL,40-49,75,Female,198,6:40:05
567,LUCY ENGLAND,5250,6:40:09,NZL,18-29,30,Female,199,6:40:09
568,PHILIPPA MCKAY,5493,6:40:13,GBR,30-39,59,Female,200,6:40:13
569,AARON KILLICK,4502,6:40:20,NZL,50-59,50,Male,369,6:40:20
570,LEIGH TASKER,4908,6:40:20,NZL,40-49,109,Male,370,6:40:20
571,BRETT TAYLOR,4912,6:40:45,NZL,40-49,110,Male,371,6:40:45
572,ROBERTA MEKSRAITYTE,5505,6:41:00,NZL,40-49,76,Female,201,6:41:00
573,TAEGAN BAXTER,4059,6:41:10,NZL,18-29,31,Female,202,6:41:10
574,GAVIN BELL,4063,6:41:22,NZL,50-59,51,Male,372,6:41:22
575,NEIL CAMPBELL,4139,6:42:01,NZL,30-39,140,Male,373,6:42:01
576,TRACY COOTE,4192,6:42:01,NZL,40-49,77,Female,203,6:42:01
577,MICHAEL PERCIVAL,5589,6:42:08,AUS,60-69,9,Male,374,6:42:08
578,ADAM BAIRD,4042,6:42:11,NZL,30-39,141,Male,375,6:42:11
579,SAMMY KENNEDY,5392,6:42:16,NZL,30-39,142,Male,376,6:42:16
580,PIP TILDESLEY,5757,6:42:28,GBR,18-29,32,Female,204,6:42:28
581,JEROME SEARS,5685,6:42:30,NZL,30-39,143,Male,377,6:42:30
582,GARY MAASS,5974,6:42:41,AUS,60-69,10,Male,378,6:42:41
583,JODY PADDY,5567,6:42:46,NZL,40-49,78,Female,205,6:42:46
584,ADRIANA KAURIN,4485,6:42:48,NZL,40-49,79,Female,206,6:42:48
585,JON SAUNDERS,5669,6:42:52,GBR,40-49,111,Male,379,6:42:52
586,ANNE SOPHIE POUZIN,4761,6:43:04,FRA,30-39,60,Female,207,6:43:04
587,CATY SPENCER,5723,6:43:04,NZL,40-49,80,Female,208,6:43:04
588,GEORGE LAKING,4526,6:43:11,NZL,50-59,52,Male,380,6:43:11
589,RYAN BENNETT,5930,6:43:14,NZL,30-39,144,Male,381,6:43:14
590,STEVE ROSSITER,4802,6:43:20,NZL,50-59,53,Male,382,6:43:20
591,LISA HATTON,5878,6:43:21,AUS,40-49,81,Female,209,6:43:21
592,ROB ROUGHAN,4804,6:43:25,IRL,50-59,54,Male,383,6:43:25
593,VINCENT MAGNAT,5460,6:43:51,CAN,50-59,55,Male,384,6:43:51
594,EUGENE SONG,4865,6:43:55,NZL,30-39,145,Male,385,6:43:55
595,MANUEL CALZADA,6126,6:44:13,MEX,30-39,146,Male,386,6:44:13
596,CHRISTIAN KOLAGA,5963,6:44:28,USA,18-29,65,Male,387,6:44:28
597,NATALIE HUNT,5362,6:44:29,NZL,40-49,82,Female,210,6:44:29
598,MATT WEBB,4987,6:44:36,NZL,40-49,112,Male,388,6:44:36
599,SUSAN MORTERS,4675,6:44:55,AUS,50-59,33,Female,211,6:44:55
600,BEN VAN MEYGAARDEN,4951,6:45:01,NZL,40-49,113,Male,389,6:45:01
601,CHAYLEE KALESKI,5384,6:45:06,AUS,50-59,34,Female,212,6:45:06
602,HELENA WILLIAMS,5011,6:45:29,AUS,40-49,83,Female,213,6:45:29
603,LOUISE AKERS,4011,6:45:30,NZL,50-59,35,Female,214,6:45:30
604,SUSAN CLARE,4164,6:45:45,NZL,50-59,36,Female,215,6:45:45
605,IAN BIRCH,4076,6:45:45,NZL,50-59,56,Male,390,6:45:45
606,SHAUN FISHER,5272,6:45:45,NZL,40-49,114,Male,391,6:45:45
607,CHARLES VINEY,6112,6:45:47,AUS,40-49,115,Male,392,6:45:47
608,PATRICK MCSWEENEY,5501,6:45:53,NZL,18-29,66,Male,393,6:45:53
609,MITCH LOGAN,4558,6:45:53,NZL,30-39,147,Male,394,6:45:53
610,SAMANTHA GRACE,5310,6:45:55,NZL,18-29,33,Female,216,6:45:55
611,BRITTANY DICK,5214,6:46:04,NZL,18-29,34,Female,217,6:46:04
612,HAYDEN CRUICKSHANK,5189,6:46:05,NZL,30-39,148,Male,395,6:46:05
613,KATIE SAVAGE,4816,6:46:08,AUS,40-49,84,Female,218,6:46:08
614,TARA COOPER,5177,6:46:32,GBR,50-59,37,Female,219,6:46:32
615,GREG MITCHELL,5982,6:46:37,NZL,30-39,149,Male,396,6:46:37
616,DENNIS YUILE,5040,6:46:38,NZL,30-39,150,Male,397,6:46:38
617,ERNEST CABALLERO,5140,6:46:51,NZL,30-39,151,Male,398,6:46:51
618,NAT SAWLEY,5671,6:46:53,AUS,40-49,85,Female,220,6:46:53
619,MARK KNOWLES,4512,6:47:40,NZL,50-59,57,Male,399,6:47:40
620,ALLAN LAMB,5965,6:47:42,NZL,60-69,11,Male,400,6:47:42
621,JAMES GILBERT,4317,6:47:47,NZL,30-39,152,Male,401,6:47:47
622,KATE GODBEE,4323,6:47:50,AUS,50-59,38,Female,221,6:47:50
623,KATHRYN GIBBONS,4314,6:48:16,AUS,40-49,86,Female,222,6:48:16
624,IVY TAY,5747,6:48:22,SGP,40-49,87,Female,223,6:48:22
625,CHARLENE FOONG,4286,6:48:28,NZL,30-39,61,Female,224,6:48:28
626,JAMES STEELE,4879,6:48:33,NZL,40-49,116,Male,402,6:48:33
627,ALISON DRAKE,5229,6:48:40,AUS,30-39,62,Female,225,6:48:40
628,LYNDALL DUGGAN,4239,6:48:46,AUS,40-49,88,Female,226,6:48:46
629,FLEUR EVANS,4260,6:48:47,GBR,40-49,89,Female,227,6:48:47
630,SARAH THORNTON,4930,6:48:48,AUS,40-49,90,Female,228,6:48:48
631,JOSH MCINTYRE,4625,6:48:48,NZL,18-29,67,Male,403,6:48:48
632,GRAHAM FARMER,4269,6:48:51,NZL,40-49,117,Male,404,6:48:51
633,MANDY DONALD,4231,6:48:58,NZL,40-49,91,Female,229,6:48:58
634,MICHELLE CATHERWOOD,5153,6:49:13,NZL,50-59,39,Female,230,6:49:13
635,STEPHANIE NORMAN,5543,6:49:17,NZL,40-49,92,Female,231,6:49:17
636,ANGUS HANCOCK,5952,6:49:54,NZL,18-29,68,Male,405,6:49:54
637,VIVIENNE BUSS,5139,6:50:07,AUS,50-59,40,Female,232,6:50:07
638,VAUGHAN SWALE,4904,6:50:09,NZL,60-69,12,Male,406,6:50:09
639,MATTHEW LUTTRELL,4568,6:50:15,AUS,40-49,118,Male,407,6:50:15
640,DAMIAN CAREY,4143,6:50:17,AUS,50-59,58,Male,408,6:50:17
641,KARL DICKINS,4223,6:50:17,NZL,50-59,59,Male,409,6:50:17
642,PEI KONG,4515,6:50:19,AUS,30-39,63,Female,233,6:50:19
643,RALPH VAN DEN BROECK,4944,6:50:24,NLD,30-39,153,Male,410,6:50:24
644,LUCY RIVAS,4786,6:50:42,AUS,40-49,93,Female,234,6:50:42
645,LICHENG WANG,5798,6:51:06,NZL,50-59,60,Male,411,6:51:06
646,GRANT HEASLIP,5956,6:51:15,NZL,50-59,61,Male,412,6:51:15
647,MATT FELLOWS,5265,6:51:38,GBR,30-39,154,Male,413,6:51:38
648,DAVID SOLE,4864,6:51:46,NZL,30-39,155,Male,414,6:51:46
649,ESTRELLA SUPAS-MILNE,4899,6:52:12,PHL,40-49,94,Female,235,6:52:12
650,JOSH VAN VEEN,5779,6:52:17,NZL,30-39,156,Male,415,6:52:17
651,OLIVER GEHLEN,5299,6:52:20,DEU,50-59,62,Male,416,6:52:20
652,SOFIE VON FRENCKELL,5786,6:52:20,FIN,50-59,41,Female,236,6:52:20
653,TERRI KLENNER,5413,6:52:35,NZL,30-39,64,Female,237,6:52:35
654,ROSS THORNTON,6008,6:52:36,NZL,50-59,63,Male,417,6:52:36
655,AMELIA HARRIS,5330,6:52:36,NZL,18-29,35,Female,238,6:52:36
656,COURTNEY DE BEER,4217,6:52:54,NZL,30-39,157,Male,418,6:52:54
657,ROGER DICK,5215,6:52:55,NZL,40-49,119,Male,419,6:52:55
658,STEPHEN COLLINS,5170,6:53:04,NZL,50-59,64,Male,420,6:53:04
659,VIRGINIA HARPER,4382,6:53:12,AUS,60-69,5,Female,239,6:53:12
660,GAVIN WEBBER,4988,6:53:26,NZL,50-59,65,Male,421,6:53:26
661,MARK KANE,5386,6:53:35,NZL,50-59,66,Male,422,6:53:35
662,CHRIS MACDONALD,4578,6:53:39,NZL,40-49,120,Male,423,6:53:39
663,ALISTAIR COLLOW,5171,6:53:48,NZL,30-39,158,Male,424,6:53:48
664,CAMILLA ARCH,4027,6:53:51,AUS,50-59,42,Female,240,6:53:51
665,DANIELLE VAN ZUYLEN,5918,6:53:54,AUS,50-59,43,Female,241,6:53:54
666,STEVEN HEYNE,4413,6:54:02,AUS,40-49,121,Male,425,6:54:02
667,EMILY FYFE,5291,6:54:19,NZL,30-39,65,Female,242,6:54:19
668,BRAEDEN SAUL,5994,6:54:27,NZL,30-39,159,Male,426,6:54:27
669,BRETT SILLIS,4842,6:54:40,AUS,50-59,67,Male,427,6:54:40
670,ANYA BISHOP,5099,6:54:48,GBR,18-29,36,Female,243,6:54:48
671,CHRIS STAPLES,4876,6:54:49,AUS,50-59,68,Male,428,6:54:49
672,HARRIET KREBS,4520,6:54:53,NZL,18-29,37,Female,244,6:54:53
673,CAROLYN MORTON,5525,6:55:06,NZL,50-59,44,Female,245,6:55:06
674,JAMES DOYLE,5227,6:55:20,AUS,18-29,69,Male,429,6:55:20
675,DAMIAN BAUCKE,4057,6:55:50,NZL,50-59,69,Male,430,6:55:50
676,JUSTIN DAWSON,5201,6:56:04,NZL,40-49,122,Male,431,6:56:04
677,SADAO TSUCHIYA,5768,6:56:29,JPN,40-49,123,Male,432,6:56:29
678,MARK DOUGLASS,5224,6:56:36,AUS,40-49,124,Male,433,6:56:36
679,MARY ROZEBOOM,5657,6:56:44,NZL,30-39,66,Female,246,6:56:44
680,MARY CREAGAN,4201,6:56:47,AUS,50-59,45,Female,247,6:56:47
681,ALLYSIA KRAAKMAN,5964,6:56:48,NZL,30-39,67,Female,248,6:56:48
682,GEOFF SMITH,4859,6:57:14,NZL,50-59,70,Male,434,6:57:14
683,JANE ASTON,4032,6:57:15,NZL,50-59,46,Female,249,6:57:15
684,JACK ANDERSON,4018,6:57:30,NZL,18-29,70,Male,435,6:57:30
685,JILL GOLDFINCH,4325,6:57:51,NZL,50-59,47,Female,250,6:57:51
686,SHIREE FLUTEY,5280,6:57:57,NZL,50-59,48,Female,251,6:57:57
687,ALANA OLLIFF,4714,6:58:15,NZL,40-49,95,Female,252,6:58:15
688,RACHELLE WOOLFORD,5029,6:58:18,NZL,50-59,49,Female,253,6:58:18
689,COURTNEY MOLLOY,4665,6:58:27,NZL,30-39,68,Female,254,6:58:27
690,KIM DIRKS,5217,6:58:51,NZL,50-59,50,Female,255,6:58:51
691,MEGAN ALLEN-CREED,5056,6:58:53,AUS,30-39,69,Female,256,6:58:53
692,LESLIE HANSON,5329,6:59:03,CAN,30-39,70,Female,257,6:59:03
693,TANYA BAILEY,4040,6:59:06,AUS,50-59,51,Female,258,6:59:06
694,CROYD ZEIER,5042,6:59:34,NZL,30-39,160,Male,436,6:59:34
695,ZOÙ GARRETT,4309,6:59:34,NZL,30-39,71,Female,259,6:59:34
696,JAMES GREENWELL,4341,6:59:41,NZL,40-49,125,Male,437,6:59:41
697,LISS WALLIS,4975,6:59:47,NZL,30-39,72,Female,260,6:59:47
698,FRIDA SUMARDJO,6003,6:59:55,NZL,40-49,96,Female,261,6:59:55
699,MATT ANDERSON,4017,7:00:09,NZL,50-59,71,Male,438,7:00:09
700,MICHELLE WHITMORE,5003,7:00:20,AUS,40-49,97,Female,262,7:00:20
701,CODY ENGELEN,5249,7:00:20,NZL,30-39,73,Female,263,7:00:20
702,STUART DUN,5236,7:00:21,NZL,40-49,126,Male,439,7:00:21
703,LAUREN FORSYTH,5282,7:01:56,NZL,40-49,98,Female,264,7:01:56
704,JORDAN LITTLE,4549,7:01:59,NZL,18-29,71,Male,440,7:01:59
705,KARIN JACKSON,5373,7:02:00,AUS,50-59,52,Female,265,7:02:00
706,TYLER BROWN,4109,7:02:08,USA,30-39,161,Male,441,7:02:08
707,NATHAN BALSILLIE,5078,7:02:26,NZL,18-29,72,Male,442,7:02:26
708,KAT MACMILLAN,5455,7:02:31,NZL,40-49,99,Female,266,7:02:31
709,JAMES REES,5628,7:02:42,NZL,30-39,162,Male,443,7:02:42
710,PETER ATTWOOD,5065,7:02:47,NZL,50-59,72,Male,444,7:02:47
711,ROBYN LOVEWELL,4561,7:02:54,NZL,40-49,100,Female,267,7:02:54
712,SAM ATKINSON,4035,7:02:55,NZL,40-49,101,Female,268,7:02:55
713,CATE LE MESURIER,5431,7:02:56,AUS,30-39,74,Female,269,7:02:56
714,JOEL HEALY,5339,7:02:56,NZL,40-49,127,Male,445,7:02:56
715,LISA JOBLIN,5377,7:02:57,NZL,50-59,53,Female,270,7:02:57
716,KELLY MITCHELL,4661,7:02:57,NZL,40-49,102,Female,271,7:02:57
717,SARAH GREEN,5316,7:03:05,GBR,30-39,75,Female,272,7:03:05
718,EUGENE JOUBERT,4482,7:03:28,AUS,60-69,13,Male,446,7:03:28
719,JULIE FENECH,4274,7:03:37,AUS,40-49,103,Female,273,7:03:37
720,CAROLINA LAUREL,5430,7:03:39,MEX,30-39,76,Female,274,7:03:39
721,KAREN BIELENBERG,5096,7:03:58,AUS,50-59,54,Female,275,7:03:58
722,ALEXANDRA BOUDRIE,5110,7:04:11,AUS,40-49,104,Female,276,7:04:11
723,DAVID CHING,5159,7:04:23,NZL,50-59,73,Male,447,7:04:23
724,NICKY SCOTT,5680,7:04:33,NZL,40-49,105,Female,277,7:04:33
725,SARAH MCDONNELL,4615,7:04:44,AUS,40-49,106,Female,278,7:04:44
726,BRADLEY SMITH,5709,7:05:01,NZL,18-29,73,Male,448,7:05:01
727,CRAIG HARDING,4376,7:05:11,AUS,50-59,74,Male,449,7:05:11
728,BRIDGET BAKER,4043,7:05:14,NZL,40-49,107,Female,279,7:05:14
729,KAREN MAXWELL,4606,7:05:18,NZL,40-49,108,Female,280,7:05:18
730,ROBBIE KING,5406,7:05:29,AUS,50-59,75,Male,450,7:05:29
731,EMERSON DA ROSA,4207,7:05:50,AUS,40-49,128,Male,451,7:05:50
732,KATIE BELSHAW,5085,7:06:00,AUS,30-39,77,Female,281,7:06:00
733,KAREN SPENCER,4871,7:06:01,NZL,50-59,55,Female,282,7:06:01
734,JOHN READ,5623,7:06:04,NZL,60-69,14,Male,452,7:06:04
735,NICK CHOAT,5160,7:06:19,NZL,30-39,163,Male,453,7:06:19
736,ERIN MCKENZIE,4630,7:06:30,NZL,40-49,109,Female,283,7:06:30
737,JOHN GRAY,5315,7:06:34,USA,50-59,76,Male,454,7:06:34
738,JARROD MORRIS,4673,7:06:34,NZL,18-29,74,Male,455,7:06:34
739,THOMAS COUP,4196,7:06:47,NZL,40-49,129,Male,456,7:06:47
740,ADAM FORWOOD,4288,7:06:53,NZL,40-49,130,Male,457,7:06:53
741,THOMAS HOLMES,5352,7:07:09,NZL,18-29,75,Male,458,7:07:09
742,JILL EDGAR,4244,7:07:10,NZL,18-29,38,Female,284,7:07:10
743,ISABELLE DE VUGT - SOLJAK,5207,7:07:14,NLD,40-49,110,Female,285,7:07:14
744,ANTONIA HAZLERIGG,5336,7:07:24,GBR,30-39,78,Female,286,7:07:24
745,JANE VINE,4960,7:07:41,AUS,40-49,111,Female,287,7:07:41
746,LISA PHILLIPS,4746,7:07:43,AUS,40-49,112,Female,288,7:07:43
747,THOMAS BREALEY,4097,7:07:47,NZL,30-39,164,Male,459,7:07:47
748,WENDY FOX,5287,7:07:53,NZL,60-69,6,Female,289,7:07:53
749,RICHARD WREN,6018,7:07:53,NZL,50-59,77,Male,460,7:07:53
750,TRENT MITCHELL,5983,7:08:19,NZL,18-29,76,Male,461,7:08:19
751,LEIGHTON O'BRIEN,4704,7:08:20,AUS,50-59,78,Male,462,7:08:20
752,ADAM WILLIAMS,5826,7:08:33,AUS,40-49,131,Male,463,7:08:33
753,RICKY SILVESTER,5696,7:08:52,NZL,40-49,132,Male,464,7:08:52
754,JOSH MEYERS,5509,7:09:41,AUS,30-39,165,Male,465,0:00:00
755,ASHLEIGH MATHESON,5473,7:09:51,NZL,30-39,79,Female,290,7:09:51
756,MISH HANSFORD,5328,7:10:04,AUS,30-39,80,Female,291,7:10:04
757,MONIQUE FARMER,4268,7:10:05,AUS,30-39,81,Female,292,7:10:05
758,ANDREW HANSEN,5953,7:10:11,NZL,40-49,133,Male,466,7:10:11
759,SUSAN MCKITRICK,5498,7:10:17,CAN,60-69,7,Female,293,7:10:17
760,MICHAEL STEPHENS,4880,7:10:22,NZL,40-49,134,Male,467,7:10:22
761,MATTHEW LISTON,5970,7:10:28,AUS,40-49,135,Male,468,7:10:28
762,ELIZE BURTON,5137,7:10:38,NZL,40-49,113,Female,294,7:10:38
763,MALLORY JORDAN,5381,7:10:38,NZL,18-29,39,Female,295,7:10:38
764,KEN WATT,5807,7:10:42,ZAF,30-39,166,Male,469,7:10:42
765,GARETH WATT,5806,7:10:42,NZL,40-49,136,Male,470,7:10:42
766,JASON DARROW,5197,7:10:58,NZL,50-59,79,Male,471,7:10:58
767,JAYME LEONARD,5438,7:11:05,AUS,40-49,114,Female,296,7:11:05
768,RACHEL CALLISS,5142,7:11:14,AUS,50-59,56,Female,297,7:11:14
769,LINDY PURDY,5612,7:11:17,NZL,50-59,57,Female,298,7:11:17
770,SAMANTHA YEE-NIN FOSTER,4289,7:11:17,NZL,50-59,58,Female,299,7:11:17
771,LORRAINE BRADBURY,4092,7:11:29,AUS,60-69,8,Female,300,7:11:29
772,CATHERINE HUNTER,4444,7:11:33,AUS,60-69,9,Female,301,7:11:33
773,SIMON MAK,5464,7:11:54,AUS,40-49,137,Male,472,7:11:54
774,KYLIE CARR,5148,7:11:59,AUS,40-49,115,Female,302,7:11:59
775,LOUISE TOPPING,5761,7:12:12,NZL,40-49,116,Female,303,7:12:12
776,HILARY FOWLER,4290,7:12:38,NZL,30-39,82,Female,304,7:12:38
777,PETRA VACHOVA,5773,7:12:38,SVK,30-39,83,Female,305,7:12:38
778,ARAMA O'REGAN-BROWN,5564,7:12:43,NZL,18-29,77,Male,473,7:12:43
779,NEIL CAMERON,5144,7:12:47,NZL,60-69,15,Male,474,7:12:47
780,LIZ KEEN,4489,7:12:51,AUS,50-59,59,Female,306,7:12:51
781,BRENDA KELLY,4492,7:12:52,NZL,50-59,60,Female,307,7:12:52
782,KAREN WILSHIRE,5018,7:13:17,AUS,40-49,117,Female,308,7:13:17
783,DENISE GRIBBEN,4349,7:13:24,IRL,40-49,118,Female,309,7:13:24
784,VAUGHAN KESTLE,5398,7:13:34,NZL,50-59,80,Male,475,7:13:34
785,LISA WILKES,5923,7:13:37,AUS,40-49,119,Female,310,7:13:37
786,TONY SHRIMPTON,4838,7:13:43,NZL,40-49,138,Male,476,7:13:43
787,PETER POINTON,5601,7:13:51,AUS,60-69,16,Male,477,7:13:51
788,JOLYON LUDBROOK,4565,7:14:24,NZL,40-49,139,Male,478,7:14:24
789,NATALIA MOROCHKOVSKAYA,5522,7:14:44,AUS,18-29,40,Female,311,7:14:44
790,CRAIG PASCOE,5578,7:14:45,NZL,50-59,81,Male,479,7:14:45
791,EUAN SHEPHERD,4835,7:14:47,AUS,40-49,140,Male,480,7:14:47
792,MARK GRACIE,5311,7:15:03,NZL,40-49,141,Male,481,7:15:03
793,LACHLAN RALPH,4767,7:15:28,AUS,30-39,167,Male,482,7:15:28
794,JACKIE KHOO,4499,7:15:28,AUS,40-49,120,Female,312,7:15:28
795,KYLIE MCINNES,5491,7:15:44,AUS,30-39,84,Female,313,7:15:44
796,JEAN-CLAUDE GARIN,5296,7:15:50,FRA,60-69,17,Male,483,7:15:50
797,JORDAN CUNNINGHAM,5192,7:16:13,NZL,18-29,41,Female,314,7:16:13
798,SHIRLEY REYNOLDS,4777,7:16:23,AUS,50-59,61,Female,315,7:16:23
799,DAVID NAYLOR,5538,7:16:50,AUS,70+,1,Male,484,7:16:50
800,KERRYN MCDONALD,5482,7:17:11,AUS,50-59,62,Female,316,7:17:11
801,NATALIE ATKIN,4034,7:17:19,NZL,30-39,85,Female,317,7:17:19
802,SHARYN MATTHEWS,5895,7:17:30,AUS,40-49,121,Female,318,7:17:30
803,JENNIFER HUNT,5883,7:17:31,AUS,40-49,122,Female,319,7:17:31
804,CAROLYN SCOTT,5907,7:17:31,AUS,40-49,123,Female,320,7:17:31
805,KATE MACMUNN,5976,7:17:31,AUS,40-49,124,Female,321,7:17:31
806,THOMAS MCBRIDE,5477,7:17:37,AUS,30-39,168,Male,485,7:17:37
807,NIKITA ADLAM,4008,7:17:58,NZL,18-29,42,Female,322,7:17:58
808,JONO SULLIVAN,4897,7:17:59,NZL,30-39,169,Male,486,7:17:59
809,GEMMA PENFORD,4738,7:18:21,GBR,30-39,86,Female,323,7:18:21
810,KELLY ANDERSON,5058,7:19:01,NZL,50-59,63,Female,324,7:19:01
811,SAM LING,4547,7:19:12,NZL,30-39,170,Male,487,7:19:12
812,PETER BIELENBERG,5097,7:19:32,AUS,60-69,18,Male,488,7:19:32
813,MARIA HOGAN,4427,7:19:38,AUS,30-39,87,Female,325,7:19:38
814,SARAH-JANE EDGAR,4243,7:19:40,NZL,30-39,88,Female,326,7:19:40
815,MARIKA TAUMOLI,5746,7:20:10,NZL,50-59,82,Male,489,7:20:10
816,LESA LOMAS,6120,7:20:39,NZL,40-49,125,Female,327,7:20:39
817,AMY SMITH,5707,7:20:41,AUS,40-49,126,Female,328,7:20:41
818,PETER KINGSTON,5886,7:20:48,AUS,60-69,19,Male,490,7:20:48
819,LEONIE DE GARNHAM,5204,7:20:59,NZL,40-49,127,Female,329,7:20:59
820,KARL ZIMMERMAN,5043,7:21:01,NZL,50-59,83,Male,491,7:21:01
821,ANTON BELIAKOV,5083,7:21:04,NZL,40-49,142,Male,492,7:21:04
822,JENNY CLEMENTS,5163,7:21:23,IRL,40-49,128,Female,330,7:21:23
823,SARAH WHITE,5820,7:21:30,GBR,18-29,43,Female,331,7:21:30
824,JENNIFER DEFOREST,6102,7:21:36,USA,50-59,64,Female,332,7:21:36
825,DUSTIN PARKINSON,5573,7:21:38,NZL,18-29,78,Male,493,7:21:38
826,MICHELLE CAM,5143,7:21:52,NZL,40-49,129,Female,333,7:21:52
827,MIKE BOUDRIE,5111,7:21:52,AUS,40-49,143,Male,494,7:21:52
828,CHRIS MULLINS,5528,7:21:57,NZL,40-49,144,Male,495,7:21:57
829,CHEEKIAN KENNETH LOW,5972,7:22:12,NZL,50-59,84,Male,496,7:22:12
830,JODINE SIMMONS,4845,7:22:15,NZL,30-39,89,Female,334,7:22:15
831,SELENA ASTON,5062,7:22:16,AUS,50-59,65,Female,335,7:22:16
832,HERSHNER FELICIANO,5261,7:22:22,NZL,50-59,85,Male,497,7:22:22
833,AMY EDWARDS,4247,7:22:22,AUS,30-39,90,Female,336,7:22:22
834,LIBBY CONNOLLY,5175,7:22:36,AUS,30-39,91,Female,337,7:22:36
835,ANNABEL LEUNG,5439,7:22:44,AUS,18-29,44,Female,338,7:22:44
836,EMILY SEARLE,4824,7:22:48,NZL,40-49,130,Female,339,7:22:48
837,IAIN BREADMORE,5117,7:23:15,NZL,50-59,86,Male,498,7:23:15
838,AINE CAREY,4142,7:23:17,IRL,30-39,92,Female,340,7:23:17
839,ALEXANDER MUTSVAIRO,6129,7:23:18,GBR,30-39,171,Male,499,7:23:18
840,RICHARD ANDERSEN,5057,7:23:29,NZL,30-39,172,Male,500,7:23:29
841,NIKITA BUCKNELL,5129,7:23:44,NZL,30-39,93,Female,341,7:23:44
842,KERRYELL BUCKNELL,5128,7:23:45,NZL,40-49,131,Female,342,7:23:45
843,MARIA GIANNASCA,4312,7:23:54,AUS,30-39,94,Female,343,7:23:54
844,EMMA DAVIES,4213,7:23:56,AUS,30-39,95,Female,344,7:23:56
845,INGRID CHAPMAN,4158,7:24:20,AUS,40-49,132,Female,345,7:24:20
846,GLEN ALEXANDER,6127,7:24:25,NZL,40-49,145,Male,501,7:24:25
847,NAOMI MCFALL,4617,7:24:32,NZL,30-39,96,Female,346,7:24:32
848,RAQUEL WARREN,5801,7:25:13,AUS,40-49,133,Female,347,7:25:13
849,DAN WALLIS,4973,7:25:16,NZL,30-39,173,Male,502,7:25:16
850,TANI BROWN,4114,7:25:22,AUS,40-49,134,Female,348,7:25:22
851,ANNA MCCLEAN,5479,7:25:36,NZL,40-49,135,Female,349,7:25:36
852,HANNAH INGMAN-JONES,5960,7:25:36,GBR,18-29,45,Female,350,7:25:36
853,COLIN LITTLE,4550,7:26:16,NZL,50-59,87,Male,503,7:26:16
854,JARED SCARLETT,4817,7:26:17,NZL,40-49,146,Male,504,7:26:17
855,RELEEN WALKER,5794,7:26:26,AUS,40-49,136,Female,351,7:26:26
856,XAVIER MURPHY,5535,7:26:27,NZL,18-29,79,Male,505,7:26:27
857,ADAM BELTON,5086,7:26:46,NZL,30-39,174,Male,506,7:26:46
858,STUART WILSON,5832,7:26:51,AUS,50-59,88,Male,507,7:26:51
859,KELLY MCKINLAY,4632,7:26:59,AUS,40-49,137,Female,352,7:26:59
860,WENDY HARRIS,4385,7:27:12,NZL,40-49,138,Female,353,7:27:12
861,REBECCA HUTCHINSON,5959,7:27:31,NZL,40-49,139,Female,354,7:27:31
862,BRANDON KRUYEN,5426,7:28:05,NZL,40-49,147,Male,508,7:28:05
863,PAUL FLUTEY,4284,7:28:24,NZL,30-39,175,Male,509,7:28:24
864,BARBARA DAXENBERGER,5202,7:28:45,DEU,30-39,97,Female,355,7:28:45
865,KEAGAN RUBEL,5658,7:28:47,USA,40-49,148,Male,510,7:28:47
866,MATT COLLIER,5169,7:29:21,AUS,30-39,176,Male,511,7:29:21
867,ASHLEIGH SHELTON,5692,7:29:21,AUS,30-39,98,Female,356,7:29:21
868,JENNY HIRST,4421,7:29:23,NZL,50-59,66,Female,357,7:29:23
869,MICHAEL BRADLEY,4093,7:29:23,NZL,50-59,89,Male,512,7:29:23
870,MATTHEW LYON,5450,7:29:27,NZL,40-49,149,Male,513,7:29:27
871,FELICITY MACINTOSH,4580,7:29:46,NZL,40-49,140,Female,358,7:29:46
872,LEONEL VIDALLON,5784,7:29:55,NZL,50-59,90,Male,514,7:29:55
873,VICKI ADLAM,5047,7:30:08,NZL,50-59,67,Female,359,7:30:08
874,JENS MARIA STIELER,6107,7:30:46,DEU,50-59,91,Male,515,7:30:46
875,KELLY ROMANO,5651,7:30:51,AUS,30-39,99,Female,360,7:30:51
876,BRETT HANSEN,5327,7:31:00,NZL,40-49,150,Male,516,7:31:00
877,RICH DRAKE,4235,7:31:11,NZL,30-39,177,Male,517,7:31:11
878,BEN FAULKNER,5260,7:31:24,NZL,40-49,151,Male,518,7:31:24
879,JACKIE WEBB,5811,7:31:52,NZL,40-49,141,Female,361,7:31:52
880,LUCY ABRAHAMS,5045,7:31:53,NZL,30-39,100,Female,362,7:31:53
881,PAULA KEENE,4490,7:31:53,NZL,50-59,68,Female,363,7:31:53
882,RACHEL WHITCOMBE,5000,7:31:55,NZL,30-39,101,Female,364,7:31:55
883,BLAKE CLOKE,4169,7:31:59,NZL,40-49,142,Female,365,7:31:59
884,HAMISH BELL,5084,7:32:00,NZL,30-39,178,Male,519,7:32:00
885,CLAUDIA MULLER,5526,7:32:01,NZL,18-29,46,Female,366,7:32:01
886,TINA O'SULLIVAN,4721,7:32:09,NZL,40-49,143,Female,367,7:32:09
887,GERALD MASTERS,4604,7:32:22,NZL,50-59,92,Male,520,7:32:22
888,NICHOLAS MCDONALD,5483,7:32:25,NZL,30-39,179,Male,521,7:32:25
889,JAN MCPHAIL,4634,7:32:47,NZL,60-69,10,Female,368,7:32:47
890,ERIK VAN BEERENDONK,5775,7:33:02,NZL,40-49,152,Male,522,7:33:02
891,ERIC TSE,5767,7:33:40,AUS,50-59,93,Male,523,7:33:40
892,RICHARD MCGRUDDY,5489,7:34:08,AUS,50-59,94,Male,524,7:34:08
893,NICK BRICKELL,4104,7:34:10,NZL,30-39,180,Male,525,7:34:10
894,KYLA MACDONALD,4576,7:34:23,NZL,40-49,144,Female,369,7:34:23
895,HOLLY JOHNS,4468,7:34:48,NZL,40-49,145,Female,370,7:34:48
896,SHELLEY MURPHY,5534,7:34:57,NZL,40-49,146,Female,371,7:34:57
897,HAYDEN GAGE-DIXON,5292,7:34:58,NZL,18-29,80,Male,526,7:34:58
898,FRAN STUBBINS,4892,7:35:01,NZL,50-59,69,Female,372,7:35:01
899,HELEN CONNOLE,5941,7:35:04,NZL,30-39,102,Female,373,7:35:04
900,ALEX MORRELL,5523,7:35:13,NZL,30-39,103,Female,374,7:35:13
901,OWEN SVENSSON,4903,7:35:24,NZL,40-49,153,Male,527,7:35:24
902,VICKIE UNDERWOOD,6013,7:35:31,NZL,30-39,104,Female,375,7:35:31
903,JACKY INGRAM,5367,7:35:34,AUS,40-49,147,Female,376,7:35:34
904,REBECCA COOPER-BULLOCK,5178,7:36:03,NZL,40-49,148,Female,377,7:36:03
905,NEVILLE HARDING,4374,7:36:05,NZL,50-59,95,Male,528,7:36:05
906,ETHAN POCOCK,5599,7:36:12,NZL,18-29,81,Male,529,7:36:12
907,ROLF SIGGAARD,4841,7:36:21,NZL,50-59,96,Male,530,7:36:21
908,BRYN HOFMANN,4426,7:36:21,NZL,40-49,154,Male,531,7:36:21
909,CAROLINE MCELNAY,5487,7:36:30,NZL,60-69,11,Female,378,7:36:30
910,EVE WHITELAW,6123,7:36:35,AUS,40-49,149,Female,379,7:36:35
911,MITCHELL MCDONOUGH,5485,7:37:00,AUS,30-39,181,Male,532,7:37:00
912,MONTEJO TAMU HAYS,5742,7:37:03,NZL,40-49,155,Male,533,7:37:03
913,SUSIE HAZELWOOD,4398,7:37:17,AUS,50-59,70,Female,380,7:37:17
914,KERRITH MURRAY,4684,7:37:20,NZL,40-49,150,Female,381,7:37:20
915,DIANE TREMAIN,5766,7:37:21,AUS,40-49,151,Female,382,7:37:21
916,KEVIN DAVIS,5944,7:37:36,AUS,50-59,97,Male,534,7:37:36
917,DAWN HILLIER-DAVIS,4417,7:37:36,AUS,40-49,152,Female,383,7:37:36
918,MARTIN STOCKWELL,4886,7:37:38,AUS,50-59,98,Male,535,7:37:38
919,SIMON WATERS,4980,7:37:42,AUS,50-59,99,Male,536,7:37:42
920,MANDY MONTEITH,4666,7:38:18,NZL,18-29,47,Female,384,7:38:18
921,MICHAEL CLARK,5937,7:38:23,NZL,18-29,82,Male,537,7:38:23
922,MIKE ELMSLY,5245,7:39:08,NZL,40-49,156,Male,538,7:39:08
923,FIONA HALL,5324,7:39:33,NZL,50-59,71,Female,385,7:39:33
924,CATHERINE BURNETT,5134,7:39:58,NZL,50-59,72,Female,386,7:39:58
925,HAYDEN ILES,6111,7:40:06,NZL,50-59,100,Male,539,7:40:06
926,JULIA GARDINER,5294,7:40:43,NZL,40-49,153,Female,387,7:40:43
927,PAUL GREEN,4340,7:40:45,AUS,50-59,101,Male,540,7:40:45
928,PATRICK MEO,5507,7:40:48,NZL,30-39,182,Male,541,7:40:48
929,SAMANTHA SEAL,5684,7:40:57,NZL,40-49,154,Female,388,7:40:57
930,MARIE BRANCIKOVA,5114,7:40:58,CZE,40-49,155,Female,389,7:40:58
931,GEOFF CHAMBERLAIN,4155,7:41:13,NZL,30-39,183,Male,542,7:41:13
932,ROSE BERMUDEZ,4066,7:41:23,NZL,30-39,105,Female,390,7:41:23
933,ROD WALLACE,4972,7:41:33,AUS,70+,2,Male,543,7:41:33
934,SEAN MCNAMARA,5500,7:41:41,NZL,50-59,102,Male,544,7:41:41
935,CHIRAG MISTRY,5513,7:41:51,GBR,30-39,184,Male,545,7:41:51
936,MELANIE PINKNEY,5598,7:41:59,NZL,18-29,48,Female,391,7:41:59
937,MARK KINGSTON,4505,7:42:23,IRL,40-49,157,Male,546,7:42:23
938,JON CULLEY,4205,7:42:36,NZL,40-49,158,Male,547,7:42:36
939,GEORGIA PAGE,4723,7:42:55,AUS,30-39,106,Female,392,7:42:55
940,RYAN GARDNER,5295,7:43:13,NZL,18-29,83,Male,548,7:43:13
941,TANIA SOUTH,4867,7:43:20,AUS,40-49,156,Female,393,7:43:20
942,LAVENDER CHEUNG,5158,7:43:34,GBR,30-39,107,Female,394,7:43:34
943,JAN LONGHURST,4559,7:43:48,NZL,60-69,12,Female,395,7:43:48
944,D C PEARCE,4735,7:43:57,NZL,40-49,159,Male,549,7:43:57
945,ROSE BISHOP,5100,7:44:33,NZL,50-59,73,Female,396,7:44:33
946,JOHN JOASS,4466,7:44:46,AUS,70+,3,Male,550,7:44:46
947,JULIA SCOTT-BEETHAM,5683,7:45:03,NZL,30-39,108,Female,397,7:45:03
948,MARGIT BARRERAS,5081,7:45:04,NZL,50-59,74,Female,398,7:45:04
949,EMMA WATSON-JONES,5805,7:45:05,GBR,18-29,49,Female,399,7:45:05
950,DOUG MCINTYRE,6115,7:45:15,NZL,50-59,103,Male,551,7:45:15
951,SHANNON MORRISON,6117,7:45:15,NZL,18-29,50,Female,400,7:45:15
952,MATT JOHNS,4467,7:45:20,NZL,30-39,185,Male,552,7:45:20
953,DEAN SUTHERLAND,5738,7:45:22,NZL,50-59,104,Male,553,7:45:22
954,LES GOODALL,5306,7:45:37,NZL,40-49,160,Male,554,7:45:37
955,LOUIS PRIMEAU,5608,7:45:37,NZL,30-39,186,Male,555,7:45:37
956,ALBERT DE DECKER,5203,7:45:52,BEL,40-49,161,Male,556,7:45:52
957,MURRAY SLIGO,5704,7:45:57,NZL,30-39,187,Male,557,7:45:57
958,KAT CLARK,4166,7:46:04,NZL,30-39,109,Female,401,7:46:04
959,KATE WAKEFIELD,5789,7:46:04,GBR,40-49,157,Female,402,7:46:04
960,MARK DUFFIELD,5235,7:46:06,GBR,50-59,105,Male,558,7:46:06
961,CHRISTOPHER BERRY,5092,7:46:14,NZL,40-49,162,Male,559,7:46:14
962,DAVID SIMPSON,5700,7:46:23,AUS,50-59,106,Male,560,7:46:23
963,LEE BATEMAN,4056,7:46:24,NZL,40-49,158,Female,403,7:46:24
964,ANN MITCHELL,5514,7:46:25,NZL,50-59,75,Female,404,7:46:25
965,CAROLINE HUNTER,5363,7:46:26,NZL,40-49,159,Female,405,7:46:26
966,ASTRID NUNNS,5545,7:46:34,NZL,40-49,160,Female,406,7:46:34
967,THOMAS WHITE,5821,7:46:44,NZL,30-39,188,Male,561,7:46:44
968,SUNYOUNG WOO,6017,7:46:46,KOR,40-49,161,Female,407,7:46:46
969,DONNA MCKILLOP,5496,7:47:01,AUS,50-59,76,Female,408,7:47:01
970,COLIN KING,4504,7:47:04,NZL,70+,4,Male,562,7:47:04
971,GEOFF WARREN,4978,7:47:15,NZL,40-49,163,Male,563,7:47:15
972,IAN WADDELL,4964,7:47:15,GBR,50-59,107,Male,564,7:47:15
973,NICKY PENHALL,4739,7:47:25,NZL,18-29,84,Male,565,7:47:25
974,PETROS VOURNELIS,4962,7:47:34,AUS,50-59,108,Male,566,7:47:34
975,ADELA SUCHANEK,5737,7:47:37,CAN,40-49,162,Female,409,7:47:37
976,ADEL LIZAN-NAGY,4553,7:48:13,HUN,40-49,163,Female,410,7:48:13
977,DAVID MACDONALD,5453,7:48:23,GBR,40-49,164,Male,567,7:48:23
978,LANE BLACK,5102,7:48:38,NZL,30-39,189,Male,568,7:48:38
979,THOMAS EVANS,5255,7:48:46,NZL,40-49,165,Male,569,7:48:46
980,CATRIONA MCGREGOR,4620,7:48:50,AUS,40-49,164,Female,411,7:48:50
981,ANNIE MCCABE,4612,7:49:25,NZL,40-49,165,Female,412,7:49:25
982,PAUL JOHNSON,4469,7:49:26,NZL,50-59,109,Male,570,7:49:26
983,ROSE ZWIERS,5857,7:49:27,NLD,18-29,51,Female,413,7:49:27
984,AMANDA BAUER,4058,7:49:33,AUS,40-49,166,Female,414,7:49:33
985,STEPHEN LOWDE,4562,7:49:34,NZL,40-49,166,Male,571,7:49:34
986,MICHAEL GODWIN,5303,7:49:42,AUS,40-49,167,Male,572,7:49:42
987,ROB HAMMINGTON,4368,7:49:48,NZL,70+,5,Male,573,7:49:48
988,LISA HAMMINGTON,4369,7:49:49,NZL,40-49,167,Female,415,7:49:49
989,STEPHANIE SHERLOCK,5694,7:49:53,AUS,40-49,168,Female,416,7:49:53
990,AALAP PATEL,5579,7:50:00,IND,18-29,85,Male,574,7:50:00
991,REUBEN HORNE,5354,7:50:09,NZL,18-29,86,Male,575,7:50:09
992,NICK WATSON,5804,7:50:12,NZL,30-39,190,Male,576,7:50:12
993,PAUL COLGRAVE,5166,7:50:13,NZL,60-69,20,Male,577,7:50:13
994,MITCHELL DAVIE-MARTIN,5198,7:50:25,NZL,18-29,87,Male,578,7:50:25
995,SINA SCHULZE,5676,7:50:44,DEU,30-39,110,Female,417,7:50:44
996,EMILY CAVELL,5154,7:50:48,NZL,18-29,52,Female,418,7:50:48
997,LAUREN BEELS,4061,7:51:22,AUS,30-39,111,Female,419,7:51:22
998,SARAH-JANE WILD,5006,7:51:38,NZL,40-49,169,Female,420,7:51:38
999,PETRA MARKOVA,5468,7:51:47,AUS,40-49,170,Female,421,7:51:47
1000,NATALIE MITCHELL,4662,7:51:53,AUS,40-49,171,Female,422,7:51:53
1001,PATRICIA DENTON,5866,7:52:10,AUS,60-69,13,Female,423,7:52:10
1002,KELLY HUMPHREYS,4443,7:52:12,NZL,50-59,110,Male,579,7:52:12
1003,STEVE HANLEY,5326,7:52:19,NZL,50-59,111,Male,580,7:52:19
1004,DAVID PARKER,5987,7:52:24,NZL,50-59,112,Male,581,7:52:24
1005,SHANNON DE THIERRY,6006,7:52:53,NZL,30-39,112,Female,424,7:52:53
1006,KYLIE YOUNG,5852,7:52:54,NZL,40-49,172,Female,425,7:52:54
1007,MIKE JAMES,4457,7:52:56,NZL,40-49,168,Male,582,7:52:56
1008,OSWALD VAN BEERENDONK,5776,7:53:01,NZL,40-49,169,Male,583,7:53:01
1009,MADHURI SHORS,5995,7:53:02,USA,40-49,173,Female,426,7:53:02
1010,DANA VERTONGEN,6014,7:53:32,NZL,18-29,53,Female,427,7:53:32
1011,TYLER BAIN,5070,7:54:32,ZAF,40-49,170,Male,584,7:54:32
1012,MATHEW DARCY,5943,7:54:34,AUS,40-49,171,Male,585,7:54:34
1013,ANDREW BARRON,4051,7:54:38,AUS,50-59,113,Male,586,7:54:38
1014,JAEYUN LIM,4544,7:54:52,NZL,18-29,88,Male,587,7:54:52
1015,GI TAE YOUN,5851,7:55:19,KOR,40-49,172,Male,588,7:55:19
1016,ANDREW FOX,5286,7:55:19,NZL,50-59,114,Male,589,7:55:19
1017,NATALIE WRIGHT,5844,7:55:34,CAN,40-49,174,Female,428,7:55:34
1018,JOANNE ROWE,4806,7:55:41,NZL,50-59,77,Female,429,7:55:41
1019,BELINDA FARMER,4270,7:55:48,NZL,30-39,113,Female,430,7:55:48
1020,RAY SHIN,4837,7:56:05,NZL,18-29,89,Male,590,7:56:05
1021,CELIA GRENNING,4345,7:56:07,AUS,50-59,78,Female,431,7:56:07
1022,ANNA FITZGERALD,5274,7:56:15,AUS,40-49,175,Female,432,7:56:15
1023,YOKE CHUI,4163,7:56:32,NZL,40-49,176,Female,433,7:56:32
1024,MARK THORBURN,4928,7:56:48,NZL,50-59,115,Male,591,7:56:48
1025,DUNCAN KOLVER,5424,7:57:00,ZAF,50-59,116,Male,592,7:57:00
1026,KARL HERMAN,4410,7:57:06,AUS,50-59,117,Male,593,7:57:06
1027,LINDA COOK,4187,7:57:31,NZL,50-59,79,Female,434,7:57:31
1028,ADRIEN DUPUIS,5240,7:57:39,FRA,30-39,191,Male,594,7:57:39
1029,SALLY DRAYTON,5231,7:57:47,AUS,40-49,177,Female,435,7:57:47
1030,SHARYN BUNT,4123,7:58:04,AUS,40-49,178,Female,436,7:58:04
1031,COBUS MULLER,4679,7:58:08,ZAF,30-39,192,Male,595,7:58:08
1032,JULIA HUANG,4439,7:58:21,NZL,50-59,80,Female,437,7:58:21
1033,STUART TELFER,4918,7:58:25,NZL,50-59,118,Male,596,7:58:25
1034,DOREEN LYNCH,4572,7:58:30,AUS,40-49,179,Female,438,7:58:30
1035,DESMOND IMMS,4449,7:58:39,NZL,40-49,173,Male,597,7:58:39
1036,SUELLEN HEINTZ,4405,7:59:25,USA,40-49,180,Female,439,7:59:25
1037,MELISSA MCGRUDDY,4621,7:59:30,AUT,40-49,181,Female,440,7:59:30
1038,SIMON ROBINSON,5644,7:59:30,NZL,30-39,193,Male,598,7:59:30
1039,WAYNE POTGIETER,4760,8:00:21,NZL,40-49,174,Male,599,8:00:21
1040,JUANITA POTGIETER,5604,8:00:21,NZL,30-39,114,Female,441,8:00:21
1041,MAARTEN VAN DEN HEUVEL,4945,8:01:36,NZL,40-49,175,Male,600,8:01:36
1042,DEANNE ALLUM-WALSH,4013,8:01:40,AUS,50-59,81,Female,442,8:01:40
1043,OLIVE ADAMS,4007,8:02:37,NZL,40-49,182,Female,443,8:02:37
1044,JORDAN SMITH,4862,8:03:06,NZL,30-39,194,Male,601,8:03:06
1045,KILMENY STEPHENS,5727,8:03:52,NZL,50-59,82,Female,444,8:03:52
1046,ALEXANDRA COMPTON,4184,8:03:57,NZL,18-29,54,Female,445,8:03:57
1047,JOANNA MARKWICK,4596,8:04:12,NZL,30-39,115,Female,446,8:04:12
1048,SHANNON GRINTER,5319,8:04:13,NZL,18-29,55,Female,447,8:04:13
1049,SCOTT CASHMERE,5150,8:04:15,AUS,40-49,176,Male,602,8:04:15
1050,LISA SWNEY,6004,8:04:27,NZL,30-39,116,Female,448,8:04:27
1051,KAYLEN NEVE,4692,8:04:28,NZL,60-69,14,Female,449,8:04:28
1052,AARON KEARNEY,4487,8:04:31,NZL,30-39,195,Male,603,8:04:31
1053,LAERCIO BERTOSSI,5094,8:04:46,BRA,40-49,177,Male,604,8:04:46
1054,SARAH ERSTICH,5252,8:05:24,NZL,40-49,183,Female,450,8:05:24
1055,BRANDON GORR,5308,8:05:35,CAN,30-39,196,Male,605,8:05:35
1056,AMELIA FLETCHER,5277,8:05:45,AUS,30-39,117,Female,451,8:05:45
1057,COLLEEN MALONE-SINGER,4591,8:05:58,USA,50-59,83,Female,452,8:05:58
1058,PAMELA WHITE,5002,8:06:19,NZL,40-49,184,Female,453,8:06:19
1059,LISA KENNY,5395,8:06:51,AUS,40-49,185,Female,454,8:06:51
1060,KARIEN KENNEDY,4493,8:06:53,ZAF,40-49,186,Female,455,8:06:53
1061,SHANE MCMILLAN,5499,8:07:21,NZL,40-49,178,Male,606,8:07:21
1062,GEORGE FELLOWS,5263,8:07:23,AUS,18-29,90,Male,607,8:07:23
1063,SHIRLEY SNEDDON,5913,8:07:30,NZL,60-69,15,Female,456,8:07:30
1064,DAVID BUNTING,4124,8:07:46,NZL,60-69,21,Male,608,8:07:46
1065,SIMON PALLIN,4725,8:08:11,NZL,40-49,179,Male,609,8:08:11
1066,JON HALL,4356,8:08:14,NZL,40-49,180,Male,610,8:08:14
1067,WAYNE HIGGISON,4414,8:08:31,NZL,50-59,119,Male,611,8:08:31
1068,BYEUNG SIK AHN,5926,8:08:32,KOR,40-49,181,Male,612,8:08:32
1069,REBECCA JOHNSTON,5379,8:08:56,AUS,40-49,187,Female,457,8:08:56
1070,IVANA ILOSKI,4446,8:08:56,AUS,30-39,118,Female,458,8:08:56
1071,AMANDA BURGESS,4125,8:09:11,NZL,40-49,188,Female,459,8:09:11
1072,SARAH FRYER,4301,8:09:11,NZL,40-49,189,Female,460,8:09:11
1073,WONG WILSON,5833,8:09:43,SGP,40-49,182,Male,613,8:09:43
1074,CRAIG TATTON,5745,8:09:50,NZL,40-49,183,Male,614,8:09:50
1075,NICK PHARO,4745,8:10:07,NZL,40-49,184,Male,615,8:10:07
1076,STEPHANIE GILCHRIST,5947,8:10:16,NZL,30-39,119,Female,461,8:10:16
1077,MELISSA BULLIVANT,5131,8:10:22,AUS,40-49,190,Female,462,8:10:22
1078,SHINGYAN ROBERT LEE,6020,8:10:30,HKG,50-59,120,Male,616,8:10:30
1079,MICHELLE VAN KAMPEN,4950,8:10:34,NZL,40-49,191,Female,463,8:10:34
1080,MARGARET LITTLEJOHN,4551,8:10:35,NZL,60-69,16,Female,464,8:10:35
1081,LORRAINE BIGGS,4074,8:10:35,NZL,60-69,17,Female,465,8:10:35
1082,MARTIN WISCHER,6119,8:10:37,AUS,50-59,121,Male,617,8:10:37
1083,JILL SHEPHERD,4836,8:10:51,AUS,40-49,192,Female,466,8:10:51
1084,MIKE O'CONNOR,4707,8:11:08,NZL,50-59,122,Male,618,8:11:08
1085,CLAIRE ROBERTSON,4790,8:11:25,AUS,50-59,84,Female,467,8:11:25
1086,ANNIE DAVIS,5865,8:11:51,AUS,50-59,85,Female,468,8:11:51
1087,FIONA ROSLIN,5653,8:11:52,AUS,40-49,193,Female,469,8:11:52
1088,KELLY HANVEY,5876,8:11:53,IRL,40-49,194,Female,470,8:11:53
1089,ARNA CONDER,5173,8:12:01,NZL,40-49,195,Female,471,8:12:01
1090,CIARA MCEVOY,5488,8:12:43,AUS,30-39,120,Female,472,8:12:43
1091,PAULA BAIGENT,5068,8:12:43,AUS,40-49,196,Female,473,8:12:43
1092,AYDEN DICKINS,5216,8:12:44,NZL,18-29,91,Male,619,8:12:44
1093,KIM MACDONALD,4579,8:12:47,AUS,40-49,197,Female,474,8:12:47
1094,MARIANNE YEOMANS,5848,8:12:57,AUS,40-49,198,Female,475,8:12:57
1095,ANNE-MARIE BUTTON,4132,8:13:02,NZL,40-49,199,Female,476,8:13:02
1096,JONATHAN DEN HARTOG,4221,8:13:43,NLD,30-39,197,Male,620,8:13:43
1097,SARA KLAASEN,5412,8:14:41,NLD,18-29,56,Female,477,8:14:41
1098,STEPHEN GWERDER,5949,8:14:56,NZL,40-49,185,Male,621,8:14:56
1099,DANIELA FIERRO,5269,8:15:21,AUS,40-49,200,Female,478,8:15:21
1100,BRENT COATES,4174,8:16:09,NZL,50-59,123,Male,622,8:16:09
1101,MICHELLE BUCHEGGER,4118,8:16:33,AUS,40-49,201,Female,479,8:16:33
1102,COLIN YOUNG,5039,8:16:36,NZL,50-59,124,Male,623,8:16:36
1103,TASYA LIN,5444,8:16:38,BHR,40-49,202,Female,480,8:16:38
1104,PAUL HUXEN,5365,8:16:52,NZL,30-39,198,Male,624,8:16:52
1105,SAM STOKES,4887,8:17:08,NZL,40-49,186,Male,625,8:17:08
1106,VINCE MCKILLOP,5497,8:17:11,AUS,60-69,22,Male,626,8:17:11
1107,SHARON WRIGHT,5032,8:17:16,AUS,50-59,86,Female,481,8:17:16
1108,DAVID ANDERSON,4019,8:17:23,GBR,30-39,199,Male,627,8:17:23
1109,SARAH HUMPHREY,4442,8:18:11,USA,60-69,18,Female,482,8:18:11
1110,ANNA DALTON,4209,8:18:26,NZL,50-59,87,Female,483,8:18:26
1111,SIMON LEITH,5436,8:18:40,NZL,40-49,187,Male,628,8:18:40
1112,HAYLEY LEITH,5435,8:18:45,NZL,40-49,203,Female,484,8:18:45
1113,PHIL LUTON,5449,8:18:53,NZL,40-49,188,Male,629,8:18:53
1114,JULIA BRISKEY,4106,8:18:55,AUS,60-69,19,Female,485,8:18:55
1115,ANDY BALLARD,5077,8:19:11,NZL,50-59,125,Male,630,8:19:11
1116,LISA GREGORY,4342,8:19:22,AUS,40-49,204,Female,486,8:19:22
1117,KATHLEEN EVANS,4258,8:19:27,NZL,40-49,205,Female,487,8:19:27
1118,SHERIDAN KLOSE,5416,8:19:37,AUS,50-59,88,Female,488,8:19:37
1119,NICK NYQUIST,5547,8:19:48,USA,18-29,92,Male,631,8:19:48
1120,AARON SMITH,5706,8:19:50,AUS,50-59,126,Male,632,8:19:50
1121,JOHN MCRAE,5898,8:19:54,AUS,40-49,189,Male,633,8:19:54
1122,CAROLYN HAMILTON,4366,8:20:03,NZL,60-69,20,Female,489,8:20:03
1123,BLANCHE RICHARDSON,4781,8:21:23,AUS,40-49,206,Female,490,8:21:23
1124,BERNADETTE FLOYD,4282,8:21:24,AUS,50-59,89,Female,491,8:21:24
1125,DAVID RICHARDSON,4782,8:21:24,AUS,50-59,127,Male,634,8:21:24
1126,DEBBIE BOWMAN,5112,8:22:20,CAN,50-59,90,Female,492,8:22:20
1127,JONATHAN FORRESTER,5946,8:22:28,NZL,40-49,190,Male,635,8:22:28
1128,JODY BOSHOFF,5109,8:22:37,NZL,30-39,121,Female,493,8:22:37
1129,CORRIN SHEPHERD,4834,8:22:55,AUS,40-49,207,Female,494,8:22:55
1130,WILL AINSLIE,5049,8:22:58,AUS,50-59,128,Male,636,8:22:58
1131,JO MILLS,5511,8:23:09,NZL,40-49,208,Female,495,8:23:09
1132,NITA WETTI,4998,8:23:11,NZL,50-59,91,Female,496,8:23:11
1133,BERNARD HOEY,5350,8:23:18,AUS,60-69,23,Male,637,8:23:18
1134,TODD SCANLON,6130,8:23:22,NZL,30-39,200,Male,638,8:23:22
1135,GAVIN SMITH,5710,8:23:50,NZL,40-49,191,Male,639,8:23:50
1136,MARCUS STEPHENSON,6000,8:24:34,AUS,40-49,192,Male,640,8:24:34
1137,MATTHEW BAKER,5075,8:24:34,AUS,30-39,201,Male,641,8:24:34
1138,JANE FOREMAN,5281,8:24:49,AUS,50-59,92,Female,497,8:24:49
1139,MEG CROWHURST,5188,8:25:03,AUS,60-69,21,Female,498,8:25:03
1140,WARREN SMITH,4855,8:25:10,NZL,40-49,193,Male,642,8:25:10
1141,KELLY NICOLL,4697,8:25:29,NZL,40-49,209,Female,499,8:25:29
1142,PEPITA BUDDEE,5130,8:25:45,AUS,50-59,93,Female,500,8:25:45
1143,GUILLAUME SERRE,5686,8:25:50,PYF,30-39,202,Male,643,8:25:50
1144,SHANNON HUGHES,4440,8:25:59,NZL,40-49,210,Female,501,8:25:59
1145,DEREK VON STURMER,5787,8:25:59,NZL,30-39,203,Male,644,8:25:59
1146,ANNMARIE ELENIUS,4251,8:26:22,AUS,50-59,94,Female,502,8:26:22
1147,HO-HYUN SOHN,5717,8:26:22,KOR,40-49,194,Male,645,8:26:22
1148,MARINA BENNETT,5089,8:26:40,NZL,70+,1,Female,503,8:26:40
1149,PETER BAINES,5071,8:27:05,AUS,50-59,129,Male,646,8:27:05
1150,DEBBIE TE AWHE,4916,8:27:20,NZL,40-49,211,Female,504,8:27:20
1151,ROBYN CROUTH,4202,8:27:26,NZL,60-69,22,Female,505,8:27:26
1152,PAULA WILSON,5831,8:27:53,NZL,50-59,95,Female,506,8:27:53
1153,DONNA KIRKPATRICK,5411,8:27:54,NZL,50-59,96,Female,507,8:27:54
1154,DOUGLAS RIECK,5638,8:28:09,USA,30-39,204,Male,647,8:28:09
1155,ERIC VAN AELSTYN,5774,8:28:09,USA,30-39,205,Male,648,8:28:09
1156,ALEX FOSTER,5284,8:28:26,NZL,30-39,206,Male,649,8:28:26
1157,ALI DOLPHIN,5219,8:28:52,GBR,60-69,23,Female,508,8:28:52
1158,LEWIS MARAMA,4595,8:29:22,NZL,40-49,195,Male,650,8:29:22
1159,SHARYN MCINTOSH,4624,8:29:34,AUS,50-59,97,Female,509,8:29:34
1160,ASHLEIGH BIRKETT,4077,8:29:36,AUS,30-39,122,Female,510,8:29:36
1161,ROSALIE TEDDY,5751,8:29:45,NZL,60-69,24,Female,511,8:29:45
1162,KERINDA CAMILLERI,5145,8:29:46,AUS,50-59,98,Female,512,8:29:46
1163,JASON SOUTHAN,4868,8:30:02,NZL,40-49,196,Male,651,8:30:02
1164,ELIZABETH OLIVER,5558,8:30:16,NZL,30-39,123,Female,513,8:30:16
1165,MARKETA LANGOVA,6122,8:30:22,CZE,40-49,212,Female,514,8:30:22
1166,AWHINA RUSSELL,5661,8:30:33,NZL,30-39,124,Female,515,8:30:33
1167,GRANT CASTNER,5152,8:30:36,AUS,40-49,197,Male,652,8:30:36
1168,FRANCES CAMPBELL,4140,8:30:49,NZL,50-59,99,Female,516,8:30:49
1169,BRENDAN KING,5403,8:30:51,AUS,40-49,198,Male,653,8:30:51
1170,MINWEI QU,5614,8:31:16,USA,60-69,24,Male,654,8:31:16
1171,KYLIE TODD,5758,8:32:20,NZL,40-49,213,Female,517,8:32:20
1172,EMMA HAYWARD,4395,8:32:24,NZL,30-39,125,Female,518,8:32:24
1173,DAVE COCHRANE,5165,8:32:31,NZL,40-49,199,Male,655,8:32:31
1174,VIV HODGE,5348,8:32:36,NZL,60-69,25,Female,519,8:32:36
1175,KAISA HUHTA,5359,8:33:00,FIN,30-39,126,Female,520,8:33:00
1176,IVA VYCICHLOVA,4963,8:33:25,CZE,40-49,214,Female,521,8:33:25
1177,ELDON TATE,4910,8:33:34,NZL,30-39,207,Male,656,8:33:34
1178,ANTHONY WILKSCH,5008,8:33:36,AUS,30-39,208,Male,657,8:33:36
1179,KAMILLA ANDERSSON,4022,8:33:54,NZL,50-59,100,Female,522,8:33:54
1180,ROB PAUL,5582,8:33:54,NZL,60-69,25,Male,658,8:33:54
1181,REBECCA HOLMAN,5351,8:34:00,NZL,40-49,215,Female,523,8:34:00
1182,AMY STEVENS,5729,8:34:00,NZL,40-49,216,Female,524,8:34:00
1183,HANNELE TULKKI-WILLIAMS,5769,8:34:02,FIN,30-39,127,Female,525,8:34:02
1184,ADAM LAWLOR,4535,8:34:26,IRL,30-39,209,Male,659,8:34:26
1185,LISA LA RANCE,4525,8:34:56,AUS,50-59,101,Female,526,8:34:56
1186,INGRID MCCLYMONT,5978,8:35:13,NZL,50-59,102,Female,527,8:35:13
1187,BEN KENNY,5394,8:35:16,NZL,30-39,210,Male,660,8:35:16
1188,MATTHEW TONG,5760,8:35:16,HKG,50-59,130,Male,661,8:35:16
1189,LIBBY PEAT,5586,8:35:23,AUS,40-49,217,Female,528,8:35:23
1190,NEIL WHEATON,5816,8:35:25,AUS,40-49,200,Male,662,8:35:25
1191,ANNA JONES,4477,8:36:02,AUS,40-49,218,Female,529,8:36:02
1192,MELISSA TAYLOR,5748,8:36:18,PHL,50-59,103,Female,530,8:36:18
1193,CHRIS PORTHOUSE,5603,8:36:21,NZL,40-49,201,Male,663,8:36:21
1194,NICOLE TRAN,4936,8:36:27,AUS,40-49,219,Female,531,8:36:27
1195,MATT HAYNE,4394,8:36:28,NZL,40-49,202,Male,664,8:36:28
1196,JEREMY GEURTJENS,5301,8:36:34,NZL,40-49,203,Male,665,8:36:34
1197,TRACEY NEILL,4689,8:36:52,NZL,50-59,104,Female,532,8:36:52
1198,TRACEY HIND,4420,8:37:51,AUS,40-49,220,Female,533,8:37:51
1199,MELISSA STEWART,4883,8:37:53,AUS,40-49,221,Female,534,8:37:53
1200,BRIAR MOFFATT,5516,8:38:38,NZL,40-49,222,Female,535,8:38:38
1201,JENNA SMITH,5712,8:38:49,NZL,30-39,128,Female,536,8:38:49
1202,ANGELA MACKIE,4583,8:38:52,NZL,40-49,223,Female,537,8:38:52
1203,JANI CLEMENTS,5162,8:39:48,AUS,40-49,224,Female,538,8:39:48
1204,JEFF PARKINSON,5574,8:40:39,NZL,50-59,131,Male,666,8:40:39
1205,YIK KWAN LEE,5432,8:40:52,AUS,60-69,26,Male,667,8:40:52
1206,SOFIE KOEKOEK,4514,8:41:25,NZL,18-29,57,Female,539,8:41:25
1207,EGBERT KOEKOEK,4513,8:41:26,NZL,50-59,132,Male,668,8:41:26
1208,JOAN QU,5613,8:41:27,USA,60-69,26,Female,540,8:41:27
1209,SARAH NEVE,4693,8:41:35,NZL,30-39,129,Female,541,8:41:35
1210,CATHERINE LONEY,5971,8:42:01,NZL,50-59,105,Female,542,8:42:01
1211,SHARON LEE,5967,8:42:21,NZL,40-49,225,Female,543,8:42:21
1212,VALENTINA MISSEN,4659,8:42:49,NZL,50-59,106,Female,544,8:42:49
1213,JULIE LYONS,4573,8:42:52,NZL,60-69,27,Female,545,8:42:52
1214,FIONA TRAN,4935,8:42:53,AUS,40-49,226,Female,546,8:42:53
1215,KAY FERGUSON,4275,8:43:17,AUS,50-59,107,Female,547,8:43:17
1216,SIMON MAXWELL,4607,8:43:17,AUS,50-59,133,Male,669,8:43:17
1217,JARROD POPPLESTONE,5602,8:44:43,NZL,50-59,134,Male,670,8:44:43
1218,SIMON POPPLESTONE,4759,8:44:43,NZL,50-59,135,Male,671,8:44:43
1219,MICHELLE BOSCO,5108,8:45:09,USA,50-59,108,Female,548,8:45:09
1220,PHILLIP SMITH,4856,8:45:44,NZL,30-39,211,Male,672,8:45:44
1221,ABRAHAM DYER,4242,8:45:55,NZL,40-49,204,Male,673,8:45:55
1222,KRISTINA LOVE,4560,8:46:09,AUS,40-49,227,Female,549,8:46:09
1223,KIM GILBERT,4318,8:46:09,AUS,40-49,228,Female,550,8:46:09
1224,MELISSA HALIS,4354,8:46:12,AUS,40-49,229,Female,551,8:46:12
1225,SAM INGRAM,5368,8:46:25,AUS,40-49,205,Male,674,8:46:25
1226,PAVLA VACHOVA,5772,8:46:32,AUS,30-39,130,Female,552,8:46:32
1227,SALLY BENN,4064,8:47:32,AUS,40-49,230,Female,553,8:47:32
1228,EDWARD MCDONOUGH,5484,8:47:56,AUS,60-69,27,Male,675,8:47:56
1229,MEGAN KORTINK,4518,8:48:11,NZL,18-29,58,Female,554,8:48:11
1230,CLAUDIO PALAMARA,4724,8:48:38,AUS,60-69,28,Male,676,8:48:38
1231,MATTHEW BUSH,4130,8:49:43,AUS,30-39,212,Male,677,8:49:43
1232,MARGARET SILSBY,4843,8:49:44,USA,18-29,59,Female,555,8:49:44
1233,JULIE ENDRES,4255,8:49:45,NZL,50-59,109,Female,556,8:49:45
1234,BEC RICHARDS,5633,8:50:33,AUS,40-49,231,Female,557,8:50:33
1235,SEAN FORSYTH,5283,8:50:33,AUS,50-59,136,Male,678,8:50:33
1236,VICTORIA WICKS-BROWN,5005,8:50:35,NZL,50-59,110,Female,558,8:50:35
1237,NICOLA WAKERLEY,5792,8:50:36,NZL,40-49,232,Female,559,8:50:36
1238,MARK MCCONKEY,5480,8:51:22,AUS,60-69,29,Male,679,8:51:22
1239,KAREN MADDOCK,5459,8:51:23,AUS,40-49,233,Female,560,8:51:23
1240,ILENA ISAK,5369,8:51:59,ITA,40-49,234,Female,561,8:51:59
1241,STACEY HJORTH,4422,8:52:10,AUS,40-49,235,Female,562,8:52:10
1242,RACHELLE MULLIGAN,4680,8:52:46,AUS,30-39,131,Female,563,8:52:46
1243,CASSIE SCOTT,5678,8:52:47,AUS,30-39,132,Female,564,8:52:47
1244,MARK SULLIVAN,4898,8:53:08,NZL,60-69,30,Male,680,8:53:08
1245,SUSI ALTPETER,4014,8:53:09,NZL,50-59,111,Female,565,8:53:09
1246,RANA COLLETT,4177,8:54:15,NZL,40-49,236,Female,566,8:54:15
1247,MELISSA ROBINSON,5641,8:54:21,AUS,40-49,237,Female,567,8:54:21
1248,NATACHA VICKERS,4958,8:54:52,AUS,30-39,133,Female,568,8:54:52
1249,GEORGE READINGS,5624,8:54:58,CAN,70+,6,Male,681,8:54:58
1250,DIANE THEIN,5752,8:55:00,USA,50-59,112,Female,569,8:55:00
1251,RUTH HOLT,4431,8:55:37,NZL,50-59,113,Female,570,8:55:37
1252,TIAN MA,4574,8:55:41,NZL,18-29,93,Male,682,8:55:41
1253,AMANDA BLUNT,4083,8:55:44,NZL,40-49,238,Female,571,8:55:44
1254,JUNE GIBBONS,4313,8:55:45,NZL,40-49,239,Female,572,8:55:45
1255,SARA BLAKE,4080,8:55:45,NZL,40-49,240,Female,573,8:55:45
1256,ALLY LU,5973,8:55:45,NZL,40-49,241,Female,574,8:55:45
1257,LEIGH EVANS,4262,8:55:59,AUS,50-59,137,Male,683,8:55:59
1258,JOSEPH MUNRO,5531,8:57:14,NZL,40-49,206,Male,684,8:57:14
1259,PAUL BURGESS,4126,8:57:21,AUS,60-69,31,Male,685,8:57:21
1260,ANDRE VERMEULEN,4957,8:57:24,AUS,40-49,207,Male,686,8:57:24
1261,MICHAEL WILSON,6016,8:57:58,NZL,30-39,213,Male,687,8:57:58
1262,SHANAH COLLINS,4179,8:58:00,NZL,30-39,134,Female,575,8:58:00
1263,CHARMAINE BERNARD,4067,8:59:20,NZL,60-69,28,Female,576,8:59:20
1264,GEORGE TEDDY,5750,8:59:49,NZL,60-69,32,Male,688,8:59:49
1265,GLADYS BRANCH,4095,8:59:50,NZL,40-49,242,Female,577,8:59:50
1266,RYAN COOKE,4189,9:00:11,NZL,40-49,208,Male,689,9:00:11
1267,GILLIAN GREEN,4338,9:00:11,NZL,40-49,243,Female,578,9:00:11
1268,JEREMY WEIGHT,5813,9:00:12,AUS,40-49,209,Male,690,9:00:12
1269,DEBRA DORRINGTON,5221,9:00:28,NZL,60-69,29,Female,579,9:00:28
1270,MATT SMALBERGER,5705,9:00:29,NZL,18-29,94,Male,691,9:00:29
1271,JACQUES JANSEN VAN RENSBURG,4459,9:00:38,ZAF,40-49,210,Male,692,9:00:38
1272,KIRSTY WATSON,5803,9:00:45,NZL,40-49,244,Female,580,9:00:45
1273,SARALINDA MACMILLAN,5457,9:00:47,AUS,50-59,114,Female,581,9:00:47
1274,PENNY BLOOMBERG,5105,9:00:49,NZL,60-69,30,Female,582,9:00:49
1275,RHYS WEBSTER,4989,9:01:10,NZL,40-49,211,Male,693,9:01:10
1276,GLADYS WOODS,5028,9:03:01,AUS,60-69,31,Female,583,9:03:01
1277,TROY KENNY,5396,9:03:10,AUS,40-49,212,Male,694,9:03:10
1278,ELINA MICHAILIDOU,4652,9:03:21,GRC,30-39,135,Female,584,9:03:21
1279,MASON PAKAI,5571,9:03:44,AUS,18-29,95,Male,695,9:03:44
1280,HYLA PEENS-HOUGH,4736,9:03:44,ZAF,40-49,245,Female,585,9:03:44
1281,ANDREW GOLDING,5304,9:03:46,AUS,30-39,214,Male,696,9:03:46
1282,COLIN PAKAI,5570,9:03:49,AUS,50-59,138,Male,697,9:03:49
1283,DAN ROSS,5906,9:05:02,AUS,40-49,213,Male,698,9:05:02
1284,GAVIN RHIND,6114,9:05:23,NZL,60-69,33,Male,699,9:05:23
1285,SUNSHINE XIANG LIU,4552,9:06:03,NZL,40-49,246,Female,586,9:06:03
1286,REUBEN BROWN,4111,9:06:17,NZL,40-49,214,Male,700,9:06:17
1287,SAM NESS-WILSON,4691,9:06:48,AUS,40-49,247,Female,587,9:06:48
1288,SARA KLOSE,5415,9:07:06,AUS,40-49,248,Female,588,9:07:06
1289,ROD GILL,4320,9:07:28,NZL,70+,7,Male,701,9:07:28
1290,SARAH POCOCK,4758,9:07:49,NZL,40-49,249,Female,589,9:07:49
1291,SALLY MCCARTHY,5478,9:08:08,AUS,40-49,250,Female,590,9:08:08
1292,MEREDITH PRETTY,5607,9:08:08,AUS,50-59,115,Female,591,9:08:08
1293,EDEN CARSON,5936,9:08:21,NZL,40-49,215,Male,702,9:08:21
1294,HENRY WU,5846,9:08:22,USA,60-69,34,Male,703,9:08:22
1295,XIAOFEN SHEN,5693,9:08:22,USA,50-59,116,Female,592,9:08:22
1296,KUBEN GOVENDER,5309,9:08:42,ZAF,40-49,216,Male,704,9:08:42
1297,DJHOANNA LAMBERT,4528,9:08:48,NZL,40-49,251,Female,593,9:08:48
1298,RODNEY LAMBERT,5427,9:08:49,NZL,40-49,217,Male,705,9:08:49
1299,ANDREW CUSHNIE,4206,9:08:49,NZL,50-59,139,Male,706,9:08:49
1300,CHRISTOPHER GRECH,5875,9:09:19,AUS,50-59,140,Male,707,9:09:19
1301,WADE BRUNT,6019,9:09:40,NZL,40-49,218,Male,708,9:09:40
1302,WENDY GREY,4347,9:10:42,NZL,50-59,117,Female,594,9:10:42
1303,MILLIE COOKE,5176,9:10:43,USA,60-69,32,Female,595,9:10:43
1304,TRISHA KING,5407,9:11:17,NZL,60-69,33,Female,596,9:11:17
1305,SUE STEVENS,5730,9:11:44,NZL,60-69,34,Female,597,9:11:44
1306,JONATHAN BARKMAN,4046,9:12:02,NZL,40-49,219,Male,709,9:12:02
1307,DON BRUNT,4117,9:12:33,NZL,60-69,35,Male,710,9:12:33
1308,BRENDA CLARKE,6108,9:14:54,AUS,50-59,118,Female,598,9:14:54
1309,ARIEL REYES,4776,9:16:09,NZL,40-49,220,Male,711,9:16:09
1310,KATE SPRECHER,5724,9:17:35,NZL,40-49,252,Female,599,9:17:35
1311,MELANIE WILKES,5007,9:19:30,AUS,50-59,119,Female,600,9:19:30
1312,RYAN SCOTT,5681,9:19:31,NZL,40-49,221,Male,712,9:19:31
1313,MONICA MELDRUM,4642,9:19:42,AUS,50-59,120,Female,601,9:19:42
1314,CARMEN WEAVER,5810,9:19:51,USA,40-49,253,Female,602,9:19:51
1315,LEON RODRIGUES,5645,9:20:00,MYS,40-49,222,Male,713,9:20:00
1316,ROBERT HENDERSON,4407,9:21:00,AUS,60-69,36,Male,714,9:21:00
1317,FELICITY MUSGROVE,4686,9:21:09,NZL,60-69,35,Female,603,9:21:09
1318,KASHIF SHUJA,5695,9:21:48,PAK,40-49,223,Male,715,9:21:48
1319,AARON CARTER,5149,9:21:54,NZL,50-59,141,Male,716,9:21:54
1320,TAMI CASTILLO,4149,9:23:02,AUS,50-59,121,Female,604,9:23:02
1321,GEORGINA DUDLEY,4237,9:23:06,AUS,40-49,254,Female,605,9:23:06
1322,JODIE SIMOS,4846,9:23:08,AUS,40-49,255,Female,606,9:23:08
1323,AMANDA GRANGE,5312,9:23:37,SGP,40-49,256,Female,607,9:23:37
1324,PAULINE PHILLIPS,4747,9:23:51,AUS,40-49,257,Female,608,9:23:51
1325,CHER EPIHA,4257,9:24:14,AUS,60-69,36,Female,609,9:24:14
1326,ANGELA WORTHY,5843,9:24:35,NZL,30-39,136,Female,610,9:24:35
1327,MARK CALLAN,5141,9:24:38,NZL,50-59,142,Male,717,9:24:38
1328,LEANNE PETERSEN,4744,9:25:00,NZL,40-49,258,Female,611,9:25:00
1329,PHILLIPA GUTHREY,4352,9:26:21,NZL,40-49,259,Female,612,9:26:21
1330,PAUL FLUTEY,4283,9:26:25,NZL,50-59,143,Male,718,9:26:25
1331,SUE ANTONY,4025,9:28:13,AUS,40-49,260,Female,613,9:28:13
1332,ALICE OKAWA,4710,9:28:37,NZL,30-39,137,Female,614,9:28:37
1333,MUTTI PAGE,5569,9:29:25,AUS,40-49,261,Female,615,9:29:25
1334,KERRY RUSSELL,4810,9:29:26,AUS,50-59,122,Female,616,9:29:26
1335,SANDI THOMSEN,4925,9:29:32,AUS,40-49,262,Female,617,9:29:32
1336,LINDSAY RICHARDS,5634,9:29:35,AUS,60-69,37,Female,618,9:29:35
1337,JUDITH WHELAN,5819,9:29:35,AUS,60-69,38,Female,619,9:29:35
1338,BELINDA WREN,5031,9:30:50,NZL,50-59,123,Female,620,9:30:50
1339,KURT PILBROW,4752,9:30:59,NZL,30-39,215,Male,719,9:30:59
1340,HASFAZILAH HAMDAN,4363,9:31:50,MYS,30-39,138,Female,621,9:31:50
1341,DAVID SCHMIDTCHEN,5675,9:32:05,AUS,50-59,144,Male,720,9:32:05
1342,SARAH MCSPADDEN,4638,9:32:06,AUS,40-49,263,Female,622,9:32:06
1343,ADRIENNE SMITH,4861,9:32:10,NZL,30-39,139,Female,623,9:32:10
1344,ADRIAN SCOLYER,4819,9:33:21,AUS,40-49,224,Male,721,9:33:21
1345,TANIA VENVILLE,5781,9:33:47,AUS,50-59,124,Female,624,9:33:47
1346,RICARDO CANDIANI,5935,9:33:59,MEX,50-59,145,Male,722,9:33:59
1347,JO ONEILL,5563,9:34:54,NZL,40-49,264,Female,625,9:34:54
1348,LOUISE WYNN,5035,9:34:56,NZL,60-69,39,Female,626,9:34:56
1349,MICHELLE ROSER,4798,9:35:32,AUS,50-59,125,Female,627,9:35:32
1350,MELISSA HOFFMAN,4425,9:35:32,AUS,40-49,265,Female,628,9:35:32
1351,DANIAL MCSPADDEN,4637,9:35:48,AUS,40-49,225,Male,723,9:35:48
1352,DICK BREUKINK,4102,9:38:41,NLD,60-69,37,Male,724,9:38:41
1353,TANJA BRANSON,4096,9:38:49,AUS,50-59,126,Female,629,9:38:49
1354,RUPERT ORMISTON,4718,9:39:26,AUS,70+,8,Male,725,9:39:26
1355,SARA IWAHAMA,5370,9:39:55,JPN,40-49,266,Female,630,9:39:55
1356,PETE WILESMITH,5922,9:41:24,AUS,60-69,38,Male,726,9:41:24
1357,MARGARET GREIG,4343,9:42:53,NZL,60-69,40,Female,631,9:42:53
1358,MELISSA SCOLYER,4820,9:44:13,AUS,30-39,140,Female,632,9:44:13
1359,KIMBERLEY READ-JONES,5626,9:45:09,NZL,18-29,60,Female,633,9:45:09
1360,DANIELLE FLEMING,4279,9:47:30,AUS,50-59,127,Female,634,9:47:30
1361,MARLENE NORTON-BAKER,4702,9:48:41,AUS,70+,2,Female,635,9:48:41
1362,ROZ HENSMAN,5957,9:49:00,NZL,30-39,141,Female,636,9:49:00
1363,CHRIS WELLINGTON,4993,9:50:22,NZL,50-59,146,Male,727,9:50:22
1364,RACHEL DAVIES,4212,9:51:28,NZL,40-49,267,Female,637,9:51:28
1365,ALISON SCHMIDTCHEN,5674,9:52:13,AUS,50-59,128,Female,638,9:52:13
1366,CHRISTOPHER CARR,4144,9:52:40,NZL,50-59,147,Male,728,9:52:40
1367,MARK PILAAR,4751,9:53:27,NZL,50-59,148,Male,729,9:53:27
1368,SUE WALKER,4966,9:54:11,ZAF,50-59,129,Female,639,9:54:11
1369,TRACY PARRISH,5576,9:54:16,USA,40-49,268,Female,640,9:54:16
1370,CHIA PECK YEONG,5849,9:54:51,SGP,50-59,130,Female,641,9:54:51
1371,ANN-MARIE WALLADGE,5795,9:55:21,AUS,40-49,269,Female,642,9:55:21
1372,RHYS DAVEY,4210,9:55:30,NZL,60-69,39,Male,730,9:55:30
1373,THERESE MCQUOID,4636,9:55:32,NZL,60-69,41,Female,643,9:55:32
1374,JEANETTE HAUA,4391,9:56:06,NZL,40-49,270,Female,644,9:56:06
1375,CHANEL CHANDLER,4156,9:56:06,NZL,40-49,271,Female,645,9:56:06
1376,JARED BENNETT,5088,9:56:19,AUS,30-39,216,Male,731,9:56:19
1377,ASHLEE BENNETT,5087,9:56:21,AUS,30-39,142,Female,646,9:56:21
1378,MATTHEW ACKROYD,4003,9:56:22,AUS,40-49,226,Male,732,9:56:22
1379,SAMANTHA ACKROYD,4004,9:56:22,AUS,40-49,272,Female,647,9:56:22
1380,ANTHEA WILLIAMS,5010,10:02:02,NZL,40-49,273,Female,648,10:02:02
1381,ALISON COLLEN,5167,10:04:49,ZAF,30-39,143,Female,649,10:04:49
1382,DYLAN COLLEN,5168,10:04:51,ZAF,30-39,217,Male,733,10:04:51
1383,JASON BUCKLEY,4120,10:07:28,GBR,50-59,149,Male,734,10:07:28
1384,GLENNIS MARTIN-PALING,4602,10:08:17,NZL,50-59,131,Female,650,10:08:17
1385,LINDA MATTERS,5475,10:08:17,NZL,50-59,132,Female,651,10:08:17
1386,SATISH SESHAN,5687,10:12:28,SGP,30-39,218,Male,735,10:12:28
1387,ALISON BARKMAN,4047,10:14:10,NZL,40-49,274,Female,652,10:14:10
1388,SEBASTIAN WARMERDAM,5800,10:14:27,AUS,60-69,40,Male,736,10:14:27
1389,REGAN WALTERS,5797,10:14:55,NZL,40-49,227,Male,737,10:14:55
1390,ANDY FELLOWS,5262,10:18:03,AUS,50-59,150,Male,738,10:18:03
1391,JENNIFER BOBOS,4084,10:18:11,NZL,50-59,133,Female,653,10:18:11
1392,CAROLINE WELD,4991,10:18:12,NZL,60-69,42,Female,654,10:18:12
1393,DAWN PARRY,4731,10:19:08,GBR,50-59,134,Female,655,10:19:08
1394,SARAH JAGGS,4454,10:20:05,NZL,30-39,144,Female,656,10:20:05
1395,RAYMOND MAQUINALEZ,5893,10:25:46,USA,30-39,219,Male,739,10:25:46
1396,RAEWYNNE JACOBS,5375,10:29:08,NZL,50-59,135,Female,657,10:29:08
1397,PASCALE DELRIEU,5211,10:31:57,FRA,50-59,136,Female,658,10:31:57
1398,CHRISTINE ARMSTRONG,4029,10:31:59,NZL,60-69,43,Female,659,10:31:59
1399,MICHAL NOONAN,5986,10:31:59,NZL,50-59,137,Female,660,10:31:59
1400,VICTORIA CUTHERS,5194,10:32:01,NZL,30-39,145,Female,661,10:32:01
1401,NICOLE BUSH,4129,10:32:02,NZL,40-49,275,Female,662,10:32:02
1402,RAEWYN GAVIN,5298,10:32:02,NZL,50-59,138,Female,663,10:32:02
1403,JENNIFER SCOTT,5679,10:33:43,AUS,60-69,44,Female,664,10:33:43
1404,HAYDEN EVERATT,5256,10:33:56,NZL,40-49,228,Male,740,10:33:56
1405,ALISON WHEELER,5817,10:33:56,NZL,50-59,139,Female,665,10:33:56
1406,SYANNE DE WAARD,4220,10:35:07,NZL,50-59,140,Female,666,10:35:07
1407,DANIELLE SABA,5664,10:35:08,NZL,18-29,61,Female,667,10:35:08
1408,JEMMA BUCKLAND,4119,10:35:11,NZL,30-39,146,Female,668,10:35:11
1409,ROBIN SLADE,4851,10:37:00,NZL,50-59,151,Male,741,10:37:00
1410,JENNI BARR,4050,10:40:10,NZL,50-59,141,Female,669,10:40:10
1411,LYDIA KIBAARA,5401,10:43:41,GBR,40-49,276,Female,670,10:43:41
1412,ZOE MCKAY,5494,10:45:07,NZL,50-59,142,Female,671,10:45:07
1413,LEAH THOMSON,4926,10:47:26,NZL,40-49,277,Female,672,10:47:26
1414,CYNDY HORNE,5353,10:49:35,NZL,70+,3,Female,673,10:49:35
1415,JANET ROSS,4801,10:50:36,AUS,60-69,45,Female,674,10:50:36
1416,AMANDA RITCHIE,5991,10:50:36,AUS,40-49,278,Female,675,10:50:36
1417,FERNANDA BERNARDONI,4068,10:50:59,BRA,30-39,147,Female,676,10:50:59
1418,CHARLENE WELLARD,4992,10:51:33,AUS,50-59,143,Female,677,10:51:33
1419,LORRAINE FELLOWS,5264,10:51:34,AUS,50-59,144,Female,678,10:51:34
1420,KATE MACDONALD,6109,10:55:17,NZL,60-69,46,Female,679,10:55:17
1421,MELINDA BENNETT,4065,10:58:01,NZL,40-49,279,Female,680,10:58:01
1422,TRACY SPICER,5997,11:01:45,AUS,50-59,145,Female,681,11:01:45
1423,LISA VOICE,4961,11:04:50,AUS,40-49,280,Female,682,11:04:50
1424,SUSAN ENGLISH,4256,11:11:51,NZL,50-59,146,Female,683,11:11:51
1425,KATE MURPHY,5533,11:11:52,NZL,40-49,281,Female,684,11:11:52
1426,LAURIE SNYMAN,5716,11:12:55,ZAF,50-59,147,Female,685,11:12:55
1427,DAVID PAUFLER,5581,11:14:57,USA,50-59,152,Male,742,11:14:57
1428,WENDY FRAZER,4294,11:15:27,NZL,50-59,148,Female,686,11:15:27
1429,BELINDA GOODSELL,4329,11:15:28,NZL,50-59,149,Female,687,11:15:28
1430,ANGELA SHARP,4829,11:15:29,NZL,50-59,150,Female,688,11:15:29
1431,KATHERINE WITTMAN,5835,11:20:23,AUS,18-29,62,Female,689,11:20:23
1432,NANCY LARSEN,4533,11:23:33,AUS,30-39,148,Female,690,11:23:33
1433,JENNIFER HENDERSON,4406,11:23:34,AUS,50-59,151,Female,691,11:23:34
1434,MEL REBER,5627,11:25:41,AUS,40-49,282,Female,692,11:25:41
1435,ELENA BOOTH,4086,11:28:30,AUS,40-49,283,Female,693,11:28:30
1436,HANNAH ROBINSON,4792,11:31:53,NZL,18-29,63,Female,694,11:31:53
1437,CAROLYN ASHER,4030,11:35:26,AUS,40-49,284,Female,695,11:35:26
1438,VENKATA ATHI,4033,11:35:59,NZL,18-29,96,Male,743,11:35:59
1439,CAMERON WATSON,4983,11:42:08,NZL,30-39,220,Male,744,11:42:08
1440,SANDY HOOPER,4434,11:42:10,NZL,50-59,152,Female,696,11:42:10
1441,DION CRUSE,4203,11:50:53,NZL,40-49,285,Female,697,11:50:53
1442,FLEUR OLDHAM,4711,11:57:23,NZL,50-59,153,Female,698,11:57:23
1443,SANDIE APPANNA,4026,11:57:33,NZL,50-59,154,Female,699,11:57:33
1444,GLORIA LAU,4534,11:58:22,SGP,70+,4,Female,700,11:58:22
1445,MIHIAMAI PURIRI,5989,12:05:35,NZL,40-49,286,Female,701,12:05:35
1446,JOHN NESTEL,5539,12:12:24,AUS,50-59,153,Male,745,12:12:24
1447,ELISABETH THORN,5755,12:18:20,AUS,70+,5,Female,702,12:18:20
1448,JENNA GUNDRY,4351,12:19:27,NZL,30-39,149,Female,703,12:19:27
1449,TRACY PASCO,5577,12:21:23,NZL,40-49,287,Female,704,12:21:23
1450,PETE FRIZZELL,4299,12:23:12,NZL,50-59,154,Male,746,12:23:12
1451,GAIL KELLY,4491,12:23:13,NZL,50-59,155,Female,705,12:23:13
1452,GILLIAN YARDLEY,5037,12:23:14,NZL,50-59,156,Female,706,12:23:14
1453,MENNO VAN DER LAAN,5777,12:24:30,NZL,50-59,155,Male,747,12:24:30
1454,PETER LOFT,4557,12:24:42,NZL,70+,9,Male,748,12:24:42
1455,BRENNAN LOFT,4556,12:24:43,NZL,40-49,229,Male,749,12:24:43
1456,RICHARD WARWICK,5802,12:24:44,NZL,50-59,156,Male,750,12:24:44
1457,JANNA COWLEY,4198,12:26:45,NZL,50-59,157,Female,707,12:26:45
1458,LEX CHALMERS,4153,12:27:20,NZL,70+,10,Male,751,12:27:20
1459,EILEEN ODGERS,4708,12:31:28,NZL,70+,6,Female,708,12:31:28
1460,MARK ODGERS,5554,12:31:31,NZL,50-59,157,Male,752,12:31:31
1461,HEATHER FLAY,5276,12:33:04,NZL,60-69,47,Female,709,12:33:04
1462,JANE ROCHE,4795,12:33:05,NZL,50-59,158,Female,710,12:33:05
1463,MONICA TATE,4909,12:34:05,NZL,70+,7,Female,711,12:34:05
1464,NOELEEN ELDER,4250,12:34:05,NZL,70+,8,Female,712,12:34:05
1465,SELENA HAZEL JOSEPH,4481,12:42:10,NZL,50-59,159,Female,713,12:42:10
1466,LYNNETTE STAFFORD,5998,12:42:23,NZL,60-69,48,Female,714,12:42:23
1467,SHONA WATKINS,4981,12:55:53,NZL,40-49,288,Female,715,12:55:53
1468,RENN WATKINS,4982,12:55:54,NZL,40-49,230,Male,753,12:55:54
1469,JONATHAN SMITH,4858,13:10:26,NZL,30-39,221,Male,754,13:10:26
1470,ASITHA RATNAYAKE,4771,13:10:26,NZL,30-39,222,Male,755,13:10:26
1471,CAMERON BEVERLAND,4071,13:21:29,NZL,40-49,231,Male,756,13:21:29
1472,MARCELLE BEVERLAND,4070,13:21:35,NZL,40-49,289,Female,716,13:21:35
1473,STEPHEN REA,5622,13:49:44,NZL,50-59,158,Male,757,13:49:44
1474,MICHELLE SELBY,4826,13:52:28,NZL,50-59,160,Female,717,13:52:28
DNS,ALFREDO AGUILERA,4009,,CHL,50-59,,Male,,
DNS,PAM ANDERSON,4016,,NZL,40-49,,Female,,
DNS,SARAH ANDERSON,4021,,AUS,30-39,,Female,,
DNS,DEBORAH ANDERSSON,4023,,AUS,50-59,,Female,,
DNS,SARAH-JANE AUSTIN,4038,,GBR,40-49,,Female,,
DNS,NARDINE BAINBRIDGE,4041,,NZL,30-39,,Female,,
DNS,DAVID BAKER,4044,,AUS,30-39,,Male,,
DNS,TASH BALE,4045,,NZL,30-39,,Female,,
DNS,ADAM BARNES,4048,,NZL,40-49,,Male,,
DNS,JULIAN BARTRAM,4054,,NZL,40-49,,Male,,
DNS,GREGORY BASSAM,4055,,NZL,30-39,,Male,,
DNS,JAMES BEAZLEY,4060,,GBR,40-49,,Male,,
DNS,JOEL BICKERS,4073,,NZL,18-29,,Male,,
DNS,TAYLOR BLAGROVE,4079,,NZL,30-39,,Male,,
DNS,JOSH BLATCHFORD,4081,,AUS,30-39,,Male,,
DNS,PETAR BODOR,4085,,NZL,40-49,,Male,,
DNS,NATALIE BORG,4087,,AUS,18-29,,Female,,
DNS,JARROD BORJA,4088,,AUS,18-29,,Male,,
DNS,SIMON BOUCHER,4090,,AUS,40-49,,Male,,
DNS,ELLEN BRADLEY,4094,,AUS,30-39,,Female,,
DNS,AIDAN BRECKNELL,4098,,AUS,30-39,,Male,,
DNS,JESSICA BRIMBLE,4105,,GBR,30-39,,Female,,
DNS,NISHA BROWN,4113,,AUS,40-49,,Female,,
DNS,TROY BROWNE,4115,,NZL,50-59,,Male,,
DNS,TRACEY BROWNLEE,4116,,NZL,50-59,,Female,,
DNS,KATHERINE CAMBRIDGE,4136,,NZL,30-39,,Female,,
DNS,JUSTINA CAMMISH,4138,,NZL,50-59,,Female,,
DNS,GRANT CARROLL,4145,,NZL,40-49,,Male,,
DNS,HEATHER CARTER,4146,,NZL,50-59,,Female,,
DNS,MARK CASEY,4148,,NZL,18-29,,Male,,
DNS,ISAAC CHAMBERLAIN,4154,,NZL,30-39,,Male,,
DNS,DAVID CHEATER,4160,,NZL,40-49,,Male,,
DNS,NAYAN CHENGAPPA,4161,,IND,30-39,,Male,,
DNS,RACH CHESHIRE,4162,,AUS,40-49,,Female,,
DNS,JOHN CLARIDGE,4165,,AUS,40-49,,Male,,
DNS,ANTHONY CLARKE,4167,,AUS,50-59,,Male,,
DNS,DONNA CLEARWATER,4168,,NZL,50-59,,Female,,
DNS,THOMAS COAKLEY,4173,,AUS,50-59,,Male,,
DNS,LIAM COGHLAN,4175,,AUS,18-29,,Male,,
DNS,ANNA COLEMAN,4176,,NZL,40-49,,Female,,
DNS,RACHEL COLLINGRIDGE,4178,,NZL,50-59,,Female,,
DNS,HERMAN COMBRINK,4183,,NZL,30-39,,Male,,
DNS,WILLIAM CONWAY,4186,,AUS,60-69,,Male,,
DNS,WAYNE CORLIS,4193,,AUS,40-49,,Male,,
DNS,STEPHEN CORNWALL,4194,,NZL,30-39,,Male,,
DNS,LIAM COSGROVE,4195,,NZL,18-29,,Male,,
DNS,HUGH CRUZ,4204,,USA,40-49,,Male,,
DNS,CHRIS DALEY,4208,,NZL,40-49,,Male,,
DNS,JENNIFER DAVIS,4214,,NZL,40-49,,Female,,
DNS,ADITYA DESHPANDE,4222,,IND,30-39,,Male,,
DNS,JODI DICKSON,4224,,AUS,50-59,,Female,,
DNS,MADDIE DILLON,4225,,NZL,18-29,,Female,,
DNS,CHRIS DIXON,4227,,AUS,60-69,,Male,,
DNS,JADE DOLEY,4230,,AUS,30-39,,Female,,
DNS,FIONA DONOVAN,4233,,AUS,50-59,,Female,,
DNS,CAROLYN DRABBLE,4234,,NZL,50-59,,Female,,
DNS,JO DRENTH,4236,,NZL,40-49,,Female,,
DNS,CALEB DUFFY,4238,,NZL,18-29,,Male,,
DNS,KARIN EDWARDS,4248,,AUS,40-49,,Female,,
DNS,TIM EGGERS,4249,,NZL,30-39,,Male,,
DNS,AARON EVANS,4259,,NZL,40-49,,Male,,
DNS,ANDY EYTON,4265,,NZL,40-49,,Male,,
DNS,VAL FARROW,4272,,NZL,50-59,,Female,,
DNS,JOSHUA FELTHAM,4273,,AUS,30-39,,Male,,
DNS,NICOLE FINLAYSON,4276,,NZL,40-49,,Female,,
DNS,ALISON FLEMMING,4280,,AUS,40-49,,Female,,
DNS,MICHAEL FLYNN,4285,,AUS,60-69,,Male,,
DNS,ELAYNE FORBES,4287,,AUS,40-49,,Female,,
DNS,LYNETTE FRAZER,4295,,AUS,50-59,,Female,,
DNS,HEIDE FRIEDRICH,4297,,NZL,40-49,,Female,,
DNS,ELIZABETH FRITH,4298,,NZL,18-29,,Female,,
DNS,RICHARD FULLARD,4302,,NZL,40-49,,Male,,
DNS,DAVE GILLESPIE,4321,,AUS,40-49,,Male,,
DNS,AARON GOLLEDGE,4327,,AUS,40-49,,Male,,
DNS,ROSS GOODSON,4330,,GBR,30-39,,Male,,
DNS,JAKE GORMAN,4331,,AUS,40-49,,Male,,
DNS,BRETT GRAHAM,4334,,AUS,50-59,,Male,,
DNS,ZBIGNIEW HADRYS,4353,,NZL,30-39,,Male,,
DNS,PENELOPE HALL,4355,,AUS,50-59,,Female,,
DNS,AARON HALLGATH,4358,,AUS,30-39,,Male,,
DNS,JANELLE HAMNETT,4371,,AUS,40-49,,Female,,
DNS,IVAN HARRE,4384,,NZL,50-59,,Male,,
DNS,BEN HARRIS,4386,,NZL,40-49,,Male,,
DNS,JEREMY HARRISON,4387,,NZL,30-39,,Male,,
DNS,KATHLEEN HART,4388,,USA,30-39,,Female,,
DNS,DANA HART,4389,,NZL,40-49,,Female,,
DNS,JOHN HAYWARD,4396,,AUS,50-59,,Male,,
DNS,KAREN HEATH,4403,,AUS,50-59,,Female,,
DNS,HORI HEENEY,4404,,NZL,30-39,,Male,,
DNS,ANNE CHRISTEL HENGEVELD,4408,,NLD,30-39,,Female,,
DNS,YAZMIN HIGHAM,4415,,NZL,18-29,,Female,,
DNS,RICHARD HILLS,4418,,NZL,40-49,,Male,,
DNS,MARYAM HILLS,4419,,NZL,50-59,,Female,,
DNS,SCOTT HODGES,4423,,NZL,30-39,,Male,,
DNS,PATRICK HOLLA,4428,,NZL,30-39,,Male,,
DNS,SETH HOLLOWAY,4430,,NZL,30-39,,Male,,
DNS,SABINE HOMRIGHAUSEN,4433,,DEU,40-49,,Female,,
DNS,DENISSA HORA,4435,,NZL,50-59,,Female,,
DNS,SAM HOWARD,4436,,NZL,30-39,,Male,,
DNS,JAMIE HSIEH,4438,,TWN,30-39,,Male,,
DNS,LO HUGHES,4441,,NZL,18-29,,Female,,
DNS,AMANDA IMMS,4448,,NZL,40-49,,Female,,
DNS,CLAIRE IVERSEN-SMITH,4452,,NZL,50-59,,Female,,
DNS,CHRISTO JANSE VAN RENSBURG,4458,,ZAF,30-39,,Male,,
DNS,MEG JENKINS,4461,,AUS,18-29,,Female,,
DNS,GREGORY JENKINS,4462,,AUS,50-59,,Male,,
DNS,WILLIAM JENKINS,4463,,AUS,18-29,,Male,,
DNS,AMELIA JOHNSON,4470,,AUS,40-49,,Female,,
DNS,WADE JOHNSTON,4472,,AUS,40-49,,Male,,
DNS,SUZANNE JONES,4473,,NZL,50-59,,Female,,
DNS,BRADLEY JONES,4479,,AUS,40-49,,Male,,
DNS,LIAM KANE,4484,,NZL,18-29,,Male,,
DNS,KATHLEEN KENNEDY MYERS,4495,,AUS,40-49,,Female,,
DNS,NERILEE KERSLAKE,4497,,AUS,40-49,,Female,,
DNS,MARLON KIGONYA,4500,,GBR,30-39,,Male,,
DNS,HARRIET KINGSTON,4506,,NZL,30-39,,Female,,
DNS,ASH KITCHEN,4509,,NZL,30-39,,Male,,
DNS,TONIA KRUEGER,4521,,AUS,40-49,,Female,,
DNS,SONIA KUMARI,4524,,NZL,30-39,,Female,,
DNS,YAN LAM,4527,,AUS,40-49,,Female,,
DNS,MICHELLE LANG,4531,,NZL,40-49,,Female,,
DNS,PAIGE LINEGAR,4546,,AUS,30-39,,Female,,
DNS,RIBERT LIOW,4548,,AUS,30-39,,Male,,
DNS,COURTNEY LOESCHEL,4555,,USA,30-39,,Female,,
DNS,CARLA LUNT,4567,,GBR,30-39,,Female,,
DNS,MATT LUTZE,4569,,AUS,40-49,,Male,,
DNS,ADAM LUXFORD,4571,,NZL,30-39,,Male,,
DNS,MARK MACDONALD,4575,,NZL,50-59,,Male,,
DNS,FRASER MACKENZIE,4581,,NZL,18-29,,Male,,
DNS,EMILIA MACKENZIE,4582,,NZL,18-29,,Female,,
DNS,MIGUEL MADRIGAL,4586,,AUS,50-59,,Male,,
DNS,JOE MAHONEY,4587,,NZL,40-49,,Male,,
DNS,WILLIAM MAITLAND,4589,,AUS,30-39,,Male,,
DNS,LUKE MANLEY,4592,,AUS,30-39,,Male,,
DNS,WENDY MANSELL,4593,,AUS,18-29,,Female,,
DNS,LUKE MARRIOTT,4597,,NZL,18-29,,Male,,
DNS,KYLIE MASON,4603,,AUS,40-49,,Female,,
DNS,KIM MCALLANSMITH,4610,,NZL,50-59,,Female,,
DNS,THOMAS MCCORMACK,4614,,NZL,30-39,,Male,,
DNS,KATIE MCFARLANE,4618,,NZL,40-49,,Female,,
DNS,JARED MCGREGOR,4619,,NZL,40-49,,Male,,
DNS,PAUL MCQUEENEY,4635,,AUS,50-59,,Male,,
DNS,KIRSTEN MEARES,4640,,AUS,18-29,,Female,,
DNS,MEL MEARES,4641,,AUS,50-59,,Female,,
DNS,PHILIP MELLORS,4643,,AUS,50-59,,Male,,
DNS,SIMON MEREDITH,4645,,AUS,50-59,,Male,,
DNS,OLIVIA MERRICK,4647,,AUS,40-49,,Female,,
DNS,PHILIPPA MERRICK,4648,,AUS,18-29,,Female,,
DNS,RAMON MESSAM,4649,,NZL,50-59,,Male,,
DNS,HELEN MEYER,4651,,NZL,50-59,,Female,,
DNS,LANE MILLER,4653,,USA,18-29,,Male,,
DNS,JAMES MILLIGAN,4654,,GBR,40-49,,Male,,
DNS,AMANDA MILLS,4655,,NZL,40-49,,Female,,
DNS,KIM MINTER,4658,,AUS,50-59,,Female,,
DNS,ALIREZA MOINI,4664,,AUS,50-59,,Male,,
DNS,MICHAEL MORAN,4669,,NZL,60-69,,Male,,
DNS,ANNA MORGAN,4670,,AUS,60-69,,Female,,
DNS,JULIEN MOURIER,4676,,FRA,30-39,,Male,,
DNS,HARLEY MUNRO,4682,,AUS,18-29,,Male,,
DNS,CHRISTINA NEEDHAM,4687,,NZL,50-59,,Female,,
DNS,EMMA NEIL,4688,,AUS,40-49,,Female,,
DNS,RUSSELL NELMS,4690,,AUS,50-59,,Male,,
DNS,JOSH NIXON,4698,,NZL,30-39,,Male,,
DNS,PAUL NOLAN,4700,,NZL,40-49,,Male,,
DNS,ARTHUR NORTON,4701,,AUS,40-49,,Male,,
DNS,DEB OLIVER,4713,,AUS,50-59,,Female,,
DNS,MARION OLLIFF,4715,,NZL,50-59,,Female,,
DNS,MATT ORANGE,4716,,NZL,50-59,,Male,,
DNS,CHRIS OSBORNE,4719,,AUS,50-59,,Male,,
DNS,MANDY PARRIS-PIPER,4730,,NZL,50-59,,Female,,
DNS,LOUISE PENROSE,4740,,AUS,50-59,,Female,,
DNS,NIKKI PERCIVAL,4741,,AUS,40-49,,Female,,
DNS,SAM PEREZ,4742,,NZL,40-49,,Male,,
DNS,SCOTT PICKERING,4749,,NZL,50-59,,Male,,
DNS,KAREN PICKERING,4750,,NZL,50-59,,Female,,
DNS,CORRINA PINKERTON,4755,,NZL,60-69,,Female,,
DNS,KATRINA PIPER,4756,,AUS,50-59,,Female,,
DNS,DARYL PLATT,4757,,AUS,50-59,,Male,,
DNS,VANESSA PREECE,4763,,NZL,40-49,,Female,,
DNS,ANNABEL PRESCOTT,4764,,NZL,40-49,,Female,,
DNS,DMITRY PUPKOV,4765,,RUS,30-39,,Male,,
DNS,AMANDA RAMPLIN,4768,,AUS,40-49,,Female,,
DNS,ANDREW RAMSBOTTOM,4769,,NZL,50-59,,Male,,
DNS,ANNA REINHARDT,4773,,AUS,40-49,,Female,,
DNS,ALEXX RESCH,4774,,DEU,50-59,,Female,,
DNS,GLEN REVELEIGH,4775,,AUS,40-49,,Male,,
DNS,DONNA RICHARDS,4778,,AUS,50-59,,Female,,
DNS,GLEN RICHARDS,4779,,AUS,50-59,,Male,,
DNS,SAMUEL RICHMOND,4783,,NZL,30-39,,Male,,
DNS,BECK ROBERTS,4787,,NZL,40-49,,Female,,
DNS,DANIEL ROBERTSON,4789,,NZL,18-29,,Male,,
DNS,JAMES ROBINSON,4791,,GBR,18-29,,Male,,
DNS,AERON ROOK,4796,,AUS,40-49,,Female,,
DNS,GAVIN ROOS,4797,,ZAF,30-39,,Male,,
DNS,ALASTAIR ROSS,4800,,AUS,60-69,,Male,,
DNS,KATIE SALTER,4813,,NZL,40-49,,Female,,
DNS,EMMA SAUNDERS,4815,,NZL,40-49,,Female,,
DNS,LEANNE SCOTT,4821,,AUS,40-49,,Female,,
DNS,BLAIR SEARL,4823,,AUS,40-49,,Male,,
DNS,RICH SEYMOUR,4827,,AUS,30-39,,Male,,
DNS,DOMINIQUE SHARKEY,4828,,AUS,30-39,,Female,,
DNS,CLAIRE SHARP,4830,,NZL,18-29,,Female,,
DNS,ELIZABETH SIMOS,4847,,AUS,40-49,,Female,,
DNS,CONOR SIMPSON,4848,,AUS,18-29,,Male,,
DNS,DAVID SINKINS,4850,,NZL,50-59,,Male,,
DNS,TRICIA SLOAN,4852,,IRL,50-59,,Female,,
DNS,ANTHONY SMIT,4853,,NZL,50-59,,Male,,
DNS,WENDY SMITH,4854,,NZL,50-59,,Female,,
DNS,KIM SMITH,4857,,NZL,40-49,,Female,,
DNS,NICOLE SMITH,4863,,AUS,30-39,,Female,,
DNS,REBECCA SORENSEN,4866,,AUS,40-49,,Female,,
DNS,BEVAN SPARKS,4869,,NZL,50-59,,Male,,
DNS,MARYANNE SPIERS,4872,,AUS,50-59,,Female,,
DNS,RYAN SPINKS,4873,,NZL,30-39,,Male,,
DNS,JEANETTE STANLEY,4875,,AUS,50-59,,Female,,
DNS,ELEANOR STEEL,4877,,NZL,50-59,,Female,,
DNS,EVE STEPHENS,4881,,USA,60-69,,Female,,
DNS,WAYNE STILES,4884,,AUS,50-59,,Male,,
DNS,TONY STONE,4888,,NZL,60-69,,Male,,
DNS,CHARLOTTE STUART,4891,,NZL,30-39,,Female,,
DNS,PHILIP SUTTON,4901,,NZL,60-69,,Male,,
DNS,GAIL SUTTON,4902,,AUS,30-39,,Female,,
DNS,KAT SWART,4905,,NZL,40-49,,Female,,
DNS,ASHTON TAYLOR-BURNS,4915,,NZL,18-29,,Male,,
DNS,BEATRICE TELLING,4919,,GBR,30-39,,Female,,
DNS,GLENN THOMAS,4923,,NZL,40-49,,Male,,
DNS,MARK THOMSON,4927,,AUS,40-49,,Male,,
DNS,SHARRON TORRIE,4934,,NZL,60-69,,Female,,
DNS,VICTORIA TWIGDEN,4941,,NZL,30-39,,Female,,
DNS,RENÚE VAN DER VEN,4948,,NLD,30-39,,Female,,
DNS,LAETITIA VAN NIEKERK,4952,,AUS,50-59,,Female,,
DNS,HAMISH VANCE,4954,,NZL,30-39,,Male,,
DNS,SEAN WAHLA,4965,,NZL,30-39,,Male,,
DNS,CRAIG WALKER,4969,,AUS,40-49,,Male,,
DNS,PAULA WALLACE,4971,,NZL,50-59,,Female,,
DNS,AMANDA WALSH,4976,,AUS,50-59,,Female,,
DNS,CAITLIN WATSON,4984,,NZL,18-29,,Female,,
DNS,LISA WATT,4986,,AUS,50-59,,Female,,
DNS,NICK WELLWOOD,4994,,NZL,30-39,,Male,,
DNS,CLAUDINE WHEALING,4999,,AUS,30-39,,Female,,
DNS,MONIQUE WILLIAMS,5009,,NZL,30-39,,Female,,
DNS,STEVE WILLIAMSON,5013,,NZL,50-59,,Male,,
DNS,KIRI WILLS,5017,,NZL,40-49,,Female,,
DNS,GRAHAM WILSON,5020,,NZL,40-49,,Male,,
DNS,LEYA WILSON,5021,,AUS,40-49,,Female,,
DNS,JULIA WONG,5024,,NZL,40-49,,Female,,
DNS,ANDREW WOOD,5026,,NZL,50-59,,Male,,
DNS,GEMMA WORLAND,5030,,AUS,30-39,,Female,,
DNS,SUZIE WRIGHTSON,5034,,AUS,40-49,,Female,,
DNS,SHIREE YAP,5036,,AUS,50-59,,Female,,
DNS,DANA YOUNG,5038,,NZL,30-39,,Female,,
DNS,RACHAEL ZANNINO,5041,,AUS,40-49,,Female,,
DNS,JUMA ALI,5054,,ARE,40-49,,Male,,
DNS,SHANE ATKINSON,5064,,NZL,50-59,,Male,,
DNS,BENJAMIN BAIRD,5072,,GBR,30-39,,Male,,
DNS,MICHAEL BERRY,5093,,GBR,50-59,,Male,,
DNS,NINA BIRKL,5098,,AUS,30-39,,Female,,
DNS,NIKKI BROOKS,5120,,NZL,50-59,,Female,,
DNS,SHARLENE CARLYLE,5147,,NZL,40-49,,Female,,
DNS,EMMA COSTIN,5180,,AUS,18-29,,Female,,
DNS,MAX COWDELL,5182,,NZL,18-29,,Male,,
DNS,KALEY CRAWFORD-FLETT,5185,,NZL,30-39,,Female,,
DNS,MICHAEL DELANEY,5210,,AUS,40-49,,Male,,
DNS,LEIA TATIANE DOMINGUES DE SOUSA,5220,,BRA,40-49,,Female,,
DNS,PAUL DOYLE,5228,,AUS,50-59,,Male,,
DNS,LAURA DUNNING,5239,,NZL,40-49,,Female,,
DNS,LESLIE EASTWOOD-WILLIAMS,5242,,NZL,18-29,,Male,,
DNS,BIRGIT ELNEF,5246,,DNK,50-59,,Female,,
DNS,PREBEN ELNEF,5247,,DNK,50-59,,Male,,
DNS,TOM FOSTER,5285,,NZL,18-29,,Male,,
DNS,ASHOK FURTADO,5290,,NZL,40-49,,Male,,
DNS,MICHAELLA HARRIS,5331,,NZL,18-29,,Female,,
DNS,SIMONE HARVEY,5333,,AUS,40-49,,Female,,
DNS,NICKY HODSON,5349,,NZL,40-49,,Female,,
DNS,IAN HORSBURGH,5355,,NZL,40-49,,Male,,
DNS,WILL JOHNSON,5378,,USA,18-29,,Male,,
DNS,RYAN JOYCE,5382,,AUS,30-39,,Male,,
DNS,RUTH KELLY,5389,,AUS,40-49,,Female,,
DNS,PETER KEREAMA,5397,,NZL,40-49,,Male,,
DNS,KENNETH KHOO,5400,,SGP,40-49,,Male,,
DNS,ALINA KIM,5402,,KAZ,40-49,,Female,,
DNS,QUINTEN KING,5405,,NZL,60-69,,Male,,
DNS,KRISTINA KIRK,5410,,NZL,40-49,,Female,,
DNS,MANUEL LAMP,5428,,AUT,30-39,,Male,,
DNS,CLARE LARKIN,5429,,AUS,18-29,,Female,,
DNS,DAVID LEMALIE,5437,,NZL,40-49,,Male,,
DNS,CHARLENE LIEBES,5441,,USA,70+,,Female,,
DNS,NARELLE LONERGAN,5447,,AUS,50-59,,Female,,
DNS,DEVILLIERS MALAN,5465,,AUS,40-49,,Male,,
DNS,GABRIELA MARTINES,5470,,USA,18-29,,Female,,
DNS,ELAINE MARTINS PEREIRA,5471,,BRA,30-39,,Female,,
DNS,SCOTT MIRABELLO,5512,,AUS,40-49,,Male,,
DNS,AMY MONTAGU,5518,,NZL,30-39,,Female,,
DNS,LUKE MOORE,5519,,NZL,30-39,,Male,,
DNS,GRETCHEN MORIARTY,5521,,NZL,40-49,,Female,,
DNS,JOSH MULLER,5527,,NZL,30-39,,Male,,
DNS,GAVIN MURPHY,5532,,NZL,40-49,,Male,,
DNS,NERRILEE MYATT,5536,,AUS,30-39,,Female,,
DNS,KAREN NUNNS,5546,,NZL,40-49,,Female,,
DNS,MATTHEW O'CONNOR,5552,,NZL,18-29,,Male,,
DNS,NICK O'DEA,5553,,NZL,30-39,,Male,,
DNS,KERRY OLDFIELD,5557,,NZL,40-49,,Female,,
DNS,NICOLA ONEALE,5562,,NZL,30-39,,Female,,
DNS,JAN PAVLICEK,5584,,CZE,40-49,,Male,,
DNS,ALICIA PEREIRA,5590,,SGP,30-39,,Female,,
DNS,BRETT PICKFORD,5595,,NZL,40-49,,Male,,
DNS,LEIGHANN PRINGLE,5609,,NZL,40-49,,Female,,
DNS,SIMON PRINGLE,5610,,NZL,50-59,,Male,,
DNS,NADER RAHMOUNI,5616,,TUN,40-49,,Male,,
DNS,LUCY REEVE,5629,,NZL,30-39,,Female,,
DNS,DAVID REMINGTON,5632,,USA,70+,,Male,,
DNS,ROSE RICHARDS,5636,,AUS,30-39,,Female,,
DNS,AARON ROLLS,5648,,NZL,40-49,,Male,,
DNS,DEBS ROLLS,5649,,NZL,40-49,,Female,,
DNS,HANNAH SADGROVE,5666,,NZL,30-39,,Female,,
DNS,GRAYDON SCHERES,5672,,NZL,18-29,,Male,,
DNS,TIM SCOTT,5682,,AUS,30-39,,Male,,
DNS,TANYA SHARP,5690,,NZL,40-49,,Female,,
DNS,JOHN SHEA,5691,,AUS,40-49,,Male,,
DNS,AMY SNEDDON,5713,,AUS,30-39,,Female,,
DNS,NIGEL SNOAD,5714,,AUS,50-59,,Male,,
DNS,ANTHONY SOMERSET,5718,,NZL,60-69,,Male,,
DNS,PAUL STEWART,5731,,AUS,40-49,,Male,,
DNS,THORSTEN VIETH,5785,,DEU,50-59,,Male,,
DNS,ERIK WESSLEN,5814,,SWE,18-29,,Male,,
DNS,JOSEPH WILBERS,5824,,AUS,40-49,,Male,,
DNS,LAUREN YOUNG,5853,,NZL,30-39,,Female,,
DNS,MUHAMMAD ALIF YUSOF,5854,,MYS,30-39,,Male,,
DNS,AZLEEN AHMAD JAIS,5858,,MYS,40-49,,Female,,
DNS,CAMERON BUDGE,5861,,AUS,50-59,,Male,,
DNS,ANDREW CAVILL,5862,,AUS,40-49,,Male,,
DNS,MAGDALENA CREE,5864,,AUS,30-39,,Female,,
DNS,FAY DOWNES,5867,,AUS,60-69,,Female,,
DNS,ANTHONY FLEETWOOD,5869,,AUS,50-59,,Male,,
DNS,PHILLIP FOWLER,5870,,AUS,30-39,,Male,,
DNS,CRAIG GALBRAITH,5871,,AUS,50-59,,Male,,
DNS,PHILIO GEORGIADES,5872,,AUS,50-59,,Female,,
DNS,BELINDA GERACE,5873,,AUS,40-49,,Female,,
DNS,FRANK GIOVANNETTI,5874,,AUS,60-69,,Male,,
DNS,SUMI HEBBES,5879,,AUS,40-49,,Female,,
DNS,RONNIE HEEPS,5880,,AUS,50-59,,Male,,
DNS,JO HEEPS,5881,,AUS,50-59,,Female,,
DNS,MARK HOBSON,5882,,GBR,60-69,,Male,,
DNS,BONNIE KAY,5885,,AUS,50-59,,Female,,
DNS,ALEX KUFNER,5887,,AUS,30-39,,Male,,
DNS,RICK LAVERACK,5890,,GBR,50-59,,Male,,
DNS,ANNA LONGDILL,5892,,NZL,40-49,,Female,,
DNS,SAM MARTIN,5894,,AUS,30-39,,Male,,
DNS,MYLES MCCOLL,5896,,AUS,50-59,,Male,,
DNS,SAMANTHA MCNALLY,5897,,AUS,18-29,,Female,,
DNS,ERIDANI MULDER,5900,,AUS,40-49,,Female,,
DNS,NATALIE MURDOCH,5901,,AUS,40-49,,Female,,
DNS,SARAH NALDER,5903,,AUS,30-39,,Female,,
DNS,MIKE PRENTICE,5904,,NZL,40-49,,Male,,
DNS,HESTA PRENTICE,5905,,NZL,50-59,,Female,,
DNS,ED SIVITER,5910,,GBR,40-49,,Male,,
DNS,EMILY SIVITER,5911,,GBR,40-49,,Female,,
DNS,ANDREW SLACK,5912,,NZL,50-59,,Male,,
DNS,GLAUCIA SPRENGER,5914,,AUS,30-39,,Female,,
DNS,FERAS SUWAN,5915,,AUS,18-29,,Male,,
DNS,HESTER VAN EERSEL,5917,,AUS,30-39,,Female,,
DNS,GRAHAME VERNON,5920,,AUS,50-59,,Male,,
DNS,JEN WHITEHOUSE,5921,,AUS,50-59,,Female,,
DNS,LINDY YAP,5924,,SGP,50-59,,Female,,
DNS,RAPHAEL COHEN,5938,,NCL,30-39,,Male,,
DNS,HOLLY MCLEAN,5980,,CAN,40-49,,Female,,
DNS,ANDREW STANLEY,5999,,NZL,60-69,,Male,,
DNF,KAY ABAYAKOON,4001,,NZL,40-49,,Female,,
DNF,RAEWYN BHANA,4072,,NZL,50-59,,Female,,
DNF,MICHELE CAMINOS,4137,,NZL,50-59,,Female,,
DNF,SOPHARY DIM,4226,,NZL,40-49,,Female,,
DNF,TECHNOFIT FAITH,4266,,NZL,40-49,,Female,,
DNF,MICHELLE FRENCH,4296,,NZL,40-49,,Female,,
DNF,CLAYTON GARDNER,4307,,NZL,40-49,,Male,,
DNF,CHERYL KESSACK,4498,,NZL,60-69,,Female,,
DNF,CAROLYNE KRAMAR,4519,,AUS,50-59,,Female,,
DNF,ANDREA MORGAN,4671,,NZL,50-59,,Female,,
DNF,SOPHIA LUI-BROWN,4566,,NZL,50-59,,Female,,